============================================
Job ID: 25069766
Job name: TracerX_embed
Node: ga119
Start time: Fri  4 Jul 21:46:43 BST 2025
Working directory: /nemo/project/proj-tracerx-lung/tctProjects/kilimo/SlideCrush
============================================
GPU Information:
Fri Jul  4 21:46:43 2025       
+-----------------------------------------------------------------------------------------+
| NVIDIA-SMI 560.28.03              Driver Version: 560.28.03      CUDA Version: 12.6     |
|-----------------------------------------+------------------------+----------------------+
| GPU  Name                 Persistence-M | Bus-Id          Disp.A | Volatile Uncorr. ECC |
| Fan  Temp   Perf          Pwr:Usage/Cap |           Memory-Usage | GPU-Util  Compute M. |
|                                         |                        |               MIG M. |
|=========================================+========================+======================|
|   0  NVIDIA A100-SXM4-80GB          On  |   00000000:81:00.0 Off |                    0 |
| N/A   29C    P0             57W /  500W |       1MiB /  81920MiB |      0%      Default |
|                                         |                        |             Disabled |
+-----------------------------------------+------------------------+----------------------+
                                                                                         
+-----------------------------------------------------------------------------------------+
| Processes:                                                                              |
|  GPU   GI   CI        PID   Type   Process name                              GPU Memory |
|        ID   ID                                                               Usage      |
|=========================================================================================|
|  No running processes found                                                             |
+-----------------------------------------------------------------------------------------+
============================================
Working directory: /nemo/project/proj-tracerx-lung/tctProjects/kilimo/SlideCrush
Starting embed.sh with TracerX configuration...
🚀 Starting OPTIMIZED CLAM pipeline with:
   Model: uni_v2
   Batch size: 512
   Write batch size: 10
   Sample images: 10
Running pipeline for slides in: /nemo/project/proj-tracerx-lung/tctProjects/kilimo/slides/to_transfer
source:  /nemo/project/proj-tracerx-lung/tctProjects/kilimo/slides/to_transfer
patch_save_dir:  /nemo/project/proj-tracerx-lung/tctProjects/kilimo/TracerX_WSIs/20X/patches/patches
mask_save_dir:  /nemo/project/proj-tracerx-lung/tctProjects/kilimo/TracerX_WSIs/20X/patches/masks
stitch_save_dir:  /nemo/project/proj-tracerx-lung/tctProjects/kilimo/TracerX_WSIs/20X/patches/stitches
source : /nemo/project/proj-tracerx-lung/tctProjects/kilimo/slides/to_transfer
save_dir : /nemo/project/proj-tracerx-lung/tctProjects/kilimo/TracerX_WSIs/20X/patches
patch_save_dir : /nemo/project/proj-tracerx-lung/tctProjects/kilimo/TracerX_WSIs/20X/patches/patches
mask_save_dir : /nemo/project/proj-tracerx-lung/tctProjects/kilimo/TracerX_WSIs/20X/patches/masks
stitch_save_dir : /nemo/project/proj-tracerx-lung/tctProjects/kilimo/TracerX_WSIs/20X/patches/stitches


progress: 0.00, 0/121
processing Diagnostic H&E Scan Tracker_Single.xlsx
An error occurred while saving the process list or accessing the index: cannot identify image file '/nemo/project/proj-tracerx-lung/tctProjects/kilimo/slides/to_transfer/Diagnostic H&E Scan Tracker_Single.xlsx'


progress: 0.01, 1/121
processing LTX0001_A5_SU.ndpi
MPP X: 0.44099488445934026, MPP Y: 0.44099488445934026
metadata microns per pixel 0.44099488445934026
Patch size for this slide is 290
Using custom parameters for slide: LTX0001_A5_SU
Visualization parameters: {'vis_level': np.int8(-1), 'line_thickness': np.uint32(150)}
Filter parameters: {'a_t': np.float32(100.0), 'a_h': np.float32(16.0), 'max_n_holes': np.uint32(8)}
Segmentation parameters: {'seg_level': np.int8(-1), 'sthresh': np.uint8(15), 'mthresh': np.uint8(11), 'close': np.uint32(4), 'use_otsu': np.False_, 'keep_ids': 'none', 'exclude_ids': 'none', 'remove_markings': np.False_}
Patch parameters: {'use_padding': np.True_, 'contour_fn': 'four_pt'}
Visualization level set to: 6
Segmentation level set to: 6
Keep IDs: []
Exclude IDs: []
Image shape: (726, 1080, 4)
HSV image shape: (726, 1080, 3)
Median blurred image shape: (726, 1080)
Otsu thresholded image shape: (726, 1080)
Filter params: {'a_t': np.float32(6400.0), 'a_h': np.float32(1024.0), 'max_n_holes': np.uint32(8)}
Number of contours: 40
Number of foreground contours: 1
469751.0
6400.0
Number of filtered contours: 1
Number of hole contours: 1
Number of tissue contours: 1
Number of hole contours: 1
Final number of tissue contours: 1
Final number of hole contours: 1
Segmentation completed in 0.68 seconds
Mask saved at: /nemo/project/proj-tracerx-lung/tctProjects/kilimo/TracerX_WSIs/20X/patches/masks/LTX0001_A5_SU.jpg
Creating patches for:  LTX0001_A5_SU ...
Total number of contours to process:  1
Bounding Box: 448 4608 65089 39873
Contour Area: 1955422208.0
Extracted 23325 coordinates
original size: 69120 x 46464
downscaled size for stiching: 1080 x 726
start stitching LTX0001_A5_SU
number of patches: 23325
patch size: 290 x 290 patch level: 0
ref patch size: (np.int32(290), np.int32(290)) x (np.int32(290), np.int32(290))
downscaled patch size: 5x5
segmentation took 0.6767463684082031 seconds
patching took 0.69199538230896 seconds
stitching took 1.7152893543243408 seconds


progress: 0.02, 2/121
processing LTX0013_SU.ndpi
MPP X: 0.44099488445934026, MPP Y: 0.44099488445934026
metadata microns per pixel 0.44099488445934026
Patch size for this slide is 290
Using custom parameters for slide: LTX0013_SU
Visualization parameters: {'vis_level': np.int8(-1), 'line_thickness': np.uint32(150)}
Filter parameters: {'a_t': np.float32(100.0), 'a_h': np.float32(16.0), 'max_n_holes': np.uint32(8)}
Segmentation parameters: {'seg_level': np.int8(-1), 'sthresh': np.uint8(15), 'mthresh': np.uint8(11), 'close': np.uint32(4), 'use_otsu': np.False_, 'keep_ids': 'none', 'exclude_ids': 'none', 'remove_markings': np.False_}
Patch parameters: {'use_padding': np.True_, 'contour_fn': 'four_pt'}
Visualization level set to: 6
Segmentation level set to: 6
Keep IDs: []
Exclude IDs: []
Image shape: (682, 690, 4)
HSV image shape: (682, 690, 3)
Median blurred image shape: (682, 690)
Otsu thresholded image shape: (682, 690)
Filter params: {'a_t': np.float32(6400.0), 'a_h': np.float32(1024.0), 'max_n_holes': np.uint32(8)}
Number of contours: 33
Number of foreground contours: 16
204.5
6400.0
37.0
6400.0
167.5
6400.0
447.0
6400.0
25.5
6400.0
19.5
6400.0
0.5
6400.0
11.5
6400.0
25.0
6400.0
178.5
6400.0
565.0
6400.0
3.0
6400.0
6743.5
6400.0
63.5
6400.0
270840.0
6400.0
Number of filtered contours: 2
Number of hole contours: 2
Number of tissue contours: 2
Number of hole contours: 2
Final number of tissue contours: 2
Final number of hole contours: 2
Segmentation completed in 0.40 seconds
Mask saved at: /nemo/project/proj-tracerx-lung/tctProjects/kilimo/TracerX_WSIs/20X/patches/masks/LTX0013_SU.jpg
Creating patches for:  LTX0013_SU ...
Total number of contours to process:  2
Bounding Box: 2432 29696 7041 13121
Contour Area: 27883520.0
Extracted 389 coordinates
Bounding Box: 960 896 40001 41153
Contour Area: 1126887424.0
Extracted 13481 coordinates
original size: 44160 x 43648
downscaled size for stiching: 690 x 682
start stitching LTX0013_SU
number of patches: 13870
patch size: 290 x 290 patch level: 0
ref patch size: (np.int32(290), np.int32(290)) x (np.int32(290), np.int32(290))
downscaled patch size: 5x5
segmentation took 0.40288710594177246 seconds
patching took 0.741936206817627 seconds
stitching took 1.0752475261688232 seconds


progress: 0.02, 3/121
processing LTX0029_SU.ndpi
MPP X: 0.44099488445934026, MPP Y: 0.44099488445934026
metadata microns per pixel 0.44099488445934026
Patch size for this slide is 290
Using custom parameters for slide: LTX0029_SU
Visualization parameters: {'vis_level': np.int8(-1), 'line_thickness': np.uint32(150)}
Filter parameters: {'a_t': np.float32(100.0), 'a_h': np.float32(16.0), 'max_n_holes': np.uint32(8)}
Segmentation parameters: {'seg_level': np.int8(-1), 'sthresh': np.uint8(15), 'mthresh': np.uint8(11), 'close': np.uint32(4), 'use_otsu': np.False_, 'keep_ids': 'none', 'exclude_ids': 'none', 'remove_markings': np.False_}
Patch parameters: {'use_padding': np.True_, 'contour_fn': 'four_pt'}
Visualization level set to: 6
Segmentation level set to: 6
Keep IDs: []
Exclude IDs: []
Image shape: (572, 1170, 4)
HSV image shape: (572, 1170, 3)
Median blurred image shape: (572, 1170)
Otsu thresholded image shape: (572, 1170)
Filter params: {'a_t': np.float32(6400.0), 'a_h': np.float32(1024.0), 'max_n_holes': np.uint32(8)}
Number of contours: 156
Number of foreground contours: 18
31.0
6400.0
41.5
6400.0
11.5
6400.0
3.0
6400.0
10.5
6400.0
2.0
6400.0
59.5
6400.0
8.0
6400.0
9.0
6400.0
6.5
6400.0
2.5
6400.0
48.5
6400.0
29.0
6400.0
29.5
6400.0
314669.5
6400.0
Number of filtered contours: 1
Number of hole contours: 6
Number of tissue contours: 1
Number of hole contours: 1
Final number of tissue contours: 1
Final number of hole contours: 1
Segmentation completed in 0.55 seconds
Mask saved at: /nemo/project/proj-tracerx-lung/tctProjects/kilimo/TracerX_WSIs/20X/patches/masks/LTX0029_SU.jpg
Creating patches for:  LTX0029_SU ...
Total number of contours to process:  1
Bounding Box: 768 1920 70337 31553
Contour Area: 1455704064.0
Extracted 16949 coordinates
original size: 74880 x 36608
downscaled size for stiching: 1170 x 572
start stitching LTX0029_SU
number of patches: 16949
patch size: 290 x 290 patch level: 0
ref patch size: (np.int32(290), np.int32(290)) x (np.int32(290), np.int32(290))
downscaled patch size: 5x5
segmentation took 0.5549595355987549 seconds
patching took 0.583399772644043 seconds
stitching took 1.1950433254241943 seconds


progress: 0.03, 4/121
processing LTX0034_SU.ndpi
MPP X: 0.44099488445934026, MPP Y: 0.44099488445934026
metadata microns per pixel 0.44099488445934026
Patch size for this slide is 290
Using custom parameters for slide: LTX0034_SU
Visualization parameters: {'vis_level': np.int8(-1), 'line_thickness': np.uint32(150)}
Filter parameters: {'a_t': np.float32(100.0), 'a_h': np.float32(16.0), 'max_n_holes': np.uint32(8)}
Segmentation parameters: {'seg_level': np.int8(-1), 'sthresh': np.uint8(15), 'mthresh': np.uint8(11), 'close': np.uint32(4), 'use_otsu': np.False_, 'keep_ids': 'none', 'exclude_ids': 'none', 'remove_markings': np.False_}
Patch parameters: {'use_padding': np.True_, 'contour_fn': 'four_pt'}
Visualization level set to: 6
Segmentation level set to: 6
Keep IDs: []
Exclude IDs: []
Image shape: (770, 750, 4)
HSV image shape: (770, 750, 3)
Median blurred image shape: (770, 750)
Otsu thresholded image shape: (770, 750)
Filter params: {'a_t': np.float32(6400.0), 'a_h': np.float32(1024.0), 'max_n_holes': np.uint32(8)}
Number of contours: 44
Number of foreground contours: 12
5.0
6400.0
7.0
6400.0
51.0
6400.0
8.0
6400.0
110.5
6400.0
17.5
6400.0
502.5
6400.0
22.0
6400.0
74.5
6400.0
27.0
6400.0
81.5
6400.0
244486.0
6400.0
Number of filtered contours: 1
Number of hole contours: 1
Number of tissue contours: 1
Number of hole contours: 1
Final number of tissue contours: 1
Final number of hole contours: 1
Segmentation completed in 0.49 seconds
Mask saved at: /nemo/project/proj-tracerx-lung/tctProjects/kilimo/TracerX_WSIs/20X/patches/masks/LTX0034_SU.jpg
Creating patches for:  LTX0034_SU ...
Total number of contours to process:  1
Bounding Box: 1664 3840 44353 40129
Contour Area: 1028642816.0
Extracted 12389 coordinates
original size: 48000 x 49280
downscaled size for stiching: 750 x 770
start stitching LTX0034_SU
number of patches: 12389
patch size: 290 x 290 patch level: 0
ref patch size: (np.int32(290), np.int32(290)) x (np.int32(290), np.int32(290))
downscaled patch size: 5x5
segmentation took 0.4889705181121826 seconds
patching took 0.33583974838256836 seconds
stitching took 0.8681201934814453 seconds


progress: 0.04, 5/121
processing LTX0035_SU.ndpi
MPP X: 0.22049744222967013, MPP Y: 0.22049744222967013
metadata microns per pixel 0.22049744222967013
Patch size for this slide is 580
Using custom parameters for slide: LTX0035_SU
Visualization parameters: {'vis_level': np.int8(-1), 'line_thickness': np.uint32(150)}
Filter parameters: {'a_t': np.float32(100.0), 'a_h': np.float32(16.0), 'max_n_holes': np.uint32(8)}
Segmentation parameters: {'seg_level': np.int8(-1), 'sthresh': np.uint8(15), 'mthresh': np.uint8(11), 'close': np.uint32(4), 'use_otsu': np.False_, 'keep_ids': 'none', 'exclude_ids': 'none', 'remove_markings': np.False_}
Patch parameters: {'use_padding': np.True_, 'contour_fn': 'four_pt'}
Visualization level set to: 6
Segmentation level set to: 6
Keep IDs: []
Exclude IDs: []
Image shape: (1232, 1260, 4)
HSV image shape: (1232, 1260, 3)
Median blurred image shape: (1232, 1260)
Otsu thresholded image shape: (1232, 1260)
Filter params: {'a_t': np.float32(6400.0), 'a_h': np.float32(1024.0), 'max_n_holes': np.uint32(8)}
Number of contours: 30
Number of foreground contours: 1
734360.0
6400.0
Number of filtered contours: 1
Number of hole contours: 0
Number of tissue contours: 1
Number of hole contours: 1
Final number of tissue contours: 1
Final number of hole contours: 1
Segmentation completed in 0.37 seconds
Mask saved at: /nemo/project/proj-tracerx-lung/tctProjects/kilimo/TracerX_WSIs/20X/patches/masks/LTX0035_SU.jpg
Creating patches for:  LTX0035_SU ...
Total number of contours to process:  1
Bounding Box: 8576 7488 62977 63681
Contour Area: 3023042560.0
Extracted 9139 coordinates
original size: 80640 x 78848
downscaled size for stiching: 1260 x 1232
start stitching LTX0035_SU
number of patches: 9139
patch size: 580 x 580 patch level: 0
ref patch size: (np.int32(580), np.int32(580)) x (np.int32(580), np.int32(580))
downscaled patch size: 10x10
segmentation took 0.3742198944091797 seconds
patching took 0.27162766456604004 seconds
stitching took 0.7368173599243164 seconds


progress: 0.05, 6/121
processing LTX0041_SU.ndpi
MPP X: 0.44099488445934026, MPP Y: 0.44099488445934026
metadata microns per pixel 0.44099488445934026
Patch size for this slide is 290
Using custom parameters for slide: LTX0041_SU
Visualization parameters: {'vis_level': np.int8(-1), 'line_thickness': np.uint32(150)}
Filter parameters: {'a_t': np.float32(100.0), 'a_h': np.float32(16.0), 'max_n_holes': np.uint32(8)}
Segmentation parameters: {'seg_level': np.int8(-1), 'sthresh': np.uint8(15), 'mthresh': np.uint8(11), 'close': np.uint32(4), 'use_otsu': np.False_, 'keep_ids': 'none', 'exclude_ids': 'none', 'remove_markings': np.False_}
Patch parameters: {'use_padding': np.True_, 'contour_fn': 'four_pt'}
Visualization level set to: 6
Segmentation level set to: 6
Keep IDs: []
Exclude IDs: []
Image shape: (704, 870, 4)
HSV image shape: (704, 870, 3)
Median blurred image shape: (704, 870)
Otsu thresholded image shape: (704, 870)
Filter params: {'a_t': np.float32(6400.0), 'a_h': np.float32(1024.0), 'max_n_holes': np.uint32(8)}
Number of contours: 66
Number of foreground contours: 11
380485.0
6400.0
12.0
6400.0
47.0
6400.0
10.0
6400.0
13.0
6400.0
4.0
6400.0
12.0
6400.0
42.0
6400.0
152.0
6400.0
1.0
6400.0
Number of filtered contours: 1
Number of hole contours: 3
Number of tissue contours: 1
Number of hole contours: 1
Final number of tissue contours: 1
Final number of hole contours: 1
Segmentation completed in 0.51 seconds
Mask saved at: /nemo/project/proj-tracerx-lung/tctProjects/kilimo/TracerX_WSIs/20X/patches/masks/LTX0041_SU.jpg
Creating patches for:  LTX0041_SU ...
Total number of contours to process:  1
Bounding Box: 1280 1728 52993 40577
Contour Area: 1623400448.0
Extracted 19116 coordinates
original size: 55680 x 45056
downscaled size for stiching: 870 x 704
start stitching LTX0041_SU
number of patches: 19116
patch size: 290 x 290 patch level: 0
ref patch size: (np.int32(290), np.int32(290)) x (np.int32(290), np.int32(290))
downscaled patch size: 5x5
segmentation took 0.5119407176971436 seconds
patching took 0.4916512966156006 seconds
stitching took 1.3345565795898438 seconds


progress: 0.06, 7/121
processing LTX0043_Marked_SU.ndpi
MPP X: 0.22815423226100845, MPP Y: 0.22814382186530388
metadata microns per pixel 0.22815423226100845
Patch size for this slide is 561
Using custom parameters for slide: LTX0043_Marked_SU
Visualization parameters: {'vis_level': np.int8(-1), 'line_thickness': np.uint32(150)}
Filter parameters: {'a_t': np.float32(100.0), 'a_h': np.float32(16.0), 'max_n_holes': np.uint32(8)}
Segmentation parameters: {'seg_level': np.int8(-1), 'sthresh': np.uint8(15), 'mthresh': np.uint8(11), 'close': np.uint32(4), 'use_otsu': np.False_, 'keep_ids': 'none', 'exclude_ids': 'none', 'remove_markings': np.False_}
Patch parameters: {'use_padding': np.True_, 'contour_fn': 'four_pt'}
Visualization level set to: 6
Segmentation level set to: 6
Keep IDs: []
Exclude IDs: []
Image shape: (1528, 1728, 4)
HSV image shape: (1528, 1728, 3)
Median blurred image shape: (1528, 1728)
Otsu thresholded image shape: (1528, 1728)
Filter params: {'a_t': np.float32(6400.0), 'a_h': np.float32(1024.0), 'max_n_holes': np.uint32(8)}
Number of contours: 194
Number of foreground contours: 24
59.0
6400.0
23.0
6400.0
22.0
6400.0
0.5
6400.0
183.5
6400.0
77.0
6400.0
91.0
6400.0
151.5
6400.0
11.0
6400.0
9.5
6400.0
68.5
6400.0
135.5
6400.0
21.0
6400.0
178.0
6400.0
317.0
6400.0
40.0
6400.0
20.5
6400.0
134.0
6400.0
669.0
6400.0
57.5
6400.0
60.5
6400.0
164.5
6400.0
1657868.0
6400.0
4.0
6400.0
Number of filtered contours: 1
Number of hole contours: 8
Number of tissue contours: 1
Number of hole contours: 1
Final number of tissue contours: 1
Final number of hole contours: 1
Segmentation completed in 0.09 seconds
Mask saved at: /nemo/project/proj-tracerx-lung/tctProjects/kilimo/TracerX_WSIs/20X/patches/masks/LTX0043_Marked_SU.jpg
Creating patches for:  LTX0043_Marked_SU ...
Total number of contours to process:  1
Bounding Box: 0 0 107777 97729
Contour Area: 7285145600.0
Extracted 22790 coordinates
original size: 110592 x 97792
downscaled size for stiching: 1728 x 1528
start stitching LTX0043_Marked_SU
number of patches: 22790
patch size: 561 x 561 patch level: 0
ref patch size: (np.int32(561), np.int32(561)) x (np.int32(561), np.int32(561))
downscaled patch size: 9x9
segmentation took 0.09462475776672363 seconds
patching took 0.9554092884063721 seconds
stitching took 1.3625338077545166 seconds


progress: 0.07, 8/121
processing LTX0051_SU.ndpi
MPP X: 0.44099488445934026, MPP Y: 0.44099488445934026
metadata microns per pixel 0.44099488445934026
Patch size for this slide is 290
Using custom parameters for slide: LTX0051_SU
Visualization parameters: {'vis_level': np.int8(-1), 'line_thickness': np.uint32(150)}
Filter parameters: {'a_t': np.float32(100.0), 'a_h': np.float32(16.0), 'max_n_holes': np.uint32(8)}
Segmentation parameters: {'seg_level': np.int8(-1), 'sthresh': np.uint8(15), 'mthresh': np.uint8(11), 'close': np.uint32(4), 'use_otsu': np.False_, 'keep_ids': 'none', 'exclude_ids': 'none', 'remove_markings': np.False_}
Patch parameters: {'use_padding': np.True_, 'contour_fn': 'four_pt'}
Visualization level set to: 6
Segmentation level set to: 6
Keep IDs: []
Exclude IDs: []
Image shape: (880, 1140, 4)
HSV image shape: (880, 1140, 3)
Median blurred image shape: (880, 1140)
Otsu thresholded image shape: (880, 1140)
Filter params: {'a_t': np.float32(6400.0), 'a_h': np.float32(1024.0), 'max_n_holes': np.uint32(8)}
Number of contours: 128
Number of foreground contours: 41
5.0
6400.0
19.0
6400.0
173.5
6400.0
21.5
6400.0
10.5
6400.0
0.5
6400.0
34.5
6400.0
45.0
6400.0
385517.0
6400.0
3.0
6400.0
2.0
6400.0
38.0
6400.0
6.0
6400.0
56.0
6400.0
24.0
6400.0
7.0
6400.0
8.0
6400.0
35.0
6400.0
22.0
6400.0
9.0
6400.0
42.0
6400.0
31.0
6400.0
3.0
6400.0
6.0
6400.0
21.0
6400.0
41.0
6400.0
3.0
6400.0
20.0
6400.0
26.0
6400.0
16.0
6400.0
17.0
6400.0
14.0
6400.0
23.0
6400.0
11.0
6400.0
34.0
6400.0
6.0
6400.0
7.0
6400.0
21.0
6400.0
40.0
6400.0
25.0
6400.0
Number of filtered contours: 1
Number of hole contours: 4
Number of tissue contours: 1
Number of hole contours: 1
Final number of tissue contours: 1
Final number of hole contours: 1
Segmentation completed in 0.06 seconds
Mask saved at: /nemo/project/proj-tracerx-lung/tctProjects/kilimo/TracerX_WSIs/20X/patches/masks/LTX0051_SU.jpg
Creating patches for:  LTX0051_SU ...
Total number of contours to process:  1
Bounding Box: 0 6400 59393 47041
Contour Area: 1690828800.0
Extracted 19724 coordinates
original size: 72960 x 56320
downscaled size for stiching: 1140 x 880
start stitching LTX0051_SU
number of patches: 19724
patch size: 290 x 290 patch level: 0
ref patch size: (np.int32(290), np.int32(290)) x (np.int32(290), np.int32(290))
downscaled patch size: 5x5
segmentation took 0.056738853454589844 seconds
patching took 0.6043751239776611 seconds
stitching took 1.1478919982910156 seconds


progress: 0.07, 9/121
processing LTX0062_SU.ndpi
MPP X: 0.44099488445934026, MPP Y: 0.44099488445934026
metadata microns per pixel 0.44099488445934026
Patch size for this slide is 290
Using custom parameters for slide: LTX0062_SU
Visualization parameters: {'vis_level': np.int8(-1), 'line_thickness': np.uint32(150)}
Filter parameters: {'a_t': np.float32(100.0), 'a_h': np.float32(16.0), 'max_n_holes': np.uint32(8)}
Segmentation parameters: {'seg_level': np.int8(-1), 'sthresh': np.uint8(15), 'mthresh': np.uint8(11), 'close': np.uint32(4), 'use_otsu': np.False_, 'keep_ids': 'none', 'exclude_ids': 'none', 'remove_markings': np.False_}
Patch parameters: {'use_padding': np.True_, 'contour_fn': 'four_pt'}
Visualization level set to: 6
Segmentation level set to: 6
Keep IDs: []
Exclude IDs: []
Image shape: (792, 960, 4)
HSV image shape: (792, 960, 3)
Median blurred image shape: (792, 960)
Otsu thresholded image shape: (792, 960)
Filter params: {'a_t': np.float32(6400.0), 'a_h': np.float32(1024.0), 'max_n_holes': np.uint32(8)}
Number of contours: 84
Number of foreground contours: 2
452988.0
6400.0
12.0
6400.0
Number of filtered contours: 1
Number of hole contours: 2
Number of tissue contours: 1
Number of hole contours: 1
Final number of tissue contours: 1
Final number of hole contours: 1
Segmentation completed in 0.04 seconds
Mask saved at: /nemo/project/proj-tracerx-lung/tctProjects/kilimo/TracerX_WSIs/20X/patches/masks/LTX0062_SU.jpg
Creating patches for:  LTX0062_SU ...
Total number of contours to process:  1
Bounding Box: 1088 1408 58433 46721
Contour Area: 1946034176.0
Extracted 22719 coordinates
original size: 61440 x 50688
downscaled size for stiching: 960 x 792
start stitching LTX0062_SU
number of patches: 22719
patch size: 290 x 290 patch level: 0
ref patch size: (np.int32(290), np.int32(290)) x (np.int32(290), np.int32(290))
downscaled patch size: 5x5
segmentation took 0.03549838066101074 seconds
patching took 0.5628335475921631 seconds
stitching took 1.3380982875823975 seconds


progress: 0.08, 10/121
processing LTX0070_SU.ndpi
MPP X: 0.44099488445934026, MPP Y: 0.44099488445934026
metadata microns per pixel 0.44099488445934026
Patch size for this slide is 290
Using custom parameters for slide: LTX0070_SU
Visualization parameters: {'vis_level': np.int8(-1), 'line_thickness': np.uint32(150)}
Filter parameters: {'a_t': np.float32(100.0), 'a_h': np.float32(16.0), 'max_n_holes': np.uint32(8)}
Segmentation parameters: {'seg_level': np.int8(-1), 'sthresh': np.uint8(15), 'mthresh': np.uint8(11), 'close': np.uint32(4), 'use_otsu': np.False_, 'keep_ids': 'none', 'exclude_ids': 'none', 'remove_markings': np.False_}
Patch parameters: {'use_padding': np.True_, 'contour_fn': 'four_pt'}
Visualization level set to: 6
Segmentation level set to: 6
Keep IDs: []
Exclude IDs: []
Image shape: (880, 1140, 4)
HSV image shape: (880, 1140, 3)
Median blurred image shape: (880, 1140)
Otsu thresholded image shape: (880, 1140)
Filter params: {'a_t': np.float32(6400.0), 'a_h': np.float32(1024.0), 'max_n_holes': np.uint32(8)}
Number of contours: 169
Number of foreground contours: 16
11.0
6400.0
204.0
6400.0
469261.0
6400.0
2.0
6400.0
2.0
6400.0
44.0
6400.0
7.0
6400.0
5.0
6400.0
3.0
6400.0
7.0
6400.0
7.0
6400.0
9.0
6400.0
18.0
6400.0
7.0
6400.0
3.0
6400.0
4.0
6400.0
Number of filtered contours: 1
Number of hole contours: 3
Number of tissue contours: 1
Number of hole contours: 1
Final number of tissue contours: 1
Final number of hole contours: 1
Segmentation completed in 0.06 seconds
Mask saved at: /nemo/project/proj-tracerx-lung/tctProjects/kilimo/TracerX_WSIs/20X/patches/masks/LTX0070_SU.jpg
Creating patches for:  LTX0070_SU ...
Total number of contours to process:  1
Bounding Box: 3136 3968 67329 48513
Contour Area: 2036674560.0
Extracted 24332 coordinates
original size: 72960 x 56320
downscaled size for stiching: 1140 x 880
start stitching LTX0070_SU
number of patches: 24332
patch size: 290 x 290 patch level: 0
ref patch size: (np.int32(290), np.int32(290)) x (np.int32(290), np.int32(290))
downscaled patch size: 5x5
segmentation took 0.055882930755615234 seconds
patching took 0.8573446273803711 seconds
stitching took 1.4377708435058594 seconds


progress: 0.09, 11/121
processing LTX0073_Marked_SU.ndpi
MPP X: 0.44099488445934026, MPP Y: 0.44099488445934026
metadata microns per pixel 0.44099488445934026
Patch size for this slide is 290
Using custom parameters for slide: LTX0073_Marked_SU
Visualization parameters: {'vis_level': np.int8(-1), 'line_thickness': np.uint32(150)}
Filter parameters: {'a_t': np.float32(100.0), 'a_h': np.float32(16.0), 'max_n_holes': np.uint32(8)}
Segmentation parameters: {'seg_level': np.int8(-1), 'sthresh': np.uint8(15), 'mthresh': np.uint8(11), 'close': np.uint32(4), 'use_otsu': np.False_, 'keep_ids': 'none', 'exclude_ids': 'none', 'remove_markings': np.False_}
Patch parameters: {'use_padding': np.True_, 'contour_fn': 'four_pt'}
Visualization level set to: 6
Segmentation level set to: 6
Keep IDs: []
Exclude IDs: []
Image shape: (792, 630, 4)
HSV image shape: (792, 630, 3)
Median blurred image shape: (792, 630)
Otsu thresholded image shape: (792, 630)
Filter params: {'a_t': np.float32(6400.0), 'a_h': np.float32(1024.0), 'max_n_holes': np.uint32(8)}
Number of contours: 54
Number of foreground contours: 20
186.5
6400.0
1163.0
6400.0
167.5
6400.0
8.5
6400.0
150.0
6400.0
3.5
6400.0
1.5
6400.0
30.5
6400.0
230.0
6400.0
12.5
6400.0
48.0
6400.0
9.0
6400.0
46.5
6400.0
86.0
6400.0
22.0
6400.0
642.0
6400.0
45.5
6400.0
117.0
6400.0
268874.0
6400.0
Number of filtered contours: 1
Number of hole contours: 2
Number of tissue contours: 1
Number of hole contours: 1
Final number of tissue contours: 1
Final number of hole contours: 1
Segmentation completed in 0.42 seconds
Mask saved at: /nemo/project/proj-tracerx-lung/tctProjects/kilimo/TracerX_WSIs/20X/patches/masks/LTX0073_Marked_SU.jpg
Creating patches for:  LTX0073_Marked_SU ...
Total number of contours to process:  1
Bounding Box: 2496 0 34369 49025
Contour Area: 1132812288.0
Extracted 13701 coordinates
original size: 40320 x 50688
downscaled size for stiching: 630 x 792
start stitching LTX0073_Marked_SU
number of patches: 13701
patch size: 290 x 290 patch level: 0
ref patch size: (np.int32(290), np.int32(290)) x (np.int32(290), np.int32(290))
downscaled patch size: 5x5
segmentation took 0.41594791412353516 seconds
patching took 0.40005970001220703 seconds
stitching took 0.9494917392730713 seconds


progress: 0.10, 12/121
processing LTX0075_SU.ndpi
MPP X: 0.44099488445934026, MPP Y: 0.44099488445934026
metadata microns per pixel 0.44099488445934026
Patch size for this slide is 290
Using custom parameters for slide: LTX0075_SU
Visualization parameters: {'vis_level': np.int8(-1), 'line_thickness': np.uint32(150)}
Filter parameters: {'a_t': np.float32(100.0), 'a_h': np.float32(16.0), 'max_n_holes': np.uint32(8)}
Segmentation parameters: {'seg_level': np.int8(-1), 'sthresh': np.uint8(15), 'mthresh': np.uint8(11), 'close': np.uint32(4), 'use_otsu': np.False_, 'keep_ids': 'none', 'exclude_ids': 'none', 'remove_markings': np.False_}
Patch parameters: {'use_padding': np.True_, 'contour_fn': 'four_pt'}
Visualization level set to: 6
Segmentation level set to: 6
Keep IDs: []
Exclude IDs: []
Image shape: (814, 1050, 4)
HSV image shape: (814, 1050, 3)
Median blurred image shape: (814, 1050)
Otsu thresholded image shape: (814, 1050)
Filter params: {'a_t': np.float32(6400.0), 'a_h': np.float32(1024.0), 'max_n_holes': np.uint32(8)}
Number of contours: 202
Number of foreground contours: 97
10.0
6400.0
44.5
6400.0
12.0
6400.0
30.0
6400.0
250.5
6400.0
90.5
6400.0
25.5
6400.0
41.5
6400.0
50.5
6400.0
17.0
6400.0
0.5
6400.0
44.0
6400.0
9.5
6400.0
274.0
6400.0
142.0
6400.0
15.0
6400.0
12.0
6400.0
91.5
6400.0
19.0
6400.0
7.0
6400.0
2.0
6400.0
2.5
6400.0
5.0
6400.0
51.0
6400.0
1025.0
6400.0
9.0
6400.0
34.5
6400.0
1.0
6400.0
37.0
6400.0
7.0
6400.0
1.5
6400.0
416.0
6400.0
88.5
6400.0
32.0
6400.0
5.0
6400.0
28.5
6400.0
20.0
6400.0
17.0
6400.0
27.5
6400.0
172.0
6400.0
10.0
6400.0
45.0
6400.0
37.0
6400.0
25.0
6400.0
43.0
6400.0
2.5
6400.0
2.0
6400.0
7.5
6400.0
45.5
6400.0
0.5
6400.0
7.0
6400.0
14.0
6400.0
111.0
6400.0
34.5
6400.0
22.5
6400.0
429.0
6400.0
23.0
6400.0
29.5
6400.0
17.0
6400.0
5.0
6400.0
65.5
6400.0
1.5
6400.0
333.0
6400.0
104.0
6400.0
472.0
6400.0
1.0
6400.0
76.5
6400.0
327500.5
6400.0
35.5
6400.0
15.5
6400.0
4.5
6400.0
43.0
6400.0
45.0
6400.0
1355.0
6400.0
34.5
6400.0
131.0
6400.0
247.5
6400.0
106.5
6400.0
652.5
6400.0
2.0
6400.0
Number of filtered contours: 1
Number of hole contours: 8
Number of tissue contours: 1
Number of hole contours: 1
Final number of tissue contours: 1
Final number of hole contours: 1
Segmentation completed in 0.69 seconds
Mask saved at: /nemo/project/proj-tracerx-lung/tctProjects/kilimo/TracerX_WSIs/20X/patches/masks/LTX0075_SU.jpg
Creating patches for:  LTX0075_SU ...
Total number of contours to process:  1
Bounding Box: 1216 4416 62849 45249
Contour Area: 1563285504.0
Extracted 17309 coordinates
original size: 67200 x 52096
downscaled size for stiching: 1050 x 814
start stitching LTX0075_SU
number of patches: 17309
patch size: 290 x 290 patch level: 0
ref patch size: (np.int32(290), np.int32(290)) x (np.int32(290), np.int32(290))
downscaled patch size: 5x5
segmentation took 0.6945228576660156 seconds
patching took 0.833794116973877 seconds
stitching took 1.2076971530914307 seconds


progress: 0.11, 13/121
processing LTX0079_SU.ndpi
MPP X: 0.44099488445934026, MPP Y: 0.44099488445934026
metadata microns per pixel 0.44099488445934026
Patch size for this slide is 290
Using custom parameters for slide: LTX0079_SU
Visualization parameters: {'vis_level': np.int8(-1), 'line_thickness': np.uint32(150)}
Filter parameters: {'a_t': np.float32(100.0), 'a_h': np.float32(16.0), 'max_n_holes': np.uint32(8)}
Segmentation parameters: {'seg_level': np.int8(-1), 'sthresh': np.uint8(15), 'mthresh': np.uint8(11), 'close': np.uint32(4), 'use_otsu': np.False_, 'keep_ids': 'none', 'exclude_ids': 'none', 'remove_markings': np.False_}
Patch parameters: {'use_padding': np.True_, 'contour_fn': 'four_pt'}
Visualization level set to: 6
Segmentation level set to: 6
Keep IDs: []
Exclude IDs: []
Image shape: (418, 510, 4)
HSV image shape: (418, 510, 3)
Median blurred image shape: (418, 510)
Otsu thresholded image shape: (418, 510)
Filter params: {'a_t': np.float32(6400.0), 'a_h': np.float32(1024.0), 'max_n_holes': np.uint32(8)}
Number of contours: 27
Number of foreground contours: 5
51.5
6400.0
179.5
6400.0
100478.5
6400.0
2020.0
6400.0
1.5
6400.0
Number of filtered contours: 1
Number of hole contours: 1
Number of tissue contours: 1
Number of hole contours: 1
Final number of tissue contours: 1
Final number of hole contours: 1
Segmentation completed in 0.18 seconds
Mask saved at: /nemo/project/proj-tracerx-lung/tctProjects/kilimo/TracerX_WSIs/20X/patches/masks/LTX0079_SU.jpg
Creating patches for:  LTX0079_SU ...
Total number of contours to process:  1
Bounding Box: 0 2688 28417 23361
Contour Area: 427571200.0
Extracted 5136 coordinates
original size: 32640 x 26752
downscaled size for stiching: 510 x 418
start stitching LTX0079_SU
number of patches: 5136
patch size: 290 x 290 patch level: 0
ref patch size: (np.int32(290), np.int32(290)) x (np.int32(290), np.int32(290))
downscaled patch size: 5x5
segmentation took 0.17615962028503418 seconds
patching took 0.17199492454528809 seconds
stitching took 0.3629112243652344 seconds


progress: 0.12, 14/121
processing LTX0080_SU.ndpi
MPP X: 0.44099488445934026, MPP Y: 0.44099488445934026
metadata microns per pixel 0.44099488445934026
Patch size for this slide is 290
Using custom parameters for slide: LTX0080_SU
Visualization parameters: {'vis_level': np.int8(-1), 'line_thickness': np.uint32(150)}
Filter parameters: {'a_t': np.float32(100.0), 'a_h': np.float32(16.0), 'max_n_holes': np.uint32(8)}
Segmentation parameters: {'seg_level': np.int8(-1), 'sthresh': np.uint8(15), 'mthresh': np.uint8(11), 'close': np.uint32(4), 'use_otsu': np.False_, 'keep_ids': 'none', 'exclude_ids': 'none', 'remove_markings': np.False_}
Patch parameters: {'use_padding': np.True_, 'contour_fn': 'four_pt'}
Visualization level set to: 6
Segmentation level set to: 6
Keep IDs: []
Exclude IDs: []
Image shape: (792, 750, 4)
HSV image shape: (792, 750, 3)
Median blurred image shape: (792, 750)
Otsu thresholded image shape: (792, 750)
Filter params: {'a_t': np.float32(6400.0), 'a_h': np.float32(1024.0), 'max_n_holes': np.uint32(8)}
Number of contours: 28
Number of foreground contours: 10
357.0
6400.0
29.5
6400.0
20.5
6400.0
118.5
6400.0
2303.5
6400.0
122.0
6400.0
1852.5
6400.0
33.5
6400.0
53.5
6400.0
346688.5
6400.0
Number of filtered contours: 1
Number of hole contours: 1
Number of tissue contours: 1
Number of hole contours: 1
Final number of tissue contours: 1
Final number of hole contours: 1
Segmentation completed in 0.50 seconds
Mask saved at: /nemo/project/proj-tracerx-lung/tctProjects/kilimo/TracerX_WSIs/20X/patches/masks/LTX0080_SU.jpg
Creating patches for:  LTX0080_SU ...
Total number of contours to process:  1
Bounding Box: 1472 1344 44865 48001
Contour Area: 1468858368.0
Extracted 17341 coordinates
original size: 48000 x 50688
downscaled size for stiching: 750 x 792
start stitching LTX0080_SU
number of patches: 17341
patch size: 290 x 290 patch level: 0
ref patch size: (np.int32(290), np.int32(290)) x (np.int32(290), np.int32(290))
downscaled patch size: 5x5
segmentation took 0.49796605110168457 seconds
patching took 0.4518871307373047 seconds
stitching took 1.2250263690948486 seconds


progress: 0.12, 15/121
processing LTX0083_SU.ndpi
MPP X: 0.44099488445934026, MPP Y: 0.44099488445934026
metadata microns per pixel 0.44099488445934026
Patch size for this slide is 290
Using custom parameters for slide: LTX0083_SU
Visualization parameters: {'vis_level': np.int8(-1), 'line_thickness': np.uint32(150)}
Filter parameters: {'a_t': np.float32(100.0), 'a_h': np.float32(16.0), 'max_n_holes': np.uint32(8)}
Segmentation parameters: {'seg_level': np.int8(-1), 'sthresh': np.uint8(15), 'mthresh': np.uint8(11), 'close': np.uint32(4), 'use_otsu': np.False_, 'keep_ids': 'none', 'exclude_ids': 'none', 'remove_markings': np.False_}
Patch parameters: {'use_padding': np.True_, 'contour_fn': 'four_pt'}
Visualization level set to: 6
Segmentation level set to: 6
Keep IDs: []
Exclude IDs: []
Image shape: (726, 840, 4)
HSV image shape: (726, 840, 3)
Median blurred image shape: (726, 840)
Otsu thresholded image shape: (726, 840)
Filter params: {'a_t': np.float32(6400.0), 'a_h': np.float32(1024.0), 'max_n_holes': np.uint32(8)}
Number of contours: 173
Number of foreground contours: 27
1.5
6400.0
77.5
6400.0
114.0
6400.0
1474.0
6400.0
199.5
6400.0
4.5
6400.0
112.0
6400.0
69.5
6400.0
0.5
6400.0
34.0
6400.0
164.5
6400.0
1.0
6400.0
23.5
6400.0
4.0
6400.0
562.5
6400.0
39.5
6400.0
16.5
6400.0
1.5
6400.0
90.0
6400.0
283717.0
6400.0
4.0
6400.0
9860.0
6400.0
2415.5
6400.0
Number of filtered contours: 2
Number of hole contours: 8
Number of tissue contours: 2
Number of hole contours: 2
Final number of tissue contours: 2
Final number of hole contours: 2
Segmentation completed in 0.51 seconds
Mask saved at: /nemo/project/proj-tracerx-lung/tctProjects/kilimo/TracerX_WSIs/20X/patches/masks/LTX0083_SU.jpg
Creating patches for:  LTX0083_SU ...
Total number of contours to process:  2
Bounding Box: 1344 4736 52033 39937
Contour Area: 1383979008.0
Extracted 15519 coordinates
Bounding Box: 37888 3648 11521 12417
Contour Area: 40632320.0
Extracted 565 coordinates
original size: 53760 x 46464
downscaled size for stiching: 840 x 726
start stitching LTX0083_SU
number of patches: 16084
patch size: 290 x 290 patch level: 0
ref patch size: (np.int32(290), np.int32(290)) x (np.int32(290), np.int32(290))
downscaled patch size: 5x5
segmentation took 0.5066413879394531 seconds
patching took 0.6377954483032227 seconds
stitching took 1.1408114433288574 seconds


progress: 0.13, 16/121
processing LTX0091_A1_SU.ndpi
MPP X: 0.44099488445934026, MPP Y: 0.44099488445934026
metadata microns per pixel 0.44099488445934026
Patch size for this slide is 290
Using custom parameters for slide: LTX0091_A1_SU
Visualization parameters: {'vis_level': np.int8(-1), 'line_thickness': np.uint32(150)}
Filter parameters: {'a_t': np.float32(100.0), 'a_h': np.float32(16.0), 'max_n_holes': np.uint32(8)}
Segmentation parameters: {'seg_level': np.int8(-1), 'sthresh': np.uint8(15), 'mthresh': np.uint8(11), 'close': np.uint32(4), 'use_otsu': np.False_, 'keep_ids': 'none', 'exclude_ids': 'none', 'remove_markings': np.False_}
Patch parameters: {'use_padding': np.True_, 'contour_fn': 'four_pt'}
Visualization level set to: 6
Segmentation level set to: 6
Keep IDs: []
Exclude IDs: []
Image shape: (880, 1140, 4)
HSV image shape: (880, 1140, 3)
Median blurred image shape: (880, 1140)
Otsu thresholded image shape: (880, 1140)
Filter params: {'a_t': np.float32(6400.0), 'a_h': np.float32(1024.0), 'max_n_holes': np.uint32(8)}
Number of contours: 68
Number of foreground contours: 13
35.5
6400.0
314.0
6400.0
306.0
6400.0
23.5
6400.0
116.0
6400.0
15.5
6400.0
10.5
6400.0
513588.5
6400.0
234.0
6400.0
40.0
6400.0
7.0
6400.0
11.0
6400.0
Number of filtered contours: 1
Number of hole contours: 1
Number of tissue contours: 1
Number of hole contours: 1
Final number of tissue contours: 1
Final number of hole contours: 1
Segmentation completed in 0.06 seconds
Mask saved at: /nemo/project/proj-tracerx-lung/tctProjects/kilimo/TracerX_WSIs/20X/patches/masks/LTX0091_A1_SU.jpg
Creating patches for:  LTX0091_A1_SU ...
Total number of contours to process:  1
Bounding Box: 2560 4288 62273 46977
Contour Area: 2137868288.0
Extracted 25656 coordinates
original size: 72960 x 56320
downscaled size for stiching: 1140 x 880
start stitching LTX0091_A1_SU
number of patches: 25656
patch size: 290 x 290 patch level: 0
ref patch size: (np.int32(290), np.int32(290)) x (np.int32(290), np.int32(290))
downscaled patch size: 5x5
segmentation took 0.06081223487854004 seconds
patching took 0.7496435642242432 seconds
stitching took 1.487534999847412 seconds


progress: 0.14, 17/121
processing LTX0094_SU.ndpi
MPP X: 0.44099488445934026, MPP Y: 0.44099488445934026
metadata microns per pixel 0.44099488445934026
Patch size for this slide is 290
Using custom parameters for slide: LTX0094_SU
Visualization parameters: {'vis_level': np.int8(-1), 'line_thickness': np.uint32(150)}
Filter parameters: {'a_t': np.float32(100.0), 'a_h': np.float32(16.0), 'max_n_holes': np.uint32(8)}
Segmentation parameters: {'seg_level': np.int8(-1), 'sthresh': np.uint8(15), 'mthresh': np.uint8(11), 'close': np.uint32(4), 'use_otsu': np.False_, 'keep_ids': 'none', 'exclude_ids': 'none', 'remove_markings': np.False_}
Patch parameters: {'use_padding': np.True_, 'contour_fn': 'four_pt'}
Visualization level set to: 6
Segmentation level set to: 6
Keep IDs: []
Exclude IDs: []
Image shape: (880, 1140, 4)
HSV image shape: (880, 1140, 3)
Median blurred image shape: (880, 1140)
Otsu thresholded image shape: (880, 1140)
Filter params: {'a_t': np.float32(6400.0), 'a_h': np.float32(1024.0), 'max_n_holes': np.uint32(8)}
Number of contours: 193
Number of foreground contours: 36
0.5
6400.0
0.5
6400.0
8.0
6400.0
14.5
6400.0
16.0
6400.0
14.5
6400.0
7.5
6400.0
57.5
6400.0
18.0
6400.0
2536.0
6400.0
71.5
6400.0
115.5
6400.0
70.0
6400.0
5.0
6400.0
929.5
6400.0
705.5
6400.0
797.0
6400.0
13.5
6400.0
316.5
6400.0
491.5
6400.0
30.5
6400.0
125.5
6400.0
143155.0
6400.0
164451.0
6400.0
1.0
6400.0
27.0
6400.0
3.0
6400.0
4.0
6400.0
3.0
6400.0
4.0
6400.0
51.5
6400.0
21.0
6400.0
Number of filtered contours: 2
Number of hole contours: 5
Number of tissue contours: 2
Number of hole contours: 2
Final number of tissue contours: 2
Final number of hole contours: 2
Segmentation completed in 0.06 seconds
Mask saved at: /nemo/project/proj-tracerx-lung/tctProjects/kilimo/TracerX_WSIs/20X/patches/masks/LTX0094_SU.jpg
Creating patches for:  LTX0094_SU ...
Total number of contours to process:  2
Bounding Box: 41792 9984 31105 34049
Contour Area: 650168320.0
Extracted 7739 coordinates
Bounding Box: 5824 1664 32001 49025
Contour Area: 784326656.0
Extracted 9162 coordinates
original size: 72960 x 56320
downscaled size for stiching: 1140 x 880
start stitching LTX0094_SU
number of patches: 16901
patch size: 290 x 290 patch level: 0
ref patch size: (np.int32(290), np.int32(290)) x (np.int32(290), np.int32(290))
downscaled patch size: 5x5
segmentation took 0.05941271781921387 seconds
patching took 0.6343576908111572 seconds
stitching took 1.0407235622406006 seconds


progress: 0.15, 18/121
processing LTX0095_A5_SU.ndpi
MPP X: 0.44099488445934026, MPP Y: 0.44099488445934026
metadata microns per pixel 0.44099488445934026
Patch size for this slide is 290
Using custom parameters for slide: LTX0095_A5_SU
Visualization parameters: {'vis_level': np.int8(-1), 'line_thickness': np.uint32(150)}
Filter parameters: {'a_t': np.float32(100.0), 'a_h': np.float32(16.0), 'max_n_holes': np.uint32(8)}
Segmentation parameters: {'seg_level': np.int8(-1), 'sthresh': np.uint8(15), 'mthresh': np.uint8(11), 'close': np.uint32(4), 'use_otsu': np.False_, 'keep_ids': 'none', 'exclude_ids': 'none', 'remove_markings': np.False_}
Patch parameters: {'use_padding': np.True_, 'contour_fn': 'four_pt'}
Visualization level set to: 6
Segmentation level set to: 6
Keep IDs: []
Exclude IDs: []
Image shape: (880, 1140, 4)
HSV image shape: (880, 1140, 3)
Median blurred image shape: (880, 1140)
Otsu thresholded image shape: (880, 1140)
Filter params: {'a_t': np.float32(6400.0), 'a_h': np.float32(1024.0), 'max_n_holes': np.uint32(8)}
Number of contours: 217
Number of foreground contours: 9
103.5
6400.0
76.0
6400.0
0.5
6400.0
66.0
6400.0
396876.5
6400.0
30.0
6400.0
297.0
6400.0
15.0
6400.0
Number of filtered contours: 1
Number of hole contours: 8
Number of tissue contours: 1
Number of hole contours: 1
Final number of tissue contours: 1
Final number of hole contours: 1
Segmentation completed in 0.06 seconds
Mask saved at: /nemo/project/proj-tracerx-lung/tctProjects/kilimo/TracerX_WSIs/20X/patches/masks/LTX0095_A5_SU.jpg
Creating patches for:  LTX0095_A5_SU ...
Total number of contours to process:  1
Bounding Box: 10560 1856 59521 51841
Contour Area: 1872494592.0
Extracted 21630 coordinates
original size: 72960 x 56320
downscaled size for stiching: 1140 x 880
start stitching LTX0095_A5_SU
number of patches: 21630
patch size: 290 x 290 patch level: 0
ref patch size: (np.int32(290), np.int32(290)) x (np.int32(290), np.int32(290))
downscaled patch size: 5x5
segmentation took 0.05673050880432129 seconds
patching took 0.8520619869232178 seconds
stitching took 1.291213035583496 seconds


progress: 0.16, 19/121
processing LTX0100_SU.ndpi
MPP X: 0.44099488445934026, MPP Y: 0.44099488445934026
metadata microns per pixel 0.44099488445934026
Patch size for this slide is 290
Using custom parameters for slide: LTX0100_SU
Visualization parameters: {'vis_level': np.int8(-1), 'line_thickness': np.uint32(150)}
Filter parameters: {'a_t': np.float32(100.0), 'a_h': np.float32(16.0), 'max_n_holes': np.uint32(8)}
Segmentation parameters: {'seg_level': np.int8(-1), 'sthresh': np.uint8(15), 'mthresh': np.uint8(11), 'close': np.uint32(4), 'use_otsu': np.False_, 'keep_ids': 'none', 'exclude_ids': 'none', 'remove_markings': np.False_}
Patch parameters: {'use_padding': np.True_, 'contour_fn': 'four_pt'}
Visualization level set to: 6
Segmentation level set to: 6
Keep IDs: []
Exclude IDs: []
Image shape: (748, 1050, 4)
HSV image shape: (748, 1050, 3)
Median blurred image shape: (748, 1050)
Otsu thresholded image shape: (748, 1050)
Filter params: {'a_t': np.float32(6400.0), 'a_h': np.float32(1024.0), 'max_n_holes': np.uint32(8)}
Number of contours: 46
Number of foreground contours: 7
504298.0
6400.0
10.0
6400.0
1.0
6400.0
1.0
6400.0
10.0
6400.0
14.0
6400.0
10.0
6400.0
Number of filtered contours: 1
Number of hole contours: 1
Number of tissue contours: 1
Number of hole contours: 1
Final number of tissue contours: 1
Final number of hole contours: 1
Segmentation completed in 0.67 seconds
Mask saved at: /nemo/project/proj-tracerx-lung/tctProjects/kilimo/TracerX_WSIs/20X/patches/masks/LTX0100_SU.jpg
Creating patches for:  LTX0100_SU ...
Total number of contours to process:  1
Bounding Box: 512 1344 63873 43649
Contour Area: 2099222528.0
Extracted 25056 coordinates
original size: 67200 x 47872
downscaled size for stiching: 1050 x 748
start stitching LTX0100_SU
number of patches: 25056
patch size: 290 x 290 patch level: 0
ref patch size: (np.int32(290), np.int32(290)) x (np.int32(290), np.int32(290))
downscaled patch size: 5x5
segmentation took 0.6732940673828125 seconds
patching took 0.7335207462310791 seconds
stitching took 1.7900738716125488 seconds


progress: 0.17, 20/121
processing LTX0108_SU.ndpi
MPP X: 0.44099488445934026, MPP Y: 0.44099488445934026
metadata microns per pixel 0.44099488445934026
Patch size for this slide is 290
Using custom parameters for slide: LTX0108_SU
Visualization parameters: {'vis_level': np.int8(-1), 'line_thickness': np.uint32(150)}
Filter parameters: {'a_t': np.float32(100.0), 'a_h': np.float32(16.0), 'max_n_holes': np.uint32(8)}
Segmentation parameters: {'seg_level': np.int8(-1), 'sthresh': np.uint8(15), 'mthresh': np.uint8(11), 'close': np.uint32(4), 'use_otsu': np.False_, 'keep_ids': 'none', 'exclude_ids': 'none', 'remove_markings': np.False_}
Patch parameters: {'use_padding': np.True_, 'contour_fn': 'four_pt'}
Visualization level set to: 6
Segmentation level set to: 6
Keep IDs: []
Exclude IDs: []
Image shape: (880, 1140, 4)
HSV image shape: (880, 1140, 3)
Median blurred image shape: (880, 1140)
Otsu thresholded image shape: (880, 1140)
Filter params: {'a_t': np.float32(6400.0), 'a_h': np.float32(1024.0), 'max_n_holes': np.uint32(8)}
Number of contours: 136
Number of foreground contours: 2
449.0
6400.0
616117.0
6400.0
Number of filtered contours: 1
Number of hole contours: 8
Number of tissue contours: 1
Number of hole contours: 1
Final number of tissue contours: 1
Final number of hole contours: 1
Segmentation completed in 0.06 seconds
Mask saved at: /nemo/project/proj-tracerx-lung/tctProjects/kilimo/TracerX_WSIs/20X/patches/masks/LTX0108_SU.jpg
Creating patches for:  LTX0108_SU ...
Total number of contours to process:  1
Bounding Box: 2688 1664 68481 51393
Contour Area: 2705930240.0
Extracted 31511 coordinates
original size: 72960 x 56320
downscaled size for stiching: 1140 x 880
start stitching LTX0108_SU
number of patches: 31511
patch size: 290 x 290 patch level: 0
ref patch size: (np.int32(290), np.int32(290)) x (np.int32(290), np.int32(290))
downscaled patch size: 5x5
segmentation took 0.05720353126525879 seconds
patching took 1.2082726955413818 seconds
stitching took 1.8556382656097412 seconds


progress: 0.17, 21/121
processing LTX0118_10_SU.ndpi
MPP X: 0.44099488445934026, MPP Y: 0.44099488445934026
metadata microns per pixel 0.44099488445934026
Patch size for this slide is 290
Using custom parameters for slide: LTX0118_10_SU
Visualization parameters: {'vis_level': np.int8(-1), 'line_thickness': np.uint32(150)}
Filter parameters: {'a_t': np.float32(100.0), 'a_h': np.float32(16.0), 'max_n_holes': np.uint32(8)}
Segmentation parameters: {'seg_level': np.int8(-1), 'sthresh': np.uint8(15), 'mthresh': np.uint8(11), 'close': np.uint32(4), 'use_otsu': np.False_, 'keep_ids': 'none', 'exclude_ids': 'none', 'remove_markings': np.False_}
Patch parameters: {'use_padding': np.True_, 'contour_fn': 'four_pt'}
Visualization level set to: 6
Segmentation level set to: 6
Keep IDs: []
Exclude IDs: []
Image shape: (880, 1140, 4)
HSV image shape: (880, 1140, 3)
Median blurred image shape: (880, 1140)
Otsu thresholded image shape: (880, 1140)
Filter params: {'a_t': np.float32(6400.0), 'a_h': np.float32(1024.0), 'max_n_holes': np.uint32(8)}
Number of contours: 100
Number of foreground contours: 23
14.5
6400.0
120.5
6400.0
136.0
6400.0
35.0
6400.0
6.0
6400.0
51.5
6400.0
0.5
6400.0
2.0
6400.0
15.0
6400.0
3.0
6400.0
17.5
6400.0
138.0
6400.0
5.0
6400.0
37.0
6400.0
43.5
6400.0
67.5
6400.0
600.5
6400.0
336883.0
6400.0
9.0
6400.0
Number of filtered contours: 1
Number of hole contours: 6
Number of tissue contours: 1
Number of hole contours: 1
Final number of tissue contours: 1
Final number of hole contours: 1
Segmentation completed in 0.06 seconds
Mask saved at: /nemo/project/proj-tracerx-lung/tctProjects/kilimo/TracerX_WSIs/20X/patches/masks/LTX0118_10_SU.jpg
Creating patches for:  LTX0118_10_SU ...
Total number of contours to process:  1
Bounding Box: 2560 10432 55489 41793
Contour Area: 1489664000.0
Extracted 17324 coordinates
original size: 72960 x 56320
downscaled size for stiching: 1140 x 880
start stitching LTX0118_10_SU
number of patches: 17324
patch size: 290 x 290 patch level: 0
ref patch size: (np.int32(290), np.int32(290)) x (np.int32(290), np.int32(290))
downscaled patch size: 5x5
segmentation took 0.06335067749023438 seconds
patching took 0.659576416015625 seconds
stitching took 1.0257630348205566 seconds


progress: 0.18, 22/121
processing LTX0125_1A_SU.ndpi
MPP X: 0.44099488445934026, MPP Y: 0.44099488445934026
metadata microns per pixel 0.44099488445934026
Patch size for this slide is 290
Using custom parameters for slide: LTX0125_1A_SU
Visualization parameters: {'vis_level': np.int8(-1), 'line_thickness': np.uint32(150)}
Filter parameters: {'a_t': np.float32(100.0), 'a_h': np.float32(16.0), 'max_n_holes': np.uint32(8)}
Segmentation parameters: {'seg_level': np.int8(-1), 'sthresh': np.uint8(15), 'mthresh': np.uint8(11), 'close': np.uint32(4), 'use_otsu': np.False_, 'keep_ids': 'none', 'exclude_ids': 'none', 'remove_markings': np.False_}
Patch parameters: {'use_padding': np.True_, 'contour_fn': 'four_pt'}
Visualization level set to: 6
Segmentation level set to: 6
Keep IDs: []
Exclude IDs: []
Image shape: (880, 1140, 4)
HSV image shape: (880, 1140, 3)
Median blurred image shape: (880, 1140)
Otsu thresholded image shape: (880, 1140)
Filter params: {'a_t': np.float32(6400.0), 'a_h': np.float32(1024.0), 'max_n_holes': np.uint32(8)}
Number of contours: 170
Number of foreground contours: 60
21.0
6400.0
73.5
6400.0
26.5
6400.0
63.0
6400.0
1.0
6400.0
230.5
6400.0
11.0
6400.0
1.0
6400.0
6.0
6400.0
101.5
6400.0
35.5
6400.0
17.5
6400.0
88.5
6400.0
21.5
6400.0
1.0
6400.0
50.0
6400.0
50.5
6400.0
1.5
6400.0
50.5
6400.0
104.0
6400.0
32.0
6400.0
46.5
6400.0
139.5
6400.0
142.0
6400.0
449.0
6400.0
16.0
6400.0
82.5
6400.0
14.5
6400.0
8.0
6400.0
0.5
6400.0
0.5
6400.0
3.0
6400.0
53.0
6400.0
370.5
6400.0
19.5
6400.0
1.5
6400.0
3.5
6400.0
37.0
6400.0
525024.5
6400.0
7.0
6400.0
2.0
6400.0
18.0
6400.0
15.0
6400.0
11.5
6400.0
11.0
6400.0
15.0
6400.0
3.0
6400.0
2.0
6400.0
35.0
6400.0
16.5
6400.0
Number of filtered contours: 1
Number of hole contours: 6
Number of tissue contours: 1
Number of hole contours: 1
Final number of tissue contours: 1
Final number of hole contours: 1
Segmentation completed in 0.06 seconds
Mask saved at: /nemo/project/proj-tracerx-lung/tctProjects/kilimo/TracerX_WSIs/20X/patches/masks/LTX0125_1A_SU.jpg
Creating patches for:  LTX0125_1A_SU ...
Total number of contours to process:  1
Bounding Box: 0 3840 64897 48961
Contour Area: 2488446976.0
Extracted 26788 coordinates
original size: 72960 x 56320
downscaled size for stiching: 1140 x 880
start stitching LTX0125_1A_SU
number of patches: 26788
patch size: 290 x 290 patch level: 0
ref patch size: (np.int32(290), np.int32(290)) x (np.int32(290), np.int32(290))
downscaled patch size: 5x5
segmentation took 0.0603022575378418 seconds
patching took 0.9285633563995361 seconds
stitching took 1.5656466484069824 seconds


progress: 0.19, 23/121
processing LTX0137_A2_SU.ndpi
MPP X: 0.44099488445934026, MPP Y: 0.44099488445934026
metadata microns per pixel 0.44099488445934026
Patch size for this slide is 290
Using custom parameters for slide: LTX0137_A2_SU
Visualization parameters: {'vis_level': np.int8(-1), 'line_thickness': np.uint32(150)}
Filter parameters: {'a_t': np.float32(100.0), 'a_h': np.float32(16.0), 'max_n_holes': np.uint32(8)}
Segmentation parameters: {'seg_level': np.int8(-1), 'sthresh': np.uint8(15), 'mthresh': np.uint8(11), 'close': np.uint32(4), 'use_otsu': np.False_, 'keep_ids': 'none', 'exclude_ids': 'none', 'remove_markings': np.False_}
Patch parameters: {'use_padding': np.True_, 'contour_fn': 'four_pt'}
Visualization level set to: 6
Segmentation level set to: 6
Keep IDs: []
Exclude IDs: []
Image shape: (594, 960, 4)
HSV image shape: (594, 960, 3)
Median blurred image shape: (594, 960)
Otsu thresholded image shape: (594, 960)
Filter params: {'a_t': np.float32(6400.0), 'a_h': np.float32(1024.0), 'max_n_holes': np.uint32(8)}
Number of contours: 113
Number of foreground contours: 35
5.5
6400.0
9.0
6400.0
105.0
6400.0
10.5
6400.0
7.0
6400.0
60.0
6400.0
11.5
6400.0
27.0
6400.0
3.5
6400.0
130.0
6400.0
29.0
6400.0
87.5
6400.0
12.5
6400.0
63.0
6400.0
30.5
6400.0
16.5
6400.0
209.0
6400.0
69.5
6400.0
75.5
6400.0
55.5
6400.0
2.5
6400.0
8.5
6400.0
42.5
6400.0
1.0
6400.0
2.5
6400.0
212.5
6400.0
205.0
6400.0
0.5
6400.0
56.0
6400.0
180056.5
6400.0
106.5
6400.0
327.0
6400.0
834.5
6400.0
Number of filtered contours: 1
Number of hole contours: 6
Number of tissue contours: 1
Number of hole contours: 1
Final number of tissue contours: 1
Final number of hole contours: 1
Segmentation completed in 0.46 seconds
Mask saved at: /nemo/project/proj-tracerx-lung/tctProjects/kilimo/TracerX_WSIs/20X/patches/masks/LTX0137_A2_SU.jpg
Creating patches for:  LTX0137_A2_SU ...
Total number of contours to process:  1
Bounding Box: 5312 6464 52033 26817
Contour Area: 847949824.0
Extracted 9663 coordinates
original size: 61440 x 38016
downscaled size for stiching: 960 x 594
start stitching LTX0137_A2_SU
number of patches: 9663
patch size: 290 x 290 patch level: 0
ref patch size: (np.int32(290), np.int32(290)) x (np.int32(290), np.int32(290))
downscaled patch size: 5x5
segmentation took 0.4639735221862793 seconds
patching took 0.541879415512085 seconds
stitching took 0.6860880851745605 seconds


progress: 0.20, 24/121
processing LTX0144_F5_SU.ndpi
MPP X: 0.44099488445934026, MPP Y: 0.44099488445934026
metadata microns per pixel 0.44099488445934026
Patch size for this slide is 290
Using custom parameters for slide: LTX0144_F5_SU
Visualization parameters: {'vis_level': np.int8(-1), 'line_thickness': np.uint32(150)}
Filter parameters: {'a_t': np.float32(100.0), 'a_h': np.float32(16.0), 'max_n_holes': np.uint32(8)}
Segmentation parameters: {'seg_level': np.int8(-1), 'sthresh': np.uint8(15), 'mthresh': np.uint8(11), 'close': np.uint32(4), 'use_otsu': np.False_, 'keep_ids': 'none', 'exclude_ids': 'none', 'remove_markings': np.False_}
Patch parameters: {'use_padding': np.True_, 'contour_fn': 'four_pt'}
Visualization level set to: 6
Segmentation level set to: 6
Keep IDs: []
Exclude IDs: []
Image shape: (880, 1140, 4)
HSV image shape: (880, 1140, 3)
Median blurred image shape: (880, 1140)
Otsu thresholded image shape: (880, 1140)
Filter params: {'a_t': np.float32(6400.0), 'a_h': np.float32(1024.0), 'max_n_holes': np.uint32(8)}
Number of contours: 148
Number of foreground contours: 30
12.5
6400.0
37.5
6400.0
619577.0
6400.0
6.0
6400.0
35.0
6400.0
21.0
6400.0
5.0
6400.0
1.0
6400.0
26.0
6400.0
13.0
6400.0
3.0
6400.0
4.0
6400.0
4.0
6400.0
6.0
6400.0
1.0
6400.0
33.0
6400.0
25.0
6400.0
10.0
6400.0
32.0
6400.0
17.0
6400.0
48.0
6400.0
20.0
6400.0
11.0
6400.0
4.0
6400.0
24.0
6400.0
12.5
6400.0
6.0
6400.0
9.0
6400.0
24.0
6400.0
Number of filtered contours: 1
Number of hole contours: 5
Number of tissue contours: 1
Number of hole contours: 1
Final number of tissue contours: 1
Final number of hole contours: 1
Segmentation completed in 0.06 seconds
Mask saved at: /nemo/project/proj-tracerx-lung/tctProjects/kilimo/TracerX_WSIs/20X/patches/masks/LTX0144_F5_SU.jpg
Creating patches for:  LTX0144_F5_SU ...
Total number of contours to process:  1
Bounding Box: 5568 6464 67329 47809
Contour Area: 2653323264.0
Extracted 31365 coordinates
original size: 72960 x 56320
downscaled size for stiching: 1140 x 880
start stitching LTX0144_F5_SU
number of patches: 31365
patch size: 290 x 290 patch level: 0
ref patch size: (np.int32(290), np.int32(290)) x (np.int32(290), np.int32(290))
downscaled patch size: 5x5
segmentation took 0.060698747634887695 seconds
patching took 1.003288984298706 seconds
stitching took 1.832810878753662 seconds


progress: 0.21, 25/121
processing LTX0148_A5_SU.ndpi
MPP X: 0.22049744222967013, MPP Y: 0.22049744222967013
metadata microns per pixel 0.22049744222967013
Patch size for this slide is 580
Using custom parameters for slide: LTX0148_A5_SU
Visualization parameters: {'vis_level': np.int8(-1), 'line_thickness': np.uint32(150)}
Filter parameters: {'a_t': np.float32(100.0), 'a_h': np.float32(16.0), 'max_n_holes': np.uint32(8)}
Segmentation parameters: {'seg_level': np.int8(-1), 'sthresh': np.uint8(15), 'mthresh': np.uint8(11), 'close': np.uint32(4), 'use_otsu': np.False_, 'keep_ids': 'none', 'exclude_ids': 'none', 'remove_markings': np.False_}
Patch parameters: {'use_padding': np.True_, 'contour_fn': 'four_pt'}
Visualization level set to: 6
Segmentation level set to: 6
Keep IDs: []
Exclude IDs: []
Image shape: (1452, 2400, 4)
HSV image shape: (1452, 2400, 3)
Median blurred image shape: (1452, 2400)
Otsu thresholded image shape: (1452, 2400)
Filter params: {'a_t': np.float32(6400.0), 'a_h': np.float32(1024.0), 'max_n_holes': np.uint32(8)}
Number of contours: 214
Number of foreground contours: 27
34.0
6400.0
31.0
6400.0
3.5
6400.0
758.0
6400.0
98.5
6400.0
998.0
6400.0
14.5
6400.0
248.0
6400.0
100.0
6400.0
83.5
6400.0
1077.5
6400.0
487.5
6400.0
145.0
6400.0
26.0
6400.0
3745.5
6400.0
27.5
6400.0
352.5
6400.0
99.0
6400.0
139.5
6400.0
175.0
6400.0
11.0
6400.0
24.0
6400.0
1286.5
6400.0
2622.0
6400.0
1829742.5
6400.0
534.5
6400.0
34.5
6400.0
Number of filtered contours: 1
Number of hole contours: 8
Number of tissue contours: 1
Number of hole contours: 1
Final number of tissue contours: 1
Final number of hole contours: 1
Segmentation completed in 0.80 seconds
Mask saved at: /nemo/project/proj-tracerx-lung/tctProjects/kilimo/TracerX_WSIs/20X/patches/masks/LTX0148_A5_SU.jpg
Creating patches for:  LTX0148_A5_SU ...
Total number of contours to process:  1
Bounding Box: 11008 7040 134721 78401
Contour Area: 7749509120.0
Extracted 23079 coordinates
original size: 153600 x 92928
downscaled size for stiching: 2400 x 1452
start stitching LTX0148_A5_SU
number of patches: 23079
patch size: 580 x 580 patch level: 0
ref patch size: (np.int32(580), np.int32(580)) x (np.int32(580), np.int32(580))
downscaled patch size: 10x10
segmentation took 0.8048202991485596 seconds
patching took 1.0463714599609375 seconds
stitching took 1.7994318008422852 seconds


progress: 0.21, 26/121
processing LTX0151_A2_SU.ndpi
MPP X: 0.22049744222967013, MPP Y: 0.22049744222967013
metadata microns per pixel 0.22049744222967013
Patch size for this slide is 580
Using custom parameters for slide: LTX0151_A2_SU
Visualization parameters: {'vis_level': np.int8(-1), 'line_thickness': np.uint32(150)}
Filter parameters: {'a_t': np.float32(100.0), 'a_h': np.float32(16.0), 'max_n_holes': np.uint32(8)}
Segmentation parameters: {'seg_level': np.int8(-1), 'sthresh': np.uint8(15), 'mthresh': np.uint8(11), 'close': np.uint32(4), 'use_otsu': np.False_, 'keep_ids': 'none', 'exclude_ids': 'none', 'remove_markings': np.False_}
Patch parameters: {'use_padding': np.True_, 'contour_fn': 'four_pt'}
Visualization level set to: 6
Segmentation level set to: 6
Keep IDs: []
Exclude IDs: []
Image shape: (1628, 2220, 4)
HSV image shape: (1628, 2220, 3)
Median blurred image shape: (1628, 2220)
Otsu thresholded image shape: (1628, 2220)
Filter params: {'a_t': np.float32(6400.0), 'a_h': np.float32(1024.0), 'max_n_holes': np.uint32(8)}
Number of contours: 554
Number of foreground contours: 48
3.0
6400.0
1284.0
6400.0
44.5
6400.0
4.0
6400.0
1.0
6400.0
118.5
6400.0
231.5
6400.0
3.0
6400.0
106.0
6400.0
67.5
6400.0
0.5
6400.0
74.0
6400.0
5.5
6400.0
112.5
6400.0
159.0
6400.0
351.0
6400.0
58.5
6400.0
455.5
6400.0
116.0
6400.0
899.0
6400.0
59.0
6400.0
2.0
6400.0
4.5
6400.0
1.0
6400.0
126.5
6400.0
1.5
6400.0
12.0
6400.0
25.0
6400.0
172.0
6400.0
14.0
6400.0
731.5
6400.0
113.5
6400.0
9.5
6400.0
3.5
6400.0
49.5
6400.0
1.5
6400.0
73.0
6400.0
37.0
6400.0
97.0
6400.0
24.0
6400.0
21.5
6400.0
70.5
6400.0
973.0
6400.0
113.0
6400.0
34.0
6400.0
1795026.5
6400.0
164.5
6400.0
Number of filtered contours: 1
Number of hole contours: 8
Number of tissue contours: 1
Number of hole contours: 1
Final number of tissue contours: 1
Final number of hole contours: 1
Segmentation completed in 0.84 seconds
Mask saved at: /nemo/project/proj-tracerx-lung/tctProjects/kilimo/TracerX_WSIs/20X/patches/masks/LTX0151_A2_SU.jpg
Creating patches for:  LTX0151_A2_SU ...
Total number of contours to process:  1
Bounding Box: 5952 7744 126401 87297
Contour Area: 8437747712.0
Extracted 24247 coordinates
original size: 142080 x 104192
downscaled size for stiching: 2220 x 1628
start stitching LTX0151_A2_SU
number of patches: 24247
patch size: 580 x 580 patch level: 0
ref patch size: (np.int32(580), np.int32(580)) x (np.int32(580), np.int32(580))
downscaled patch size: 10x10
segmentation took 0.8366200923919678 seconds
patching took 1.2031054496765137 seconds
stitching took 1.9147658348083496 seconds


progress: 0.22, 27/121
processing LTX0156_A3_SU.ndpi
MPP X: 0.44099488445934026, MPP Y: 0.44099488445934026
metadata microns per pixel 0.44099488445934026
Patch size for this slide is 290
Using custom parameters for slide: LTX0156_A3_SU
Visualization parameters: {'vis_level': np.int8(-1), 'line_thickness': np.uint32(150)}
Filter parameters: {'a_t': np.float32(100.0), 'a_h': np.float32(16.0), 'max_n_holes': np.uint32(8)}
Segmentation parameters: {'seg_level': np.int8(-1), 'sthresh': np.uint8(15), 'mthresh': np.uint8(11), 'close': np.uint32(4), 'use_otsu': np.False_, 'keep_ids': 'none', 'exclude_ids': 'none', 'remove_markings': np.False_}
Patch parameters: {'use_padding': np.True_, 'contour_fn': 'four_pt'}
Visualization level set to: 6
Segmentation level set to: 6
Keep IDs: []
Exclude IDs: []
Image shape: (880, 1140, 4)
HSV image shape: (880, 1140, 3)
Median blurred image shape: (880, 1140)
Otsu thresholded image shape: (880, 1140)
Filter params: {'a_t': np.float32(6400.0), 'a_h': np.float32(1024.0), 'max_n_holes': np.uint32(8)}
Number of contours: 68
Number of foreground contours: 38
31.5
6400.0
13.5
6400.0
185.5
6400.0
39.0
6400.0
616875.5
6400.0
280.0
6400.0
29.0
6400.0
28.0
6400.0
20.0
6400.0
99.0
6400.0
50.0
6400.0
47.0
6400.0
53.5
6400.0
73.0
6400.0
25.0
6400.0
49.0
6400.0
142.0
6400.0
33.0
6400.0
20.0
6400.0
62.0
6400.0
56.0
6400.0
85.0
6400.0
37.0
6400.0
49.0
6400.0
102.0
6400.0
9.0
6400.0
239.0
6400.0
12.0
6400.0
7.0
6400.0
124.0
6400.0
58.0
6400.0
13.0
6400.0
50.0
6400.0
4.0
6400.0
Number of filtered contours: 1
Number of hole contours: 1
Number of tissue contours: 1
Number of hole contours: 1
Final number of tissue contours: 1
Final number of hole contours: 1
Segmentation completed in 0.06 seconds
Mask saved at: /nemo/project/proj-tracerx-lung/tctProjects/kilimo/TracerX_WSIs/20X/patches/masks/LTX0156_A3_SU.jpg
Creating patches for:  LTX0156_A3_SU ...
Total number of contours to process:  1
Bounding Box: 0 1728 60609 52481
Contour Area: 2559987712.0
Extracted 30608 coordinates
original size: 72960 x 56320
downscaled size for stiching: 1140 x 880
start stitching LTX0156_A3_SU
number of patches: 30608
patch size: 290 x 290 patch level: 0
ref patch size: (np.int32(290), np.int32(290)) x (np.int32(290), np.int32(290))
downscaled patch size: 5x5
segmentation took 0.06338286399841309 seconds
patching took 0.7574870586395264 seconds
stitching took 1.8480420112609863 seconds


progress: 0.23, 28/121
processing LTX0160_B6_SU.ndpi
MPP X: 0.44099488445934026, MPP Y: 0.44099488445934026
metadata microns per pixel 0.44099488445934026
Patch size for this slide is 290
Using custom parameters for slide: LTX0160_B6_SU
Visualization parameters: {'vis_level': np.int8(-1), 'line_thickness': np.uint32(150)}
Filter parameters: {'a_t': np.float32(100.0), 'a_h': np.float32(16.0), 'max_n_holes': np.uint32(8)}
Segmentation parameters: {'seg_level': np.int8(-1), 'sthresh': np.uint8(15), 'mthresh': np.uint8(11), 'close': np.uint32(4), 'use_otsu': np.False_, 'keep_ids': 'none', 'exclude_ids': 'none', 'remove_markings': np.False_}
Patch parameters: {'use_padding': np.True_, 'contour_fn': 'four_pt'}
Visualization level set to: 6
Segmentation level set to: 6
Keep IDs: []
Exclude IDs: []
Image shape: (880, 1140, 4)
HSV image shape: (880, 1140, 3)
Median blurred image shape: (880, 1140)
Otsu thresholded image shape: (880, 1140)
Filter params: {'a_t': np.float32(6400.0), 'a_h': np.float32(1024.0), 'max_n_holes': np.uint32(8)}
Number of contours: 125
Number of foreground contours: 9
483.0
6400.0
4.0
6400.0
189.0
6400.0
131.0
6400.0
5502.0
6400.0
16.0
6400.0
470953.5
6400.0
3.0
6400.0
9.5
6400.0
Number of filtered contours: 1
Number of hole contours: 5
Number of tissue contours: 1
Number of hole contours: 1
Final number of tissue contours: 1
Final number of hole contours: 1
Segmentation completed in 0.06 seconds
Mask saved at: /nemo/project/proj-tracerx-lung/tctProjects/kilimo/TracerX_WSIs/20X/patches/masks/LTX0160_B6_SU.jpg
Creating patches for:  LTX0160_B6_SU ...
Total number of contours to process:  1
Bounding Box: 0 5824 53825 47745
Contour Area: 2035539968.0
Extracted 23965 coordinates
original size: 72960 x 56320
downscaled size for stiching: 1140 x 880
start stitching LTX0160_B6_SU
number of patches: 23965
patch size: 290 x 290 patch level: 0
ref patch size: (np.int32(290), np.int32(290)) x (np.int32(290), np.int32(290))
downscaled patch size: 5x5
segmentation took 0.05570650100708008 seconds
patching took 0.7539503574371338 seconds
stitching took 1.4343159198760986 seconds


progress: 0.24, 29/121
processing LTX0162_A3_SU.ndpi
MPP X: 0.44099488445934026, MPP Y: 0.44099488445934026
metadata microns per pixel 0.44099488445934026
Patch size for this slide is 290
Using custom parameters for slide: LTX0162_A3_SU
Visualization parameters: {'vis_level': np.int8(-1), 'line_thickness': np.uint32(150)}
Filter parameters: {'a_t': np.float32(100.0), 'a_h': np.float32(16.0), 'max_n_holes': np.uint32(8)}
Segmentation parameters: {'seg_level': np.int8(-1), 'sthresh': np.uint8(15), 'mthresh': np.uint8(11), 'close': np.uint32(4), 'use_otsu': np.False_, 'keep_ids': 'none', 'exclude_ids': 'none', 'remove_markings': np.False_}
Patch parameters: {'use_padding': np.True_, 'contour_fn': 'four_pt'}
Visualization level set to: 6
Segmentation level set to: 6
Keep IDs: []
Exclude IDs: []
Image shape: (880, 1140, 4)
HSV image shape: (880, 1140, 3)
Median blurred image shape: (880, 1140)
Otsu thresholded image shape: (880, 1140)
Filter params: {'a_t': np.float32(6400.0), 'a_h': np.float32(1024.0), 'max_n_holes': np.uint32(8)}
Number of contours: 36
Number of foreground contours: 24
2.0
6400.0
3.0
6400.0
10.0
6400.0
25.0
6400.0
0.5
6400.0
102.0
6400.0
134.0
6400.0
51.0
6400.0
9.0
6400.0
22.5
6400.0
271.0
6400.0
10.0
6400.0
84.5
6400.0
5.0
6400.0
25.5
6400.0
14.5
6400.0
77.5
6400.0
167743.0
6400.0
8.0
6400.0
3.0
6400.0
7.5
6400.0
4.0
6400.0
Number of filtered contours: 1
Number of hole contours: 0
Number of tissue contours: 1
Number of hole contours: 1
Final number of tissue contours: 1
Final number of hole contours: 1
Segmentation completed in 0.05 seconds
Mask saved at: /nemo/project/proj-tracerx-lung/tctProjects/kilimo/TracerX_WSIs/20X/patches/masks/LTX0162_A3_SU.jpg
Creating patches for:  LTX0162_A3_SU ...
Total number of contours to process:  1
Bounding Box: 14272 12864 35521 29121
Contour Area: 698863616.0
Extracted 8514 coordinates
original size: 72960 x 56320
downscaled size for stiching: 1140 x 880
start stitching LTX0162_A3_SU
number of patches: 8514
patch size: 290 x 290 patch level: 0
ref patch size: (np.int32(290), np.int32(290)) x (np.int32(290), np.int32(290))
downscaled patch size: 5x5
segmentation took 0.05426383018493652 seconds
patching took 0.3214123249053955 seconds
stitching took 0.5058038234710693 seconds


progress: 0.25, 30/121
processing LTX0164_A4_SU.ndpi
MPP X: 0.44099488445934026, MPP Y: 0.44099488445934026
metadata microns per pixel 0.44099488445934026
Patch size for this slide is 290
Using custom parameters for slide: LTX0164_A4_SU
Visualization parameters: {'vis_level': np.int8(-1), 'line_thickness': np.uint32(150)}
Filter parameters: {'a_t': np.float32(100.0), 'a_h': np.float32(16.0), 'max_n_holes': np.uint32(8)}
Segmentation parameters: {'seg_level': np.int8(-1), 'sthresh': np.uint8(15), 'mthresh': np.uint8(11), 'close': np.uint32(4), 'use_otsu': np.False_, 'keep_ids': 'none', 'exclude_ids': 'none', 'remove_markings': np.False_}
Patch parameters: {'use_padding': np.True_, 'contour_fn': 'four_pt'}
Visualization level set to: 6
Segmentation level set to: 6
Keep IDs: []
Exclude IDs: []
Image shape: (880, 1140, 4)
HSV image shape: (880, 1140, 3)
Median blurred image shape: (880, 1140)
Otsu thresholded image shape: (880, 1140)
Filter params: {'a_t': np.float32(6400.0), 'a_h': np.float32(1024.0), 'max_n_holes': np.uint32(8)}
Number of contours: 189
Number of foreground contours: 23
1.5
6400.0
8.5
6400.0
42.5
6400.0
10.0
6400.0
2.5
6400.0
235.5
6400.0
139.0
6400.0
82.5
6400.0
292070.5
6400.0
6.0
6400.0
2.0
6400.0
3.0
6400.0
20.0
6400.0
1.0
6400.0
5.0
6400.0
7.0
6400.0
23.0
6400.0
6.0
6400.0
14.0
6400.0
47.5
6400.0
16.0
6400.0
Number of filtered contours: 1
Number of hole contours: 6
Number of tissue contours: 1
Number of hole contours: 1
Final number of tissue contours: 1
Final number of hole contours: 1
Segmentation completed in 0.06 seconds
Mask saved at: /nemo/project/proj-tracerx-lung/tctProjects/kilimo/TracerX_WSIs/20X/patches/masks/LTX0164_A4_SU.jpg
Creating patches for:  LTX0164_A4_SU ...
Total number of contours to process:  1
Bounding Box: 2944 12288 62657 35009
Contour Area: 1381359616.0
Extracted 16003 coordinates
original size: 72960 x 56320
downscaled size for stiching: 1140 x 880
start stitching LTX0164_A4_SU
number of patches: 16003
patch size: 290 x 290 patch level: 0
ref patch size: (np.int32(290), np.int32(290)) x (np.int32(290), np.int32(290))
downscaled patch size: 5x5
segmentation took 0.05806756019592285 seconds
patching took 0.6625339984893799 seconds
stitching took 0.9272892475128174 seconds


progress: 0.26, 31/121
processing LTX0166_A4_SU.ndpi
MPP X: 0.44099488445934026, MPP Y: 0.44099488445934026
metadata microns per pixel 0.44099488445934026
Patch size for this slide is 290
Using custom parameters for slide: LTX0166_A4_SU
Visualization parameters: {'vis_level': np.int8(-1), 'line_thickness': np.uint32(150)}
Filter parameters: {'a_t': np.float32(100.0), 'a_h': np.float32(16.0), 'max_n_holes': np.uint32(8)}
Segmentation parameters: {'seg_level': np.int8(-1), 'sthresh': np.uint8(15), 'mthresh': np.uint8(11), 'close': np.uint32(4), 'use_otsu': np.False_, 'keep_ids': 'none', 'exclude_ids': 'none', 'remove_markings': np.False_}
Patch parameters: {'use_padding': np.True_, 'contour_fn': 'four_pt'}
Visualization level set to: 6
Segmentation level set to: 6
Keep IDs: []
Exclude IDs: []
Image shape: (880, 1140, 4)
HSV image shape: (880, 1140, 3)
Median blurred image shape: (880, 1140)
Otsu thresholded image shape: (880, 1140)
Filter params: {'a_t': np.float32(6400.0), 'a_h': np.float32(1024.0), 'max_n_holes': np.uint32(8)}
Number of contours: 136
Number of foreground contours: 41
75.5
6400.0
82.5
6400.0
31.0
6400.0
88.0
6400.0
47.0
6400.0
12.0
6400.0
227.0
6400.0
10.0
6400.0
25.5
6400.0
9.0
6400.0
32.0
6400.0
10.0
6400.0
1805.5
6400.0
330395.0
6400.0
199.5
6400.0
36.0
6400.0
77.0
6400.0
82.0
6400.0
91.0
6400.0
37.0
6400.0
45.0
6400.0
39.0
6400.0
21.0
6400.0
38.0
6400.0
39.0
6400.0
16.0
6400.0
15.0
6400.0
5.0
6400.0
25.0
6400.0
13.0
6400.0
24.0
6400.0
7.0
6400.0
9.0
6400.0
9.0
6400.0
14.0
6400.0
5.0
6400.0
27.0
6400.0
27.0
6400.0
37.0
6400.0
5.0
6400.0
Number of filtered contours: 1
Number of hole contours: 8
Number of tissue contours: 1
Number of hole contours: 1
Final number of tissue contours: 1
Final number of hole contours: 1
Segmentation completed in 0.05 seconds
Mask saved at: /nemo/project/proj-tracerx-lung/tctProjects/kilimo/TracerX_WSIs/20X/patches/masks/LTX0166_A4_SU.jpg
Creating patches for:  LTX0166_A4_SU ...
Total number of contours to process:  1
Bounding Box: 5568 6080 52993 45569
Contour Area: 1591777280.0
Extracted 17295 coordinates
original size: 72960 x 56320
downscaled size for stiching: 1140 x 880
start stitching LTX0166_A4_SU
number of patches: 17295
patch size: 290 x 290 patch level: 0
ref patch size: (np.int32(290), np.int32(290)) x (np.int32(290), np.int32(290))
downscaled patch size: 5x5
segmentation took 0.054646968841552734 seconds
patching took 0.820960283279419 seconds
stitching took 1.0244569778442383 seconds


progress: 0.26, 32/121
processing LTX0170_A6_SU.ndpi
MPP X: 0.44099488445934026, MPP Y: 0.44099488445934026
metadata microns per pixel 0.44099488445934026
Patch size for this slide is 290
Using custom parameters for slide: LTX0170_A6_SU
Visualization parameters: {'vis_level': np.int8(-1), 'line_thickness': np.uint32(150)}
Filter parameters: {'a_t': np.float32(100.0), 'a_h': np.float32(16.0), 'max_n_holes': np.uint32(8)}
Segmentation parameters: {'seg_level': np.int8(-1), 'sthresh': np.uint8(15), 'mthresh': np.uint8(11), 'close': np.uint32(4), 'use_otsu': np.False_, 'keep_ids': 'none', 'exclude_ids': 'none', 'remove_markings': np.False_}
Patch parameters: {'use_padding': np.True_, 'contour_fn': 'four_pt'}
Visualization level set to: 6
Segmentation level set to: 6
Keep IDs: []
Exclude IDs: []
Image shape: (880, 1140, 4)
HSV image shape: (880, 1140, 3)
Median blurred image shape: (880, 1140)
Otsu thresholded image shape: (880, 1140)
Filter params: {'a_t': np.float32(6400.0), 'a_h': np.float32(1024.0), 'max_n_holes': np.uint32(8)}
Number of contours: 198
Number of foreground contours: 143
3.0
6400.0
284.5
6400.0
0.5
6400.0
214.5
6400.0
4.0
6400.0
15.0
6400.0
13.0
6400.0
43.0
6400.0
354.0
6400.0
81.5
6400.0
501.0
6400.0
195.5
6400.0
42.5
6400.0
184.5
6400.0
2.5
6400.0
36.5
6400.0
60.0
6400.0
199.0
6400.0
229.0
6400.0
1.0
6400.0
36.0
6400.0
676.5
6400.0
14.0
6400.0
238.0
6400.0
654.0
6400.0
19.0
6400.0
622.0
6400.0
3.5
6400.0
856.5
6400.0
25.0
6400.0
50.5
6400.0
56.0
6400.0
52.5
6400.0
18.5
6400.0
16.0
6400.0
6.5
6400.0
12.5
6400.0
201.0
6400.0
9.0
6400.0
2.5
6400.0
1.0
6400.0
444.5
6400.0
1455.5
6400.0
31.5
6400.0
10.5
6400.0
22.0
6400.0
6.0
6400.0
22.0
6400.0
74.0
6400.0
25.0
6400.0
108.0
6400.0
3.5
6400.0
13.0
6400.0
293.5
6400.0
57.0
6400.0
2.0
6400.0
378.0
6400.0
569.0
6400.0
41.0
6400.0
11.5
6400.0
25.5
6400.0
96.0
6400.0
394.5
6400.0
8.0
6400.0
13.0
6400.0
2.5
6400.0
0.5
6400.0
2155.5
6400.0
5.0
6400.0
196.0
6400.0
32.5
6400.0
19.5
6400.0
6.5
6400.0
109.5
6400.0
1.5
6400.0
16.5
6400.0
31.5
6400.0
34.5
6400.0
24.5
6400.0
1.0
6400.0
5.5
6400.0
71.5
6400.0
229.0
6400.0
52.0
6400.0
1.0
6400.0
79.5
6400.0
2.0
6400.0
65.0
6400.0
2.0
6400.0
69.0
6400.0
10.0
6400.0
38.0
6400.0
73.5
6400.0
50.0
6400.0
13.0
6400.0
453.5
6400.0
206349.5
6400.0
14.0
6400.0
26.0
6400.0
38.0
6400.0
21.0
6400.0
7.0
6400.0
1.0
6400.0
3.0
6400.0
19.0
6400.0
24.0
6400.0
3.0
6400.0
1.0
6400.0
3.0
6400.0
1.0
6400.0
1.0
6400.0
9.0
6400.0
6.0
6400.0
24.0
6400.0
18.0
6400.0
3.0
6400.0
20.0
6400.0
19.5
6400.0
21.0
6400.0
16.5
6400.0
19.0
6400.0
41.0
6400.0
Number of filtered contours: 1
Number of hole contours: 6
Number of tissue contours: 1
Number of hole contours: 1
Final number of tissue contours: 1
Final number of hole contours: 1
Segmentation completed in 0.06 seconds
Mask saved at: /nemo/project/proj-tracerx-lung/tctProjects/kilimo/TracerX_WSIs/20X/patches/masks/LTX0170_A6_SU.jpg
Creating patches for:  LTX0170_A6_SU ...
Total number of contours to process:  1
Bounding Box: 768 10816 53377 32193
Contour Area: 971032576.0
Extracted 10821 coordinates
original size: 72960 x 56320
downscaled size for stiching: 1140 x 880
start stitching LTX0170_A6_SU
number of patches: 10821
patch size: 290 x 290 patch level: 0
ref patch size: (np.int32(290), np.int32(290)) x (np.int32(290), np.int32(290))
downscaled patch size: 5x5
segmentation took 0.058038949966430664 seconds
patching took 0.5264406204223633 seconds
stitching took 0.6421668529510498 seconds


progress: 0.27, 33/121
processing LTX0172_11_SU.ndpi
MPP X: 0.22049744222967013, MPP Y: 0.22049744222967013
metadata microns per pixel 0.22049744222967013
Patch size for this slide is 580
Using custom parameters for slide: LTX0172_11_SU
Visualization parameters: {'vis_level': np.int8(-1), 'line_thickness': np.uint32(150)}
Filter parameters: {'a_t': np.float32(100.0), 'a_h': np.float32(16.0), 'max_n_holes': np.uint32(8)}
Segmentation parameters: {'seg_level': np.int8(-1), 'sthresh': np.uint8(15), 'mthresh': np.uint8(11), 'close': np.uint32(4), 'use_otsu': np.False_, 'keep_ids': 'none', 'exclude_ids': 'none', 'remove_markings': np.False_}
Patch parameters: {'use_padding': np.True_, 'contour_fn': 'four_pt'}
Visualization level set to: 6
Segmentation level set to: 6
Keep IDs: []
Exclude IDs: []
Image shape: (1408, 1440, 4)
HSV image shape: (1408, 1440, 3)
Median blurred image shape: (1408, 1440)
Otsu thresholded image shape: (1408, 1440)
Filter params: {'a_t': np.float32(6400.0), 'a_h': np.float32(1024.0), 'max_n_holes': np.uint32(8)}
Number of contours: 221
Number of foreground contours: 61
2.0
6400.0
352.5
6400.0
113.5
6400.0
199.5
6400.0
60.0
6400.0
120.5
6400.0
3.5
6400.0
230.0
6400.0
8.5
6400.0
95.0
6400.0
11.0
6400.0
30.5
6400.0
18.0
6400.0
23.0
6400.0
39.5
6400.0
31.0
6400.0
272.0
6400.0
8.5
6400.0
37.0
6400.0
3.0
6400.0
107.0
6400.0
17.5
6400.0
67.0
6400.0
349.5
6400.0
163.0
6400.0
4.0
6400.0
68.5
6400.0
854333.5
6400.0
42.5
6400.0
11479.5
6400.0
1.0
6400.0
449.0
6400.0
45.5
6400.0
97.5
6400.0
32.5
6400.0
829.5
6400.0
20.5
6400.0
95.5
6400.0
301.0
6400.0
51.5
6400.0
854.5
6400.0
23.0
6400.0
1150.0
6400.0
64.5
6400.0
28.5
6400.0
62.0
6400.0
587.5
6400.0
244.0
6400.0
138.5
6400.0
386.0
6400.0
44.5
6400.0
194.0
6400.0
36.0
6400.0
80.0
6400.0
87.0
6400.0
65.0
6400.0
101.5
6400.0
490.0
6400.0
17.5
6400.0
Number of filtered contours: 2
Number of hole contours: 8
Number of tissue contours: 2
Number of hole contours: 2
Final number of tissue contours: 2
Final number of hole contours: 2
Segmentation completed in 0.07 seconds
Mask saved at: /nemo/project/proj-tracerx-lung/tctProjects/kilimo/TracerX_WSIs/20X/patches/masks/LTX0172_11_SU.jpg
Creating patches for:  LTX0172_11_SU ...
Total number of contours to process:  2
Bounding Box: 1920 12160 80833 73217
Contour Area: 3974297600.0
Extracted 11302 coordinates
Bounding Box: 51392 11584 18113 7041
Contour Area: 47863808.0
Extracted 173 coordinates
original size: 92160 x 90112
downscaled size for stiching: 1440 x 1408
start stitching LTX0172_11_SU
number of patches: 11475
patch size: 580 x 580 patch level: 0
ref patch size: (np.int32(580), np.int32(580)) x (np.int32(580), np.int32(580))
downscaled patch size: 10x10
segmentation took 0.07123327255249023 seconds
patching took 0.6331565380096436 seconds
stitching took 0.7517619132995605 seconds


progress: 0.28, 34/121
processing LTX0180_A3_SU.ndpi
MPP X: 0.44099488445934026, MPP Y: 0.44099488445934026
metadata microns per pixel 0.44099488445934026
Patch size for this slide is 290
Using custom parameters for slide: LTX0180_A3_SU
Visualization parameters: {'vis_level': np.int8(-1), 'line_thickness': np.uint32(150)}
Filter parameters: {'a_t': np.float32(100.0), 'a_h': np.float32(16.0), 'max_n_holes': np.uint32(8)}
Segmentation parameters: {'seg_level': np.int8(-1), 'sthresh': np.uint8(15), 'mthresh': np.uint8(11), 'close': np.uint32(4), 'use_otsu': np.False_, 'keep_ids': 'none', 'exclude_ids': 'none', 'remove_markings': np.False_}
Patch parameters: {'use_padding': np.True_, 'contour_fn': 'four_pt'}
Visualization level set to: 6
Segmentation level set to: 6
Keep IDs: []
Exclude IDs: []
Image shape: (880, 1140, 4)
HSV image shape: (880, 1140, 3)
Median blurred image shape: (880, 1140)
Otsu thresholded image shape: (880, 1140)
Filter params: {'a_t': np.float32(6400.0), 'a_h': np.float32(1024.0), 'max_n_holes': np.uint32(8)}
Number of contours: 269
Number of foreground contours: 75
92.0
6400.0
15.5
6400.0
0.5
6400.0
182.0
6400.0
3.0
6400.0
25.0
6400.0
25.0
6400.0
151.5
6400.0
68.0
6400.0
87.0
6400.0
65.5
6400.0
70.5
6400.0
1.5
6400.0
17.5
6400.0
21.5
6400.0
171.0
6400.0
260.5
6400.0
8.0
6400.0
8.5
6400.0
71.5
6400.0
914.0
6400.0
0.5
6400.0
77.5
6400.0
45.5
6400.0
763.0
6400.0
4.0
6400.0
243.0
6400.0
176.5
6400.0
125.0
6400.0
12.0
6400.0
4.5
6400.0
7.5
6400.0
43.0
6400.0
51.5
6400.0
29.5
6400.0
2.0
6400.0
70.5
6400.0
1.0
6400.0
389935.5
6400.0
11.0
6400.0
29.0
6400.0
25.0
6400.0
1.0
6400.0
22.0
6400.0
39.0
6400.0
29.0
6400.0
5.0
6400.0
7.0
6400.0
32.0
6400.0
1.0
6400.0
4.0
6400.0
17.0
6400.0
21.0
6400.0
2.0
6400.0
2.0
6400.0
1.0
6400.0
2.0
6400.0
14.0
6400.0
44.0
6400.0
6.0
6400.0
13.0
6400.0
39.0
6400.0
27.0
6400.0
11.5
6400.0
17.5
6400.0
11.5
6400.0
118.0
6400.0
Number of filtered contours: 1
Number of hole contours: 8
Number of tissue contours: 1
Number of hole contours: 1
Final number of tissue contours: 1
Final number of hole contours: 1
Segmentation completed in 0.06 seconds
Mask saved at: /nemo/project/proj-tracerx-lung/tctProjects/kilimo/TracerX_WSIs/20X/patches/masks/LTX0180_A3_SU.jpg
Creating patches for:  LTX0180_A3_SU ...
Total number of contours to process:  1
Bounding Box: 0 5952 71233 45185
Contour Area: 1891047424.0
Extracted 21444 coordinates
original size: 72960 x 56320
downscaled size for stiching: 1140 x 880
start stitching LTX0180_A3_SU
number of patches: 21444
patch size: 290 x 290 patch level: 0
ref patch size: (np.int32(290), np.int32(290)) x (np.int32(290), np.int32(290))
downscaled patch size: 5x5
segmentation took 0.0601503849029541 seconds
patching took 1.370039463043213 seconds
stitching took 1.2963902950286865 seconds


progress: 0.29, 35/121
processing LTX0181_A4_SU.ndpi
MPP X: 0.22049744222967013, MPP Y: 0.22049744222967013
metadata microns per pixel 0.22049744222967013
Patch size for this slide is 580
Using custom parameters for slide: LTX0181_A4_SU
Visualization parameters: {'vis_level': np.int8(-1), 'line_thickness': np.uint32(150)}
Filter parameters: {'a_t': np.float32(100.0), 'a_h': np.float32(16.0), 'max_n_holes': np.uint32(8)}
Segmentation parameters: {'seg_level': np.int8(-1), 'sthresh': np.uint8(15), 'mthresh': np.uint8(11), 'close': np.uint32(4), 'use_otsu': np.False_, 'keep_ids': 'none', 'exclude_ids': 'none', 'remove_markings': np.False_}
Patch parameters: {'use_padding': np.True_, 'contour_fn': 'four_pt'}
Visualization level set to: 6
Segmentation level set to: 6
Keep IDs: []
Exclude IDs: []
Image shape: (1540, 1380, 4)
HSV image shape: (1540, 1380, 3)
Median blurred image shape: (1540, 1380)
Otsu thresholded image shape: (1540, 1380)
Filter params: {'a_t': np.float32(6400.0), 'a_h': np.float32(1024.0), 'max_n_holes': np.uint32(8)}
Number of contours: 232
Number of foreground contours: 22
23.0
6400.0
15.0
6400.0
51.5
6400.0
12.5
6400.0
25.0
6400.0
138.5
6400.0
3.5
6400.0
1.0
6400.0
345.0
6400.0
2.0
6400.0
4.0
6400.0
0.5
6400.0
32.5
6400.0
17.5
6400.0
81.5
6400.0
1028380.0
6400.0
45.5
6400.0
Number of filtered contours: 1
Number of hole contours: 8
Number of tissue contours: 1
Number of hole contours: 1
Final number of tissue contours: 1
Final number of hole contours: 1
Segmentation completed in 0.51 seconds
Mask saved at: /nemo/project/proj-tracerx-lung/tctProjects/kilimo/TracerX_WSIs/20X/patches/masks/LTX0181_A4_SU.jpg
Creating patches for:  LTX0181_A4_SU ...
Total number of contours to process:  1
Bounding Box: 6208 7168 73217 83841
Contour Area: 4484290560.0
Extracted 13229 coordinates
original size: 88320 x 98560
downscaled size for stiching: 1380 x 1540
start stitching LTX0181_A4_SU
number of patches: 13229
patch size: 580 x 580 patch level: 0
ref patch size: (np.int32(580), np.int32(580)) x (np.int32(580), np.int32(580))
downscaled patch size: 10x10
segmentation took 0.511908769607544 seconds
patching took 0.5940179824829102 seconds
stitching took 1.0447654724121094 seconds


progress: 0.30, 36/121
processing LTX0183_6__SU.ndpi
MPP X: 0.44099488445934026, MPP Y: 0.44099488445934026
metadata microns per pixel 0.44099488445934026
Patch size for this slide is 290
Using custom parameters for slide: LTX0183_6__SU
Visualization parameters: {'vis_level': np.int8(-1), 'line_thickness': np.uint32(150)}
Filter parameters: {'a_t': np.float32(100.0), 'a_h': np.float32(16.0), 'max_n_holes': np.uint32(8)}
Segmentation parameters: {'seg_level': np.int8(-1), 'sthresh': np.uint8(15), 'mthresh': np.uint8(11), 'close': np.uint32(4), 'use_otsu': np.False_, 'keep_ids': 'none', 'exclude_ids': 'none', 'remove_markings': np.False_}
Patch parameters: {'use_padding': np.True_, 'contour_fn': 'four_pt'}
Visualization level set to: 6
Segmentation level set to: 6
Keep IDs: []
Exclude IDs: []
Image shape: (704, 750, 4)
HSV image shape: (704, 750, 3)
Median blurred image shape: (704, 750)
Otsu thresholded image shape: (704, 750)
Filter params: {'a_t': np.float32(6400.0), 'a_h': np.float32(1024.0), 'max_n_holes': np.uint32(8)}
Number of contours: 98
Number of foreground contours: 9
331.5
6400.0
137.5
6400.0
7.0
6400.0
16.5
6400.0
14.5
6400.0
11.0
6400.0
44.5
6400.0
159425.0
6400.0
Number of filtered contours: 1
Number of hole contours: 5
Number of tissue contours: 1
Number of hole contours: 1
Final number of tissue contours: 1
Final number of hole contours: 1
Segmentation completed in 0.43 seconds
Mask saved at: /nemo/project/proj-tracerx-lung/tctProjects/kilimo/TracerX_WSIs/20X/patches/masks/LTX0183_6__SU.jpg
Creating patches for:  LTX0183_6__SU ...
Total number of contours to process:  1
Bounding Box: 3008 2688 40641 40321
Contour Area: 772024320.0
Extracted 8924 coordinates
original size: 48000 x 45056
downscaled size for stiching: 750 x 704
start stitching LTX0183_6__SU
number of patches: 8924
patch size: 290 x 290 patch level: 0
ref patch size: (np.int32(290), np.int32(290)) x (np.int32(290), np.int32(290))
downscaled patch size: 5x5
segmentation took 0.4252448081970215 seconds
patching took 0.45160984992980957 seconds
stitching took 0.6342630386352539 seconds


progress: 0.31, 37/121
processing LTX0185_A5_SU.ndpi
MPP X: 0.44099488445934026, MPP Y: 0.44099488445934026
metadata microns per pixel 0.44099488445934026
Patch size for this slide is 290
Using custom parameters for slide: LTX0185_A5_SU
Visualization parameters: {'vis_level': np.int8(-1), 'line_thickness': np.uint32(150)}
Filter parameters: {'a_t': np.float32(100.0), 'a_h': np.float32(16.0), 'max_n_holes': np.uint32(8)}
Segmentation parameters: {'seg_level': np.int8(-1), 'sthresh': np.uint8(15), 'mthresh': np.uint8(11), 'close': np.uint32(4), 'use_otsu': np.False_, 'keep_ids': 'none', 'exclude_ids': 'none', 'remove_markings': np.False_}
Patch parameters: {'use_padding': np.True_, 'contour_fn': 'four_pt'}
Visualization level set to: 6
Segmentation level set to: 6
Keep IDs: []
Exclude IDs: []
Image shape: (880, 1140, 4)
HSV image shape: (880, 1140, 3)
Median blurred image shape: (880, 1140)
Otsu thresholded image shape: (880, 1140)
Filter params: {'a_t': np.float32(6400.0), 'a_h': np.float32(1024.0), 'max_n_holes': np.uint32(8)}
Number of contours: 99
Number of foreground contours: 13
80.0
6400.0
27.5
6400.0
31.0
6400.0
3.5
6400.0
610239.0
6400.0
58.5
6400.0
12.5
6400.0
2.0
6400.0
65.0
6400.0
17.5
6400.0
Number of filtered contours: 1
Number of hole contours: 5
Number of tissue contours: 1
Number of hole contours: 1
Final number of tissue contours: 1
Final number of hole contours: 1
Segmentation completed in 0.06 seconds
Mask saved at: /nemo/project/proj-tracerx-lung/tctProjects/kilimo/TracerX_WSIs/20X/patches/masks/LTX0185_A5_SU.jpg
Creating patches for:  LTX0185_A5_SU ...
Total number of contours to process:  1
Bounding Box: 4992 4992 61057 51265
Contour Area: 2603360256.0
Extracted 30904 coordinates
original size: 72960 x 56320
downscaled size for stiching: 1140 x 880
start stitching LTX0185_A5_SU
number of patches: 30904
patch size: 290 x 290 patch level: 0
ref patch size: (np.int32(290), np.int32(290)) x (np.int32(290), np.int32(290))
downscaled patch size: 5x5
segmentation took 0.06361174583435059 seconds
patching took 0.9757223129272461 seconds
stitching took 1.7803552150726318 seconds


progress: 0.31, 38/121
processing LTX0193_D2_SU.ndpi
MPP X: 0.44099488445934026, MPP Y: 0.44099488445934026
metadata microns per pixel 0.44099488445934026
Patch size for this slide is 290
Using custom parameters for slide: LTX0193_D2_SU
Visualization parameters: {'vis_level': np.int8(-1), 'line_thickness': np.uint32(150)}
Filter parameters: {'a_t': np.float32(100.0), 'a_h': np.float32(16.0), 'max_n_holes': np.uint32(8)}
Segmentation parameters: {'seg_level': np.int8(-1), 'sthresh': np.uint8(15), 'mthresh': np.uint8(11), 'close': np.uint32(4), 'use_otsu': np.False_, 'keep_ids': 'none', 'exclude_ids': 'none', 'remove_markings': np.False_}
Patch parameters: {'use_padding': np.True_, 'contour_fn': 'four_pt'}
Visualization level set to: 6
Segmentation level set to: 6
Keep IDs: []
Exclude IDs: []
Image shape: (682, 870, 4)
HSV image shape: (682, 870, 3)
Median blurred image shape: (682, 870)
Otsu thresholded image shape: (682, 870)
Filter params: {'a_t': np.float32(6400.0), 'a_h': np.float32(1024.0), 'max_n_holes': np.uint32(8)}
Number of contours: 49
Number of foreground contours: 5
86.5
6400.0
94.0
6400.0
1.5
6400.0
62.0
6400.0
344419.0
6400.0
Number of filtered contours: 1
Number of hole contours: 5
Number of tissue contours: 1
Number of hole contours: 1
Final number of tissue contours: 1
Final number of hole contours: 1
Segmentation completed in 0.49 seconds
Mask saved at: /nemo/project/proj-tracerx-lung/tctProjects/kilimo/TracerX_WSIs/20X/patches/masks/LTX0193_D2_SU.jpg
Creating patches for:  LTX0193_D2_SU ...
Total number of contours to process:  1
Bounding Box: 1600 2048 49793 40001
Contour Area: 1462360064.0
Extracted 17267 coordinates
original size: 55680 x 43648
downscaled size for stiching: 870 x 682
start stitching LTX0193_D2_SU
number of patches: 17267
patch size: 290 x 290 patch level: 0
ref patch size: (np.int32(290), np.int32(290)) x (np.int32(290), np.int32(290))
downscaled patch size: 5x5
segmentation took 0.48859500885009766 seconds
patching took 0.7373881340026855 seconds
stitching took 1.2013187408447266 seconds


progress: 0.32, 39/121
processing LTX0199_A2_SU.ndpi
MPP X: 0.22049744222967013, MPP Y: 0.22049744222967013
metadata microns per pixel 0.22049744222967013
Patch size for this slide is 580
Using custom parameters for slide: LTX0199_A2_SU
Visualization parameters: {'vis_level': np.int8(-1), 'line_thickness': np.uint32(150)}
Filter parameters: {'a_t': np.float32(100.0), 'a_h': np.float32(16.0), 'max_n_holes': np.uint32(8)}
Segmentation parameters: {'seg_level': np.int8(-1), 'sthresh': np.uint8(15), 'mthresh': np.uint8(11), 'close': np.uint32(4), 'use_otsu': np.False_, 'keep_ids': 'none', 'exclude_ids': 'none', 'remove_markings': np.False_}
Patch parameters: {'use_padding': np.True_, 'contour_fn': 'four_pt'}
Visualization level set to: 6
Segmentation level set to: 6
Keep IDs: []
Exclude IDs: []
Image shape: (1584, 2220, 4)
HSV image shape: (1584, 2220, 3)
Median blurred image shape: (1584, 2220)
Otsu thresholded image shape: (1584, 2220)
Filter params: {'a_t': np.float32(6400.0), 'a_h': np.float32(1024.0), 'max_n_holes': np.uint32(8)}
Number of contours: 212
Number of foreground contours: 19
30.5
6400.0
443.5
6400.0
102.0
6400.0
358.5
6400.0
26.0
6400.0
411.0
6400.0
0.5
6400.0
345.0
6400.0
40.5
6400.0
121.0
6400.0
186.0
6400.0
12.0
6400.0
71.0
6400.0
6.0
6400.0
12.0
6400.0
1625880.0
6400.0
14718.5
6400.0
Number of filtered contours: 2
Number of hole contours: 8
Number of tissue contours: 2
Number of hole contours: 2
Final number of tissue contours: 2
Final number of hole contours: 2
Segmentation completed in 0.82 seconds
Mask saved at: /nemo/project/proj-tracerx-lung/tctProjects/kilimo/TracerX_WSIs/20X/patches/masks/LTX0199_A2_SU.jpg
Creating patches for:  LTX0199_A2_SU ...
Total number of contours to process:  2
Bounding Box: 7040 4160 125121 89217
Contour Area: 6993707008.0
Extracted 20794 coordinates
Bounding Box: 0 0 142017 769
Contour Area: 60286976.0
Extracted 246 coordinates
original size: 142080 x 101376
downscaled size for stiching: 2220 x 1584
start stitching LTX0199_A2_SU
number of patches: 21040
patch size: 580 x 580 patch level: 0
ref patch size: (np.int32(580), np.int32(580)) x (np.int32(580), np.int32(580))
downscaled patch size: 10x10
segmentation took 0.8198676109313965 seconds
patching took 1.098663091659546 seconds
stitching took 1.699094295501709 seconds


progress: 0.33, 40/121
processing LTX0206_A7_SU.ndpi
MPP X: 0.44099488445934026, MPP Y: 0.44099488445934026
metadata microns per pixel 0.44099488445934026
Patch size for this slide is 290
Using custom parameters for slide: LTX0206_A7_SU
Visualization parameters: {'vis_level': np.int8(-1), 'line_thickness': np.uint32(150)}
Filter parameters: {'a_t': np.float32(100.0), 'a_h': np.float32(16.0), 'max_n_holes': np.uint32(8)}
Segmentation parameters: {'seg_level': np.int8(-1), 'sthresh': np.uint8(15), 'mthresh': np.uint8(11), 'close': np.uint32(4), 'use_otsu': np.False_, 'keep_ids': 'none', 'exclude_ids': 'none', 'remove_markings': np.False_}
Patch parameters: {'use_padding': np.True_, 'contour_fn': 'four_pt'}
Visualization level set to: 6
Segmentation level set to: 6
Keep IDs: []
Exclude IDs: []
Image shape: (748, 1110, 4)
HSV image shape: (748, 1110, 3)
Median blurred image shape: (748, 1110)
Otsu thresholded image shape: (748, 1110)
Filter params: {'a_t': np.float32(6400.0), 'a_h': np.float32(1024.0), 'max_n_holes': np.uint32(8)}
Number of contours: 166
Number of foreground contours: 24
854.5
6400.0
47.5
6400.0
35.5
6400.0
149.5
6400.0
6.0
6400.0
13.0
6400.0
18.5
6400.0
11.0
6400.0
477.0
6400.0
37.0
6400.0
535.5
6400.0
48.5
6400.0
66.0
6400.0
18.5
6400.0
903.5
6400.0
1.0
6400.0
9.5
6400.0
10.5
6400.0
469100.5
6400.0
Number of filtered contours: 1
Number of hole contours: 7
Number of tissue contours: 1
Number of hole contours: 1
Final number of tissue contours: 1
Final number of hole contours: 1
Segmentation completed in 0.70 seconds
Mask saved at: /nemo/project/proj-tracerx-lung/tctProjects/kilimo/TracerX_WSIs/20X/patches/masks/LTX0206_A7_SU.jpg
Creating patches for:  LTX0206_A7_SU ...
Total number of contours to process:  1
Bounding Box: 960 1856 64257 44993
Contour Area: 2114402304.0
Extracted 24319 coordinates
original size: 71040 x 47872
downscaled size for stiching: 1110 x 748
start stitching LTX0206_A7_SU
number of patches: 24319
patch size: 290 x 290 patch level: 0
ref patch size: (np.int32(290), np.int32(290)) x (np.int32(290), np.int32(290))
downscaled patch size: 5x5
segmentation took 0.6996760368347168 seconds
patching took 0.8666930198669434 seconds
stitching took 1.7213218212127686 seconds


progress: 0.34, 41/121
processing LTX0216_B1_SU.ndpi
MPP X: 0.44099488445934026, MPP Y: 0.44099488445934026
metadata microns per pixel 0.44099488445934026
Patch size for this slide is 290
Using custom parameters for slide: LTX0216_B1_SU
Visualization parameters: {'vis_level': np.int8(-1), 'line_thickness': np.uint32(150)}
Filter parameters: {'a_t': np.float32(100.0), 'a_h': np.float32(16.0), 'max_n_holes': np.uint32(8)}
Segmentation parameters: {'seg_level': np.int8(-1), 'sthresh': np.uint8(15), 'mthresh': np.uint8(11), 'close': np.uint32(4), 'use_otsu': np.False_, 'keep_ids': 'none', 'exclude_ids': 'none', 'remove_markings': np.False_}
Patch parameters: {'use_padding': np.True_, 'contour_fn': 'four_pt'}
Visualization level set to: 6
Segmentation level set to: 6
Keep IDs: []
Exclude IDs: []
Image shape: (880, 1140, 4)
HSV image shape: (880, 1140, 3)
Median blurred image shape: (880, 1140)
Otsu thresholded image shape: (880, 1140)
Filter params: {'a_t': np.float32(6400.0), 'a_h': np.float32(1024.0), 'max_n_holes': np.uint32(8)}
Number of contours: 200
Number of foreground contours: 31
4.0
6400.0
2.0
6400.0
5.5
6400.0
5.0
6400.0
11.0
6400.0
31.0
6400.0
4.5
6400.0
239.5
6400.0
21.5
6400.0
20.0
6400.0
73.0
6400.0
2.5
6400.0
192.0
6400.0
34.0
6400.0
254.5
6400.0
519310.0
6400.0
2.0
6400.0
1.0
6400.0
18.0
6400.0
3.0
6400.0
3.0
6400.0
10.0
6400.0
9.0
6400.0
41.0
6400.0
10.5
6400.0
Number of filtered contours: 1
Number of hole contours: 8
Number of tissue contours: 1
Number of hole contours: 1
Final number of tissue contours: 1
Final number of hole contours: 1
Segmentation completed in 0.06 seconds
Mask saved at: /nemo/project/proj-tracerx-lung/tctProjects/kilimo/TracerX_WSIs/20X/patches/masks/LTX0216_B1_SU.jpg
Creating patches for:  LTX0216_B1_SU ...
Total number of contours to process:  1
Bounding Box: 7168 1728 63297 48321
Contour Area: 2296954880.0
Extracted 26856 coordinates
original size: 72960 x 56320
downscaled size for stiching: 1140 x 880
start stitching LTX0216_B1_SU
number of patches: 26856
patch size: 290 x 290 patch level: 0
ref patch size: (np.int32(290), np.int32(290)) x (np.int32(290), np.int32(290))
downscaled patch size: 5x5
segmentation took 0.059000492095947266 seconds
patching took 1.0807983875274658 seconds
stitching took 1.5708861351013184 seconds


progress: 0.35, 42/121
processing LTX0221_4E_SU.ndpi
MPP X: 0.44099488445934026, MPP Y: 0.44099488445934026
metadata microns per pixel 0.44099488445934026
Patch size for this slide is 290
Using custom parameters for slide: LTX0221_4E_SU
Visualization parameters: {'vis_level': np.int8(-1), 'line_thickness': np.uint32(150)}
Filter parameters: {'a_t': np.float32(100.0), 'a_h': np.float32(16.0), 'max_n_holes': np.uint32(8)}
Segmentation parameters: {'seg_level': np.int8(-1), 'sthresh': np.uint8(15), 'mthresh': np.uint8(11), 'close': np.uint32(4), 'use_otsu': np.False_, 'keep_ids': 'none', 'exclude_ids': 'none', 'remove_markings': np.False_}
Patch parameters: {'use_padding': np.True_, 'contour_fn': 'four_pt'}
Visualization level set to: 6
Segmentation level set to: 6
Keep IDs: []
Exclude IDs: []
Image shape: (836, 1080, 4)
HSV image shape: (836, 1080, 3)
Median blurred image shape: (836, 1080)
Otsu thresholded image shape: (836, 1080)
Filter params: {'a_t': np.float32(6400.0), 'a_h': np.float32(1024.0), 'max_n_holes': np.uint32(8)}
Number of contours: 492
Number of foreground contours: 299
85.0
6400.0
2.0
6400.0
211.0
6400.0
5.5
6400.0
17.5
6400.0
9.5
6400.0
4.0
6400.0
95.0
6400.0
68.0
6400.0
1.5
6400.0
8.0
6400.0
2.0
6400.0
20.5
6400.0
74.5
6400.0
1.0
6400.0
1197.5
6400.0
3.5
6400.0
1686.5
6400.0
6.5
6400.0
58.5
6400.0
114.0
6400.0
16.0
6400.0
1.5
6400.0
6.5
6400.0
28.0
6400.0
14.5
6400.0
89.0
6400.0
731.0
6400.0
99.0
6400.0
129.0
6400.0
34.5
6400.0
70.5
6400.0
71.0
6400.0
90.5
6400.0
79.0
6400.0
168.0
6400.0
4.5
6400.0
3.0
6400.0
274.0
6400.0
72.0
6400.0
3.5
6400.0
26.5
6400.0
75.5
6400.0
56.0
6400.0
21.0
6400.0
80.5
6400.0
23.5
6400.0
17.0
6400.0
164.5
6400.0
2.5
6400.0
117.5
6400.0
16.0
6400.0
58.0
6400.0
1.5
6400.0
29.0
6400.0
361.0
6400.0
5.5
6400.0
1268.0
6400.0
2.5
6400.0
117.5
6400.0
80.0
6400.0
139.5
6400.0
29.0
6400.0
54.5
6400.0
4.0
6400.0
382.0
6400.0
304.5
6400.0
65.0
6400.0
4.0
6400.0
52.0
6400.0
89.5
6400.0
29.0
6400.0
29.5
6400.0
13.0
6400.0
19.0
6400.0
76.5
6400.0
172.0
6400.0
52.5
6400.0
25.5
6400.0
569.5
6400.0
31.0
6400.0
190.5
6400.0
3.0
6400.0
36.0
6400.0
531.5
6400.0
16.5
6400.0
426.0
6400.0
447.5
6400.0
41.5
6400.0
37.5
6400.0
3.5
6400.0
18.5
6400.0
61.5
6400.0
20.5
6400.0
275.0
6400.0
1.0
6400.0
625.5
6400.0
51.5
6400.0
2.5
6400.0
4.5
6400.0
356.0
6400.0
5.5
6400.0
938.0
6400.0
50.0
6400.0
80.0
6400.0
19.5
6400.0
16874.5
6400.0
874.0
6400.0
1.5
6400.0
74.0
6400.0
90.0
6400.0
104.0
6400.0
25.5
6400.0
13.5
6400.0
154.0
6400.0
45.0
6400.0
2.5
6400.0
12.5
6400.0
13.0
6400.0
35.5
6400.0
6.5
6400.0
9.0
6400.0
4.5
6400.0
2.0
6400.0
70.5
6400.0
43.5
6400.0
2.0
6400.0
2.5
6400.0
0.5
6400.0
52.5
6400.0
17.5
6400.0
14.5
6400.0
149.0
6400.0
2.5
6400.0
551.5
6400.0
28.5
6400.0
3.5
6400.0
53.5
6400.0
10.5
6400.0
12.0
6400.0
28.5
6400.0
38.0
6400.0
107.0
6400.0
12.0
6400.0
23.0
6400.0
37.0
6400.0
30.0
6400.0
7.0
6400.0
6.0
6400.0
2.0
6400.0
103.5
6400.0
1.0
6400.0
153.0
6400.0
324.5
6400.0
59.0
6400.0
1.0
6400.0
19.5
6400.0
190.0
6400.0
1.5
6400.0
436.5
6400.0
12.5
6400.0
1382.5
6400.0
21.0
6400.0
1.0
6400.0
80.5
6400.0
69.5
6400.0
218.5
6400.0
26.5
6400.0
118.5
6400.0
38.0
6400.0
0.5
6400.0
29.0
6400.0
0.5
6400.0
1.5
6400.0
28.5
6400.0
10.5
6400.0
2.0
6400.0
360.0
6400.0
46.0
6400.0
145180.5
6400.0
7.0
6400.0
174.5
6400.0
60.0
6400.0
142.0
6400.0
0.5
6400.0
63.0
6400.0
9.0
6400.0
12.0
6400.0
3.0
6400.0
1606.0
6400.0
1.0
6400.0
223.0
6400.0
35.0
6400.0
429.0
6400.0
161.0
6400.0
18.0
6400.0
11.5
6400.0
52.5
6400.0
5.5
6400.0
45.0
6400.0
0.5
6400.0
159.5
6400.0
668.0
6400.0
20.5
6400.0
198.0
6400.0
1.5
6400.0
82.5
6400.0
2065.0
6400.0
18.0
6400.0
303.5
6400.0
6.0
6400.0
35.5
6400.0
56.0
6400.0
13.0
6400.0
153.5
6400.0
3.5
6400.0
170.5
6400.0
245.0
6400.0
32.5
6400.0
79.0
6400.0
46.5
6400.0
27.0
6400.0
12.5
6400.0
46.5
6400.0
138.0
6400.0
12.0
6400.0
1.0
6400.0
13.5
6400.0
50.5
6400.0
73.0
6400.0
2.5
6400.0
42.5
6400.0
379.5
6400.0
31.5
6400.0
3555.5
6400.0
28.5
6400.0
367.0
6400.0
9.5
6400.0
45.0
6400.0
30.5
6400.0
427.0
6400.0
12.0
6400.0
5.5
6400.0
36.0
6400.0
2887.5
6400.0
122.0
6400.0
38.5
6400.0
96.0
6400.0
0.5
6400.0
6.5
6400.0
40.5
6400.0
66333.5
6400.0
27.5
6400.0
1788.5
6400.0
5.5
6400.0
219.5
6400.0
2473.5
6400.0
9.0
6400.0
Number of filtered contours: 3
Number of hole contours: 9
Number of tissue contours: 3
Number of hole contours: 3
Final number of tissue contours: 3
Final number of hole contours: 3
Segmentation completed in 0.06 seconds
Mask saved at: /nemo/project/proj-tracerx-lung/tctProjects/kilimo/TracerX_WSIs/20X/patches/masks/LTX0221_4E_SU.jpg
Creating patches for:  LTX0221_4E_SU ...
Total number of contours to process:  3
Bounding Box: 54080 26624 12609 19649
Contour Area: 80529408.0
Extracted 1035 coordinates
Bounding Box: 17984 11968 35329 40321
Contour Area: 751712256.0
Extracted 8340 coordinates
Bounding Box: 43392 0 22529 32577
Contour Area: 356546560.0
Extracted 4068 coordinates
original size: 69120 x 53504
downscaled size for stiching: 1080 x 836
start stitching LTX0221_4E_SU
number of patches: 13443
patch size: 290 x 290 patch level: 0
ref patch size: (np.int32(290), np.int32(290)) x (np.int32(290), np.int32(290))
downscaled patch size: 5x5
segmentation took 0.05937814712524414 seconds
patching took 0.7179672718048096 seconds
stitching took 0.8064987659454346 seconds


progress: 0.36, 43/121
processing LTX0225_1_SU.ndpi
MPP X: 0.44099488445934026, MPP Y: 0.44099488445934026
metadata microns per pixel 0.44099488445934026
Patch size for this slide is 290
Using custom parameters for slide: LTX0225_1_SU
Visualization parameters: {'vis_level': np.int8(-1), 'line_thickness': np.uint32(150)}
Filter parameters: {'a_t': np.float32(100.0), 'a_h': np.float32(16.0), 'max_n_holes': np.uint32(8)}
Segmentation parameters: {'seg_level': np.int8(-1), 'sthresh': np.uint8(15), 'mthresh': np.uint8(11), 'close': np.uint32(4), 'use_otsu': np.False_, 'keep_ids': 'none', 'exclude_ids': 'none', 'remove_markings': np.False_}
Patch parameters: {'use_padding': np.True_, 'contour_fn': 'four_pt'}
Visualization level set to: 6
Segmentation level set to: 6
Keep IDs: []
Exclude IDs: []
Image shape: (792, 720, 4)
HSV image shape: (792, 720, 3)
Median blurred image shape: (792, 720)
Otsu thresholded image shape: (792, 720)
Filter params: {'a_t': np.float32(6400.0), 'a_h': np.float32(1024.0), 'max_n_holes': np.uint32(8)}
Number of contours: 81
Number of foreground contours: 1
270524.0
6400.0
Number of filtered contours: 1
Number of hole contours: 1
Number of tissue contours: 1
Number of hole contours: 1
Final number of tissue contours: 1
Final number of hole contours: 1
Segmentation completed in 0.03 seconds
Mask saved at: /nemo/project/proj-tracerx-lung/tctProjects/kilimo/TracerX_WSIs/20X/patches/masks/LTX0225_1_SU.jpg
Creating patches for:  LTX0225_1_SU ...
Total number of contours to process:  1
Bounding Box: 1920 768 39553 47425
Contour Area: 1183047680.0
Extracted 14178 coordinates
original size: 46080 x 50688
downscaled size for stiching: 720 x 792
start stitching LTX0225_1_SU
number of patches: 14178
patch size: 290 x 290 patch level: 0
ref patch size: (np.int32(290), np.int32(290)) x (np.int32(290), np.int32(290))
downscaled patch size: 5x5
segmentation took 0.027093887329101562 seconds
patching took 0.45699524879455566 seconds
stitching took 0.8360614776611328 seconds


progress: 0.36, 44/121
processing LTX0226_1G_SU.ndpi
MPP X: 0.44099488445934026, MPP Y: 0.44099488445934026
metadata microns per pixel 0.44099488445934026
Patch size for this slide is 290
Using custom parameters for slide: LTX0226_1G_SU
Visualization parameters: {'vis_level': np.int8(-1), 'line_thickness': np.uint32(150)}
Filter parameters: {'a_t': np.float32(100.0), 'a_h': np.float32(16.0), 'max_n_holes': np.uint32(8)}
Segmentation parameters: {'seg_level': np.int8(-1), 'sthresh': np.uint8(15), 'mthresh': np.uint8(11), 'close': np.uint32(4), 'use_otsu': np.False_, 'keep_ids': 'none', 'exclude_ids': 'none', 'remove_markings': np.False_}
Patch parameters: {'use_padding': np.True_, 'contour_fn': 'four_pt'}
Visualization level set to: 6
Segmentation level set to: 6
Keep IDs: []
Exclude IDs: []
Image shape: (836, 840, 4)
HSV image shape: (836, 840, 3)
Median blurred image shape: (836, 840)
Otsu thresholded image shape: (836, 840)
Filter params: {'a_t': np.float32(6400.0), 'a_h': np.float32(1024.0), 'max_n_holes': np.uint32(8)}
Number of contours: 294
Number of foreground contours: 141
8.0
6400.0
24.0
6400.0
177.0
6400.0
168.5
6400.0
140.0
6400.0
8.0
6400.0
69.5
6400.0
24.5
6400.0
61.5
6400.0
26.5
6400.0
6.0
6400.0
121.0
6400.0
72.5
6400.0
57.5
6400.0
14.0
6400.0
3.5
6400.0
33.0
6400.0
56.0
6400.0
13.5
6400.0
51.5
6400.0
83.5
6400.0
136.5
6400.0
59.0
6400.0
57.0
6400.0
215.0
6400.0
1.0
6400.0
9.0
6400.0
11.5
6400.0
237.5
6400.0
2.0
6400.0
929.0
6400.0
25.0
6400.0
143.0
6400.0
44.0
6400.0
12.5
6400.0
7.0
6400.0
92.5
6400.0
291.0
6400.0
36.0
6400.0
3.0
6400.0
29.0
6400.0
24.0
6400.0
52.5
6400.0
1809.5
6400.0
5.5
6400.0
46.5
6400.0
6.0
6400.0
12.0
6400.0
17.0
6400.0
39.0
6400.0
98.5
6400.0
1.5
6400.0
1.0
6400.0
205.5
6400.0
25.0
6400.0
52.0
6400.0
0.5
6400.0
807.5
6400.0
30.0
6400.0
51.5
6400.0
46.0
6400.0
49.5
6400.0
52.0
6400.0
1524.0
6400.0
6.0
6400.0
609.5
6400.0
2022.5
6400.0
407.5
6400.0
117.0
6400.0
0.5
6400.0
4.0
6400.0
9.5
6400.0
24.0
6400.0
34.5
6400.0
343.0
6400.0
156.5
6400.0
0.5
6400.0
138.5
6400.0
5.5
6400.0
509.5
6400.0
242.0
6400.0
0.5
6400.0
28.5
6400.0
68.5
6400.0
72.5
6400.0
8296.5
6400.0
3.5
6400.0
209.0
6400.0
150.5
6400.0
2.5
6400.0
13.5
6400.0
796.0
6400.0
149.5
6400.0
6.5
6400.0
104.0
6400.0
71.5
6400.0
205.0
6400.0
2.5
6400.0
45.5
6400.0
1.5
6400.0
417.5
6400.0
22.5
6400.0
101.5
6400.0
25.0
6400.0
8.0
6400.0
2.5
6400.0
262391.0
6400.0
Number of filtered contours: 2
Number of hole contours: 6
Number of tissue contours: 2
Number of hole contours: 2
Final number of tissue contours: 2
Final number of hole contours: 2
Segmentation completed in 0.05 seconds
Mask saved at: /nemo/project/proj-tracerx-lung/tctProjects/kilimo/TracerX_WSIs/20X/patches/masks/LTX0226_1G_SU.jpg
Creating patches for:  LTX0226_1G_SU ...
Total number of contours to process:  2
Bounding Box: 2368 28224 10625 16641
Contour Area: 37513216.0
Extracted 533 coordinates
Bounding Box: 3264 2816 46657 48705
Contour Area: 1244389376.0
Extracted 14297 coordinates
original size: 53760 x 53504
downscaled size for stiching: 840 x 836
start stitching LTX0226_1G_SU
number of patches: 14830
patch size: 290 x 290 patch level: 0
ref patch size: (np.int32(290), np.int32(290)) x (np.int32(290), np.int32(290))
downscaled patch size: 5x5
segmentation took 0.04732465744018555 seconds
patching took 0.9225516319274902 seconds
stitching took 0.9618000984191895 seconds


progress: 0.37, 45/121
processing LTX0233_G_SU.ndpi
MPP X: 0.44099488445934026, MPP Y: 0.44099488445934026
metadata microns per pixel 0.44099488445934026
Patch size for this slide is 290
Using custom parameters for slide: LTX0233_G_SU
Visualization parameters: {'vis_level': np.int8(-1), 'line_thickness': np.uint32(150)}
Filter parameters: {'a_t': np.float32(100.0), 'a_h': np.float32(16.0), 'max_n_holes': np.uint32(8)}
Segmentation parameters: {'seg_level': np.int8(-1), 'sthresh': np.uint8(15), 'mthresh': np.uint8(11), 'close': np.uint32(4), 'use_otsu': np.False_, 'keep_ids': 'none', 'exclude_ids': 'none', 'remove_markings': np.False_}
Patch parameters: {'use_padding': np.True_, 'contour_fn': 'four_pt'}
Visualization level set to: 6
Segmentation level set to: 6
Keep IDs: []
Exclude IDs: []
Image shape: (770, 780, 4)
HSV image shape: (770, 780, 3)
Median blurred image shape: (770, 780)
Otsu thresholded image shape: (770, 780)
Filter params: {'a_t': np.float32(6400.0), 'a_h': np.float32(1024.0), 'max_n_holes': np.uint32(8)}
Number of contours: 226
Number of foreground contours: 220
2.5
6400.0
8.0
6400.0
134.0
6400.0
138.5
6400.0
85.0
6400.0
35.0
6400.0
21.0
6400.0
69.5
6400.0
14.5
6400.0
62.5
6400.0
43.5
6400.0
304.0
6400.0
10.5
6400.0
1.0
6400.0
41.0
6400.0
279.0
6400.0
694.0
6400.0
154.0
6400.0
83.0
6400.0
245.0
6400.0
911.0
6400.0
130.5
6400.0
62.0
6400.0
2.0
6400.0
26.5
6400.0
1.0
6400.0
292.0
6400.0
14.5
6400.0
22.0
6400.0
38.5
6400.0
20.5
6400.0
56.0
6400.0
8.5
6400.0
2.0
6400.0
0.5
6400.0
85.5
6400.0
2.0
6400.0
22.5
6400.0
39.0
6400.0
106.0
6400.0
446.0
6400.0
540.5
6400.0
3.5
6400.0
134.5
6400.0
10.5
6400.0
8.0
6400.0
4.0
6400.0
193.5
6400.0
221.5
6400.0
2.5
6400.0
16.5
6400.0
11.0
6400.0
127.0
6400.0
2163.5
6400.0
41.5
6400.0
4927.0
6400.0
32.5
6400.0
4.0
6400.0
70.0
6400.0
21.0
6400.0
559.5
6400.0
0.5
6400.0
499.0
6400.0
106.0
6400.0
59.0
6400.0
20.0
6400.0
127.0
6400.0
28.0
6400.0
1223.0
6400.0
473.5
6400.0
1.0
6400.0
130.5
6400.0
19.0
6400.0
5.0
6400.0
85.5
6400.0
4.5
6400.0
4.5
6400.0
328.5
6400.0
457.5
6400.0
0.5
6400.0
14.5
6400.0
7.0
6400.0
508.0
6400.0
11.5
6400.0
93.0
6400.0
497.5
6400.0
3.0
6400.0
193.0
6400.0
250.5
6400.0
278.0
6400.0
199.0
6400.0
32.0
6400.0
16.5
6400.0
39.0
6400.0
8.5
6400.0
104.5
6400.0
26.0
6400.0
402.0
6400.0
3.5
6400.0
76.5
6400.0
4.0
6400.0
207.0
6400.0
20.0
6400.0
66.0
6400.0
9.5
6400.0
129.5
6400.0
31.5
6400.0
44.0
6400.0
330.0
6400.0
34.5
6400.0
12.5
6400.0
43.5
6400.0
3.0
6400.0
235.5
6400.0
21.5
6400.0
121.5
6400.0
438.0
6400.0
2.0
6400.0
31.0
6400.0
27.5
6400.0
73.5
6400.0
100.5
6400.0
3.5
6400.0
5.5
6400.0
88.0
6400.0
43.0
6400.0
3.5
6400.0
85.5
6400.0
117.5
6400.0
21.0
6400.0
14.0
6400.0
1.0
6400.0
118.0
6400.0
10.0
6400.0
464.5
6400.0
26.0
6400.0
66.0
6400.0
53.0
6400.0
134.5
6400.0
81.5
6400.0
71.5
6400.0
129.0
6400.0
61.5
6400.0
88.0
6400.0
4.0
6400.0
8.0
6400.0
55.0
6400.0
19.5
6400.0
432.5
6400.0
1.0
6400.0
149.0
6400.0
551.0
6400.0
22.0
6400.0
7.0
6400.0
136.0
6400.0
2.0
6400.0
1.0
6400.0
9.5
6400.0
2.0
6400.0
70.0
6400.0
295.5
6400.0
140.0
6400.0
47.5
6400.0
37.5
6400.0
2.5
6400.0
1.0
6400.0
568.0
6400.0
1700.5
6400.0
80.0
6400.0
821.0
6400.0
146.5
6400.0
24.0
6400.0
39.0
6400.0
66.5
6400.0
57.0
6400.0
52.5
6400.0
18.5
6400.0
13.0
6400.0
43.5
6400.0
3.0
6400.0
98.5
6400.0
8.5
6400.0
347.0
6400.0
8.5
6400.0
14.0
6400.0
67338.0
6400.0
7.0
6400.0
121.5
6400.0
135.0
6400.0
1608.5
6400.0
Number of filtered contours: 1
Number of hole contours: 0
Number of tissue contours: 1
Number of hole contours: 1
Final number of tissue contours: 1
Final number of hole contours: 1
Segmentation completed in 0.51 seconds
Mask saved at: /nemo/project/proj-tracerx-lung/tctProjects/kilimo/TracerX_WSIs/20X/patches/masks/LTX0233_G_SU.jpg
Creating patches for:  LTX0233_G_SU ...
Total number of contours to process:  1
Bounding Box: 9600 4800 32449 17729
Contour Area: 275972096.0
Extracted 3450 coordinates
original size: 49920 x 49280
downscaled size for stiching: 780 x 770
start stitching LTX0233_G_SU
number of patches: 3450
patch size: 290 x 290 patch level: 0
ref patch size: (np.int32(290), np.int32(290)) x (np.int32(290), np.int32(290))
downscaled patch size: 5x5
segmentation took 0.5091745853424072 seconds
patching took 0.15770936012268066 seconds
stitching took 0.2509751319885254 seconds


progress: 0.38, 46/121
processing LTX0243_5M_SU.ndpi
MPP X: 0.44099488445934026, MPP Y: 0.44099488445934026
metadata microns per pixel 0.44099488445934026
Patch size for this slide is 290
Using custom parameters for slide: LTX0243_5M_SU
Visualization parameters: {'vis_level': np.int8(-1), 'line_thickness': np.uint32(150)}
Filter parameters: {'a_t': np.float32(100.0), 'a_h': np.float32(16.0), 'max_n_holes': np.uint32(8)}
Segmentation parameters: {'seg_level': np.int8(-1), 'sthresh': np.uint8(15), 'mthresh': np.uint8(11), 'close': np.uint32(4), 'use_otsu': np.False_, 'keep_ids': 'none', 'exclude_ids': 'none', 'remove_markings': np.False_}
Patch parameters: {'use_padding': np.True_, 'contour_fn': 'four_pt'}
Visualization level set to: 6
Segmentation level set to: 6
Keep IDs: []
Exclude IDs: []
Image shape: (880, 1140, 4)
HSV image shape: (880, 1140, 3)
Median blurred image shape: (880, 1140)
Otsu thresholded image shape: (880, 1140)
Filter params: {'a_t': np.float32(6400.0), 'a_h': np.float32(1024.0), 'max_n_holes': np.uint32(8)}
Number of contours: 190
Number of foreground contours: 103
35.5
6400.0
3.0
6400.0
28.0
6400.0
62.5
6400.0
19.5
6400.0
87.5
6400.0
14.0
6400.0
120.5
6400.0
1.0
6400.0
664.5
6400.0
185.0
6400.0
0.5
6400.0
147.0
6400.0
26.5
6400.0
91.0
6400.0
214.0
6400.0
122.5
6400.0
51.5
6400.0
23.5
6400.0
23.0
6400.0
13.0
6400.0
0.5
6400.0
11.5
6400.0
72.5
6400.0
88.5
6400.0
43.5
6400.0
54.0
6400.0
208.0
6400.0
4.0
6400.0
39.5
6400.0
1.0
6400.0
178.5
6400.0
170.0
6400.0
6.0
6400.0
0.5
6400.0
0.5
6400.0
106.5
6400.0
32.0
6400.0
95.0
6400.0
2.5
6400.0
405.5
6400.0
3.5
6400.0
215.5
6400.0
3.0
6400.0
23.5
6400.0
5.5
6400.0
162.5
6400.0
16.5
6400.0
7.5
6400.0
0.5
6400.0
2.0
6400.0
1.5
6400.0
93.5
6400.0
6.0
6400.0
7.0
6400.0
335.5
6400.0
11.0
6400.0
19.0
6400.0
1047.5
6400.0
36.0
6400.0
47.5
6400.0
13.5
6400.0
42.5
6400.0
304.5
6400.0
5.5
6400.0
760.5
6400.0
40.5
6400.0
527.5
6400.0
4.0
6400.0
55.0
6400.0
10.5
6400.0
222.5
6400.0
62.0
6400.0
847.5
6400.0
2.5
6400.0
4.0
6400.0
7.0
6400.0
36.0
6400.0
84.0
6400.0
154.5
6400.0
26.0
6400.0
384339.0
6400.0
220.0
6400.0
3.0
6400.0
43.0
6400.0
21.0
6400.0
17.0
6400.0
40.5
6400.0
1.0
6400.0
1.0
6400.0
45.5
6400.0
1.0
6400.0
17.0
6400.0
Number of filtered contours: 1
Number of hole contours: 5
Number of tissue contours: 1
Number of hole contours: 1
Final number of tissue contours: 1
Final number of hole contours: 1
Segmentation completed in 0.06 seconds
Mask saved at: /nemo/project/proj-tracerx-lung/tctProjects/kilimo/TracerX_WSIs/20X/patches/masks/LTX0243_5M_SU.jpg
Creating patches for:  LTX0243_5M_SU ...
Total number of contours to process:  1
Bounding Box: 3328 6400 60801 47041
Contour Area: 1670318080.0
Extracted 19912 coordinates
original size: 72960 x 56320
downscaled size for stiching: 1140 x 880
start stitching LTX0243_5M_SU
number of patches: 19912
patch size: 290 x 290 patch level: 0
ref patch size: (np.int32(290), np.int32(290)) x (np.int32(290), np.int32(290))
downscaled patch size: 5x5
segmentation took 0.06323385238647461 seconds
patching took 0.8768610954284668 seconds
stitching took 1.2401819229125977 seconds


progress: 0.39, 47/121
processing LTX0249_A4_SU.ndpi
MPP X: 0.22049744222967013, MPP Y: 0.22049744222967013
metadata microns per pixel 0.22049744222967013
Patch size for this slide is 580
Using custom parameters for slide: LTX0249_A4_SU
Visualization parameters: {'vis_level': np.int8(-1), 'line_thickness': np.uint32(150)}
Filter parameters: {'a_t': np.float32(100.0), 'a_h': np.float32(16.0), 'max_n_holes': np.uint32(8)}
Segmentation parameters: {'seg_level': np.int8(-1), 'sthresh': np.uint8(15), 'mthresh': np.uint8(11), 'close': np.uint32(4), 'use_otsu': np.False_, 'keep_ids': 'none', 'exclude_ids': 'none', 'remove_markings': np.False_}
Patch parameters: {'use_padding': np.True_, 'contour_fn': 'four_pt'}
Visualization level set to: 6
Segmentation level set to: 6
Keep IDs: []
Exclude IDs: []
Image shape: (1760, 3360, 4)
HSV image shape: (1760, 3360, 3)
Median blurred image shape: (1760, 3360)
Otsu thresholded image shape: (1760, 3360)
Filter params: {'a_t': np.float32(6400.0), 'a_h': np.float32(1024.0), 'max_n_holes': np.uint32(8)}
Number of contours: 145
Number of foreground contours: 115
370.0
6400.0
556.0
6400.0
75.0
6400.0
10.5
6400.0
2.0
6400.0
20.0
6400.0
48.0
6400.0
108.5
6400.0
874.0
6400.0
54.5
6400.0
4.0
6400.0
7484.0
6400.0
11.5
6400.0
264.0
6400.0
678.5
6400.0
18.0
6400.0
10.5
6400.0
76.0
6400.0
197.5
6400.0
43.0
6400.0
64.0
6400.0
61.0
6400.0
99.0
6400.0
54.5
6400.0
25.0
6400.0
301.5
6400.0
9.0
6400.0
27.5
6400.0
187.0
6400.0
606.0
6400.0
165.5
6400.0
220.5
6400.0
75.0
6400.0
25.0
6400.0
1035665.0
6400.0
499.0
6400.0
565.5
6400.0
36.5
6400.0
40.0
6400.0
17.5
6400.0
35.5
6400.0
1119.5
6400.0
8204.0
6400.0
8.0
6400.0
93.5
6400.0
29.5
6400.0
12.5
6400.0
74.0
6400.0
64.5
6400.0
8.0
6400.0
336.5
6400.0
6.0
6400.0
87.0
6400.0
119.0
6400.0
83.0
6400.0
12.0
6400.0
25.0
6400.0
151.0
6400.0
29.5
6400.0
6.0
6400.0
124.5
6400.0
232.5
6400.0
206.0
6400.0
68.0
6400.0
8.0
6400.0
80.5
6400.0
673.0
6400.0
28.0
6400.0
35.0
6400.0
763.5
6400.0
146.5
6400.0
675.0
6400.0
163.0
6400.0
128.5
6400.0
15.0
6400.0
33.5
6400.0
220.0
6400.0
8.0
6400.0
22.5
6400.0
4.0
6400.0
12.0
6400.0
16.0
6400.0
617.5
6400.0
397.5
6400.0
77.0
6400.0
212.5
6400.0
77.5
6400.0
71.0
6400.0
73.5
6400.0
413.0
6400.0
2.0
6400.0
1298.0
6400.0
543.0
6400.0
33.0
6400.0
3.0
6400.0
6.0
6400.0
16.0
6400.0
22.0
6400.0
25.0
6400.0
116.0
6400.0
185.0
6400.0
18.0
6400.0
7.0
6400.0
49.0
6400.0
5.0
6400.0
167.0
6400.0
275.5
6400.0
761.0
6400.0
159.5
6400.0
527.5
6400.0
Number of filtered contours: 3
Number of hole contours: 4
Number of tissue contours: 3
Number of hole contours: 3
Final number of tissue contours: 3
Final number of hole contours: 3
Segmentation completed in 0.17 seconds
Mask saved at: /nemo/project/proj-tracerx-lung/tctProjects/kilimo/TracerX_WSIs/20X/patches/masks/LTX0249_A4_SU.jpg
Creating patches for:  LTX0249_A4_SU ...
Total number of contours to process:  3
Bounding Box: 209024 91392 5953 9473
Contour Area: 30654464.0
Extracted 116 coordinates
Bounding Box: 30976 32640 112321 60289
Contour Area: 4335482880.0
Extracted 12908 coordinates
Bounding Box: 208896 11136 6081 10625
Contour Area: 33603584.0
Extracted 124 coordinates
original size: 215040 x 112640
downscaled size for stiching: 3360 x 1760
start stitching LTX0249_A4_SU
number of patches: 13148
patch size: 580 x 580 patch level: 0
ref patch size: (np.int32(580), np.int32(580)) x (np.int32(580), np.int32(580))
downscaled patch size: 10x10
segmentation took 0.16754889488220215 seconds
patching took 0.6884870529174805 seconds
stitching took 0.920433521270752 seconds


progress: 0.40, 48/121
processing LTX0255_2_SU.ndpi
MPP X: 0.22049744222967013, MPP Y: 0.22049744222967013
metadata microns per pixel 0.22049744222967013
Patch size for this slide is 580
Using custom parameters for slide: LTX0255_2_SU
Visualization parameters: {'vis_level': np.int8(-1), 'line_thickness': np.uint32(150)}
Filter parameters: {'a_t': np.float32(100.0), 'a_h': np.float32(16.0), 'max_n_holes': np.uint32(8)}
Segmentation parameters: {'seg_level': np.int8(-1), 'sthresh': np.uint8(15), 'mthresh': np.uint8(11), 'close': np.uint32(4), 'use_otsu': np.False_, 'keep_ids': 'none', 'exclude_ids': 'none', 'remove_markings': np.False_}
Patch parameters: {'use_padding': np.True_, 'contour_fn': 'four_pt'}
Visualization level set to: 6
Segmentation level set to: 6
Keep IDs: []
Exclude IDs: []
Image shape: (1276, 1500, 4)
HSV image shape: (1276, 1500, 3)
Median blurred image shape: (1276, 1500)
Otsu thresholded image shape: (1276, 1500)
Filter params: {'a_t': np.float32(6400.0), 'a_h': np.float32(1024.0), 'max_n_holes': np.uint32(8)}
Number of contours: 290
Number of foreground contours: 12
19.0
6400.0
3626.0
6400.0
2880.0
6400.0
2025.5
6400.0
3.5
6400.0
2.5
6400.0
38.5
6400.0
56.0
6400.0
5.0
6400.0
309.5
6400.0
70.5
6400.0
849492.0
6400.0
Number of filtered contours: 1
Number of hole contours: 8
Number of tissue contours: 1
Number of hole contours: 1
Final number of tissue contours: 1
Final number of hole contours: 1
Segmentation completed in 0.44 seconds
Mask saved at: /nemo/project/proj-tracerx-lung/tctProjects/kilimo/TracerX_WSIs/20X/patches/masks/LTX0255_2_SU.jpg
Creating patches for:  LTX0255_2_SU ...
Total number of contours to process:  1
Bounding Box: 6656 6976 80129 66177
Contour Area: 3908640768.0
Extracted 11456 coordinates
original size: 96000 x 81664
downscaled size for stiching: 1500 x 1276
start stitching LTX0255_2_SU
number of patches: 11456
patch size: 580 x 580 patch level: 0
ref patch size: (np.int32(580), np.int32(580)) x (np.int32(580), np.int32(580))
downscaled patch size: 10x10
segmentation took 0.44325709342956543 seconds
patching took 0.5682942867279053 seconds
stitching took 0.9157435894012451 seconds


progress: 0.40, 49/121
processing LTX0263_1__SU.ndpi
MPP X: 0.22049744222967013, MPP Y: 0.22049744222967013
metadata microns per pixel 0.22049744222967013
Patch size for this slide is 580
Using custom parameters for slide: LTX0263_1__SU
Visualization parameters: {'vis_level': np.int8(-1), 'line_thickness': np.uint32(150)}
Filter parameters: {'a_t': np.float32(100.0), 'a_h': np.float32(16.0), 'max_n_holes': np.uint32(8)}
Segmentation parameters: {'seg_level': np.int8(-1), 'sthresh': np.uint8(15), 'mthresh': np.uint8(11), 'close': np.uint32(4), 'use_otsu': np.False_, 'keep_ids': 'none', 'exclude_ids': 'none', 'remove_markings': np.False_}
Patch parameters: {'use_padding': np.True_, 'contour_fn': 'four_pt'}
Visualization level set to: 6
Segmentation level set to: 6
Keep IDs: []
Exclude IDs: []
Image shape: (1760, 3360, 4)
HSV image shape: (1760, 3360, 3)
Median blurred image shape: (1760, 3360)
Otsu thresholded image shape: (1760, 3360)
Filter params: {'a_t': np.float32(6400.0), 'a_h': np.float32(1024.0), 'max_n_holes': np.uint32(8)}
Number of contours: 204
Number of foreground contours: 13
14.0
6400.0
47.0
6400.0
4937.5
6400.0
9.5
6400.0
137.0
6400.0
1042806.5
6400.0
5048.0
6400.0
4.0
6400.0
181624.0
6400.0
50.5
6400.0
8.0
6400.0
1.0
6400.0
Number of filtered contours: 2
Number of hole contours: 5
Number of tissue contours: 2
Number of hole contours: 2
Final number of tissue contours: 2
Final number of hole contours: 2
Segmentation completed in 0.16 seconds
Mask saved at: /nemo/project/proj-tracerx-lung/tctProjects/kilimo/TracerX_WSIs/20X/patches/masks/LTX0263_1__SU.jpg
Creating patches for:  LTX0263_1__SU ...
Total number of contours to process:  2
Bounding Box: 35584 21376 93633 74945
Contour Area: 4613601280.0
Extracted 13336 coordinates
Bounding Box: 0 5504 9089 107073
Contour Area: 743931904.0
Extracted 2271 coordinates
original size: 215040 x 112640
downscaled size for stiching: 3360 x 1760
start stitching LTX0263_1__SU
number of patches: 15607
patch size: 580 x 580 patch level: 0
ref patch size: (np.int32(580), np.int32(580)) x (np.int32(580), np.int32(580))
downscaled patch size: 10x10
segmentation took 0.15837383270263672 seconds
patching took 0.6464154720306396 seconds
stitching took 0.9834609031677246 seconds


progress: 0.41, 50/121
processing LTX0265_1D_SU.ndpi
MPP X: 0.22049744222967013, MPP Y: 0.22049744222967013
metadata microns per pixel 0.22049744222967013
Patch size for this slide is 580
Using custom parameters for slide: LTX0265_1D_SU
Visualization parameters: {'vis_level': np.int8(-1), 'line_thickness': np.uint32(150)}
Filter parameters: {'a_t': np.float32(100.0), 'a_h': np.float32(16.0), 'max_n_holes': np.uint32(8)}
Segmentation parameters: {'seg_level': np.int8(-1), 'sthresh': np.uint8(15), 'mthresh': np.uint8(11), 'close': np.uint32(4), 'use_otsu': np.False_, 'keep_ids': 'none', 'exclude_ids': 'none', 'remove_markings': np.False_}
Patch parameters: {'use_padding': np.True_, 'contour_fn': 'four_pt'}
Visualization level set to: 6
Segmentation level set to: 6
Keep IDs: []
Exclude IDs: []
Image shape: (1760, 3360, 4)
HSV image shape: (1760, 3360, 3)
Median blurred image shape: (1760, 3360)
Otsu thresholded image shape: (1760, 3360)
Filter params: {'a_t': np.float32(6400.0), 'a_h': np.float32(1024.0), 'max_n_holes': np.uint32(8)}
Number of contours: 202
Number of foreground contours: 41
1.0
6400.0
7.0
6400.0
4.5
6400.0
366.0
6400.0
40.0
6400.0
6851.5
6400.0
0.5
6400.0
58.5
6400.0
4.0
6400.0
37.0
6400.0
8.0
6400.0
123.0
6400.0
263096.5
6400.0
6.0
6400.0
230402.0
6400.0
6.5
6400.0
487.0
6400.0
17.0
6400.0
27.5
6400.0
161.5
6400.0
151.0
6400.0
2093.0
6400.0
41.5
6400.0
3707.0
6400.0
0.5
6400.0
186710.5
6400.0
7033.0
6400.0
35559.0
6400.0
25.0
6400.0
30.0
6400.0
3.0
6400.0
15.0
6400.0
9.0
6400.0
Number of filtered contours: 6
Number of hole contours: 21
Number of tissue contours: 6
Number of hole contours: 6
Final number of tissue contours: 6
Final number of hole contours: 6
Segmentation completed in 0.16 seconds
Mask saved at: /nemo/project/proj-tracerx-lung/tctProjects/kilimo/TracerX_WSIs/20X/patches/masks/LTX0265_1D_SU.jpg
Creating patches for:  LTX0265_1D_SU ...
Total number of contours to process:  6
Bounding Box: 209472 92160 5505 9409
Contour Area: 28063744.0
Extracted 97 coordinates
Bounding Box: 35392 63680 100033 26497
Contour Area: 1251063808.0
Extracted 3542 coordinates
Bounding Box: 47168 37248 83457 27969
Contour Area: 1026306048.0
Extracted 3060 coordinates
Bounding Box: 51584 17984 70209 20225
Contour Area: 896460800.0
Extracted 2611 coordinates
Bounding Box: 209280 12928 5697 9409
Contour Area: 28807168.0
Extracted 96 coordinates
Bounding Box: 0 9152 2433 101377
Contour Area: 145743872.0
Extracted 470 coordinates
original size: 215040 x 112640
downscaled size for stiching: 3360 x 1760
start stitching LTX0265_1D_SU
number of patches: 9876
patch size: 580 x 580 patch level: 0
ref patch size: (np.int32(580), np.int32(580)) x (np.int32(580), np.int32(580))
downscaled patch size: 10x10
segmentation took 0.15605473518371582 seconds
patching took 0.866464376449585 seconds
stitching took 0.7043612003326416 seconds


progress: 0.42, 51/121
processing LTX0277_A1_SU.ndpi
MPP X: 0.22049744222967013, MPP Y: 0.22049744222967013
metadata microns per pixel 0.22049744222967013
Patch size for this slide is 580
Using custom parameters for slide: LTX0277_A1_SU
Visualization parameters: {'vis_level': np.int8(-1), 'line_thickness': np.uint32(150)}
Filter parameters: {'a_t': np.float32(100.0), 'a_h': np.float32(16.0), 'max_n_holes': np.uint32(8)}
Segmentation parameters: {'seg_level': np.int8(-1), 'sthresh': np.uint8(15), 'mthresh': np.uint8(11), 'close': np.uint32(4), 'use_otsu': np.False_, 'keep_ids': 'none', 'exclude_ids': 'none', 'remove_markings': np.False_}
Patch parameters: {'use_padding': np.True_, 'contour_fn': 'four_pt'}
Visualization level set to: 6
Segmentation level set to: 6
Keep IDs: []
Exclude IDs: []
Image shape: (1452, 1320, 4)
HSV image shape: (1452, 1320, 3)
Median blurred image shape: (1452, 1320)
Otsu thresholded image shape: (1452, 1320)
Filter params: {'a_t': np.float32(6400.0), 'a_h': np.float32(1024.0), 'max_n_holes': np.uint32(8)}
Number of contours: 152
Number of foreground contours: 30
95.5
6400.0
921.5
6400.0
5588.5
6400.0
313.0
6400.0
144.5
6400.0
845.5
6400.0
23.5
6400.0
175.0
6400.0
23221.0
6400.0
15.0
6400.0
632.0
6400.0
275.5
6400.0
83.5
6400.0
40.0
6400.0
3842.0
6400.0
12.0
6400.0
67.5
6400.0
74.5
6400.0
43.0
6400.0
2.0
6400.0
580.5
6400.0
10.5
6400.0
1.5
6400.0
25.5
6400.0
34.5
6400.0
1405.0
6400.0
10.5
6400.0
623289.5
6400.0
100.0
6400.0
Number of filtered contours: 2
Number of hole contours: 8
Number of tissue contours: 2
Number of hole contours: 2
Final number of tissue contours: 2
Final number of hole contours: 2
Segmentation completed in 0.46 seconds
Mask saved at: /nemo/project/proj-tracerx-lung/tctProjects/kilimo/TracerX_WSIs/20X/patches/masks/LTX0277_A1_SU.jpg
Creating patches for:  LTX0277_A1_SU ...
Total number of contours to process:  2
Bounding Box: 14080 48768 10177 17601
Contour Area: 95311872.0
Extracted 315 coordinates
Bounding Box: 3072 3200 73409 88001
Contour Area: 2783559680.0
Extracted 8226 coordinates
original size: 84480 x 92928
downscaled size for stiching: 1320 x 1452
start stitching LTX0277_A1_SU
number of patches: 8541
patch size: 580 x 580 patch level: 0
ref patch size: (np.int32(580), np.int32(580)) x (np.int32(580), np.int32(580))
downscaled patch size: 10x10
segmentation took 0.46416640281677246 seconds
patching took 0.5186760425567627 seconds
stitching took 0.718602180480957 seconds


progress: 0.43, 52/121
processing LTX0281_A4_SU.ndpi
MPP X: 0.22049744222967013, MPP Y: 0.22049744222967013
metadata microns per pixel 0.22049744222967013
Patch size for this slide is 580
Using custom parameters for slide: LTX0281_A4_SU
Visualization parameters: {'vis_level': np.int8(-1), 'line_thickness': np.uint32(150)}
Filter parameters: {'a_t': np.float32(100.0), 'a_h': np.float32(16.0), 'max_n_holes': np.uint32(8)}
Segmentation parameters: {'seg_level': np.int8(-1), 'sthresh': np.uint8(15), 'mthresh': np.uint8(11), 'close': np.uint32(4), 'use_otsu': np.False_, 'keep_ids': 'none', 'exclude_ids': 'none', 'remove_markings': np.False_}
Patch parameters: {'use_padding': np.True_, 'contour_fn': 'four_pt'}
Visualization level set to: 6
Segmentation level set to: 6
Keep IDs: []
Exclude IDs: []
Image shape: (1804, 1440, 4)
HSV image shape: (1804, 1440, 3)
Median blurred image shape: (1804, 1440)
Otsu thresholded image shape: (1804, 1440)
Filter params: {'a_t': np.float32(6400.0), 'a_h': np.float32(1024.0), 'max_n_holes': np.uint32(8)}
Number of contours: 273
Number of foreground contours: 54
6.5
6400.0
10.0
6400.0
9.5
6400.0
26.5
6400.0
18.5
6400.0
1.0
6400.0
19.0
6400.0
73.0
6400.0
160.0
6400.0
63.0
6400.0
85.0
6400.0
75.5
6400.0
289.0
6400.0
201.5
6400.0
92.0
6400.0
276.0
6400.0
136.5
6400.0
37.5
6400.0
13.0
6400.0
228.0
6400.0
118.0
6400.0
74.5
6400.0
205.5
6400.0
38.0
6400.0
326.5
6400.0
135.0
6400.0
53.5
6400.0
511.5
6400.0
571.0
6400.0
202.5
6400.0
8.0
6400.0
32.0
6400.0
63.0
6400.0
93.0
6400.0
125.0
6400.0
26.0
6400.0
232.0
6400.0
0.5
6400.0
30.0
6400.0
1.5
6400.0
82.5
6400.0
1279342.0
6400.0
10870.0
6400.0
Number of filtered contours: 2
Number of hole contours: 8
Number of tissue contours: 2
Number of hole contours: 2
Final number of tissue contours: 2
Final number of hole contours: 2
Segmentation completed in 0.63 seconds
Mask saved at: /nemo/project/proj-tracerx-lung/tctProjects/kilimo/TracerX_WSIs/20X/patches/masks/LTX0281_A4_SU.jpg
Creating patches for:  LTX0281_A4_SU ...
Total number of contours to process:  2
Bounding Box: 6208 3968 76417 101825
Contour Area: 5544753152.0
Extracted 16493 coordinates
Bounding Box: 0 0 92097 769
Contour Area: 44523520.0
Extracted 160 coordinates
original size: 92160 x 115456
downscaled size for stiching: 1440 x 1804
start stitching LTX0281_A4_SU
number of patches: 16653
patch size: 580 x 580 patch level: 0
ref patch size: (np.int32(580), np.int32(580)) x (np.int32(580), np.int32(580))
downscaled patch size: 10x10
segmentation took 0.6279747486114502 seconds
patching took 0.6831490993499756 seconds
stitching took 1.4424734115600586 seconds


progress: 0.44, 53/121
processing LTX0284_A4_1_SU.ndpi
MPP X: 0.22049744222967013, MPP Y: 0.22049744222967013
metadata microns per pixel 0.22049744222967013
Patch size for this slide is 580
Using custom parameters for slide: LTX0284_A4_1_SU
Visualization parameters: {'vis_level': np.int8(-1), 'line_thickness': np.uint32(150)}
Filter parameters: {'a_t': np.float32(100.0), 'a_h': np.float32(16.0), 'max_n_holes': np.uint32(8)}
Segmentation parameters: {'seg_level': np.int8(-1), 'sthresh': np.uint8(15), 'mthresh': np.uint8(11), 'close': np.uint32(4), 'use_otsu': np.False_, 'keep_ids': 'none', 'exclude_ids': 'none', 'remove_markings': np.False_}
Patch parameters: {'use_padding': np.True_, 'contour_fn': 'four_pt'}
Visualization level set to: 6
Segmentation level set to: 6
Keep IDs: []
Exclude IDs: []
Image shape: (1496, 1920, 4)
HSV image shape: (1496, 1920, 3)
Median blurred image shape: (1496, 1920)
Otsu thresholded image shape: (1496, 1920)
Filter params: {'a_t': np.float32(6400.0), 'a_h': np.float32(1024.0), 'max_n_holes': np.uint32(8)}
Number of contours: 16
Number of foreground contours: 3
11.0
6400.0
948.0
6400.0
1241996.0
6400.0
Number of filtered contours: 1
Number of hole contours: 1
Number of tissue contours: 1
Number of hole contours: 1
Final number of tissue contours: 1
Final number of hole contours: 1
Segmentation completed in 0.09 seconds
Mask saved at: /nemo/project/proj-tracerx-lung/tctProjects/kilimo/TracerX_WSIs/20X/patches/masks/LTX0284_A4_1_SU.jpg
Creating patches for:  LTX0284_A4_1_SU ...
Total number of contours to process:  1
Bounding Box: 6656 7744 106241 78913
Contour Area: 5099718656.0
Extracted 15360 coordinates
original size: 122880 x 95744
downscaled size for stiching: 1920 x 1496
start stitching LTX0284_A4_1_SU
number of patches: 15360
patch size: 580 x 580 patch level: 0
ref patch size: (np.int32(580), np.int32(580)) x (np.int32(580), np.int32(580))
downscaled patch size: 10x10
segmentation took 0.09053707122802734 seconds
patching took 0.5421285629272461 seconds
stitching took 0.9615154266357422 seconds


progress: 0.45, 54/121
processing LTX0284_A4_SU.ndpi
MPP X: 0.22049744222967013, MPP Y: 0.22049744222967013
metadata microns per pixel 0.22049744222967013
Patch size for this slide is 580
Using custom parameters for slide: LTX0284_A4_SU
Visualization parameters: {'vis_level': np.int8(-1), 'line_thickness': np.uint32(150)}
Filter parameters: {'a_t': np.float32(100.0), 'a_h': np.float32(16.0), 'max_n_holes': np.uint32(8)}
Segmentation parameters: {'seg_level': np.int8(-1), 'sthresh': np.uint8(15), 'mthresh': np.uint8(11), 'close': np.uint32(4), 'use_otsu': np.False_, 'keep_ids': 'none', 'exclude_ids': 'none', 'remove_markings': np.False_}
Patch parameters: {'use_padding': np.True_, 'contour_fn': 'four_pt'}
Visualization level set to: 6
Segmentation level set to: 6
Keep IDs: []
Exclude IDs: []
Image shape: (1100, 1500, 4)
HSV image shape: (1100, 1500, 3)
Median blurred image shape: (1100, 1500)
Otsu thresholded image shape: (1100, 1500)
Filter params: {'a_t': np.float32(6400.0), 'a_h': np.float32(1024.0), 'max_n_holes': np.uint32(8)}
Number of contours: 118
Number of foreground contours: 13
44.0
6400.0
12.5
6400.0
74.0
6400.0
4.5
6400.0
50.5
6400.0
5.5
6400.0
203.5
6400.0
164.5
6400.0
2.0
6400.0
96.5
6400.0
117.0
6400.0
548.5
6400.0
818036.0
6400.0
Number of filtered contours: 1
Number of hole contours: 8
Number of tissue contours: 1
Number of hole contours: 1
Final number of tissue contours: 1
Final number of hole contours: 1
Segmentation completed in 0.38 seconds
Mask saved at: /nemo/project/proj-tracerx-lung/tctProjects/kilimo/TracerX_WSIs/20X/patches/masks/LTX0284_A4_SU.jpg
Creating patches for:  LTX0284_A4_SU ...
Total number of contours to process:  1
Bounding Box: 3584 5120 87873 61057
Contour Area: 3805175808.0
Extracted 10441 coordinates
original size: 96000 x 70400
downscaled size for stiching: 1500 x 1100
start stitching LTX0284_A4_SU
number of patches: 10441
patch size: 580 x 580 patch level: 0
ref patch size: (np.int32(580), np.int32(580)) x (np.int32(580), np.int32(580))
downscaled patch size: 10x10
segmentation took 0.37949275970458984 seconds
patching took 0.6347885131835938 seconds
stitching took 0.8457131385803223 seconds


progress: 0.45, 55/121
processing LTX0284_A5_SU.ndpi
MPP X: 0.22049744222967013, MPP Y: 0.22049744222967013
metadata microns per pixel 0.22049744222967013
Patch size for this slide is 580
Using custom parameters for slide: LTX0284_A5_SU
Visualization parameters: {'vis_level': np.int8(-1), 'line_thickness': np.uint32(150)}
Filter parameters: {'a_t': np.float32(100.0), 'a_h': np.float32(16.0), 'max_n_holes': np.uint32(8)}
Segmentation parameters: {'seg_level': np.int8(-1), 'sthresh': np.uint8(15), 'mthresh': np.uint8(11), 'close': np.uint32(4), 'use_otsu': np.False_, 'keep_ids': 'none', 'exclude_ids': 'none', 'remove_markings': np.False_}
Patch parameters: {'use_padding': np.True_, 'contour_fn': 'four_pt'}
Visualization level set to: 6
Segmentation level set to: 6
Keep IDs: []
Exclude IDs: []
Image shape: (1188, 1260, 4)
HSV image shape: (1188, 1260, 3)
Median blurred image shape: (1188, 1260)
Otsu thresholded image shape: (1188, 1260)
Filter params: {'a_t': np.float32(6400.0), 'a_h': np.float32(1024.0), 'max_n_holes': np.uint32(8)}
Number of contours: 30
Number of foreground contours: 3
708.5
6400.0
2687.0
6400.0
739212.0
6400.0
Number of filtered contours: 1
Number of hole contours: 3
Number of tissue contours: 1
Number of hole contours: 1
Final number of tissue contours: 1
Final number of hole contours: 1
Segmentation completed in 0.34 seconds
Mask saved at: /nemo/project/proj-tracerx-lung/tctProjects/kilimo/TracerX_WSIs/20X/patches/masks/LTX0284_A5_SU.jpg
Creating patches for:  LTX0284_A5_SU ...
Total number of contours to process:  1
Bounding Box: 4224 3392 71169 69697
Contour Area: 3104653312.0
Extracted 9207 coordinates
original size: 80640 x 76032
downscaled size for stiching: 1260 x 1188
start stitching LTX0284_A5_SU
number of patches: 9207
patch size: 580 x 580 patch level: 0
ref patch size: (np.int32(580), np.int32(580)) x (np.int32(580), np.int32(580))
downscaled patch size: 10x10
segmentation took 0.3404726982116699 seconds
patching took 0.36279845237731934 seconds
stitching took 0.7339584827423096 seconds


progress: 0.46, 56/121
processing LTX0321_A2_SU.ndpi
MPP X: 0.22049744222967013, MPP Y: 0.22049744222967013
metadata microns per pixel 0.22049744222967013
Patch size for this slide is 580
Using custom parameters for slide: LTX0321_A2_SU
Visualization parameters: {'vis_level': np.int8(-1), 'line_thickness': np.uint32(150)}
Filter parameters: {'a_t': np.float32(100.0), 'a_h': np.float32(16.0), 'max_n_holes': np.uint32(8)}
Segmentation parameters: {'seg_level': np.int8(-1), 'sthresh': np.uint8(15), 'mthresh': np.uint8(11), 'close': np.uint32(4), 'use_otsu': np.False_, 'keep_ids': 'none', 'exclude_ids': 'none', 'remove_markings': np.False_}
Patch parameters: {'use_padding': np.True_, 'contour_fn': 'four_pt'}
Visualization level set to: 6
Segmentation level set to: 6
Keep IDs: []
Exclude IDs: []
Image shape: (1804, 2340, 4)
HSV image shape: (1804, 2340, 3)
Median blurred image shape: (1804, 2340)
Otsu thresholded image shape: (1804, 2340)
Filter params: {'a_t': np.float32(6400.0), 'a_h': np.float32(1024.0), 'max_n_holes': np.uint32(8)}
Number of contours: 1191
Number of foreground contours: 134
431.0
6400.0
39.0
6400.0
9.0
6400.0
114.5
6400.0
274.5
6400.0
225.0
6400.0
530.0
6400.0
52.5
6400.0
164.5
6400.0
552.5
6400.0
26.0
6400.0
194.5
6400.0
17.0
6400.0
71.5
6400.0
34.5
6400.0
80.5
6400.0
104.5
6400.0
32.0
6400.0
26.5
6400.0
167.0
6400.0
165.5
6400.0
12.0
6400.0
123.0
6400.0
3.5
6400.0
9.5
6400.0
5.5
6400.0
79.0
6400.0
24.5
6400.0
37.5
6400.0
5.0
6400.0
49.0
6400.0
256.0
6400.0
7.0
6400.0
10.0
6400.0
13.0
6400.0
95.5
6400.0
2039.5
6400.0
96.5
6400.0
45.5
6400.0
15.0
6400.0
70.5
6400.0
156.5
6400.0
165.0
6400.0
90.5
6400.0
284.5
6400.0
304.5
6400.0
1947.5
6400.0
64.0
6400.0
67.5
6400.0
140.0
6400.0
58.0
6400.0
401.5
6400.0
124.5
6400.0
531.5
6400.0
122.5
6400.0
1767.0
6400.0
766.5
6400.0
101.5
6400.0
278.5
6400.0
185.0
6400.0
83.0
6400.0
1112.5
6400.0
63.0
6400.0
121.0
6400.0
26.5
6400.0
106.5
6400.0
3.0
6400.0
0.5
6400.0
5.5
6400.0
886.0
6400.0
334.5
6400.0
4.5
6400.0
166.0
6400.0
139.5
6400.0
59.5
6400.0
128.5
6400.0
17.5
6400.0
29.0
6400.0
15.5
6400.0
2509614.5
6400.0
58.5
6400.0
20.0
6400.0
8.0
6400.0
10.0
6400.0
41.0
6400.0
134.0
6400.0
351.5
6400.0
322.0
6400.0
175.5
6400.0
186.0
6400.0
13.0
6400.0
46.0
6400.0
116.5
6400.0
58.5
6400.0
163.0
6400.0
131.0
6400.0
101.0
6400.0
180.5
6400.0
336.5
6400.0
981.0
6400.0
2971.0
6400.0
263.0
6400.0
138.0
6400.0
4452.5
6400.0
442.0
6400.0
247.5
6400.0
2.0
6400.0
7.0
6400.0
347.0
6400.0
Number of filtered contours: 1
Number of hole contours: 8
Number of tissue contours: 1
Number of hole contours: 1
Final number of tissue contours: 1
Final number of hole contours: 1
Segmentation completed in 1.00 seconds
Mask saved at: /nemo/project/proj-tracerx-lung/tctProjects/kilimo/TracerX_WSIs/20X/patches/masks/LTX0321_A2_SU.jpg
Creating patches for:  LTX0321_A2_SU ...
Total number of contours to process:  1
Bounding Box: 7168 1344 132673 108097
Contour Area: 11954812928.0
Extracted 34915 coordinates
original size: 149760 x 115456
downscaled size for stiching: 2340 x 1804
start stitching LTX0321_A2_SU
number of patches: 34915
patch size: 580 x 580 patch level: 0
ref patch size: (np.int32(580), np.int32(580)) x (np.int32(580), np.int32(580))
downscaled patch size: 10x10
segmentation took 1.0003759860992432 seconds
patching took 1.4503331184387207 seconds
stitching took 2.7609643936157227 seconds


progress: 0.47, 57/121
processing LTX0326_1_SU.ndpi
MPP X: 0.22049744222967013, MPP Y: 0.22049744222967013
metadata microns per pixel 0.22049744222967013
Patch size for this slide is 580
Using custom parameters for slide: LTX0326_1_SU
Visualization parameters: {'vis_level': np.int8(-1), 'line_thickness': np.uint32(150)}
Filter parameters: {'a_t': np.float32(100.0), 'a_h': np.float32(16.0), 'max_n_holes': np.uint32(8)}
Segmentation parameters: {'seg_level': np.int8(-1), 'sthresh': np.uint8(15), 'mthresh': np.uint8(11), 'close': np.uint32(4), 'use_otsu': np.False_, 'keep_ids': 'none', 'exclude_ids': 'none', 'remove_markings': np.False_}
Patch parameters: {'use_padding': np.True_, 'contour_fn': 'four_pt'}
Visualization level set to: 6
Segmentation level set to: 6
Keep IDs: []
Exclude IDs: []
Image shape: (1540, 2040, 4)
HSV image shape: (1540, 2040, 3)
Median blurred image shape: (1540, 2040)
Otsu thresholded image shape: (1540, 2040)
Filter params: {'a_t': np.float32(6400.0), 'a_h': np.float32(1024.0), 'max_n_holes': np.uint32(8)}
Number of contours: 560
Number of foreground contours: 81
1210.5
6400.0
84.5
6400.0
28.0
6400.0
63.0
6400.0
202.0
6400.0
405.0
6400.0
122.5
6400.0
765.5
6400.0
101.5
6400.0
33.5
6400.0
326.0
6400.0
6.0
6400.0
57.0
6400.0
337.5
6400.0
12063.5
6400.0
195.0
6400.0
59.5
6400.0
1.0
6400.0
15.5
6400.0
13.5
6400.0
61.0
6400.0
20.0
6400.0
50.5
6400.0
45.5
6400.0
30.0
6400.0
64.0
6400.0
3.0
6400.0
199.5
6400.0
298.5
6400.0
66.0
6400.0
207.5
6400.0
12.5
6400.0
85.0
6400.0
428.0
6400.0
2327.0
6400.0
4.0
6400.0
1.5
6400.0
27.0
6400.0
229.0
6400.0
1374643.5
6400.0
19.0
6400.0
3.5
6400.0
6.0
6400.0
4.0
6400.0
30.5
6400.0
5.5
6400.0
5.0
6400.0
30.0
6400.0
8.5
6400.0
24.5
6400.0
30.0
6400.0
101.0
6400.0
3.5
6400.0
13.0
6400.0
46.5
6400.0
39.5
6400.0
958.5
6400.0
64.5
6400.0
290.0
6400.0
59.5
6400.0
54.5
6400.0
2.0
6400.0
133.0
6400.0
253.5
6400.0
108.5
6400.0
228.5
6400.0
74.5
6400.0
4868.0
6400.0
35.5
6400.0
19.5
6400.0
Number of filtered contours: 2
Number of hole contours: 8
Number of tissue contours: 2
Number of hole contours: 2
Final number of tissue contours: 2
Final number of hole contours: 2
Segmentation completed in 0.72 seconds
Mask saved at: /nemo/project/proj-tracerx-lung/tctProjects/kilimo/TracerX_WSIs/20X/patches/masks/LTX0326_1_SU.jpg
Creating patches for:  LTX0326_1_SU ...
Total number of contours to process:  2
Bounding Box: 106624 68608 7233 15169
Contour Area: 49815552.0
Extracted 179 coordinates
Bounding Box: 7296 8256 113537 79489
Contour Area: 6252634112.0
Extracted 18675 coordinates
original size: 130560 x 98560
downscaled size for stiching: 2040 x 1540
start stitching LTX0326_1_SU
number of patches: 18854
patch size: 580 x 580 patch level: 0
ref patch size: (np.int32(580), np.int32(580)) x (np.int32(580), np.int32(580))
downscaled patch size: 10x10
segmentation took 0.7208657264709473 seconds
patching took 0.7961347103118896 seconds
stitching took 1.5035486221313477 seconds


progress: 0.48, 58/121
processing LTX0334_3__SU.ndpi
MPP X: 0.22049744222967013, MPP Y: 0.22049744222967013
metadata microns per pixel 0.22049744222967013
Patch size for this slide is 580
Using custom parameters for slide: LTX0334_3__SU
Visualization parameters: {'vis_level': np.int8(-1), 'line_thickness': np.uint32(150)}
Filter parameters: {'a_t': np.float32(100.0), 'a_h': np.float32(16.0), 'max_n_holes': np.uint32(8)}
Segmentation parameters: {'seg_level': np.int8(-1), 'sthresh': np.uint8(15), 'mthresh': np.uint8(11), 'close': np.uint32(4), 'use_otsu': np.False_, 'keep_ids': 'none', 'exclude_ids': 'none', 'remove_markings': np.False_}
Patch parameters: {'use_padding': np.True_, 'contour_fn': 'four_pt'}
Visualization level set to: 6
Segmentation level set to: 6
Keep IDs: []
Exclude IDs: []
Image shape: (1408, 1860, 4)
HSV image shape: (1408, 1860, 3)
Median blurred image shape: (1408, 1860)
Otsu thresholded image shape: (1408, 1860)
Filter params: {'a_t': np.float32(6400.0), 'a_h': np.float32(1024.0), 'max_n_holes': np.uint32(8)}
Number of contours: 92
Number of foreground contours: 25
46.5
6400.0
31.5
6400.0
68.5
6400.0
147.0
6400.0
2.0
6400.0
301.5
6400.0
8523.0
6400.0
4.0
6400.0
25.0
6400.0
1327.5
6400.0
39.0
6400.0
59.5
6400.0
36.0
6400.0
902.0
6400.0
5.0
6400.0
24.0
6400.0
21.5
6400.0
203.0
6400.0
16.0
6400.0
134.0
6400.0
3.5
6400.0
17.0
6400.0
955852.0
6400.0
Number of filtered contours: 2
Number of hole contours: 2
Number of tissue contours: 2
Number of hole contours: 2
Final number of tissue contours: 2
Final number of hole contours: 2
Segmentation completed in 0.60 seconds
Mask saved at: /nemo/project/proj-tracerx-lung/tctProjects/kilimo/TracerX_WSIs/20X/patches/masks/LTX0334_3__SU.jpg
Creating patches for:  LTX0334_3__SU ...
Total number of contours to process:  2
Bounding Box: 7040 62336 5441 12993
Contour Area: 41467904.0
Extracted 149 coordinates
Bounding Box: 13824 7552 95105 74177
Contour Area: 3981355008.0
Extracted 11979 coordinates
original size: 119040 x 90112
downscaled size for stiching: 1860 x 1408
start stitching LTX0334_3__SU
number of patches: 12128
patch size: 580 x 580 patch level: 0
ref patch size: (np.int32(580), np.int32(580)) x (np.int32(580), np.int32(580))
downscaled patch size: 10x10
segmentation took 0.6035454273223877 seconds
patching took 0.601456880569458 seconds
stitching took 0.965825080871582 seconds


progress: 0.49, 59/121
processing LTX0339_1F_SU.ndpi
MPP X: 0.22049744222967013, MPP Y: 0.22049744222967013
metadata microns per pixel 0.22049744222967013
Patch size for this slide is 580
Using custom parameters for slide: LTX0339_1F_SU
Visualization parameters: {'vis_level': np.int8(-1), 'line_thickness': np.uint32(150)}
Filter parameters: {'a_t': np.float32(100.0), 'a_h': np.float32(16.0), 'max_n_holes': np.uint32(8)}
Segmentation parameters: {'seg_level': np.int8(-1), 'sthresh': np.uint8(15), 'mthresh': np.uint8(11), 'close': np.uint32(4), 'use_otsu': np.False_, 'keep_ids': 'none', 'exclude_ids': 'none', 'remove_markings': np.False_}
Patch parameters: {'use_padding': np.True_, 'contour_fn': 'four_pt'}
Visualization level set to: 6
Segmentation level set to: 6
Keep IDs: []
Exclude IDs: []
Image shape: (1804, 2340, 4)
HSV image shape: (1804, 2340, 3)
Median blurred image shape: (1804, 2340)
Otsu thresholded image shape: (1804, 2340)
Filter params: {'a_t': np.float32(6400.0), 'a_h': np.float32(1024.0), 'max_n_holes': np.uint32(8)}
Number of contours: 827
Number of foreground contours: 299
1.0
6400.0
36.5
6400.0
3.0
6400.0
13.0
6400.0
50.5
6400.0
4.0
6400.0
7.0
6400.0
5.5
6400.0
37.5
6400.0
3.0
6400.0
11.5
6400.0
6.5
6400.0
3.0
6400.0
61.0
6400.0
6.0
6400.0
3.0
6400.0
7.0
6400.0
88.0
6400.0
38.0
6400.0
63.0
6400.0
156.5
6400.0
315.0
6400.0
20.0
6400.0
126.5
6400.0
189.5
6400.0
312.5
6400.0
166.5
6400.0
12.5
6400.0
14.5
6400.0
2.0
6400.0
7.0
6400.0
13.0
6400.0
18.0
6400.0
2.5
6400.0
248.0
6400.0
29.5
6400.0
6.0
6400.0
2.0
6400.0
7.5
6400.0
17.0
6400.0
115.0
6400.0
30.5
6400.0
22.0
6400.0
51.0
6400.0
1.0
6400.0
227.0
6400.0
0.5
6400.0
221.0
6400.0
8.5
6400.0
1011.5
6400.0
57.5
6400.0
45.0
6400.0
68.0
6400.0
1.0
6400.0
161.0
6400.0
66.5
6400.0
107.5
6400.0
18.0
6400.0
18.5
6400.0
505.0
6400.0
600.0
6400.0
92.5
6400.0
0.5
6400.0
684.0
6400.0
2.5
6400.0
64.5
6400.0
497.0
6400.0
163.0
6400.0
368.5
6400.0
70.0
6400.0
4.0
6400.0
5.5
6400.0
3.0
6400.0
7.0
6400.0
109.0
6400.0
8.5
6400.0
94.0
6400.0
21.0
6400.0
386.0
6400.0
193.5
6400.0
209.0
6400.0
116.0
6400.0
47.5
6400.0
18.0
6400.0
131.0
6400.0
95.0
6400.0
704.0
6400.0
170.0
6400.0
64.0
6400.0
2.5
6400.0
169.0
6400.0
1.0
6400.0
48.0
6400.0
39.5
6400.0
54.5
6400.0
924.5
6400.0
46.0
6400.0
7.0
6400.0
41.0
6400.0
88.0
6400.0
33.0
6400.0
21.0
6400.0
101.0
6400.0
1812.0
6400.0
860.0
6400.0
37.5
6400.0
721.5
6400.0
450.5
6400.0
28.0
6400.0
3851.5
6400.0
114.5
6400.0
58.0
6400.0
11.0
6400.0
33.5
6400.0
5.0
6400.0
11.5
6400.0
178.5
6400.0
0.5
6400.0
143.0
6400.0
23.5
6400.0
63.0
6400.0
166.5
6400.0
14.5
6400.0
46.5
6400.0
9.0
6400.0
78.0
6400.0
11.5
6400.0
21.0
6400.0
39.0
6400.0
1921.0
6400.0
30.0
6400.0
164.5
6400.0
172.5
6400.0
42.5
6400.0
68.0
6400.0
95.0
6400.0
72.0
6400.0
1214.0
6400.0
94.5
6400.0
112.5
6400.0
24.5
6400.0
265.0
6400.0
29.0
6400.0
62.5
6400.0
0.5
6400.0
1.0
6400.0
1.5
6400.0
4.0
6400.0
55.0
6400.0
186.5
6400.0
13.0
6400.0
2008.0
6400.0
171.0
6400.0
31.0
6400.0
8.0
6400.0
17.0
6400.0
121.5
6400.0
1.5
6400.0
84.0
6400.0
36.5
6400.0
7.5
6400.0
131.5
6400.0
5.0
6400.0
473.0
6400.0
268.0
6400.0
69.0
6400.0
21.5
6400.0
423.0
6400.0
175.0
6400.0
381.0
6400.0
3.0
6400.0
18.0
6400.0
18.5
6400.0
113.0
6400.0
32.5
6400.0
18.5
6400.0
104.5
6400.0
1027.5
6400.0
95.5
6400.0
2.0
6400.0
418.0
6400.0
77.5
6400.0
508.5
6400.0
86.5
6400.0
42.0
6400.0
88.0
6400.0
5296.0
6400.0
106.0
6400.0
472.0
6400.0
67.0
6400.0
20.0
6400.0
167.0
6400.0
380.0
6400.0
46.5
6400.0
10.0
6400.0
62.0
6400.0
78.0
6400.0
77.0
6400.0
7.5
6400.0
17.5
6400.0
274.5
6400.0
279.0
6400.0
8.0
6400.0
15.0
6400.0
14.5
6400.0
35.5
6400.0
94.5
6400.0
176.0
6400.0
27.0
6400.0
4.0
6400.0
1.0
6400.0
180.0
6400.0
96.5
6400.0
33.0
6400.0
53.0
6400.0
97.5
6400.0
186.5
6400.0
10.0
6400.0
6.5
6400.0
25.0
6400.0
2.5
6400.0
597.0
6400.0
6.5
6400.0
21.0
6400.0
3.0
6400.0
253.5
6400.0
140.0
6400.0
2217.5
6400.0
5054.5
6400.0
14.0
6400.0
897.5
6400.0
2.0
6400.0
28.0
6400.0
6.5
6400.0
39.5
6400.0
60.0
6400.0
8.0
6400.0
55.5
6400.0
11.5
6400.0
498.5
6400.0
6.0
6400.0
4.0
6400.0
1.5
6400.0
79.5
6400.0
2036.5
6400.0
5.0
6400.0
46.0
6400.0
3.5
6400.0
56.5
6400.0
28.5
6400.0
245.0
6400.0
10.0
6400.0
2.0
6400.0
4.0
6400.0
3.0
6400.0
10.0
6400.0
18.0
6400.0
179.0
6400.0
40.5
6400.0
1647390.0
6400.0
58.5
6400.0
30.0
6400.0
384.5
6400.0
33.0
6400.0
47.5
6400.0
110.5
6400.0
23557.5
6400.0
Number of filtered contours: 2
Number of hole contours: 8
Number of tissue contours: 2
Number of hole contours: 2
Final number of tissue contours: 2
Final number of hole contours: 2
Segmentation completed in 0.99 seconds
Mask saved at: /nemo/project/proj-tracerx-lung/tctProjects/kilimo/TracerX_WSIs/20X/patches/masks/LTX0339_1F_SU.jpg
Creating patches for:  LTX0339_1F_SU ...
Total number of contours to process:  2
Bounding Box: 7808 5440 130689 103553
Contour Area: 7621572608.0
Extracted 22734 coordinates
Bounding Box: 0 0 149697 1729
Contour Area: 96491520.0
Extracted 384 coordinates
original size: 149760 x 115456
downscaled size for stiching: 2340 x 1804
start stitching LTX0339_1F_SU
number of patches: 23118
patch size: 580 x 580 patch level: 0
ref patch size: (np.int32(580), np.int32(580)) x (np.int32(580), np.int32(580))
downscaled patch size: 10x10
segmentation took 0.9852149486541748 seconds
patching took 1.4398915767669678 seconds
stitching took 1.8594636917114258 seconds


progress: 0.50, 60/121
processing LTX0343_A2_SU.ndpi
MPP X: 0.22049744222967013, MPP Y: 0.22049744222967013
metadata microns per pixel 0.22049744222967013
Patch size for this slide is 580
Using custom parameters for slide: LTX0343_A2_SU
Visualization parameters: {'vis_level': np.int8(-1), 'line_thickness': np.uint32(150)}
Filter parameters: {'a_t': np.float32(100.0), 'a_h': np.float32(16.0), 'max_n_holes': np.uint32(8)}
Segmentation parameters: {'seg_level': np.int8(-1), 'sthresh': np.uint8(15), 'mthresh': np.uint8(11), 'close': np.uint32(4), 'use_otsu': np.False_, 'keep_ids': 'none', 'exclude_ids': 'none', 'remove_markings': np.False_}
Patch parameters: {'use_padding': np.True_, 'contour_fn': 'four_pt'}
Visualization level set to: 6
Segmentation level set to: 6
Keep IDs: []
Exclude IDs: []
Image shape: (1144, 2040, 4)
HSV image shape: (1144, 2040, 3)
Median blurred image shape: (1144, 2040)
Otsu thresholded image shape: (1144, 2040)
Filter params: {'a_t': np.float32(6400.0), 'a_h': np.float32(1024.0), 'max_n_holes': np.uint32(8)}
Number of contours: 331
Number of foreground contours: 9
157.5
6400.0
21.5
6400.0
70.5
6400.0
12.0
6400.0
65.0
6400.0
1188920.0
6400.0
313.0
6400.0
5.5
6400.0
27.0
6400.0
Number of filtered contours: 1
Number of hole contours: 8
Number of tissue contours: 1
Number of hole contours: 1
Final number of tissue contours: 1
Final number of hole contours: 1
Segmentation completed in 0.07 seconds
Mask saved at: /nemo/project/proj-tracerx-lung/tctProjects/kilimo/TracerX_WSIs/20X/patches/masks/LTX0343_A2_SU.jpg
Creating patches for:  LTX0343_A2_SU ...
Total number of contours to process:  1
Bounding Box: 3008 3712 120705 59777
Contour Area: 5516357632.0
Extracted 15785 coordinates
original size: 130560 x 73216
downscaled size for stiching: 2040 x 1144
start stitching LTX0343_A2_SU
number of patches: 15785
patch size: 580 x 580 patch level: 0
ref patch size: (np.int32(580), np.int32(580)) x (np.int32(580), np.int32(580))
downscaled patch size: 10x10
segmentation took 0.07486224174499512 seconds
patching took 0.6006069183349609 seconds
stitching took 0.9765427112579346 seconds


progress: 0.50, 61/121
processing LTX0348_D3_SU.ndpi
MPP X: 0.22049744222967013, MPP Y: 0.22049744222967013
metadata microns per pixel 0.22049744222967013
Patch size for this slide is 580
Using custom parameters for slide: LTX0348_D3_SU
Visualization parameters: {'vis_level': np.int8(-1), 'line_thickness': np.uint32(150)}
Filter parameters: {'a_t': np.float32(100.0), 'a_h': np.float32(16.0), 'max_n_holes': np.uint32(8)}
Segmentation parameters: {'seg_level': np.int8(-1), 'sthresh': np.uint8(15), 'mthresh': np.uint8(11), 'close': np.uint32(4), 'use_otsu': np.False_, 'keep_ids': 'none', 'exclude_ids': 'none', 'remove_markings': np.False_}
Patch parameters: {'use_padding': np.True_, 'contour_fn': 'four_pt'}
Visualization level set to: 6
Segmentation level set to: 6
Keep IDs: []
Exclude IDs: []
Image shape: (1452, 2160, 4)
HSV image shape: (1452, 2160, 3)
Median blurred image shape: (1452, 2160)
Otsu thresholded image shape: (1452, 2160)
Filter params: {'a_t': np.float32(6400.0), 'a_h': np.float32(1024.0), 'max_n_holes': np.uint32(8)}
Number of contours: 425
Number of foreground contours: 44
47.5
6400.0
6.0
6400.0
19.5
6400.0
181.5
6400.0
1.5
6400.0
76.5
6400.0
11.0
6400.0
48.5
6400.0
7.5
6400.0
4.0
6400.0
0.5
6400.0
4.5
6400.0
7.5
6400.0
11.5
6400.0
1.5
6400.0
2.5
6400.0
1.0
6400.0
9.5
6400.0
81.5
6400.0
103.0
6400.0
484.5
6400.0
38.5
6400.0
527.5
6400.0
17.0
6400.0
413.0
6400.0
40.0
6400.0
83.5
6400.0
112.5
6400.0
187.0
6400.0
5.0
6400.0
224.0
6400.0
195.5
6400.0
17.0
6400.0
24.0
6400.0
302.0
6400.0
3.0
6400.0
2.5
6400.0
2.0
6400.0
8.0
6400.0
1324981.5
6400.0
Number of filtered contours: 1
Number of hole contours: 8
Number of tissue contours: 1
Number of hole contours: 1
Final number of tissue contours: 1
Final number of hole contours: 1
Segmentation completed in 0.72 seconds
Mask saved at: /nemo/project/proj-tracerx-lung/tctProjects/kilimo/TracerX_WSIs/20X/patches/masks/LTX0348_D3_SU.jpg
Creating patches for:  LTX0348_D3_SU ...
Total number of contours to process:  1
Bounding Box: 7552 8064 120577 76097
Contour Area: 6481004544.0
Extracted 18775 coordinates
original size: 138240 x 92928
downscaled size for stiching: 2160 x 1452
start stitching LTX0348_D3_SU
number of patches: 18775
patch size: 580 x 580 patch level: 0
ref patch size: (np.int32(580), np.int32(580)) x (np.int32(580), np.int32(580))
downscaled patch size: 10x10
segmentation took 0.7243633270263672 seconds
patching took 0.8928015232086182 seconds
stitching took 1.4868934154510498 seconds


progress: 0.51, 62/121
processing LTX0355_A5_SU.ndpi
MPP X: 0.22049744222967013, MPP Y: 0.22049744222967013
metadata microns per pixel 0.22049744222967013
Patch size for this slide is 580
Using custom parameters for slide: LTX0355_A5_SU
Visualization parameters: {'vis_level': np.int8(-1), 'line_thickness': np.uint32(150)}
Filter parameters: {'a_t': np.float32(100.0), 'a_h': np.float32(16.0), 'max_n_holes': np.uint32(8)}
Segmentation parameters: {'seg_level': np.int8(-1), 'sthresh': np.uint8(15), 'mthresh': np.uint8(11), 'close': np.uint32(4), 'use_otsu': np.False_, 'keep_ids': 'none', 'exclude_ids': 'none', 'remove_markings': np.False_}
Patch parameters: {'use_padding': np.True_, 'contour_fn': 'four_pt'}
Visualization level set to: 6
Segmentation level set to: 6
Keep IDs: []
Exclude IDs: []
Image shape: (1672, 1980, 4)
HSV image shape: (1672, 1980, 3)
Median blurred image shape: (1672, 1980)
Otsu thresholded image shape: (1672, 1980)
Filter params: {'a_t': np.float32(6400.0), 'a_h': np.float32(1024.0), 'max_n_holes': np.uint32(8)}
Number of contours: 51
Number of foreground contours: 4
27.0
6400.0
1.5
6400.0
3.5
6400.0
2053801.0
6400.0
Number of filtered contours: 1
Number of hole contours: 0
Number of tissue contours: 1
Number of hole contours: 1
Final number of tissue contours: 1
Final number of hole contours: 1
Segmentation completed in 0.81 seconds
Mask saved at: /nemo/project/proj-tracerx-lung/tctProjects/kilimo/TracerX_WSIs/20X/patches/masks/LTX0355_A5_SU.jpg
Creating patches for:  LTX0355_A5_SU ...
Total number of contours to process:  1
Bounding Box: 7232 7872 108993 90625
Contour Area: 8443768832.0
Extracted 25362 coordinates
original size: 126720 x 107008
downscaled size for stiching: 1980 x 1672
start stitching LTX0355_A5_SU
number of patches: 25362
patch size: 580 x 580 patch level: 0
ref patch size: (np.int32(580), np.int32(580)) x (np.int32(580), np.int32(580))
downscaled patch size: 10x10
segmentation took 0.8081262111663818 seconds
patching took 0.5455210208892822 seconds
stitching took 2.0180232524871826 seconds


progress: 0.52, 63/121
processing LTX0357_A5_SU.ndpi
MPP X: 0.22049744222967013, MPP Y: 0.22049744222967013
metadata microns per pixel 0.22049744222967013
Patch size for this slide is 580
Using custom parameters for slide: LTX0357_A5_SU
Visualization parameters: {'vis_level': np.int8(-1), 'line_thickness': np.uint32(150)}
Filter parameters: {'a_t': np.float32(100.0), 'a_h': np.float32(16.0), 'max_n_holes': np.uint32(8)}
Segmentation parameters: {'seg_level': np.int8(-1), 'sthresh': np.uint8(15), 'mthresh': np.uint8(11), 'close': np.uint32(4), 'use_otsu': np.False_, 'keep_ids': 'none', 'exclude_ids': 'none', 'remove_markings': np.False_}
Patch parameters: {'use_padding': np.True_, 'contour_fn': 'four_pt'}
Visualization level set to: 6
Segmentation level set to: 6
Keep IDs: []
Exclude IDs: []
Image shape: (1584, 2220, 4)
HSV image shape: (1584, 2220, 3)
Median blurred image shape: (1584, 2220)
Otsu thresholded image shape: (1584, 2220)
Filter params: {'a_t': np.float32(6400.0), 'a_h': np.float32(1024.0), 'max_n_holes': np.uint32(8)}
Number of contours: 570
Number of foreground contours: 23
22.5
6400.0
63.0
6400.0
82.0
6400.0
50.0
6400.0
2.0
6400.0
42.0
6400.0
106.0
6400.0
16.5
6400.0
2.0
6400.0
20.5
6400.0
7.0
6400.0
13.0
6400.0
6.5
6400.0
44.0
6400.0
1.0
6400.0
51.0
6400.0
65.5
6400.0
2013606.5
6400.0
Number of filtered contours: 1
Number of hole contours: 8
Number of tissue contours: 1
Number of hole contours: 1
Final number of tissue contours: 1
Final number of hole contours: 1
Segmentation completed in 0.85 seconds
Mask saved at: /nemo/project/proj-tracerx-lung/tctProjects/kilimo/TracerX_WSIs/20X/patches/masks/LTX0357_A5_SU.jpg
Creating patches for:  LTX0357_A5_SU ...
Total number of contours to process:  1
Bounding Box: 7872 7808 124225 91649
Contour Area: 8982061056.0
Extracted 26601 coordinates
original size: 142080 x 101376
downscaled size for stiching: 2220 x 1584
start stitching LTX0357_A5_SU
number of patches: 26601
patch size: 580 x 580 patch level: 0
ref patch size: (np.int32(580), np.int32(580)) x (np.int32(580), np.int32(580))
downscaled patch size: 10x10
segmentation took 0.854100227355957 seconds
patching took 1.0815248489379883 seconds
stitching took 2.139040946960449 seconds


progress: 0.53, 64/121
processing LTX0361_A3_SU.ndpi
MPP X: 0.22049744222967013, MPP Y: 0.22049744222967013
metadata microns per pixel 0.22049744222967013
Patch size for this slide is 580
Using custom parameters for slide: LTX0361_A3_SU
Visualization parameters: {'vis_level': np.int8(-1), 'line_thickness': np.uint32(150)}
Filter parameters: {'a_t': np.float32(100.0), 'a_h': np.float32(16.0), 'max_n_holes': np.uint32(8)}
Segmentation parameters: {'seg_level': np.int8(-1), 'sthresh': np.uint8(15), 'mthresh': np.uint8(11), 'close': np.uint32(4), 'use_otsu': np.False_, 'keep_ids': 'none', 'exclude_ids': 'none', 'remove_markings': np.False_}
Patch parameters: {'use_padding': np.True_, 'contour_fn': 'four_pt'}
Visualization level set to: 6
Segmentation level set to: 6
Keep IDs: []
Exclude IDs: []
Image shape: (1452, 1920, 4)
HSV image shape: (1452, 1920, 3)
Median blurred image shape: (1452, 1920)
Otsu thresholded image shape: (1452, 1920)
Filter params: {'a_t': np.float32(6400.0), 'a_h': np.float32(1024.0), 'max_n_holes': np.uint32(8)}
Number of contours: 243
Number of foreground contours: 18
2.0
6400.0
3.0
6400.0
22.0
6400.0
20.0
6400.0
10.0
6400.0
46.0
6400.0
89.0
6400.0
17.0
6400.0
72.0
6400.0
5.0
6400.0
389.5
6400.0
18.5
6400.0
131.5
6400.0
98.5
6400.0
161.0
6400.0
1008.5
6400.0
1388297.5
6400.0
Number of filtered contours: 1
Number of hole contours: 7
Number of tissue contours: 1
Number of hole contours: 1
Final number of tissue contours: 1
Final number of hole contours: 1
Segmentation completed in 0.67 seconds
Mask saved at: /nemo/project/proj-tracerx-lung/tctProjects/kilimo/TracerX_WSIs/20X/patches/masks/LTX0361_A3_SU.jpg
Creating patches for:  LTX0361_A3_SU ...
Total number of contours to process:  1
Bounding Box: 6272 8960 106817 79041
Contour Area: 5942685696.0
Extracted 17692 coordinates
original size: 122880 x 92928
downscaled size for stiching: 1920 x 1452
start stitching LTX0361_A3_SU
number of patches: 17692
patch size: 580 x 580 patch level: 0
ref patch size: (np.int32(580), np.int32(580)) x (np.int32(580), np.int32(580))
downscaled patch size: 10x10
segmentation took 0.6745805740356445 seconds
patching took 0.7962093353271484 seconds
stitching took 1.4082984924316406 seconds


progress: 0.54, 65/121
processing LTX0365_A4_SU.ndpi
MPP X: 0.22049744222967013, MPP Y: 0.22049744222967013
metadata microns per pixel 0.22049744222967013
Patch size for this slide is 580
Using custom parameters for slide: LTX0365_A4_SU
Visualization parameters: {'vis_level': np.int8(-1), 'line_thickness': np.uint32(150)}
Filter parameters: {'a_t': np.float32(100.0), 'a_h': np.float32(16.0), 'max_n_holes': np.uint32(8)}
Segmentation parameters: {'seg_level': np.int8(-1), 'sthresh': np.uint8(15), 'mthresh': np.uint8(11), 'close': np.uint32(4), 'use_otsu': np.False_, 'keep_ids': 'none', 'exclude_ids': 'none', 'remove_markings': np.False_}
Patch parameters: {'use_padding': np.True_, 'contour_fn': 'four_pt'}
Visualization level set to: 6
Segmentation level set to: 6
Keep IDs: []
Exclude IDs: []
Image shape: (1716, 2100, 4)
HSV image shape: (1716, 2100, 3)
Median blurred image shape: (1716, 2100)
Otsu thresholded image shape: (1716, 2100)
Filter params: {'a_t': np.float32(6400.0), 'a_h': np.float32(1024.0), 'max_n_holes': np.uint32(8)}
Number of contours: 241
Number of foreground contours: 14
1.0
6400.0
47.0
6400.0
2381.0
6400.0
141.5
6400.0
80.5
6400.0
8.0
6400.0
44.0
6400.0
190.5
6400.0
20.0
6400.0
193.0
6400.0
2101828.5
6400.0
Number of filtered contours: 1
Number of hole contours: 8
Number of tissue contours: 1
Number of hole contours: 1
Final number of tissue contours: 1
Final number of hole contours: 1
Segmentation completed in 0.84 seconds
Mask saved at: /nemo/project/proj-tracerx-lung/tctProjects/kilimo/TracerX_WSIs/20X/patches/masks/LTX0365_A4_SU.jpg
Creating patches for:  LTX0365_A4_SU ...
Total number of contours to process:  1
Bounding Box: 7744 7296 116161 102337
Contour Area: 9146763264.0
Extracted 26571 coordinates
original size: 134400 x 109824
downscaled size for stiching: 2100 x 1716
start stitching LTX0365_A4_SU
number of patches: 26571
patch size: 580 x 580 patch level: 0
ref patch size: (np.int32(580), np.int32(580)) x (np.int32(580), np.int32(580))
downscaled patch size: 10x10
segmentation took 0.8437900543212891 seconds
patching took 1.1493701934814453 seconds
stitching took 2.10143780708313 seconds


progress: 0.55, 66/121
processing LTX0366_A4_SU.ndpi
MPP X: 0.22049744222967013, MPP Y: 0.22049744222967013
metadata microns per pixel 0.22049744222967013
Patch size for this slide is 580
Using custom parameters for slide: LTX0366_A4_SU
Visualization parameters: {'vis_level': np.int8(-1), 'line_thickness': np.uint32(150)}
Filter parameters: {'a_t': np.float32(100.0), 'a_h': np.float32(16.0), 'max_n_holes': np.uint32(8)}
Segmentation parameters: {'seg_level': np.int8(-1), 'sthresh': np.uint8(15), 'mthresh': np.uint8(11), 'close': np.uint32(4), 'use_otsu': np.False_, 'keep_ids': 'none', 'exclude_ids': 'none', 'remove_markings': np.False_}
Patch parameters: {'use_padding': np.True_, 'contour_fn': 'four_pt'}
Visualization level set to: 6
Segmentation level set to: 6
Keep IDs: []
Exclude IDs: []
Image shape: (1804, 2100, 4)
HSV image shape: (1804, 2100, 3)
Median blurred image shape: (1804, 2100)
Otsu thresholded image shape: (1804, 2100)
Filter params: {'a_t': np.float32(6400.0), 'a_h': np.float32(1024.0), 'max_n_holes': np.uint32(8)}
Number of contours: 555
Number of foreground contours: 57
1.0
6400.0
2.5
6400.0
196.0
6400.0
11.0
6400.0
40.0
6400.0
79.0
6400.0
191.5
6400.0
363.0
6400.0
14.0
6400.0
40.0
6400.0
272.0
6400.0
1.0
6400.0
4.0
6400.0
52.0
6400.0
38.0
6400.0
3.0
6400.0
8.0
6400.0
526.5
6400.0
257.5
6400.0
17.5
6400.0
43.0
6400.0
6.5
6400.0
185.5
6400.0
16.5
6400.0
1.0
6400.0
27.5
6400.0
9.0
6400.0
47.5
6400.0
80.5
6400.0
418.5
6400.0
109.5
6400.0
541.0
6400.0
83.5
6400.0
1454746.0
6400.0
193.5
6400.0
1799.0
6400.0
428.0
6400.0
277.5
6400.0
796.0
6400.0
3582.0
6400.0
12390.0
6400.0
Number of filtered contours: 2
Number of hole contours: 8
Number of tissue contours: 2
Number of hole contours: 2
Final number of tissue contours: 2
Final number of hole contours: 2
Segmentation completed in 0.86 seconds
Mask saved at: /nemo/project/proj-tracerx-lung/tctProjects/kilimo/TracerX_WSIs/20X/patches/masks/LTX0366_A4_SU.jpg
Creating patches for:  LTX0366_A4_SU ...
Total number of contours to process:  2
Bounding Box: 6208 5440 119809 108161
Contour Area: 6889535488.0
Extracted 20333 coordinates
Bounding Box: 0 0 77569 1665
Contour Area: 50749440.0
Extracted 258 coordinates
original size: 134400 x 115456
downscaled size for stiching: 2100 x 1804
start stitching LTX0366_A4_SU
number of patches: 20591
patch size: 580 x 580 patch level: 0
ref patch size: (np.int32(580), np.int32(580)) x (np.int32(580), np.int32(580))
downscaled patch size: 10x10
segmentation took 0.8622658252716064 seconds
patching took 1.8422281742095947 seconds
stitching took 1.644361972808838 seconds


progress: 0.55, 67/121
processing LTX0372_1I_SU.ndpi
MPP X: 0.22049744222967013, MPP Y: 0.22049744222967013
metadata microns per pixel 0.22049744222967013
Patch size for this slide is 580
Using custom parameters for slide: LTX0372_1I_SU
Visualization parameters: {'vis_level': np.int8(-1), 'line_thickness': np.uint32(150)}
Filter parameters: {'a_t': np.float32(100.0), 'a_h': np.float32(16.0), 'max_n_holes': np.uint32(8)}
Segmentation parameters: {'seg_level': np.int8(-1), 'sthresh': np.uint8(15), 'mthresh': np.uint8(11), 'close': np.uint32(4), 'use_otsu': np.False_, 'keep_ids': 'none', 'exclude_ids': 'none', 'remove_markings': np.False_}
Patch parameters: {'use_padding': np.True_, 'contour_fn': 'four_pt'}
Visualization level set to: 6
Segmentation level set to: 6
Keep IDs: []
Exclude IDs: []
Image shape: (1760, 2280, 4)
HSV image shape: (1760, 2280, 3)
Median blurred image shape: (1760, 2280)
Otsu thresholded image shape: (1760, 2280)
Filter params: {'a_t': np.float32(6400.0), 'a_h': np.float32(1024.0), 'max_n_holes': np.uint32(8)}
Number of contours: 813
Number of foreground contours: 87
33.5
6400.0
11.0
6400.0
46.0
6400.0
57.5
6400.0
813.5
6400.0
82.0
6400.0
28.0
6400.0
8.5
6400.0
18.5
6400.0
24.5
6400.0
0.5
6400.0
268.5
6400.0
143.0
6400.0
15.0
6400.0
52.5
6400.0
8.5
6400.0
1.5
6400.0
254.5
6400.0
64.5
6400.0
219.5
6400.0
408.0
6400.0
16.5
6400.0
14.5
6400.0
73.0
6400.0
9.5
6400.0
18.5
6400.0
32.5
6400.0
19.5
6400.0
353.0
6400.0
208.5
6400.0
9.0
6400.0
1.0
6400.0
4.5
6400.0
141.0
6400.0
174.0
6400.0
48.5
6400.0
5.5
6400.0
31.0
6400.0
51.0
6400.0
127.0
6400.0
17.5
6400.0
89.5
6400.0
3966.0
6400.0
67.5
6400.0
1.0
6400.0
2.0
6400.0
7650.5
6400.0
26.0
6400.0
1784462.5
6400.0
4.0
6400.0
15.0
6400.0
1.0
6400.0
28.5
6400.0
4.0
6400.0
16.0
6400.0
45.5
6400.0
12.0
6400.0
18.0
6400.0
123.5
6400.0
17.0
6400.0
59.0
6400.0
24.5
6400.0
14.0
6400.0
3.0
6400.0
1.0
6400.0
22.0
6400.0
1.0
6400.0
19.0
6400.0
80.5
6400.0
Number of filtered contours: 2
Number of hole contours: 8
Number of tissue contours: 2
Number of hole contours: 2
Final number of tissue contours: 2
Final number of hole contours: 2
Segmentation completed in 0.15 seconds
Mask saved at: /nemo/project/proj-tracerx-lung/tctProjects/kilimo/TracerX_WSIs/20X/patches/masks/LTX0372_1I_SU.jpg
Creating patches for:  LTX0372_1I_SU ...
Total number of contours to process:  2
Bounding Box: 33920 16384 12161 13249
Contour Area: 33380352.0
Extracted 131 coordinates
Bounding Box: 6336 8512 119489 103809
Contour Area: 9336825856.0
Extracted 25963 coordinates
original size: 145920 x 112640
downscaled size for stiching: 2280 x 1760
start stitching LTX0372_1I_SU
number of patches: 26094
patch size: 580 x 580 patch level: 0
ref patch size: (np.int32(580), np.int32(580)) x (np.int32(580), np.int32(580))
downscaled patch size: 10x10
segmentation took 0.14814138412475586 seconds
patching took 1.2505450248718262 seconds
stitching took 1.5775928497314453 seconds


progress: 0.56, 68/121
processing LTX0374_3__SU.ndpi
MPP X: 0.22049744222967013, MPP Y: 0.22049744222967013
metadata microns per pixel 0.22049744222967013
Patch size for this slide is 580
Using custom parameters for slide: LTX0374_3__SU
Visualization parameters: {'vis_level': np.int8(-1), 'line_thickness': np.uint32(150)}
Filter parameters: {'a_t': np.float32(100.0), 'a_h': np.float32(16.0), 'max_n_holes': np.uint32(8)}
Segmentation parameters: {'seg_level': np.int8(-1), 'sthresh': np.uint8(15), 'mthresh': np.uint8(11), 'close': np.uint32(4), 'use_otsu': np.False_, 'keep_ids': 'none', 'exclude_ids': 'none', 'remove_markings': np.False_}
Patch parameters: {'use_padding': np.True_, 'contour_fn': 'four_pt'}
Visualization level set to: 6
Segmentation level set to: 6
Keep IDs: []
Exclude IDs: []
Image shape: (1716, 2160, 4)
HSV image shape: (1716, 2160, 3)
Median blurred image shape: (1716, 2160)
Otsu thresholded image shape: (1716, 2160)
Filter params: {'a_t': np.float32(6400.0), 'a_h': np.float32(1024.0), 'max_n_holes': np.uint32(8)}
Number of contours: 1180
Number of foreground contours: 85
3.5
6400.0
40.5
6400.0
1.0
6400.0
12.0
6400.0
1.0
6400.0
159.0
6400.0
4.5
6400.0
16.0
6400.0
12.0
6400.0
11.5
6400.0
106.0
6400.0
39.0
6400.0
52.0
6400.0
32.0
6400.0
23.0
6400.0
27.5
6400.0
129.5
6400.0
14.5
6400.0
7.5
6400.0
3.5
6400.0
77.0
6400.0
0.5
6400.0
90.0
6400.0
440.5
6400.0
47.0
6400.0
213.0
6400.0
155.0
6400.0
2.5
6400.0
155.0
6400.0
760.5
6400.0
7.5
6400.0
155.5
6400.0
7.5
6400.0
39.0
6400.0
92.5
6400.0
292.5
6400.0
30.0
6400.0
15.5
6400.0
6.5
6400.0
238.0
6400.0
60.5
6400.0
16.0
6400.0
79.5
6400.0
10.5
6400.0
56.5
6400.0
33.5
6400.0
62.5
6400.0
168.5
6400.0
27.5
6400.0
75.0
6400.0
16.0
6400.0
675.5
6400.0
2470.5
6400.0
15.5
6400.0
440.0
6400.0
323.5
6400.0
10.5
6400.0
8.0
6400.0
22.0
6400.0
134.5
6400.0
657.5
6400.0
51.5
6400.0
1.0
6400.0
165.0
6400.0
131.0
6400.0
146.0
6400.0
1892134.5
6400.0
Number of filtered contours: 1
Number of hole contours: 8
Number of tissue contours: 1
Number of hole contours: 1
Final number of tissue contours: 1
Final number of hole contours: 1
Segmentation completed in 0.87 seconds
Mask saved at: /nemo/project/proj-tracerx-lung/tctProjects/kilimo/TracerX_WSIs/20X/patches/masks/LTX0374_3__SU.jpg
Creating patches for:  LTX0374_3__SU ...
Total number of contours to process:  1
Bounding Box: 6528 7872 121665 101889
Contour Area: 10077065216.0
Extracted 27968 coordinates
original size: 138240 x 109824
downscaled size for stiching: 2160 x 1716
start stitching LTX0374_3__SU
number of patches: 27968
patch size: 580 x 580 patch level: 0
ref patch size: (np.int32(580), np.int32(580)) x (np.int32(580), np.int32(580))
downscaled patch size: 10x10
segmentation took 0.872406005859375 seconds
patching took 1.1763801574707031 seconds
stitching took 2.215702772140503 seconds


progress: 0.57, 69/121
processing LTX0380_A1 (new block)_SU.ndpi
MPP X: 0.22049744222967013, MPP Y: 0.22049744222967013
metadata microns per pixel 0.22049744222967013
Patch size for this slide is 580
Using custom parameters for slide: LTX0380_A1 (new block)_SU
Visualization parameters: {'vis_level': np.int8(-1), 'line_thickness': np.uint32(150)}
Filter parameters: {'a_t': np.float32(100.0), 'a_h': np.float32(16.0), 'max_n_holes': np.uint32(8)}
Segmentation parameters: {'seg_level': np.int8(-1), 'sthresh': np.uint8(15), 'mthresh': np.uint8(11), 'close': np.uint32(4), 'use_otsu': np.False_, 'keep_ids': 'none', 'exclude_ids': 'none', 'remove_markings': np.False_}
Patch parameters: {'use_padding': np.True_, 'contour_fn': 'four_pt'}
Visualization level set to: 6
Segmentation level set to: 6
Keep IDs: []
Exclude IDs: []
Image shape: (1100, 1440, 4)
HSV image shape: (1100, 1440, 3)
Median blurred image shape: (1100, 1440)
Otsu thresholded image shape: (1100, 1440)
Filter params: {'a_t': np.float32(6400.0), 'a_h': np.float32(1024.0), 'max_n_holes': np.uint32(8)}
Number of contours: 198
Number of foreground contours: 50
35.5
6400.0
29.5
6400.0
41.5
6400.0
44.0
6400.0
1.0
6400.0
388.0
6400.0
243.5
6400.0
231.5
6400.0
17.0
6400.0
23.5
6400.0
188.5
6400.0
433.5
6400.0
37.5
6400.0
62.5
6400.0
1380.5
6400.0
12.5
6400.0
630.0
6400.0
501.5
6400.0
11.5
6400.0
62.5
6400.0
14.5
6400.0
43.5
6400.0
294.0
6400.0
123.5
6400.0
2077.0
6400.0
533.5
6400.0
100.5
6400.0
55.0
6400.0
254.5
6400.0
11.0
6400.0
101.5
6400.0
119.5
6400.0
80.0
6400.0
26.0
6400.0
108.5
6400.0
79.5
6400.0
13.5
6400.0
16802.5
6400.0
632.5
6400.0
126.5
6400.0
83.5
6400.0
23.0
6400.0
637513.0
6400.0
Number of filtered contours: 2
Number of hole contours: 10
Number of tissue contours: 2
Number of hole contours: 2
Final number of tissue contours: 2
Final number of hole contours: 2
Segmentation completed in 0.35 seconds
Mask saved at: /nemo/project/proj-tracerx-lung/tctProjects/kilimo/TracerX_WSIs/20X/patches/masks/LTX0380_A1 (new block)_SU.jpg
Creating patches for:  LTX0380_A1 (new block)_SU ...
Total number of contours to process:  2
Bounding Box: 78720 33664 12161 18817
Contour Area: 85651456.0
Extracted 275 coordinates
Bounding Box: 3840 3776 83841 59585
Contour Area: 3159478272.0
Extracted 8879 coordinates
original size: 92160 x 70400
downscaled size for stiching: 1440 x 1100
start stitching LTX0380_A1 (new block)_SU
number of patches: 9154
patch size: 580 x 580 patch level: 0
ref patch size: (np.int32(580), np.int32(580)) x (np.int32(580), np.int32(580))
downscaled patch size: 10x10
segmentation took 0.3541715145111084 seconds
patching took 0.675339937210083 seconds
stitching took 0.7259721755981445 seconds


progress: 0.58, 70/121
processing LTX0380_A3 (new block)_SU.ndpi
MPP X: 0.22049744222967013, MPP Y: 0.22049744222967013
metadata microns per pixel 0.22049744222967013
Patch size for this slide is 580
Using custom parameters for slide: LTX0380_A3 (new block)_SU
Visualization parameters: {'vis_level': np.int8(-1), 'line_thickness': np.uint32(150)}
Filter parameters: {'a_t': np.float32(100.0), 'a_h': np.float32(16.0), 'max_n_holes': np.uint32(8)}
Segmentation parameters: {'seg_level': np.int8(-1), 'sthresh': np.uint8(15), 'mthresh': np.uint8(11), 'close': np.uint32(4), 'use_otsu': np.False_, 'keep_ids': 'none', 'exclude_ids': 'none', 'remove_markings': np.False_}
Patch parameters: {'use_padding': np.True_, 'contour_fn': 'four_pt'}
Visualization level set to: 6
Segmentation level set to: 6
Keep IDs: []
Exclude IDs: []
Image shape: (1188, 1140, 4)
HSV image shape: (1188, 1140, 3)
Median blurred image shape: (1188, 1140)
Otsu thresholded image shape: (1188, 1140)
Filter params: {'a_t': np.float32(6400.0), 'a_h': np.float32(1024.0), 'max_n_holes': np.uint32(8)}
Number of contours: 159
Number of foreground contours: 23
154.5
6400.0
420.0
6400.0
11.5
6400.0
77.0
6400.0
167.5
6400.0
221.5
6400.0
35.5
6400.0
10.0
6400.0
157.0
6400.0
214.0
6400.0
25.5
6400.0
74.5
6400.0
212.0
6400.0
450.5
6400.0
36.0
6400.0
24.5
6400.0
677.5
6400.0
579263.5
6400.0
Number of filtered contours: 1
Number of hole contours: 8
Number of tissue contours: 1
Number of hole contours: 1
Final number of tissue contours: 1
Final number of hole contours: 1
Segmentation completed in 0.31 seconds
Mask saved at: /nemo/project/proj-tracerx-lung/tctProjects/kilimo/TracerX_WSIs/20X/patches/masks/LTX0380_A3 (new block)_SU.jpg
Creating patches for:  LTX0380_A3 (new block)_SU ...
Total number of contours to process:  1
Bounding Box: 3520 2240 66689 70273
Contour Area: 2622578688.0
Extracted 7756 coordinates
original size: 72960 x 76032
downscaled size for stiching: 1140 x 1188
start stitching LTX0380_A3 (new block)_SU
number of patches: 7756
patch size: 580 x 580 patch level: 0
ref patch size: (np.int32(580), np.int32(580)) x (np.int32(580), np.int32(580))
downscaled patch size: 10x10
segmentation took 0.30646443367004395 seconds
patching took 0.5397584438323975 seconds
stitching took 0.6079421043395996 seconds


progress: 0.59, 71/121
processing LTX0380_A3_SU.ndpi
MPP X: 0.22049744222967013, MPP Y: 0.22049744222967013
metadata microns per pixel 0.22049744222967013
Patch size for this slide is 580
Using custom parameters for slide: LTX0380_A3_SU
Visualization parameters: {'vis_level': np.int8(-1), 'line_thickness': np.uint32(150)}
Filter parameters: {'a_t': np.float32(100.0), 'a_h': np.float32(16.0), 'max_n_holes': np.uint32(8)}
Segmentation parameters: {'seg_level': np.int8(-1), 'sthresh': np.uint8(15), 'mthresh': np.uint8(11), 'close': np.uint32(4), 'use_otsu': np.False_, 'keep_ids': 'none', 'exclude_ids': 'none', 'remove_markings': np.False_}
Patch parameters: {'use_padding': np.True_, 'contour_fn': 'four_pt'}
Visualization level set to: 6
Segmentation level set to: 6
Keep IDs: []
Exclude IDs: []
Image shape: (1320, 1560, 4)
HSV image shape: (1320, 1560, 3)
Median blurred image shape: (1320, 1560)
Otsu thresholded image shape: (1320, 1560)
Filter params: {'a_t': np.float32(6400.0), 'a_h': np.float32(1024.0), 'max_n_holes': np.uint32(8)}
Number of contours: 203
Number of foreground contours: 14
56.0
6400.0
65.5
6400.0
18.5
6400.0
16.0
6400.0
20.0
6400.0
49.5
6400.0
833.0
6400.0
42.5
6400.0
405.0
6400.0
35.5
6400.0
15.0
6400.0
46.0
6400.0
617411.5
6400.0
Number of filtered contours: 1
Number of hole contours: 8
Number of tissue contours: 1
Number of hole contours: 1
Final number of tissue contours: 1
Final number of hole contours: 1
Segmentation completed in 0.07 seconds
Mask saved at: /nemo/project/proj-tracerx-lung/tctProjects/kilimo/TracerX_WSIs/20X/patches/masks/LTX0380_A3_SU.jpg
Creating patches for:  LTX0380_A3_SU ...
Total number of contours to process:  1
Bounding Box: 6592 7360 82753 69185
Contour Area: 3175837696.0
Extracted 8557 coordinates
original size: 99840 x 84480
downscaled size for stiching: 1560 x 1320
start stitching LTX0380_A3_SU
number of patches: 8557
patch size: 580 x 580 patch level: 0
ref patch size: (np.int32(580), np.int32(580)) x (np.int32(580), np.int32(580))
downscaled patch size: 10x10
segmentation took 0.0656130313873291 seconds
patching took 0.5581269264221191 seconds
stitching took 0.5236990451812744 seconds


progress: 0.60, 72/121
processing LTX0386_A5_SU.ndpi
MPP X: 0.22049744222967013, MPP Y: 0.22049744222967013
metadata microns per pixel 0.22049744222967013
Patch size for this slide is 580
Using custom parameters for slide: LTX0386_A5_SU
Visualization parameters: {'vis_level': np.int8(-1), 'line_thickness': np.uint32(150)}
Filter parameters: {'a_t': np.float32(100.0), 'a_h': np.float32(16.0), 'max_n_holes': np.uint32(8)}
Segmentation parameters: {'seg_level': np.int8(-1), 'sthresh': np.uint8(15), 'mthresh': np.uint8(11), 'close': np.uint32(4), 'use_otsu': np.False_, 'keep_ids': 'none', 'exclude_ids': 'none', 'remove_markings': np.False_}
Patch parameters: {'use_padding': np.True_, 'contour_fn': 'four_pt'}
Visualization level set to: 6
Segmentation level set to: 6
Keep IDs: []
Exclude IDs: []
Image shape: (1716, 2580, 4)
HSV image shape: (1716, 2580, 3)
Median blurred image shape: (1716, 2580)
Otsu thresholded image shape: (1716, 2580)
Filter params: {'a_t': np.float32(6400.0), 'a_h': np.float32(1024.0), 'max_n_holes': np.uint32(8)}
Number of contours: 663
Number of foreground contours: 153
333.5
6400.0
9.0
6400.0
0.5
6400.0
4.0
6400.0
107.0
6400.0
30.0
6400.0
145.5
6400.0
24.5
6400.0
26.5
6400.0
141.5
6400.0
89.0
6400.0
1.5
6400.0
29.0
6400.0
2.5
6400.0
16.5
6400.0
5.0
6400.0
50.5
6400.0
755.0
6400.0
46.5
6400.0
117.5
6400.0
30.0
6400.0
3.5
6400.0
4.5
6400.0
11.5
6400.0
32.5
6400.0
64.5
6400.0
184.5
6400.0
802.5
6400.0
473.5
6400.0
81.0
6400.0
61.0
6400.0
28.0
6400.0
72.0
6400.0
1000.0
6400.0
1.5
6400.0
229.0
6400.0
5.0
6400.0
9.5
6400.0
75.0
6400.0
1375.0
6400.0
56.5
6400.0
57.0
6400.0
560.5
6400.0
18.0
6400.0
4.0
6400.0
65.0
6400.0
133.0
6400.0
11.5
6400.0
25.5
6400.0
140.5
6400.0
47.5
6400.0
109.5
6400.0
1139.5
6400.0
19.5
6400.0
5.0
6400.0
172.0
6400.0
108.0
6400.0
19.5
6400.0
11.5
6400.0
18.5
6400.0
132.0
6400.0
16.0
6400.0
363.5
6400.0
3.0
6400.0
58.5
6400.0
238.0
6400.0
30.0
6400.0
488.0
6400.0
13.0
6400.0
455.0
6400.0
7.0
6400.0
1.0
6400.0
20.0
6400.0
15.5
6400.0
38.0
6400.0
183.0
6400.0
18.0
6400.0
36.0
6400.0
387.5
6400.0
58.0
6400.0
76.5
6400.0
0.5
6400.0
23.0
6400.0
12.5
6400.0
2.5
6400.0
73.0
6400.0
56.0
6400.0
121.0
6400.0
280.5
6400.0
62.5
6400.0
30897.0
6400.0
8.5
6400.0
2.5
6400.0
0.5
6400.0
1.5
6400.0
53.0
6400.0
6.5
6400.0
75.5
6400.0
1.5
6400.0
164.0
6400.0
207.5
6400.0
16.5
6400.0
6.5
6400.0
95.0
6400.0
21.5
6400.0
179.0
6400.0
413.5
6400.0
11.5
6400.0
122.0
6400.0
55098.5
6400.0
27.5
6400.0
16.5
6400.0
1.0
6400.0
3.0
6400.0
78.5
6400.0
66.5
6400.0
28.0
6400.0
68.0
6400.0
128.0
6400.0
20.5
6400.0
90.5
6400.0
113.5
6400.0
34665.0
6400.0
9638.0
6400.0
33.5
6400.0
1060256.5
6400.0
46.5
6400.0
2.5
6400.0
11.0
6400.0
4.0
6400.0
7.0
6400.0
15.0
6400.0
41.5
6400.0
17.0
6400.0
3.0
6400.0
14.0
6400.0
90.0
6400.0
171.0
6400.0
17.0
6400.0
52.0
6400.0
Number of filtered contours: 5
Number of hole contours: 13
Number of tissue contours: 5
Number of hole contours: 5
Final number of tissue contours: 5
Final number of hole contours: 5
Segmentation completed in 1.00 seconds
Mask saved at: /nemo/project/proj-tracerx-lung/tctProjects/kilimo/TracerX_WSIs/20X/patches/masks/LTX0386_A5_SU.jpg
Creating patches for:  LTX0386_A5_SU ...
Total number of contours to process:  5
Bounding Box: 147264 74560 16257 25793
Contour Area: 136257536.0
Extracted 471 coordinates
Bounding Box: 140352 51712 19649 38273
Contour Area: 326051840.0
Extracted 902 coordinates
Bounding Box: 136320 24896 14913 27713
Contour Area: 150003712.0
Extracted 505 coordinates
Bounding Box: 152448 11840 9409 9409
Contour Area: 39477248.0
Extracted 130 coordinates
Bounding Box: 6208 7616 102465 94145
Contour Area: 5277612032.0
Extracted 15370 coordinates
original size: 165120 x 109824
downscaled size for stiching: 2580 x 1716
start stitching LTX0386_A5_SU
number of patches: 17378
patch size: 580 x 580 patch level: 0
ref patch size: (np.int32(580), np.int32(580)) x (np.int32(580), np.int32(580))
downscaled patch size: 10x10
segmentation took 0.9987225532531738 seconds
patching took 1.2019414901733398 seconds
stitching took 1.4217426776885986 seconds


progress: 0.60, 73/121
processing LTX0411_B2_SU.ndpi
MPP X: 0.22049744222967013, MPP Y: 0.22049744222967013
metadata microns per pixel 0.22049744222967013
Patch size for this slide is 580
Using custom parameters for slide: LTX0411_B2_SU
Visualization parameters: {'vis_level': np.int8(-1), 'line_thickness': np.uint32(150)}
Filter parameters: {'a_t': np.float32(100.0), 'a_h': np.float32(16.0), 'max_n_holes': np.uint32(8)}
Segmentation parameters: {'seg_level': np.int8(-1), 'sthresh': np.uint8(15), 'mthresh': np.uint8(11), 'close': np.uint32(4), 'use_otsu': np.False_, 'keep_ids': 'none', 'exclude_ids': 'none', 'remove_markings': np.False_}
Patch parameters: {'use_padding': np.True_, 'contour_fn': 'four_pt'}
Visualization level set to: 6
Segmentation level set to: 6
Keep IDs: []
Exclude IDs: []
Image shape: (1804, 2160, 4)
HSV image shape: (1804, 2160, 3)
Median blurred image shape: (1804, 2160)
Otsu thresholded image shape: (1804, 2160)
Filter params: {'a_t': np.float32(6400.0), 'a_h': np.float32(1024.0), 'max_n_holes': np.uint32(8)}
Number of contours: 240
Number of foreground contours: 67
24.5
6400.0
5.0
6400.0
2.0
6400.0
0.5
6400.0
24.0
6400.0
32.5
6400.0
11.0
6400.0
57.5
6400.0
54.0
6400.0
9.5
6400.0
28.5
6400.0
61.0
6400.0
22.0
6400.0
79.0
6400.0
47.0
6400.0
361.5
6400.0
254.5
6400.0
170.0
6400.0
282.5
6400.0
198.5
6400.0
18.0
6400.0
36.5
6400.0
86.0
6400.0
65.0
6400.0
141.0
6400.0
65.0
6400.0
27.5
6400.0
1281.0
6400.0
923.0
6400.0
102.5
6400.0
71.0
6400.0
99.5
6400.0
105.0
6400.0
134.5
6400.0
270.5
6400.0
198.5
6400.0
1551.5
6400.0
178.0
6400.0
135.5
6400.0
8.5
6400.0
42.5
6400.0
36.5
6400.0
66.5
6400.0
1.5
6400.0
109.0
6400.0
2.5
6400.0
151.5
6400.0
1004.0
6400.0
96.0
6400.0
39.5
6400.0
439.5
6400.0
34.5
6400.0
351.0
6400.0
32.0
6400.0
6.0
6400.0
36.0
6400.0
12.0
6400.0
67.5
6400.0
25.0
6400.0
87.5
6400.0
175.5
6400.0
2058332.5
6400.0
14401.5
6400.0
Number of filtered contours: 2
Number of hole contours: 8
Number of tissue contours: 2
Number of hole contours: 2
Final number of tissue contours: 2
Final number of hole contours: 2
Segmentation completed in 0.94 seconds
Mask saved at: /nemo/project/proj-tracerx-lung/tctProjects/kilimo/TracerX_WSIs/20X/patches/masks/LTX0411_B2_SU.jpg
Creating patches for:  LTX0411_B2_SU ...
Total number of contours to process:  2
Bounding Box: 7424 4480 120065 110913
Contour Area: 8730083328.0
Extracted 25855 coordinates
Bounding Box: 0 0 138177 705
Contour Area: 58988544.0
Extracted 238 coordinates
original size: 138240 x 115456
downscaled size for stiching: 2160 x 1804
start stitching LTX0411_B2_SU
number of patches: 26093
patch size: 580 x 580 patch level: 0
ref patch size: (np.int32(580), np.int32(580)) x (np.int32(580), np.int32(580))
downscaled patch size: 10x10
segmentation took 0.9385581016540527 seconds
patching took 1.2182514667510986 seconds
stitching took 2.1320433616638184 seconds


progress: 0.61, 74/121
processing LTX0413_3B_SU.ndpi
MPP X: 0.22049744222967013, MPP Y: 0.22049744222967013
metadata microns per pixel 0.22049744222967013
Patch size for this slide is 580
Using custom parameters for slide: LTX0413_3B_SU
Visualization parameters: {'vis_level': np.int8(-1), 'line_thickness': np.uint32(150)}
Filter parameters: {'a_t': np.float32(100.0), 'a_h': np.float32(16.0), 'max_n_holes': np.uint32(8)}
Segmentation parameters: {'seg_level': np.int8(-1), 'sthresh': np.uint8(15), 'mthresh': np.uint8(11), 'close': np.uint32(4), 'use_otsu': np.False_, 'keep_ids': 'none', 'exclude_ids': 'none', 'remove_markings': np.False_}
Patch parameters: {'use_padding': np.True_, 'contour_fn': 'four_pt'}
Visualization level set to: 6
Segmentation level set to: 6
Keep IDs: []
Exclude IDs: []
Image shape: (880, 960, 4)
HSV image shape: (880, 960, 3)
Median blurred image shape: (880, 960)
Otsu thresholded image shape: (880, 960)
Filter params: {'a_t': np.float32(6400.0), 'a_h': np.float32(1024.0), 'max_n_holes': np.uint32(8)}
Number of contours: 64
Number of foreground contours: 2
232.0
6400.0
313007.0
6400.0
Number of filtered contours: 1
Number of hole contours: 0
Number of tissue contours: 1
Number of hole contours: 1
Final number of tissue contours: 1
Final number of hole contours: 1
Segmentation completed in 0.04 seconds
Mask saved at: /nemo/project/proj-tracerx-lung/tctProjects/kilimo/TracerX_WSIs/20X/patches/masks/LTX0413_3B_SU.jpg
Creating patches for:  LTX0413_3B_SU ...
Total number of contours to process:  1
Bounding Box: 2752 4864 49793 47169
Contour Area: 1328084992.0
Extracted 4075 coordinates
original size: 61440 x 56320
downscaled size for stiching: 960 x 880
start stitching LTX0413_3B_SU
number of patches: 4075
patch size: 580 x 580 patch level: 0
ref patch size: (np.int32(580), np.int32(580)) x (np.int32(580), np.int32(580))
downscaled patch size: 10x10
segmentation took 0.038912296295166016 seconds
patching took 0.2831583023071289 seconds
stitching took 0.25161218643188477 seconds


progress: 0.62, 75/121
processing LTX0418_A7_SU.ndpi
MPP X: 0.22049744222967013, MPP Y: 0.22049744222967013
metadata microns per pixel 0.22049744222967013
Patch size for this slide is 580
Using custom parameters for slide: LTX0418_A7_SU
Visualization parameters: {'vis_level': np.int8(-1), 'line_thickness': np.uint32(150)}
Filter parameters: {'a_t': np.float32(100.0), 'a_h': np.float32(16.0), 'max_n_holes': np.uint32(8)}
Segmentation parameters: {'seg_level': np.int8(-1), 'sthresh': np.uint8(15), 'mthresh': np.uint8(11), 'close': np.uint32(4), 'use_otsu': np.False_, 'keep_ids': 'none', 'exclude_ids': 'none', 'remove_markings': np.False_}
Patch parameters: {'use_padding': np.True_, 'contour_fn': 'four_pt'}
Visualization level set to: 6
Segmentation level set to: 6
Keep IDs: []
Exclude IDs: []
Image shape: (1716, 1800, 4)
HSV image shape: (1716, 1800, 3)
Median blurred image shape: (1716, 1800)
Otsu thresholded image shape: (1716, 1800)
Filter params: {'a_t': np.float32(6400.0), 'a_h': np.float32(1024.0), 'max_n_holes': np.uint32(8)}
Number of contours: 306
Number of foreground contours: 112
13.0
6400.0
12.0
6400.0
15.5
6400.0
10.0
6400.0
7.0
6400.0
15.5
6400.0
153.0
6400.0
60.5
6400.0
11.5
6400.0
85.0
6400.0
8.0
6400.0
86.5
6400.0
0.5
6400.0
129.0
6400.0
22.0
6400.0
15.0
6400.0
67.5
6400.0
36.0
6400.0
5.5
6400.0
10.5
6400.0
1.0
6400.0
15.0
6400.0
29.0
6400.0
1.0
6400.0
7.0
6400.0
84.0
6400.0
3.0
6400.0
49.5
6400.0
310.0
6400.0
261.5
6400.0
13.5
6400.0
35.5
6400.0
289.0
6400.0
129.5
6400.0
64.5
6400.0
1.0
6400.0
672.0
6400.0
77.0
6400.0
5.5
6400.0
10.0
6400.0
8.5
6400.0
73.5
6400.0
180.0
6400.0
62.5
6400.0
53.5
6400.0
54.0
6400.0
137.0
6400.0
1.5
6400.0
1.5
6400.0
11.5
6400.0
1.0
6400.0
6.0
6400.0
89.5
6400.0
1959.0
6400.0
384.5
6400.0
1.5
6400.0
49.5
6400.0
5.5
6400.0
69.0
6400.0
6.0
6400.0
249.0
6400.0
6.0
6400.0
71.5
6400.0
61.0
6400.0
87.0
6400.0
452.5
6400.0
701.0
6400.0
174.5
6400.0
113.5
6400.0
354.5
6400.0
28.5
6400.0
53.0
6400.0
5.5
6400.0
438.5
6400.0
8.5
6400.0
68.5
6400.0
225.0
6400.0
8235.0
6400.0
0.5
6400.0
25.5
6400.0
41.0
6400.0
193.5
6400.0
44.0
6400.0
140.5
6400.0
14.5
6400.0
118.5
6400.0
399.5
6400.0
478.5
6400.0
187.0
6400.0
132.5
6400.0
258.5
6400.0
161.5
6400.0
241.0
6400.0
9.0
6400.0
137.5
6400.0
367.5
6400.0
1551212.0
6400.0
Number of filtered contours: 2
Number of hole contours: 8
Number of tissue contours: 2
Number of hole contours: 2
Final number of tissue contours: 2
Final number of hole contours: 2
Segmentation completed in 0.74 seconds
Mask saved at: /nemo/project/proj-tracerx-lung/tctProjects/kilimo/TracerX_WSIs/20X/patches/masks/LTX0418_A7_SU.jpg
Creating patches for:  LTX0418_A7_SU ...
Total number of contours to process:  2
Bounding Box: 24640 13248 14273 13057
Contour Area: 36597760.0
Extracted 139 coordinates
Bounding Box: 6784 8384 98625 94081
Contour Area: 6607005696.0
Extracted 19646 coordinates
original size: 115200 x 109824
downscaled size for stiching: 1800 x 1716
start stitching LTX0418_A7_SU
number of patches: 19785
patch size: 580 x 580 patch level: 0
ref patch size: (np.int32(580), np.int32(580)) x (np.int32(580), np.int32(580))
downscaled patch size: 10x10
segmentation took 0.7398455142974854 seconds
patching took 0.8168485164642334 seconds
stitching took 1.5862596035003662 seconds


progress: 0.63, 76/121
processing LTX0418_SU.ndpi
MPP X: 0.22049744222967013, MPP Y: 0.22049744222967013
metadata microns per pixel 0.22049744222967013
Patch size for this slide is 580
Using custom parameters for slide: LTX0418_SU
Visualization parameters: {'vis_level': np.int8(-1), 'line_thickness': np.uint32(150)}
Filter parameters: {'a_t': np.float32(100.0), 'a_h': np.float32(16.0), 'max_n_holes': np.uint32(8)}
Segmentation parameters: {'seg_level': np.int8(-1), 'sthresh': np.uint8(15), 'mthresh': np.uint8(11), 'close': np.uint32(4), 'use_otsu': np.False_, 'keep_ids': 'none', 'exclude_ids': 'none', 'remove_markings': np.False_}
Patch parameters: {'use_padding': np.True_, 'contour_fn': 'four_pt'}
Visualization level set to: 6
Segmentation level set to: 6
Keep IDs: []
Exclude IDs: []
Image shape: (1628, 1800, 4)
HSV image shape: (1628, 1800, 3)
Median blurred image shape: (1628, 1800)
Otsu thresholded image shape: (1628, 1800)
Filter params: {'a_t': np.float32(6400.0), 'a_h': np.float32(1024.0), 'max_n_holes': np.uint32(8)}
Number of contours: 283
Number of foreground contours: 99
51.0
6400.0
175.5
6400.0
8.5
6400.0
62.0
6400.0
41.0
6400.0
0.5
6400.0
7.0
6400.0
4.0
6400.0
77.0
6400.0
15.5
6400.0
165.0
6400.0
26.5
6400.0
8.5
6400.0
4.0
6400.0
15.0
6400.0
7.0
6400.0
118.5
6400.0
71.5
6400.0
9.5
6400.0
233.5
6400.0
40.0
6400.0
1.5
6400.0
51.0
6400.0
24.5
6400.0
139.5
6400.0
227.0
6400.0
156.5
6400.0
775.0
6400.0
164.5
6400.0
29.5
6400.0
82.5
6400.0
28.5
6400.0
25.5
6400.0
14.5
6400.0
218.0
6400.0
83.0
6400.0
59.5
6400.0
37.0
6400.0
766.5
6400.0
128.5
6400.0
21.0
6400.0
72.0
6400.0
1.0
6400.0
7.0
6400.0
53.5
6400.0
103.5
6400.0
30.0
6400.0
128.5
6400.0
36.5
6400.0
67.0
6400.0
31.5
6400.0
68.0
6400.0
64.5
6400.0
9.5
6400.0
78.5
6400.0
96.5
6400.0
0.5
6400.0
3.0
6400.0
1.5
6400.0
3.0
6400.0
75.0
6400.0
474.5
6400.0
48.5
6400.0
523.0
6400.0
0.5
6400.0
72.5
6400.0
107.5
6400.0
105.0
6400.0
168.0
6400.0
126.5
6400.0
12.5
6400.0
51.5
6400.0
98.0
6400.0
48.0
6400.0
30.5
6400.0
12.0
6400.0
235.0
6400.0
49.0
6400.0
414.0
6400.0
571.5
6400.0
154.5
6400.0
1601301.0
6400.0
Number of filtered contours: 1
Number of hole contours: 8
Number of tissue contours: 1
Number of hole contours: 1
Final number of tissue contours: 1
Final number of hole contours: 1
Segmentation completed in 0.69 seconds
Mask saved at: /nemo/project/proj-tracerx-lung/tctProjects/kilimo/TracerX_WSIs/20X/patches/masks/LTX0418_SU.jpg
Creating patches for:  LTX0418_SU ...
Total number of contours to process:  1
Bounding Box: 1728 5120 108097 93953
Contour Area: 6899968000.0
Extracted 20355 coordinates
original size: 115200 x 104192
downscaled size for stiching: 1800 x 1628
start stitching LTX0418_SU
number of patches: 20355
patch size: 580 x 580 patch level: 0
ref patch size: (np.int32(580), np.int32(580)) x (np.int32(580), np.int32(580))
downscaled patch size: 10x10
segmentation took 0.6882092952728271 seconds
patching took 0.9330976009368896 seconds
stitching took 1.6204745769500732 seconds


progress: 0.64, 77/121
processing LTX0424_A2_SU.ndpi
MPP X: 0.22049744222967013, MPP Y: 0.22049744222967013
metadata microns per pixel 0.22049744222967013
Patch size for this slide is 580
Using custom parameters for slide: LTX0424_A2_SU
Visualization parameters: {'vis_level': np.int8(-1), 'line_thickness': np.uint32(150)}
Filter parameters: {'a_t': np.float32(100.0), 'a_h': np.float32(16.0), 'max_n_holes': np.uint32(8)}
Segmentation parameters: {'seg_level': np.int8(-1), 'sthresh': np.uint8(15), 'mthresh': np.uint8(11), 'close': np.uint32(4), 'use_otsu': np.False_, 'keep_ids': 'none', 'exclude_ids': 'none', 'remove_markings': np.False_}
Patch parameters: {'use_padding': np.True_, 'contour_fn': 'four_pt'}
Visualization level set to: 6
Segmentation level set to: 6
Keep IDs: []
Exclude IDs: []
Image shape: (1672, 2100, 4)
HSV image shape: (1672, 2100, 3)
Median blurred image shape: (1672, 2100)
Otsu thresholded image shape: (1672, 2100)
Filter params: {'a_t': np.float32(6400.0), 'a_h': np.float32(1024.0), 'max_n_holes': np.uint32(8)}
Number of contours: 424
Number of foreground contours: 47
11.0
6400.0
3.0
6400.0
3.5
6400.0
66.0
6400.0
3.5
6400.0
0.5
6400.0
252.5
6400.0
32.0
6400.0
252.5
6400.0
158.5
6400.0
75.0
6400.0
33.0
6400.0
1454.0
6400.0
21.0
6400.0
1232.5
6400.0
26.0
6400.0
186.0
6400.0
65.5
6400.0
52.5
6400.0
177.5
6400.0
8.5
6400.0
151.0
6400.0
22.0
6400.0
35.5
6400.0
32.5
6400.0
13.0
6400.0
3.0
6400.0
12.0
6400.0
45.0
6400.0
105.5
6400.0
3.0
6400.0
190.5
6400.0
110.0
6400.0
8.0
6400.0
1.5
6400.0
8.0
6400.0
14.5
6400.0
1620497.5
6400.0
Number of filtered contours: 1
Number of hole contours: 8
Number of tissue contours: 1
Number of hole contours: 1
Final number of tissue contours: 1
Final number of hole contours: 1
Segmentation completed in 0.81 seconds
Mask saved at: /nemo/project/proj-tracerx-lung/tctProjects/kilimo/TracerX_WSIs/20X/patches/masks/LTX0424_A2_SU.jpg
Creating patches for:  LTX0424_A2_SU ...
Total number of contours to process:  1
Bounding Box: 7296 7680 116865 91265
Contour Area: 7456759808.0
Extracted 21849 coordinates
original size: 134400 x 107008
downscaled size for stiching: 2100 x 1672
start stitching LTX0424_A2_SU
number of patches: 21849
patch size: 580 x 580 patch level: 0
ref patch size: (np.int32(580), np.int32(580)) x (np.int32(580), np.int32(580))
downscaled patch size: 10x10
segmentation took 0.812049388885498 seconds
patching took 1.2634673118591309 seconds
stitching took 1.7322320938110352 seconds


progress: 0.64, 78/121
processing LTX0440_A9_SU.ndpi
MPP X: 0.22049744222967013, MPP Y: 0.22049744222967013
metadata microns per pixel 0.22049744222967013
Patch size for this slide is 580
Using custom parameters for slide: LTX0440_A9_SU
Visualization parameters: {'vis_level': np.int8(-1), 'line_thickness': np.uint32(150)}
Filter parameters: {'a_t': np.float32(100.0), 'a_h': np.float32(16.0), 'max_n_holes': np.uint32(8)}
Segmentation parameters: {'seg_level': np.int8(-1), 'sthresh': np.uint8(15), 'mthresh': np.uint8(11), 'close': np.uint32(4), 'use_otsu': np.False_, 'keep_ids': 'none', 'exclude_ids': 'none', 'remove_markings': np.False_}
Patch parameters: {'use_padding': np.True_, 'contour_fn': 'four_pt'}
Visualization level set to: 6
Segmentation level set to: 6
Keep IDs: []
Exclude IDs: []
Image shape: (1628, 2280, 4)
HSV image shape: (1628, 2280, 3)
Median blurred image shape: (1628, 2280)
Otsu thresholded image shape: (1628, 2280)
Filter params: {'a_t': np.float32(6400.0), 'a_h': np.float32(1024.0), 'max_n_holes': np.uint32(8)}
Number of contours: 297
Number of foreground contours: 72
134.0
6400.0
51.5
6400.0
51.0
6400.0
236.5
6400.0
17.5
6400.0
47.5
6400.0
26.5
6400.0
19.5
6400.0
70.0
6400.0
1.5
6400.0
119.0
6400.0
156.0
6400.0
1.5
6400.0
64.5
6400.0
4.0
6400.0
128.0
6400.0
3.5
6400.0
24.0
6400.0
75.0
6400.0
198.0
6400.0
46.0
6400.0
254.5
6400.0
39.5
6400.0
5.5
6400.0
8.0
6400.0
3.5
6400.0
39.5
6400.0
73.0
6400.0
130.5
6400.0
48.5
6400.0
316.0
6400.0
24.5
6400.0
52.0
6400.0
8.5
6400.0
270.0
6400.0
376.5
6400.0
27.0
6400.0
75.0
6400.0
4.5
6400.0
4.0
6400.0
66.5
6400.0
1.0
6400.0
36.5
6400.0
35.5
6400.0
0.5
6400.0
0.5
6400.0
251.0
6400.0
68.5
6400.0
33.5
6400.0
103.5
6400.0
296.0
6400.0
25.0
6400.0
15.5
6400.0
4.5
6400.0
4.5
6400.0
5.5
6400.0
1.0
6400.0
31.0
6400.0
96.5
6400.0
14.5
6400.0
59.0
6400.0
37.0
6400.0
167.0
6400.0
10.5
6400.0
824247.5
6400.0
76.5
6400.0
491.0
6400.0
442.5
6400.0
Number of filtered contours: 1
Number of hole contours: 8
Number of tissue contours: 1
Number of hole contours: 1
Final number of tissue contours: 1
Final number of hole contours: 1
Segmentation completed in 0.82 seconds
Mask saved at: /nemo/project/proj-tracerx-lung/tctProjects/kilimo/TracerX_WSIs/20X/patches/masks/LTX0440_A9_SU.jpg
Creating patches for:  LTX0440_A9_SU ...
Total number of contours to process:  1
Bounding Box: 7360 8384 103489 87361
Contour Area: 3744831488.0
Extracted 11064 coordinates
original size: 145920 x 104192
downscaled size for stiching: 2280 x 1628
start stitching LTX0440_A9_SU
number of patches: 11064
patch size: 580 x 580 patch level: 0
ref patch size: (np.int32(580), np.int32(580)) x (np.int32(580), np.int32(580))
downscaled patch size: 10x10
segmentation took 0.8235180377960205 seconds
patching took 0.6685643196105957 seconds
stitching took 0.8897051811218262 seconds


progress: 0.65, 79/121
processing LTX0456_F5_SU.ndpi
MPP X: 0.22049744222967013, MPP Y: 0.22049744222967013
metadata microns per pixel 0.22049744222967013
Patch size for this slide is 580
Using custom parameters for slide: LTX0456_F5_SU
Visualization parameters: {'vis_level': np.int8(-1), 'line_thickness': np.uint32(150)}
Filter parameters: {'a_t': np.float32(100.0), 'a_h': np.float32(16.0), 'max_n_holes': np.uint32(8)}
Segmentation parameters: {'seg_level': np.int8(-1), 'sthresh': np.uint8(15), 'mthresh': np.uint8(11), 'close': np.uint32(4), 'use_otsu': np.False_, 'keep_ids': 'none', 'exclude_ids': 'none', 'remove_markings': np.False_}
Patch parameters: {'use_padding': np.True_, 'contour_fn': 'four_pt'}
Visualization level set to: 6
Segmentation level set to: 6
Keep IDs: []
Exclude IDs: []
Image shape: (1452, 2100, 4)
HSV image shape: (1452, 2100, 3)
Median blurred image shape: (1452, 2100)
Otsu thresholded image shape: (1452, 2100)
Filter params: {'a_t': np.float32(6400.0), 'a_h': np.float32(1024.0), 'max_n_holes': np.uint32(8)}
Number of contours: 353
Number of foreground contours: 63
225.0
6400.0
1362.5
6400.0
9.0
6400.0
24.5
6400.0
15.0
6400.0
222.0
6400.0
5.0
6400.0
1336.5
6400.0
46.5
6400.0
131.0
6400.0
21.0
6400.0
62.5
6400.0
436.0
6400.0
59.5
6400.0
85.0
6400.0
64.5
6400.0
5.5
6400.0
770.5
6400.0
323.0
6400.0
46.0
6400.0
4.5
6400.0
13.0
6400.0
1.5
6400.0
8.0
6400.0
534.0
6400.0
13.0
6400.0
27.5
6400.0
507.5
6400.0
54.5
6400.0
52.5
6400.0
544.0
6400.0
5.0
6400.0
451.5
6400.0
26.0
6400.0
157.5
6400.0
3.0
6400.0
151.5
6400.0
88.0
6400.0
32.0
6400.0
24.5
6400.0
76.5
6400.0
27.0
6400.0
38.5
6400.0
205.0
6400.0
15.0
6400.0
2.5
6400.0
34.5
6400.0
11.0
6400.0
33.5
6400.0
162.0
6400.0
4.0
6400.0
95.0
6400.0
7.5
6400.0
61.5
6400.0
190.0
6400.0
208.0
6400.0
1190743.5
6400.0
Number of filtered contours: 1
Number of hole contours: 8
Number of tissue contours: 1
Number of hole contours: 1
Final number of tissue contours: 1
Final number of hole contours: 1
Segmentation completed in 0.70 seconds
Mask saved at: /nemo/project/proj-tracerx-lung/tctProjects/kilimo/TracerX_WSIs/20X/patches/masks/LTX0456_F5_SU.jpg
Creating patches for:  LTX0456_F5_SU ...
Total number of contours to process:  1
Bounding Box: 6784 7680 112193 76929
Contour Area: 5724966912.0
Extracted 16122 coordinates
original size: 134400 x 92928
downscaled size for stiching: 2100 x 1452
start stitching LTX0456_F5_SU
number of patches: 16122
patch size: 580 x 580 patch level: 0
ref patch size: (np.int32(580), np.int32(580)) x (np.int32(580), np.int32(580))
downscaled patch size: 10x10
segmentation took 0.6954531669616699 seconds
patching took 0.8088154792785645 seconds
stitching took 1.2974562644958496 seconds


progress: 0.66, 80/121
processing LTX0461_A3_SU.ndpi
MPP X: 0.22049744222967013, MPP Y: 0.22049744222967013
metadata microns per pixel 0.22049744222967013
Patch size for this slide is 580
Using custom parameters for slide: LTX0461_A3_SU
Visualization parameters: {'vis_level': np.int8(-1), 'line_thickness': np.uint32(150)}
Filter parameters: {'a_t': np.float32(100.0), 'a_h': np.float32(16.0), 'max_n_holes': np.uint32(8)}
Segmentation parameters: {'seg_level': np.int8(-1), 'sthresh': np.uint8(15), 'mthresh': np.uint8(11), 'close': np.uint32(4), 'use_otsu': np.False_, 'keep_ids': 'none', 'exclude_ids': 'none', 'remove_markings': np.False_}
Patch parameters: {'use_padding': np.True_, 'contour_fn': 'four_pt'}
Visualization level set to: 6
Segmentation level set to: 6
Keep IDs: []
Exclude IDs: []
Image shape: (1584, 1980, 4)
HSV image shape: (1584, 1980, 3)
Median blurred image shape: (1584, 1980)
Otsu thresholded image shape: (1584, 1980)
Filter params: {'a_t': np.float32(6400.0), 'a_h': np.float32(1024.0), 'max_n_holes': np.uint32(8)}
Number of contours: 467
Number of foreground contours: 128
1.5
6400.0
20.0
6400.0
47.5
6400.0
39.5
6400.0
129.0
6400.0
282.5
6400.0
47.0
6400.0
316.5
6400.0
217.5
6400.0
8.5
6400.0
7.0
6400.0
31.0
6400.0
43.0
6400.0
183.5
6400.0
443.0
6400.0
1.5
6400.0
210.5
6400.0
145.0
6400.0
109.5
6400.0
166.5
6400.0
139.0
6400.0
61.5
6400.0
612.0
6400.0
46.5
6400.0
4.0
6400.0
2592.5
6400.0
94.5
6400.0
901.5
6400.0
751.5
6400.0
13828.5
6400.0
11.5
6400.0
18.0
6400.0
2.5
6400.0
9.0
6400.0
42.0
6400.0
231.5
6400.0
281.0
6400.0
131.0
6400.0
13352.0
6400.0
106.5
6400.0
171.0
6400.0
202.0
6400.0
21.0
6400.0
2137.0
6400.0
851.0
6400.0
312.5
6400.0
228.0
6400.0
7.0
6400.0
192.5
6400.0
91.5
6400.0
292.0
6400.0
8902.0
6400.0
228.0
6400.0
2.0
6400.0
121.0
6400.0
110.5
6400.0
357.0
6400.0
119.0
6400.0
198.5
6400.0
141.5
6400.0
77.0
6400.0
1249.5
6400.0
5.5
6400.0
3.5
6400.0
7.5
6400.0
133.0
6400.0
96.0
6400.0
197.5
6400.0
133.0
6400.0
462.0
6400.0
68.0
6400.0
21.0
6400.0
332.5
6400.0
8.5
6400.0
373.5
6400.0
80.0
6400.0
169.5
6400.0
137.0
6400.0
542.0
6400.0
61.0
6400.0
745.0
6400.0
46.0
6400.0
82.5
6400.0
53.5
6400.0
21.0
6400.0
706.5
6400.0
1.0
6400.0
44.0
6400.0
0.5
6400.0
238.0
6400.0
13.5
6400.0
337.0
6400.0
356.5
6400.0
694.0
6400.0
1365.5
6400.0
2.5
6400.0
137.0
6400.0
239.0
6400.0
68.5
6400.0
1282.0
6400.0
312.5
6400.0
112.5
6400.0
689.5
6400.0
1813.5
6400.0
4354.0
6400.0
5524.5
6400.0
1850.0
6400.0
88.0
6400.0
15.5
6400.0
340.0
6400.0
455.5
6400.0
16.0
6400.0
3216.0
6400.0
1873.0
6400.0
420.0
6400.0
5.0
6400.0
108.5
6400.0
62.5
6400.0
2347.0
6400.0
458.5
6400.0
83.5
6400.0
2.5
6400.0
2545.0
6400.0
81.0
6400.0
1607984.5
6400.0
3965.5
6400.0
Number of filtered contours: 4
Number of hole contours: 9
Number of tissue contours: 4
Number of hole contours: 4
Final number of tissue contours: 4
Final number of hole contours: 4
Segmentation completed in 0.74 seconds
Mask saved at: /nemo/project/proj-tracerx-lung/tctProjects/kilimo/TracerX_WSIs/20X/patches/masks/LTX0461_A3_SU.jpg
Creating patches for:  LTX0461_A3_SU ...
Total number of contours to process:  4
Bounding Box: 77440 92864 17537 8449
Contour Area: 60538880.0
Extracted 238 coordinates
Bounding Box: 59392 89344 15233 11585
Contour Area: 60862464.0
Extracted 221 coordinates
Bounding Box: 96192 82816 12097 9025
Contour Area: 48187392.0
Extracted 135 coordinates
Bounding Box: 4096 1408 116673 97921
Contour Area: 7296966656.0
Extracted 21228 coordinates
original size: 126720 x 101376
downscaled size for stiching: 1980 x 1584
start stitching LTX0461_A3_SU
number of patches: 21822
patch size: 580 x 580 patch level: 0
ref patch size: (np.int32(580), np.int32(580)) x (np.int32(580), np.int32(580))
downscaled patch size: 10x10
segmentation took 0.7437801361083984 seconds
patching took 1.1941065788269043 seconds
stitching took 1.7486398220062256 seconds


progress: 0.67, 81/121
processing LTX0472_A4_SU.ndpi
MPP X: 0.22049744222967013, MPP Y: 0.22049744222967013
metadata microns per pixel 0.22049744222967013
Patch size for this slide is 580
Using custom parameters for slide: LTX0472_A4_SU
Visualization parameters: {'vis_level': np.int8(-1), 'line_thickness': np.uint32(150)}
Filter parameters: {'a_t': np.float32(100.0), 'a_h': np.float32(16.0), 'max_n_holes': np.uint32(8)}
Segmentation parameters: {'seg_level': np.int8(-1), 'sthresh': np.uint8(15), 'mthresh': np.uint8(11), 'close': np.uint32(4), 'use_otsu': np.False_, 'keep_ids': 'none', 'exclude_ids': 'none', 'remove_markings': np.False_}
Patch parameters: {'use_padding': np.True_, 'contour_fn': 'four_pt'}
Visualization level set to: 6
Segmentation level set to: 6
Keep IDs: []
Exclude IDs: []
Image shape: (1496, 2100, 4)
HSV image shape: (1496, 2100, 3)
Median blurred image shape: (1496, 2100)
Otsu thresholded image shape: (1496, 2100)
Filter params: {'a_t': np.float32(6400.0), 'a_h': np.float32(1024.0), 'max_n_holes': np.uint32(8)}
Number of contours: 463
Number of foreground contours: 156
2.0
6400.0
27.0
6400.0
45.0
6400.0
14.0
6400.0
47.0
6400.0
150.0
6400.0
8780.5
6400.0
71.5
6400.0
397.5
6400.0
0.5
6400.0
316.0
6400.0
96.5
6400.0
4.0
6400.0
202.0
6400.0
122.5
6400.0
3933.0
6400.0
96.5
6400.0
70.5
6400.0
18.0
6400.0
217.5
6400.0
41672.5
6400.0
1800.5
6400.0
118.5
6400.0
752.5
6400.0
139.5
6400.0
2933.0
6400.0
43.0
6400.0
336.0
6400.0
39.0
6400.0
189.5
6400.0
6.0
6400.0
26.0
6400.0
76.5
6400.0
18.0
6400.0
120.0
6400.0
7.0
6400.0
57.5
6400.0
108.5
6400.0
83.0
6400.0
233.0
6400.0
93.0
6400.0
41.5
6400.0
2.0
6400.0
1489.5
6400.0
253.0
6400.0
56.5
6400.0
12.0
6400.0
656.0
6400.0
27.5
6400.0
53.0
6400.0
9.5
6400.0
578.0
6400.0
6.0
6400.0
26.5
6400.0
410.5
6400.0
199.5
6400.0
1606.0
6400.0
35.5
6400.0
28.5
6400.0
659.5
6400.0
478.5
6400.0
56.5
6400.0
74.0
6400.0
1404.5
6400.0
49.5
6400.0
542.5
6400.0
11.0
6400.0
614.5
6400.0
9.0
6400.0
49.5
6400.0
196.5
6400.0
5944.5
6400.0
76.0
6400.0
141.0
6400.0
13.0
6400.0
218.0
6400.0
7.0
6400.0
28.0
6400.0
15.5
6400.0
179.5
6400.0
197.0
6400.0
117.0
6400.0
145.5
6400.0
36.0
6400.0
100.0
6400.0
163.5
6400.0
43.5
6400.0
31.0
6400.0
72.0
6400.0
10112.0
6400.0
543.0
6400.0
27.0
6400.0
130.5
6400.0
671080.5
6400.0
2904.5
6400.0
7.5
6400.0
15.5
6400.0
144.0
6400.0
7.5
6400.0
3.0
6400.0
32.5
6400.0
196.5
6400.0
123.0
6400.0
98.5
6400.0
1697.5
6400.0
1450.5
6400.0
926.0
6400.0
261.0
6400.0
116.0
6400.0
1792.5
6400.0
913.0
6400.0
18.0
6400.0
2710.5
6400.0
37.0
6400.0
24679.5
6400.0
4506.5
6400.0
5.0
6400.0
0.5
6400.0
183.5
6400.0
667.0
6400.0
75.0
6400.0
43.5
6400.0
149.0
6400.0
9102.5
6400.0
21.0
6400.0
1324.0
6400.0
9.0
6400.0
983.0
6400.0
1.0
6400.0
292.5
6400.0
830.0
6400.0
34.0
6400.0
1886.5
6400.0
586.5
6400.0
34.0
6400.0
76.5
6400.0
7.0
6400.0
10.5
6400.0
16.5
6400.0
4261.0
6400.0
42.5
6400.0
26.0
6400.0
11.0
6400.0
113.0
6400.0
1158.0
6400.0
429.5
6400.0
448.5
6400.0
60.0
6400.0
Number of filtered contours: 6
Number of hole contours: 10
Number of tissue contours: 6
Number of hole contours: 6
Final number of tissue contours: 6
Final number of hole contours: 6
Segmentation completed in 0.73 seconds
Mask saved at: /nemo/project/proj-tracerx-lung/tctProjects/kilimo/TracerX_WSIs/20X/patches/masks/LTX0472_A4_SU.jpg
Creating patches for:  LTX0472_A4_SU ...
Total number of contours to process:  6
Bounding Box: 105152 82112 6593 8769
Contour Area: 37529600.0
Extracted 126 coordinates
Bounding Box: 78272 65536 16577 30145
Contour Area: 181178368.0
Extracted 613 coordinates
Bounding Box: 23552 20288 13697 8769
Contour Area: 42659840.0
Extracted 156 coordinates
Bounding Box: 4096 18304 95361 73473
Contour Area: 3223844864.0
Extracted 9807 coordinates
Bounding Box: 28608 11520 24257 12161
Contour Area: 115421184.0
Extracted 358 coordinates
Bounding Box: 17984 10176 12801 10305
Contour Area: 40361984.0
Extracted 153 coordinates
original size: 134400 x 95744
downscaled size for stiching: 2100 x 1496
start stitching LTX0472_A4_SU
number of patches: 11213
patch size: 580 x 580 patch level: 0
ref patch size: (np.int32(580), np.int32(580)) x (np.int32(580), np.int32(580))
downscaled patch size: 10x10
segmentation took 0.7312018871307373 seconds
patching took 1.1428914070129395 seconds
stitching took 0.996910810470581 seconds


progress: 0.68, 82/121
processing LTX0484_B4_SU.ndpi
MPP X: 0.22049744222967013, MPP Y: 0.22049744222967013
metadata microns per pixel 0.22049744222967013
Patch size for this slide is 580
Using custom parameters for slide: LTX0484_B4_SU
Visualization parameters: {'vis_level': np.int8(-1), 'line_thickness': np.uint32(150)}
Filter parameters: {'a_t': np.float32(100.0), 'a_h': np.float32(16.0), 'max_n_holes': np.uint32(8)}
Segmentation parameters: {'seg_level': np.int8(-1), 'sthresh': np.uint8(15), 'mthresh': np.uint8(11), 'close': np.uint32(4), 'use_otsu': np.False_, 'keep_ids': 'none', 'exclude_ids': 'none', 'remove_markings': np.False_}
Patch parameters: {'use_padding': np.True_, 'contour_fn': 'four_pt'}
Visualization level set to: 6
Segmentation level set to: 6
Keep IDs: []
Exclude IDs: []
Image shape: (1628, 1920, 4)
HSV image shape: (1628, 1920, 3)
Median blurred image shape: (1628, 1920)
Otsu thresholded image shape: (1628, 1920)
Filter params: {'a_t': np.float32(6400.0), 'a_h': np.float32(1024.0), 'max_n_holes': np.uint32(8)}
Number of contours: 239
Number of foreground contours: 25
17.0
6400.0
105.0
6400.0
4.0
6400.0
762.5
6400.0
2.5
6400.0
61.5
6400.0
16.5
6400.0
601.5
6400.0
98.0
6400.0
377.0
6400.0
41.5
6400.0
427.5
6400.0
15.5
6400.0
47.0
6400.0
180.5
6400.0
63.5
6400.0
1317.5
6400.0
428.0
6400.0
161.5
6400.0
38.5
6400.0
34.0
6400.0
168.0
6400.0
1227596.0
6400.0
281.0
6400.0
Number of filtered contours: 1
Number of hole contours: 8
Number of tissue contours: 1
Number of hole contours: 1
Final number of tissue contours: 1
Final number of hole contours: 1
Segmentation completed in 0.81 seconds
Mask saved at: /nemo/project/proj-tracerx-lung/tctProjects/kilimo/TracerX_WSIs/20X/patches/masks/LTX0484_B4_SU.jpg
Creating patches for:  LTX0484_B4_SU ...
Total number of contours to process:  1
Bounding Box: 7296 8576 99009 86401
Contour Area: 5541720064.0
Extracted 16390 coordinates
original size: 122880 x 104192
downscaled size for stiching: 1920 x 1628
start stitching LTX0484_B4_SU
number of patches: 16390
patch size: 580 x 580 patch level: 0
ref patch size: (np.int32(580), np.int32(580)) x (np.int32(580), np.int32(580))
downscaled patch size: 10x10
segmentation took 0.8058061599731445 seconds
patching took 0.8070752620697021 seconds
stitching took 1.4672868251800537 seconds


progress: 0.69, 83/121
processing LTX0490_A4_SU.ndpi
MPP X: 0.22049744222967013, MPP Y: 0.22049744222967013
metadata microns per pixel 0.22049744222967013
Patch size for this slide is 580
Using custom parameters for slide: LTX0490_A4_SU
Visualization parameters: {'vis_level': np.int8(-1), 'line_thickness': np.uint32(150)}
Filter parameters: {'a_t': np.float32(100.0), 'a_h': np.float32(16.0), 'max_n_holes': np.uint32(8)}
Segmentation parameters: {'seg_level': np.int8(-1), 'sthresh': np.uint8(15), 'mthresh': np.uint8(11), 'close': np.uint32(4), 'use_otsu': np.False_, 'keep_ids': 'none', 'exclude_ids': 'none', 'remove_markings': np.False_}
Patch parameters: {'use_padding': np.True_, 'contour_fn': 'four_pt'}
Visualization level set to: 6
Segmentation level set to: 6
Keep IDs: []
Exclude IDs: []
Image shape: (1452, 2340, 4)
HSV image shape: (1452, 2340, 3)
Median blurred image shape: (1452, 2340)
Otsu thresholded image shape: (1452, 2340)
Filter params: {'a_t': np.float32(6400.0), 'a_h': np.float32(1024.0), 'max_n_holes': np.uint32(8)}
Number of contours: 469
Number of foreground contours: 6
21.0
6400.0
30.5
6400.0
1017.5
6400.0
1427917.5
6400.0
Number of filtered contours: 1
Number of hole contours: 8
Number of tissue contours: 1
Number of hole contours: 1
Final number of tissue contours: 1
Final number of hole contours: 1
Segmentation completed in 0.82 seconds
Mask saved at: /nemo/project/proj-tracerx-lung/tctProjects/kilimo/TracerX_WSIs/20X/patches/masks/LTX0490_A4_SU.jpg
Creating patches for:  LTX0490_A4_SU ...
Total number of contours to process:  1
Bounding Box: 6656 6976 131393 78721
Contour Area: 6440042496.0
Extracted 19067 coordinates
original size: 149760 x 92928
downscaled size for stiching: 2340 x 1452
start stitching LTX0490_A4_SU
number of patches: 19067
patch size: 580 x 580 patch level: 0
ref patch size: (np.int32(580), np.int32(580)) x (np.int32(580), np.int32(580))
downscaled patch size: 10x10
segmentation took 0.8229882717132568 seconds
patching took 0.9181370735168457 seconds
stitching took 1.6238665580749512 seconds


progress: 0.69, 84/121
processing LTX0491_SU.ndpi
MPP X: 0.22049744222967013, MPP Y: 0.22049744222967013
metadata microns per pixel 0.22049744222967013
Patch size for this slide is 580
Using custom parameters for slide: LTX0491_SU
Visualization parameters: {'vis_level': np.int8(-1), 'line_thickness': np.uint32(150)}
Filter parameters: {'a_t': np.float32(100.0), 'a_h': np.float32(16.0), 'max_n_holes': np.uint32(8)}
Segmentation parameters: {'seg_level': np.int8(-1), 'sthresh': np.uint8(15), 'mthresh': np.uint8(11), 'close': np.uint32(4), 'use_otsu': np.False_, 'keep_ids': 'none', 'exclude_ids': 'none', 'remove_markings': np.False_}
Patch parameters: {'use_padding': np.True_, 'contour_fn': 'four_pt'}
Visualization level set to: 6
Segmentation level set to: 6
Keep IDs: []
Exclude IDs: []
Image shape: (1628, 2640, 4)
HSV image shape: (1628, 2640, 3)
Median blurred image shape: (1628, 2640)
Otsu thresholded image shape: (1628, 2640)
Filter params: {'a_t': np.float32(6400.0), 'a_h': np.float32(1024.0), 'max_n_holes': np.uint32(8)}
Number of contours: 179
Number of foreground contours: 39
15.5
6400.0
464.5
6400.0
45.5
6400.0
183.5
6400.0
24.0
6400.0
1223.5
6400.0
47.5
6400.0
27.5
6400.0
143.5
6400.0
12.5
6400.0
265.5
6400.0
137.5
6400.0
613.0
6400.0
1.0
6400.0
18.0
6400.0
98.0
6400.0
65.0
6400.0
775.0
6400.0
26.0
6400.0
99.0
6400.0
89.5
6400.0
83.0
6400.0
115.0
6400.0
74.0
6400.0
21.5
6400.0
98.0
6400.0
37.5
6400.0
2.0
6400.0
8735.5
6400.0
0.5
6400.0
36.0
6400.0
226.0
6400.0
189.0
6400.0
288.0
6400.0
12.5
6400.0
81.0
6400.0
1794207.0
6400.0
Number of filtered contours: 2
Number of hole contours: 8
Number of tissue contours: 2
Number of hole contours: 2
Final number of tissue contours: 2
Final number of hole contours: 2
Segmentation completed in 1.01 seconds
Mask saved at: /nemo/project/proj-tracerx-lung/tctProjects/kilimo/TracerX_WSIs/20X/patches/masks/LTX0491_SU.jpg
Creating patches for:  LTX0491_SU ...
Total number of contours to process:  2
Bounding Box: 96512 26112 11265 5825
Contour Area: 35780608.0
Extracted 129 coordinates
Bounding Box: 6592 7616 153025 92481
Contour Area: 7681462272.0
Extracted 22678 coordinates
original size: 168960 x 104192
downscaled size for stiching: 2640 x 1628
start stitching LTX0491_SU
number of patches: 22807
patch size: 580 x 580 patch level: 0
ref patch size: (np.int32(580), np.int32(580)) x (np.int32(580), np.int32(580))
downscaled patch size: 10x10
segmentation took 1.0117125511169434 seconds
patching took 1.4007337093353271 seconds
stitching took 1.8859539031982422 seconds


progress: 0.70, 85/121
processing LTX0496_A4_SU.ndpi
MPP X: 0.22049744222967013, MPP Y: 0.22049744222967013
metadata microns per pixel 0.22049744222967013
Patch size for this slide is 580
Using custom parameters for slide: LTX0496_A4_SU
Visualization parameters: {'vis_level': np.int8(-1), 'line_thickness': np.uint32(150)}
Filter parameters: {'a_t': np.float32(100.0), 'a_h': np.float32(16.0), 'max_n_holes': np.uint32(8)}
Segmentation parameters: {'seg_level': np.int8(-1), 'sthresh': np.uint8(15), 'mthresh': np.uint8(11), 'close': np.uint32(4), 'use_otsu': np.False_, 'keep_ids': 'none', 'exclude_ids': 'none', 'remove_markings': np.False_}
Patch parameters: {'use_padding': np.True_, 'contour_fn': 'four_pt'}
Visualization level set to: 6
Segmentation level set to: 6
Keep IDs: []
Exclude IDs: []
Image shape: (1716, 2700, 4)
HSV image shape: (1716, 2700, 3)
Median blurred image shape: (1716, 2700)
Otsu thresholded image shape: (1716, 2700)
Filter params: {'a_t': np.float32(6400.0), 'a_h': np.float32(1024.0), 'max_n_holes': np.uint32(8)}
Number of contours: 463
Number of foreground contours: 240
8.0
6400.0
119.0
6400.0
98.0
6400.0
190.0
6400.0
22.0
6400.0
11.5
6400.0
30.0
6400.0
593.0
6400.0
2.5
6400.0
72.5
6400.0
53.0
6400.0
406.5
6400.0
682.0
6400.0
117.0
6400.0
46.0
6400.0
0.5
6400.0
72.5
6400.0
184.0
6400.0
38.5
6400.0
217.5
6400.0
141.5
6400.0
61.0
6400.0
364.5
6400.0
373.5
6400.0
17.0
6400.0
19.5
6400.0
946.0
6400.0
2013.5
6400.0
2.0
6400.0
159.0
6400.0
488.0
6400.0
12.0
6400.0
52.0
6400.0
176.5
6400.0
184.0
6400.0
14.0
6400.0
12.5
6400.0
5.5
6400.0
6447.0
6400.0
69.5
6400.0
12.0
6400.0
6.0
6400.0
48.5
6400.0
24.0
6400.0
131.5
6400.0
57.0
6400.0
7.0
6400.0
53.0
6400.0
38.5
6400.0
136.5
6400.0
8.5
6400.0
21.5
6400.0
0.5
6400.0
23.5
6400.0
133.0
6400.0
3.5
6400.0
52.5
6400.0
82.5
6400.0
45.5
6400.0
9.5
6400.0
83.5
6400.0
134.0
6400.0
27.0
6400.0
10.5
6400.0
122.5
6400.0
0.5
6400.0
10.0
6400.0
2.5
6400.0
9.5
6400.0
4152.0
6400.0
27.5
6400.0
102.0
6400.0
1251.0
6400.0
15.5
6400.0
6.5
6400.0
111.5
6400.0
33.5
6400.0
42.0
6400.0
17.5
6400.0
17.5
6400.0
23.5
6400.0
69.0
6400.0
40.0
6400.0
375.5
6400.0
61.5
6400.0
155.5
6400.0
150.5
6400.0
89.0
6400.0
1.0
6400.0
46.0
6400.0
47.5
6400.0
748.0
6400.0
82.0
6400.0
109.0
6400.0
31.0
6400.0
1.5
6400.0
442.0
6400.0
353.0
6400.0
193.5
6400.0
2.5
6400.0
12.0
6400.0
26.5
6400.0
147.5
6400.0
914.5
6400.0
27.0
6400.0
47.0
6400.0
967.0
6400.0
5.5
6400.0
7.0
6400.0
231.5
6400.0
24.5
6400.0
1391.5
6400.0
2994.5
6400.0
611.5
6400.0
41.0
6400.0
112.0
6400.0
7.0
6400.0
43.0
6400.0
250.5
6400.0
5.0
6400.0
87.0
6400.0
191.5
6400.0
69.5
6400.0
64.5
6400.0
42.5
6400.0
19.0
6400.0
18.0
6400.0
122.0
6400.0
11.5
6400.0
36.0
6400.0
41.0
6400.0
0.5
6400.0
6.5
6400.0
203.0
6400.0
42.0
6400.0
85.5
6400.0
195.5
6400.0
66.5
6400.0
140.0
6400.0
13.5
6400.0
21.0
6400.0
21.5
6400.0
107.0
6400.0
24.0
6400.0
35.0
6400.0
52.0
6400.0
56.0
6400.0
964.0
6400.0
718.0
6400.0
97.0
6400.0
74.0
6400.0
143.0
6400.0
143.0
6400.0
1000398.5
6400.0
190994.5
6400.0
4305.0
6400.0
6.0
6400.0
13.0
6400.0
12.5
6400.0
34.0
6400.0
19.0
6400.0
84.5
6400.0
11.5
6400.0
204.5
6400.0
316.0
6400.0
46.5
6400.0
200.0
6400.0
310.5
6400.0
73.0
6400.0
29.0
6400.0
33.0
6400.0
12.5
6400.0
28.5
6400.0
6.0
6400.0
21.0
6400.0
30.5
6400.0
99.5
6400.0
238.0
6400.0
284.0
6400.0
293.0
6400.0
236.5
6400.0
180.5
6400.0
493.0
6400.0
296.5
6400.0
321.0
6400.0
251.5
6400.0
77.5
6400.0
3.0
6400.0
1.0
6400.0
17.0
6400.0
50.0
6400.0
16.0
6400.0
37.0
6400.0
24.0
6400.0
65.0
6400.0
384.5
6400.0
313.5
6400.0
22.0
6400.0
4.0
6400.0
5.0
6400.0
2.0
6400.0
1300.0
6400.0
8.0
6400.0
8.0
6400.0
11.0
6400.0
6.0
6400.0
4.0
6400.0
5866.0
6400.0
194.0
6400.0
Number of filtered contours: 3
Number of hole contours: 8
Number of tissue contours: 3
Number of hole contours: 3
Final number of tissue contours: 3
Final number of hole contours: 3
Segmentation completed in 1.05 seconds
Mask saved at: /nemo/project/proj-tracerx-lung/tctProjects/kilimo/TracerX_WSIs/20X/patches/masks/LTX0496_A4_SU.jpg
Creating patches for:  LTX0496_A4_SU ...
Total number of contours to process:  3
Bounding Box: 21504 73856 6913 6337
Contour Area: 26542080.0
Extracted 89 coordinates
Bounding Box: 21632 6912 125889 94913
Contour Area: 4708478976.0
Extracted 13447 coordinates
Bounding Box: 0 4992 10049 104769
Contour Area: 782776320.0
Extracted 2384 coordinates
original size: 172800 x 109824
downscaled size for stiching: 2700 x 1716
start stitching LTX0496_A4_SU
number of patches: 15920
patch size: 580 x 580 patch level: 0
ref patch size: (np.int32(580), np.int32(580)) x (np.int32(580), np.int32(580))
downscaled patch size: 10x10
segmentation took 1.053694725036621 seconds
patching took 1.5492069721221924 seconds
stitching took 1.3427934646606445 seconds


progress: 0.71, 86/121
processing LTX0503_B3_SU.ndpi
MPP X: 0.22815423226100845, MPP Y: 0.22814382186530388
metadata microns per pixel 0.22815423226100845
Patch size for this slide is 561
Using custom parameters for slide: LTX0503_B3_SU
Visualization parameters: {'vis_level': np.int8(-1), 'line_thickness': np.uint32(150)}
Filter parameters: {'a_t': np.float32(100.0), 'a_h': np.float32(16.0), 'max_n_holes': np.uint32(8)}
Segmentation parameters: {'seg_level': np.int8(-1), 'sthresh': np.uint8(15), 'mthresh': np.uint8(11), 'close': np.uint32(4), 'use_otsu': np.False_, 'keep_ids': 'none', 'exclude_ids': 'none', 'remove_markings': np.False_}
Patch parameters: {'use_padding': np.True_, 'contour_fn': 'four_pt'}
Visualization level set to: 6
Segmentation level set to: 6
Keep IDs: []
Exclude IDs: []
Image shape: (1592, 1728, 4)
HSV image shape: (1592, 1728, 3)
Median blurred image shape: (1592, 1728)
Otsu thresholded image shape: (1592, 1728)
Filter params: {'a_t': np.float32(6400.0), 'a_h': np.float32(1024.0), 'max_n_holes': np.uint32(8)}
Number of contours: 246
Number of foreground contours: 8
2.0
6400.0
34.5
6400.0
44.5
6400.0
159.0
6400.0
7.5
6400.0
6.0
6400.0
2.0
6400.0
2074730.5
6400.0
Number of filtered contours: 1
Number of hole contours: 8
Number of tissue contours: 1
Number of hole contours: 1
Final number of tissue contours: 1
Final number of hole contours: 1
Segmentation completed in 0.11 seconds
Mask saved at: /nemo/project/proj-tracerx-lung/tctProjects/kilimo/TracerX_WSIs/20X/patches/masks/LTX0503_B3_SU.jpg
Creating patches for:  LTX0503_B3_SU ...
Total number of contours to process:  1
Bounding Box: 2496 832 105665 99201
Contour Area: 8961814528.0
Extracted 28107 coordinates
original size: 110592 x 101888
downscaled size for stiching: 1728 x 1592
start stitching LTX0503_B3_SU
number of patches: 28107
patch size: 561 x 561 patch level: 0
ref patch size: (np.int32(561), np.int32(561)) x (np.int32(561), np.int32(561))
downscaled patch size: 9x9
segmentation took 0.11237049102783203 seconds
patching took 1.035315990447998 seconds
stitching took 1.754215955734253 seconds


progress: 0.72, 87/121
processing LTX0505_1E_SU.ndpi
MPP X: 0.22049744222967013, MPP Y: 0.22049744222967013
metadata microns per pixel 0.22049744222967013
Patch size for this slide is 580
Using custom parameters for slide: LTX0505_1E_SU
Visualization parameters: {'vis_level': np.int8(-1), 'line_thickness': np.uint32(150)}
Filter parameters: {'a_t': np.float32(100.0), 'a_h': np.float32(16.0), 'max_n_holes': np.uint32(8)}
Segmentation parameters: {'seg_level': np.int8(-1), 'sthresh': np.uint8(15), 'mthresh': np.uint8(11), 'close': np.uint32(4), 'use_otsu': np.False_, 'keep_ids': 'none', 'exclude_ids': 'none', 'remove_markings': np.False_}
Patch parameters: {'use_padding': np.True_, 'contour_fn': 'four_pt'}
Visualization level set to: 6
Segmentation level set to: 6
Keep IDs: []
Exclude IDs: []
Image shape: (1804, 2220, 4)
HSV image shape: (1804, 2220, 3)
Median blurred image shape: (1804, 2220)
Otsu thresholded image shape: (1804, 2220)
Filter params: {'a_t': np.float32(6400.0), 'a_h': np.float32(1024.0), 'max_n_holes': np.uint32(8)}
Number of contours: 967
Number of foreground contours: 720
2.0
6400.0
1.5
6400.0
700.0
6400.0
11.0
6400.0
261.5
6400.0
0.5
6400.0
24.5
6400.0
147.0
6400.0
0.5
6400.0
1.0
6400.0
39.5
6400.0
112.0
6400.0
24.5
6400.0
404.0
6400.0
16.5
6400.0
2.5
6400.0
82.0
6400.0
21.0
6400.0
78.0
6400.0
1.0
6400.0
280.0
6400.0
63.5
6400.0
12.5
6400.0
0.5
6400.0
1.0
6400.0
6350.0
6400.0
0.5
6400.0
35.0
6400.0
4.5
6400.0
87.0
6400.0
9.5
6400.0
211.5
6400.0
38.5
6400.0
0.5
6400.0
193.0
6400.0
2.5
6400.0
0.5
6400.0
6.0
6400.0
27.5
6400.0
37.0
6400.0
54.5
6400.0
1.5
6400.0
571.5
6400.0
7.0
6400.0
1.5
6400.0
19.5
6400.0
5.5
6400.0
3.0
6400.0
125.5
6400.0
1.5
6400.0
2.0
6400.0
84.0
6400.0
122.0
6400.0
20.5
6400.0
6.5
6400.0
3.5
6400.0
77.5
6400.0
1.5
6400.0
147.5
6400.0
110.0
6400.0
40.0
6400.0
69.0
6400.0
90.5
6400.0
6.0
6400.0
5.0
6400.0
1.5
6400.0
12.0
6400.0
23.0
6400.0
70.0
6400.0
87.5
6400.0
419.5
6400.0
1.0
6400.0
1.5
6400.0
5.0
6400.0
5.5
6400.0
10.5
6400.0
57.0
6400.0
174.5
6400.0
2.5
6400.0
12.0
6400.0
13.0
6400.0
86.0
6400.0
11.0
6400.0
25.0
6400.0
66.5
6400.0
22.0
6400.0
246.0
6400.0
451.0
6400.0
17.5
6400.0
301.0
6400.0
54.0
6400.0
170.5
6400.0
20.5
6400.0
49.0
6400.0
754.0
6400.0
423.5
6400.0
12.0
6400.0
7.5
6400.0
308.0
6400.0
45.0
6400.0
171.0
6400.0
1.5
6400.0
87.5
6400.0
66.0
6400.0
1.0
6400.0
1.5
6400.0
7439.0
6400.0
2.5
6400.0
20.0
6400.0
21.0
6400.0
0.5
6400.0
4.0
6400.0
163.0
6400.0
68.0
6400.0
3.0
6400.0
91.0
6400.0
33.0
6400.0
95.5
6400.0
152.5
6400.0
106.5
6400.0
4.0
6400.0
84.0
6400.0
53.0
6400.0
63.5
6400.0
44.0
6400.0
78.0
6400.0
45.0
6400.0
1.0
6400.0
218.5
6400.0
34.0
6400.0
66.0
6400.0
258.0
6400.0
101.0
6400.0
29.5
6400.0
42.0
6400.0
4.5
6400.0
81.5
6400.0
22.5
6400.0
5.5
6400.0
3.5
6400.0
15.5
6400.0
48.5
6400.0
43.0
6400.0
21.0
6400.0
350.5
6400.0
26.0
6400.0
6.0
6400.0
418.0
6400.0
530.5
6400.0
9.5
6400.0
1.0
6400.0
223.0
6400.0
2.0
6400.0
5.0
6400.0
113.0
6400.0
280.5
6400.0
46.5
6400.0
17.5
6400.0
21.5
6400.0
158.5
6400.0
135.5
6400.0
62.0
6400.0
106.5
6400.0
2.5
6400.0
350.0
6400.0
1.0
6400.0
0.5
6400.0
1.0
6400.0
8.0
6400.0
446.0
6400.0
1.0
6400.0
66.0
6400.0
2.0
6400.0
3.0
6400.0
34.0
6400.0
14.5
6400.0
7.5
6400.0
33.0
6400.0
3.0
6400.0
86.5
6400.0
66.0
6400.0
32.0
6400.0
1.0
6400.0
17.5
6400.0
251.0
6400.0
345.0
6400.0
12.5
6400.0
2.0
6400.0
174.5
6400.0
383.5
6400.0
11.0
6400.0
210.5
6400.0
3.5
6400.0
10.0
6400.0
18.0
6400.0
47.0
6400.0
110.5
6400.0
227.5
6400.0
10.5
6400.0
10.0
6400.0
7.5
6400.0
512.5
6400.0
35.0
6400.0
28.0
6400.0
96.0
6400.0
55.5
6400.0
38.5
6400.0
268.0
6400.0
64.0
6400.0
2.0
6400.0
1.0
6400.0
735.5
6400.0
80.0
6400.0
48.0
6400.0
1.5
6400.0
127.0
6400.0
289.0
6400.0
435.0
6400.0
2.5
6400.0
181.5
6400.0
6.5
6400.0
79.5
6400.0
10.0
6400.0
187.5
6400.0
93.5
6400.0
20.5
6400.0
18.0
6400.0
10.0
6400.0
4.5
6400.0
98.5
6400.0
57.0
6400.0
438.0
6400.0
465.5
6400.0
619.5
6400.0
38.5
6400.0
148.5
6400.0
38.5
6400.0
94.0
6400.0
23.5
6400.0
40.5
6400.0
18.5
6400.0
75.5
6400.0
63.5
6400.0
102.5
6400.0
1023.5
6400.0
52.5
6400.0
65.0
6400.0
264.0
6400.0
14.5
6400.0
1207.0
6400.0
2.0
6400.0
74.0
6400.0
85.0
6400.0
337.0
6400.0
384.0
6400.0
252.5
6400.0
11.0
6400.0
69.5
6400.0
3.0
6400.0
34.5
6400.0
99.0
6400.0
87.5
6400.0
83.5
6400.0
0.5
6400.0
18.5
6400.0
94.0
6400.0
625.5
6400.0
11.0
6400.0
9.5
6400.0
0.5
6400.0
43.0
6400.0
5.5
6400.0
57.5
6400.0
421.0
6400.0
145.0
6400.0
890.0
6400.0
322.5
6400.0
1.0
6400.0
17.5
6400.0
4808.0
6400.0
2.5
6400.0
526.0
6400.0
6344.0
6400.0
89.5
6400.0
63.5
6400.0
15.0
6400.0
5.0
6400.0
35.0
6400.0
583.5
6400.0
66.5
6400.0
14.5
6400.0
2002.0
6400.0
5.5
6400.0
109.0
6400.0
38.0
6400.0
14.5
6400.0
42.0
6400.0
35.5
6400.0
1.5
6400.0
41.5
6400.0
10.0
6400.0
9.5
6400.0
174.5
6400.0
8.5
6400.0
49.5
6400.0
1848.0
6400.0
8.5
6400.0
77.0
6400.0
0.5
6400.0
32.5
6400.0
514.5
6400.0
37.0
6400.0
109.5
6400.0
29.5
6400.0
17.0
6400.0
2.5
6400.0
14.5
6400.0
61.0
6400.0
35.5
6400.0
23.0
6400.0
130.5
6400.0
2591.0
6400.0
620.0
6400.0
47.5
6400.0
111.0
6400.0
342.0
6400.0
1.5
6400.0
29.0
6400.0
23.0
6400.0
125.0
6400.0
208.0
6400.0
89.5
6400.0
1.0
6400.0
33.5
6400.0
38.0
6400.0
89.5
6400.0
21.0
6400.0
9.5
6400.0
179.0
6400.0
3.0
6400.0
339.0
6400.0
34.0
6400.0
11.0
6400.0
8.0
6400.0
49.0
6400.0
36.5
6400.0
399.0
6400.0
1425.0
6400.0
37.5
6400.0
390.5
6400.0
10.0
6400.0
38.0
6400.0
115.5
6400.0
91444.0
6400.0
37.5
6400.0
314.0
6400.0
17.5
6400.0
12.5
6400.0
6.0
6400.0
702.0
6400.0
90.5
6400.0
17.5
6400.0
28.5
6400.0
1290.0
6400.0
473.0
6400.0
1391.0
6400.0
125.0
6400.0
4.5
6400.0
32.0
6400.0
557.5
6400.0
42.0
6400.0
1491.0
6400.0
48.5
6400.0
1.0
6400.0
31.0
6400.0
1275.0
6400.0
120.0
6400.0
8.5
6400.0
17.0
6400.0
401.0
6400.0
280.5
6400.0
4.0
6400.0
70.0
6400.0
235.5
6400.0
8.0
6400.0
5.0
6400.0
289.5
6400.0
16.0
6400.0
6294.0
6400.0
4.0
6400.0
457.0
6400.0
10.5
6400.0
9.5
6400.0
65.5
6400.0
24.5
6400.0
406.5
6400.0
98.5
6400.0
8.0
6400.0
12.5
6400.0
30.5
6400.0
1.5
6400.0
57.5
6400.0
46.5
6400.0
5.0
6400.0
70.5
6400.0
22.5
6400.0
43.0
6400.0
121.5
6400.0
41.5
6400.0
16.0
6400.0
21.0
6400.0
18.0
6400.0
38693.0
6400.0
519.0
6400.0
256.5
6400.0
2.5
6400.0
297.0
6400.0
0.5
6400.0
2.5
6400.0
32.0
6400.0
0.5
6400.0
17.5
6400.0
25.0
6400.0
698.0
6400.0
27.5
6400.0
11.5
6400.0
114.5
6400.0
8.0
6400.0
8.0
6400.0
264.5
6400.0
41.5
6400.0
55.5
6400.0
1.5
6400.0
56.5
6400.0
1.5
6400.0
91.5
6400.0
3.0
6400.0
4.5
6400.0
1.0
6400.0
50.0
6400.0
29.0
6400.0
2.5
6400.0
55.5
6400.0
197.0
6400.0
15.0
6400.0
7.5
6400.0
9.0
6400.0
0.5
6400.0
1209.5
6400.0
1.5
6400.0
209.5
6400.0
4.0
6400.0
153.5
6400.0
36.0
6400.0
382.0
6400.0
206.0
6400.0
10.5
6400.0
139.0
6400.0
24.5
6400.0
7.5
6400.0
95.5
6400.0
63.5
6400.0
38.0
6400.0
1.0
6400.0
46.5
6400.0
12.5
6400.0
26.0
6400.0
9.5
6400.0
1030.5
6400.0
31.5
6400.0
2.0
6400.0
124.5
6400.0
130.5
6400.0
7.0
6400.0
5.0
6400.0
7.5
6400.0
21.5
6400.0
6.5
6400.0
19.0
6400.0
433.0
6400.0
100.5
6400.0
131.0
6400.0
64.5
6400.0
26.5
6400.0
0.5
6400.0
2.0
6400.0
243.5
6400.0
96.0
6400.0
105.0
6400.0
439.5
6400.0
11.5
6400.0
130.0
6400.0
132.5
6400.0
6.5
6400.0
23.5
6400.0
9.5
6400.0
20.5
6400.0
21.0
6400.0
171.0
6400.0
19.0
6400.0
21.0
6400.0
224.0
6400.0
153.5
6400.0
35.5
6400.0
5.5
6400.0
29.0
6400.0
16.0
6400.0
12.5
6400.0
401.5
6400.0
85.5
6400.0
230.0
6400.0
2.5
6400.0
37.5
6400.0
27.5
6400.0
44.5
6400.0
354.5
6400.0
139.0
6400.0
101.0
6400.0
6.5
6400.0
128.0
6400.0
127.5
6400.0
111.0
6400.0
3.5
6400.0
2.5
6400.0
8.0
6400.0
2359.5
6400.0
12.0
6400.0
7.0
6400.0
28.0
6400.0
103.5
6400.0
58.0
6400.0
1.0
6400.0
13.5
6400.0
0.5
6400.0
170.5
6400.0
4.0
6400.0
0.5
6400.0
17.5
6400.0
0.5
6400.0
67.0
6400.0
604.0
6400.0
193.5
6400.0
56.5
6400.0
6.0
6400.0
113.0
6400.0
43.5
6400.0
114.0
6400.0
34.0
6400.0
21.5
6400.0
26.0
6400.0
0.5
6400.0
11.0
6400.0
448.5
6400.0
9.0
6400.0
189.5
6400.0
289.5
6400.0
141.5
6400.0
14.0
6400.0
12.5
6400.0
154.0
6400.0
22.0
6400.0
101.5
6400.0
54.5
6400.0
1231.5
6400.0
173.5
6400.0
563.0
6400.0
22.0
6400.0
83.5
6400.0
71.5
6400.0
18.5
6400.0
36.0
6400.0
144.0
6400.0
780.0
6400.0
31.5
6400.0
2.0
6400.0
5.5
6400.0
90.5
6400.0
123.5
6400.0
57.0
6400.0
475.0
6400.0
71.5
6400.0
65.5
6400.0
13.0
6400.0
40.5
6400.0
28.0
6400.0
479.5
6400.0
1510.5
6400.0
153.5
6400.0
3.5
6400.0
26.0
6400.0
100.5
6400.0
1.5
6400.0
106.5
6400.0
133.5
6400.0
1941.0
6400.0
27.0
6400.0
230.5
6400.0
6.5
6400.0
16.5
6400.0
29.0
6400.0
214.5
6400.0
49.0
6400.0
112.0
6400.0
0.5
6400.0
35.0
6400.0
1148794.5
6400.0
152.0
6400.0
122.0
6400.0
461.0
6400.0
14.5
6400.0
0.5
6400.0
907.5
6400.0
102.0
6400.0
36.5
6400.0
6.0
6400.0
59.5
6400.0
73.5
6400.0
370.0
6400.0
7.0
6400.0
27.0
6400.0
169.0
6400.0
49.0
6400.0
10.0
6400.0
165.0
6400.0
103.5
6400.0
0.5
6400.0
7.0
6400.0
2394.5
6400.0
21639.0
6400.0
Number of filtered contours: 5
Number of hole contours: 14
Number of tissue contours: 5
Number of hole contours: 5
Final number of tissue contours: 5
Final number of hole contours: 5
Segmentation completed in 0.93 seconds
Mask saved at: /nemo/project/proj-tracerx-lung/tctProjects/kilimo/TracerX_WSIs/20X/patches/masks/LTX0505_1E_SU.jpg
Creating patches for:  LTX0505_1E_SU ...
Total number of contours to process:  5
Bounding Box: 87488 94848 14401 11137
Contour Area: 32323584.0
Extracted 129 coordinates
Bounding Box: 94656 53952 36929 44481
Contour Area: 499255296.0
Extracted 1419 coordinates
Bounding Box: 89216 31232 29505 19905
Contour Area: 176359424.0
Extracted 670 coordinates
Bounding Box: 7936 5760 92993 100417
Contour Area: 5117151232.0
Extracted 14977 coordinates
Bounding Box: 0 0 142017 1217
Contour Area: 88633344.0
Extracted 438 coordinates
original size: 142080 x 115456
downscaled size for stiching: 2220 x 1804
start stitching LTX0505_1E_SU
number of patches: 17633
patch size: 580 x 580 patch level: 0
ref patch size: (np.int32(580), np.int32(580)) x (np.int32(580), np.int32(580))
downscaled patch size: 10x10
segmentation took 0.9304220676422119 seconds
patching took 1.3891456127166748 seconds
stitching took 1.4147140979766846 seconds


progress: 0.73, 88/121
processing LTX0513_A1_SU.ndpi
MPP X: 0.22049744222967013, MPP Y: 0.22049744222967013
metadata microns per pixel 0.22049744222967013
Patch size for this slide is 580
Using custom parameters for slide: LTX0513_A1_SU
Visualization parameters: {'vis_level': np.int8(-1), 'line_thickness': np.uint32(150)}
Filter parameters: {'a_t': np.float32(100.0), 'a_h': np.float32(16.0), 'max_n_holes': np.uint32(8)}
Segmentation parameters: {'seg_level': np.int8(-1), 'sthresh': np.uint8(15), 'mthresh': np.uint8(11), 'close': np.uint32(4), 'use_otsu': np.False_, 'keep_ids': 'none', 'exclude_ids': 'none', 'remove_markings': np.False_}
Patch parameters: {'use_padding': np.True_, 'contour_fn': 'four_pt'}
Visualization level set to: 6
Segmentation level set to: 6
Keep IDs: []
Exclude IDs: []
Image shape: (1804, 2280, 4)
HSV image shape: (1804, 2280, 3)
Median blurred image shape: (1804, 2280)
Otsu thresholded image shape: (1804, 2280)
Filter params: {'a_t': np.float32(6400.0), 'a_h': np.float32(1024.0), 'max_n_holes': np.uint32(8)}
Number of contours: 641
Number of foreground contours: 134
1.0
6400.0
0.5
6400.0
7.0
6400.0
11.0
6400.0
5.5
6400.0
37.5
6400.0
6.0
6400.0
58.0
6400.0
32.5
6400.0
158.0
6400.0
25.5
6400.0
156.0
6400.0
44.5
6400.0
0.5
6400.0
5.5
6400.0
0.5
6400.0
34.0
6400.0
222.5
6400.0
20.0
6400.0
69.0
6400.0
34.5
6400.0
62.5
6400.0
187.0
6400.0
28.0
6400.0
456.0
6400.0
16.5
6400.0
147.5
6400.0
72.0
6400.0
22.5
6400.0
163.5
6400.0
5.5
6400.0
10.0
6400.0
183.5
6400.0
19.5
6400.0
124.0
6400.0
16.0
6400.0
24.0
6400.0
40.5
6400.0
241.5
6400.0
62.5
6400.0
128.0
6400.0
266.5
6400.0
70.0
6400.0
1051.0
6400.0
5.0
6400.0
129.0
6400.0
12.0
6400.0
177.5
6400.0
196.0
6400.0
863.0
6400.0
224.5
6400.0
96.5
6400.0
1.0
6400.0
185.0
6400.0
26.5
6400.0
2053.0
6400.0
23.0
6400.0
186.0
6400.0
111.5
6400.0
88.5
6400.0
18.0
6400.0
114.0
6400.0
98.5
6400.0
105.5
6400.0
62.5
6400.0
175.0
6400.0
139.0
6400.0
34.5
6400.0
81.5
6400.0
1.0
6400.0
28.5
6400.0
1.5
6400.0
60.5
6400.0
23.0
6400.0
677.5
6400.0
12.5
6400.0
151.5
6400.0
8.0
6400.0
2.5
6400.0
58.5
6400.0
54.0
6400.0
1826089.5
6400.0
21.5
6400.0
56.5
6400.0
159.5
6400.0
330.5
6400.0
1.5
6400.0
4.0
6400.0
27.0
6400.0
50.0
6400.0
139.0
6400.0
15.0
6400.0
17.0
6400.0
16.0
6400.0
29.0
6400.0
202.0
6400.0
440.0
6400.0
353.0
6400.0
328.5
6400.0
222.5
6400.0
300.5
6400.0
195.0
6400.0
355.0
6400.0
352.5
6400.0
143.5
6400.0
1.5
6400.0
1.0
6400.0
23.0
6400.0
78.0
6400.0
25.5
6400.0
17.5
6400.0
14.0
6400.0
42.0
6400.0
77.5
6400.0
935.5
6400.0
814.5
6400.0
736.5
6400.0
308.5
6400.0
3.0
6400.0
7014.5
6400.0
Number of filtered contours: 2
Number of hole contours: 8
Number of tissue contours: 2
Number of hole contours: 2
Final number of tissue contours: 2
Final number of hole contours: 2
Segmentation completed in 0.95 seconds
Mask saved at: /nemo/project/proj-tracerx-lung/tctProjects/kilimo/TracerX_WSIs/20X/patches/masks/LTX0513_A1_SU.jpg
Creating patches for:  LTX0513_A1_SU ...
Total number of contours to process:  2
Bounding Box: 3264 9344 123393 101185
Contour Area: 8625762304.0
Extracted 24499 coordinates
Bounding Box: 0 0 43137 1281
Contour Area: 28825600.0
Extracted 143 coordinates
original size: 145920 x 115456
downscaled size for stiching: 2280 x 1804
start stitching LTX0513_A1_SU
number of patches: 24642
patch size: 580 x 580 patch level: 0
ref patch size: (np.int32(580), np.int32(580)) x (np.int32(580), np.int32(580))
downscaled patch size: 10x10
segmentation took 0.9484748840332031 seconds
patching took 1.3811752796173096 seconds
stitching took 2.026240825653076 seconds


progress: 0.74, 89/121
processing LTX0533_2_SU.ndpi
MPP X: 0.22049744222967013, MPP Y: 0.22049744222967013
metadata microns per pixel 0.22049744222967013
Patch size for this slide is 580
Using custom parameters for slide: LTX0533_2_SU
Visualization parameters: {'vis_level': np.int8(-1), 'line_thickness': np.uint32(150)}
Filter parameters: {'a_t': np.float32(100.0), 'a_h': np.float32(16.0), 'max_n_holes': np.uint32(8)}
Segmentation parameters: {'seg_level': np.int8(-1), 'sthresh': np.uint8(15), 'mthresh': np.uint8(11), 'close': np.uint32(4), 'use_otsu': np.False_, 'keep_ids': 'none', 'exclude_ids': 'none', 'remove_markings': np.False_}
Patch parameters: {'use_padding': np.True_, 'contour_fn': 'four_pt'}
Visualization level set to: 6
Segmentation level set to: 6
Keep IDs: []
Exclude IDs: []
Image shape: (1804, 1860, 4)
HSV image shape: (1804, 1860, 3)
Median blurred image shape: (1804, 1860)
Otsu thresholded image shape: (1804, 1860)
Filter params: {'a_t': np.float32(6400.0), 'a_h': np.float32(1024.0), 'max_n_holes': np.uint32(8)}
Number of contours: 464
Number of foreground contours: 93
6.0
6400.0
3.0
6400.0
3.0
6400.0
12.5
6400.0
9.0
6400.0
18.5
6400.0
9.5
6400.0
176.5
6400.0
93.0
6400.0
3943.5
6400.0
49.0
6400.0
1.5
6400.0
83.0
6400.0
12.0
6400.0
0.5
6400.0
410.0
6400.0
66.5
6400.0
33.0
6400.0
25.0
6400.0
20.5
6400.0
643.5
6400.0
64.5
6400.0
18.5
6400.0
175.5
6400.0
105.5
6400.0
6.0
6400.0
20.0
6400.0
116.5
6400.0
47.5
6400.0
213.5
6400.0
9.5
6400.0
126.0
6400.0
428.5
6400.0
55.0
6400.0
11.5
6400.0
12.5
6400.0
65.0
6400.0
236.0
6400.0
83.5
6400.0
6.5
6400.0
10.5
6400.0
955080.0
6400.0
1.0
6400.0
26.5
6400.0
56.0
6400.0
25.0
6400.0
79.0
6400.0
156.5
6400.0
53.5
6400.0
35.0
6400.0
224.0
6400.0
203.0
6400.0
510.5
6400.0
205.0
6400.0
28.0
6400.0
245.0
6400.0
51.5
6400.0
58.0
6400.0
1.0
6400.0
327.0
6400.0
696.0
6400.0
3.0
6400.0
984.0
6400.0
82.5
6400.0
34.0
6400.0
1.0
6400.0
501.5
6400.0
404.5
6400.0
166.0
6400.0
24.5
6400.0
257.5
6400.0
48.0
6400.0
178.5
6400.0
444.5
6400.0
4069.5
6400.0
Number of filtered contours: 1
Number of hole contours: 8
Number of tissue contours: 1
Number of hole contours: 1
Final number of tissue contours: 1
Final number of hole contours: 1
Segmentation completed in 0.76 seconds
Mask saved at: /nemo/project/proj-tracerx-lung/tctProjects/kilimo/TracerX_WSIs/20X/patches/masks/LTX0533_2_SU.jpg
Creating patches for:  LTX0533_2_SU ...
Total number of contours to process:  1
Bounding Box: 7040 6656 83713 103809
Contour Area: 4873646080.0
Extracted 13777 coordinates
original size: 119040 x 115456
downscaled size for stiching: 1860 x 1804
start stitching LTX0533_2_SU
number of patches: 13777
patch size: 580 x 580 patch level: 0
ref patch size: (np.int32(580), np.int32(580)) x (np.int32(580), np.int32(580))
downscaled patch size: 10x10
segmentation took 0.762955904006958 seconds
patching took 0.6700193881988525 seconds
stitching took 1.1105201244354248 seconds


progress: 0.74, 90/121
processing LTX0536_1C_SU.ndpi
MPP X: 0.22049744222967013, MPP Y: 0.22049744222967013
metadata microns per pixel 0.22049744222967013
Patch size for this slide is 580
Using custom parameters for slide: LTX0536_1C_SU
Visualization parameters: {'vis_level': np.int8(-1), 'line_thickness': np.uint32(150)}
Filter parameters: {'a_t': np.float32(100.0), 'a_h': np.float32(16.0), 'max_n_holes': np.uint32(8)}
Segmentation parameters: {'seg_level': np.int8(-1), 'sthresh': np.uint8(15), 'mthresh': np.uint8(11), 'close': np.uint32(4), 'use_otsu': np.False_, 'keep_ids': 'none', 'exclude_ids': 'none', 'remove_markings': np.False_}
Patch parameters: {'use_padding': np.True_, 'contour_fn': 'four_pt'}
Visualization level set to: 6
Segmentation level set to: 6
Keep IDs: []
Exclude IDs: []
Image shape: (1716, 2220, 4)
HSV image shape: (1716, 2220, 3)
Median blurred image shape: (1716, 2220)
Otsu thresholded image shape: (1716, 2220)
Filter params: {'a_t': np.float32(6400.0), 'a_h': np.float32(1024.0), 'max_n_holes': np.uint32(8)}
Number of contours: 987
Number of foreground contours: 199
20.0
6400.0
15.0
6400.0
199.0
6400.0
5.5
6400.0
136.5
6400.0
254.0
6400.0
10.5
6400.0
58.5
6400.0
36.0
6400.0
31.5
6400.0
48.5
6400.0
158.0
6400.0
34.5
6400.0
801.0
6400.0
12.0
6400.0
73.5
6400.0
3309.0
6400.0
14.5
6400.0
126.5
6400.0
50.0
6400.0
86.0
6400.0
89.5
6400.0
10.5
6400.0
400.5
6400.0
144.5
6400.0
314.0
6400.0
595.5
6400.0
233.5
6400.0
64.5
6400.0
14.5
6400.0
66.5
6400.0
6.0
6400.0
17.5
6400.0
30.5
6400.0
504.0
6400.0
1.5
6400.0
94.5
6400.0
4.0
6400.0
175.0
6400.0
179.5
6400.0
108.5
6400.0
76.5
6400.0
4.5
6400.0
77.0
6400.0
81.5
6400.0
22.0
6400.0
658.5
6400.0
25.0
6400.0
50.5
6400.0
0.5
6400.0
26.5
6400.0
17.5
6400.0
3.5
6400.0
27.0
6400.0
14.5
6400.0
304.0
6400.0
4.0
6400.0
29.5
6400.0
87.5
6400.0
66.0
6400.0
218.5
6400.0
741.0
6400.0
11.5
6400.0
1148.0
6400.0
293.5
6400.0
458.5
6400.0
13.5
6400.0
41.5
6400.0
6.5
6400.0
6.0
6400.0
9.0
6400.0
48.5
6400.0
62.0
6400.0
8.5
6400.0
6.0
6400.0
37.5
6400.0
770.5
6400.0
0.5
6400.0
27.5
6400.0
240.5
6400.0
12.0
6400.0
33.5
6400.0
82.0
6400.0
30.0
6400.0
1.0
6400.0
6.5
6400.0
2955.0
6400.0
38.5
6400.0
85.0
6400.0
6.0
6400.0
0.5
6400.0
306.5
6400.0
80.0
6400.0
1131.0
6400.0
5.0
6400.0
23.0
6400.0
246.0
6400.0
0.5
6400.0
250.5
6400.0
126.0
6400.0
281.0
6400.0
18.0
6400.0
30.0
6400.0
224.5
6400.0
2.5
6400.0
82.5
6400.0
235.5
6400.0
48.0
6400.0
24.5
6400.0
238.0
6400.0
2.0
6400.0
114.0
6400.0
324.0
6400.0
1.0
6400.0
73.5
6400.0
94.5
6400.0
1124.0
6400.0
30.5
6400.0
645.5
6400.0
32.5
6400.0
47.0
6400.0
14.5
6400.0
13.5
6400.0
42007.5
6400.0
42.5
6400.0
36.5
6400.0
73.5
6400.0
34.5
6400.0
1.0
6400.0
1105.5
6400.0
195.5
6400.0
26.5
6400.0
11.5
6400.0
4.5
6400.0
12.5
6400.0
25.0
6400.0
1177.0
6400.0
23.5
6400.0
16.0
6400.0
209.0
6400.0
96.5
6400.0
29.0
6400.0
57.5
6400.0
41.5
6400.0
2.0
6400.0
157.5
6400.0
127.0
6400.0
83.0
6400.0
52.0
6400.0
8640.0
6400.0
47.0
6400.0
51.5
6400.0
16.0
6400.0
8.5
6400.0
12.0
6400.0
10.0
6400.0
215.0
6400.0
328.0
6400.0
21.5
6400.0
10.5
6400.0
40.0
6400.0
218.5
6400.0
217.5
6400.0
31.0
6400.0
402.0
6400.0
19.5
6400.0
110.5
6400.0
152.5
6400.0
168.5
6400.0
245.5
6400.0
38.0
6400.0
1243114.5
6400.0
10111.5
6400.0
Number of filtered contours: 4
Number of hole contours: 9
Number of tissue contours: 4
Number of hole contours: 4
Final number of tissue contours: 4
Final number of hole contours: 4
Segmentation completed in 0.89 seconds
Mask saved at: /nemo/project/proj-tracerx-lung/tctProjects/kilimo/TracerX_WSIs/20X/patches/masks/LTX0536_1C_SU.jpg
Creating patches for:  LTX0536_1C_SU ...
Total number of contours to process:  4
Bounding Box: 63168 69312 55553 31937
Contour Area: 198426624.0
Extracted 736 coordinates
Bounding Box: 118144 54272 8641 15745
Contour Area: 44001280.0
Extracted 162 coordinates
Bounding Box: 8192 4992 117185 89985
Contour Area: 6635118592.0
Extracted 19124 coordinates
Bounding Box: 0 0 142017 577
Contour Area: 41416704.0
Extracted 231 coordinates
original size: 142080 x 109824
downscaled size for stiching: 2220 x 1716
start stitching LTX0536_1C_SU
number of patches: 20253
patch size: 580 x 580 patch level: 0
ref patch size: (np.int32(580), np.int32(580)) x (np.int32(580), np.int32(580))
downscaled patch size: 10x10
segmentation took 0.8904201984405518 seconds
patching took 1.3446369171142578 seconds
stitching took 1.639388084411621 seconds


progress: 0.75, 91/121
processing LTX0547_A2_SU.ndpi
MPP X: 0.22049744222967013, MPP Y: 0.22049744222967013
metadata microns per pixel 0.22049744222967013
Patch size for this slide is 580
Using custom parameters for slide: LTX0547_A2_SU
Visualization parameters: {'vis_level': np.int8(-1), 'line_thickness': np.uint32(150)}
Filter parameters: {'a_t': np.float32(100.0), 'a_h': np.float32(16.0), 'max_n_holes': np.uint32(8)}
Segmentation parameters: {'seg_level': np.int8(-1), 'sthresh': np.uint8(15), 'mthresh': np.uint8(11), 'close': np.uint32(4), 'use_otsu': np.False_, 'keep_ids': 'none', 'exclude_ids': 'none', 'remove_markings': np.False_}
Patch parameters: {'use_padding': np.True_, 'contour_fn': 'four_pt'}
Visualization level set to: 6
Segmentation level set to: 6
Keep IDs: []
Exclude IDs: []
Image shape: (1584, 2280, 4)
HSV image shape: (1584, 2280, 3)
Median blurred image shape: (1584, 2280)
Otsu thresholded image shape: (1584, 2280)
Filter params: {'a_t': np.float32(6400.0), 'a_h': np.float32(1024.0), 'max_n_holes': np.uint32(8)}
Number of contours: 106
Number of foreground contours: 5
88.5
6400.0
4.5
6400.0
1326.0
6400.0
275.5
6400.0
2006406.0
6400.0
Number of filtered contours: 1
Number of hole contours: 8
Number of tissue contours: 1
Number of hole contours: 1
Final number of tissue contours: 1
Final number of hole contours: 1
Segmentation completed in 0.12 seconds
Mask saved at: /nemo/project/proj-tracerx-lung/tctProjects/kilimo/TracerX_WSIs/20X/patches/masks/LTX0547_A2_SU.jpg
Creating patches for:  LTX0547_A2_SU ...
Total number of contours to process:  1
Bounding Box: 5248 4160 132801 92289
Contour Area: 8544913408.0
Extracted 24915 coordinates
original size: 145920 x 101376
downscaled size for stiching: 2280 x 1584
start stitching LTX0547_A2_SU
number of patches: 24915
patch size: 580 x 580 patch level: 0
ref patch size: (np.int32(580), np.int32(580)) x (np.int32(580), np.int32(580))
downscaled patch size: 10x10
segmentation took 0.12488985061645508 seconds
patching took 1.0500907897949219 seconds
stitching took 1.4978437423706055 seconds


progress: 0.76, 92/121
processing LTX0548_A5_SU.ndpi
MPP X: 0.22049744222967013, MPP Y: 0.22049744222967013
metadata microns per pixel 0.22049744222967013
Patch size for this slide is 580
Using custom parameters for slide: LTX0548_A5_SU
Visualization parameters: {'vis_level': np.int8(-1), 'line_thickness': np.uint32(150)}
Filter parameters: {'a_t': np.float32(100.0), 'a_h': np.float32(16.0), 'max_n_holes': np.uint32(8)}
Segmentation parameters: {'seg_level': np.int8(-1), 'sthresh': np.uint8(15), 'mthresh': np.uint8(11), 'close': np.uint32(4), 'use_otsu': np.False_, 'keep_ids': 'none', 'exclude_ids': 'none', 'remove_markings': np.False_}
Patch parameters: {'use_padding': np.True_, 'contour_fn': 'four_pt'}
Visualization level set to: 6
Segmentation level set to: 6
Keep IDs: []
Exclude IDs: []
Image shape: (1672, 2040, 4)
HSV image shape: (1672, 2040, 3)
Median blurred image shape: (1672, 2040)
Otsu thresholded image shape: (1672, 2040)
Filter params: {'a_t': np.float32(6400.0), 'a_h': np.float32(1024.0), 'max_n_holes': np.uint32(8)}
Number of contours: 412
Number of foreground contours: 78
215.0
6400.0
4.5
6400.0
32.5
6400.0
134.0
6400.0
118.5
6400.0
9.0
6400.0
20.5
6400.0
124.5
6400.0
9.5
6400.0
52.0
6400.0
104.5
6400.0
4.5
6400.0
87.0
6400.0
97.5
6400.0
31.5
6400.0
15.0
6400.0
0.5
6400.0
99.5
6400.0
93.5
6400.0
155.0
6400.0
141.5
6400.0
34.5
6400.0
74.5
6400.0
1.5
6400.0
183.5
6400.0
46.5
6400.0
33.0
6400.0
131.5
6400.0
17.0
6400.0
29.5
6400.0
25.5
6400.0
3.0
6400.0
99.5
6400.0
6288.0
6400.0
24.0
6400.0
13.0
6400.0
53.5
6400.0
138.5
6400.0
225.5
6400.0
21.0
6400.0
25.0
6400.0
35.0
6400.0
6.5
6400.0
16.0
6400.0
13.5
6400.0
10.0
6400.0
16.5
6400.0
5.0
6400.0
17.0
6400.0
44.5
6400.0
29.0
6400.0
5.0
6400.0
9.0
6400.0
42.0
6400.0
4.0
6400.0
15.0
6400.0
60.5
6400.0
2.0
6400.0
6.5
6400.0
0.5
6400.0
12.5
6400.0
66.5
6400.0
26.0
6400.0
216.0
6400.0
31.5
6400.0
24.5
6400.0
85.0
6400.0
2.0
6400.0
67.5
6400.0
152.5
6400.0
69.5
6400.0
133.5
6400.0
56.5
6400.0
1869253.5
6400.0
Number of filtered contours: 1
Number of hole contours: 8
Number of tissue contours: 1
Number of hole contours: 1
Final number of tissue contours: 1
Final number of hole contours: 1
Segmentation completed in 0.12 seconds
Mask saved at: /nemo/project/proj-tracerx-lung/tctProjects/kilimo/TracerX_WSIs/20X/patches/masks/LTX0548_A5_SU.jpg
Creating patches for:  LTX0548_A5_SU ...
Total number of contours to process:  1
Bounding Box: 8896 3840 113473 100353
Contour Area: 8343820288.0
Extracted 24713 coordinates
original size: 130560 x 107008
downscaled size for stiching: 2040 x 1672
start stitching LTX0548_A5_SU
number of patches: 24713
patch size: 580 x 580 patch level: 0
ref patch size: (np.int32(580), np.int32(580)) x (np.int32(580), np.int32(580))
downscaled patch size: 10x10
segmentation took 0.1191709041595459 seconds
patching took 1.0016450881958008 seconds
stitching took 1.491645336151123 seconds


progress: 0.77, 93/121
processing LTX0569_A2_SU.ndpi
MPP X: 0.22049744222967013, MPP Y: 0.22049744222967013
metadata microns per pixel 0.22049744222967013
Patch size for this slide is 580
Using custom parameters for slide: LTX0569_A2_SU
Visualization parameters: {'vis_level': np.int8(-1), 'line_thickness': np.uint32(150)}
Filter parameters: {'a_t': np.float32(100.0), 'a_h': np.float32(16.0), 'max_n_holes': np.uint32(8)}
Segmentation parameters: {'seg_level': np.int8(-1), 'sthresh': np.uint8(15), 'mthresh': np.uint8(11), 'close': np.uint32(4), 'use_otsu': np.False_, 'keep_ids': 'none', 'exclude_ids': 'none', 'remove_markings': np.False_}
Patch parameters: {'use_padding': np.True_, 'contour_fn': 'four_pt'}
Visualization level set to: 6
Segmentation level set to: 6
Keep IDs: []
Exclude IDs: []
Image shape: (1452, 2520, 4)
HSV image shape: (1452, 2520, 3)
Median blurred image shape: (1452, 2520)
Otsu thresholded image shape: (1452, 2520)
Filter params: {'a_t': np.float32(6400.0), 'a_h': np.float32(1024.0), 'max_n_holes': np.uint32(8)}
Number of contours: 473
Number of foreground contours: 64
59.0
6400.0
162.0
6400.0
66.0
6400.0
66.0
6400.0
2442.5
6400.0
311.0
6400.0
144.0
6400.0
12.0
6400.0
123.5
6400.0
17.5
6400.0
130.0
6400.0
47.5
6400.0
49.0
6400.0
425.5
6400.0
217.0
6400.0
35.0
6400.0
7.0
6400.0
25.0
6400.0
752.5
6400.0
146.0
6400.0
2053.0
6400.0
10.5
6400.0
1.5
6400.0
28.0
6400.0
1.5
6400.0
19.0
6400.0
24.0
6400.0
18.5
6400.0
615.5
6400.0
86.5
6400.0
2.5
6400.0
386.5
6400.0
14.0
6400.0
111.0
6400.0
1449.0
6400.0
18.5
6400.0
12.0
6400.0
7.0
6400.0
628.0
6400.0
2.0
6400.0
748.5
6400.0
550.0
6400.0
2.0
6400.0
5.5
6400.0
567.0
6400.0
2143.0
6400.0
1477.5
6400.0
1598975.0
6400.0
1991.0
6400.0
112.5
6400.0
5.0
6400.0
989.0
6400.0
1.0
6400.0
848.0
6400.0
297.5
6400.0
4.0
6400.0
5949.0
6400.0
Number of filtered contours: 1
Number of hole contours: 8
Number of tissue contours: 1
Number of hole contours: 1
Final number of tissue contours: 1
Final number of hole contours: 1
Segmentation completed in 0.88 seconds
Mask saved at: /nemo/project/proj-tracerx-lung/tctProjects/kilimo/TracerX_WSIs/20X/patches/masks/LTX0569_A2_SU.jpg
Creating patches for:  LTX0569_A2_SU ...
Total number of contours to process:  1
Bounding Box: 4224 0 148993 85761
Contour Area: 8335941632.0
Extracted 22472 coordinates
original size: 161280 x 92928
downscaled size for stiching: 2520 x 1452
start stitching LTX0569_A2_SU
number of patches: 22472
patch size: 580 x 580 patch level: 0
ref patch size: (np.int32(580), np.int32(580)) x (np.int32(580), np.int32(580))
downscaled patch size: 10x10
segmentation took 0.8832604885101318 seconds
patching took 1.2664127349853516 seconds
stitching took 1.7854347229003906 seconds


progress: 0.78, 94/121
processing LTX0578_A2_SU.ndpi
MPP X: 0.22049744222967013, MPP Y: 0.22049744222967013
metadata microns per pixel 0.22049744222967013
Patch size for this slide is 580
Using custom parameters for slide: LTX0578_A2_SU
Visualization parameters: {'vis_level': np.int8(-1), 'line_thickness': np.uint32(150)}
Filter parameters: {'a_t': np.float32(100.0), 'a_h': np.float32(16.0), 'max_n_holes': np.uint32(8)}
Segmentation parameters: {'seg_level': np.int8(-1), 'sthresh': np.uint8(15), 'mthresh': np.uint8(11), 'close': np.uint32(4), 'use_otsu': np.False_, 'keep_ids': 'none', 'exclude_ids': 'none', 'remove_markings': np.False_}
Patch parameters: {'use_padding': np.True_, 'contour_fn': 'four_pt'}
Visualization level set to: 6
Segmentation level set to: 6
Keep IDs: []
Exclude IDs: []
Image shape: (1144, 1860, 4)
HSV image shape: (1144, 1860, 3)
Median blurred image shape: (1144, 1860)
Otsu thresholded image shape: (1144, 1860)
Filter params: {'a_t': np.float32(6400.0), 'a_h': np.float32(1024.0), 'max_n_holes': np.uint32(8)}
Number of contours: 94
Number of foreground contours: 31
63.0
6400.0
241.0
6400.0
1497.0
6400.0
9564.5
6400.0
141.0
6400.0
95.5
6400.0
14.0
6400.0
1.5
6400.0
2057.0
6400.0
21.5
6400.0
32.0
6400.0
87.5
6400.0
16.0
6400.0
7.5
6400.0
823.0
6400.0
167.0
6400.0
109.0
6400.0
61.5
6400.0
244425.5
6400.0
169.5
6400.0
275.0
6400.0
3.5
6400.0
73.5
6400.0
216575.0
6400.0
63.5
6400.0
104.0
6400.0
1594.0
6400.0
Number of filtered contours: 3
Number of hole contours: 1
Number of tissue contours: 3
Number of hole contours: 3
Final number of tissue contours: 3
Final number of hole contours: 3
Segmentation completed in 0.49 seconds
Mask saved at: /nemo/project/proj-tracerx-lung/tctProjects/kilimo/TracerX_WSIs/20X/patches/masks/LTX0578_A2_SU.jpg
Creating patches for:  LTX0578_A2_SU ...
Total number of contours to process:  3
Bounding Box: 13568 59072 10177 8641
Contour Area: 39176192.0
Extracted 137 coordinates
Bounding Box: 38784 31936 57729 38721
Contour Area: 1019111424.0
Extracted 3176 coordinates
Bounding Box: 52736 5952 56961 47105
Contour Area: 917438464.0
Extracted 2865 coordinates
original size: 119040 x 73216
downscaled size for stiching: 1860 x 1144
start stitching LTX0578_A2_SU
number of patches: 6178
patch size: 580 x 580 patch level: 0
ref patch size: (np.int32(580), np.int32(580)) x (np.int32(580), np.int32(580))
downscaled patch size: 10x10
segmentation took 0.4871513843536377 seconds
patching took 0.5133686065673828 seconds
stitching took 0.5060389041900635 seconds


progress: 0.79, 95/121
processing LTX0579_A2_SU.ndpi
MPP X: 0.22049744222967013, MPP Y: 0.22049744222967013
metadata microns per pixel 0.22049744222967013
Patch size for this slide is 580
Using custom parameters for slide: LTX0579_A2_SU
Visualization parameters: {'vis_level': np.int8(-1), 'line_thickness': np.uint32(150)}
Filter parameters: {'a_t': np.float32(100.0), 'a_h': np.float32(16.0), 'max_n_holes': np.uint32(8)}
Segmentation parameters: {'seg_level': np.int8(-1), 'sthresh': np.uint8(15), 'mthresh': np.uint8(11), 'close': np.uint32(4), 'use_otsu': np.False_, 'keep_ids': 'none', 'exclude_ids': 'none', 'remove_markings': np.False_}
Patch parameters: {'use_padding': np.True_, 'contour_fn': 'four_pt'}
Visualization level set to: 6
Segmentation level set to: 6
Keep IDs: []
Exclude IDs: []
Image shape: (1672, 1980, 4)
HSV image shape: (1672, 1980, 3)
Median blurred image shape: (1672, 1980)
Otsu thresholded image shape: (1672, 1980)
Filter params: {'a_t': np.float32(6400.0), 'a_h': np.float32(1024.0), 'max_n_holes': np.uint32(8)}
Number of contours: 1045
Number of foreground contours: 245
201.5
6400.0
21.0
6400.0
154.0
6400.0
232.5
6400.0
206.5
6400.0
22.5
6400.0
2634.5
6400.0
78.0
6400.0
654.0
6400.0
6.0
6400.0
165.0
6400.0
28.5
6400.0
2.0
6400.0
127.5
6400.0
338.5
6400.0
5.0
6400.0
101.0
6400.0
130.5
6400.0
10.0
6400.0
28.5
6400.0
780.5
6400.0
234.5
6400.0
61.0
6400.0
94.5
6400.0
250.5
6400.0
226.0
6400.0
67.5
6400.0
73.0
6400.0
32.0
6400.0
10.0
6400.0
204.5
6400.0
286.0
6400.0
134.5
6400.0
469.0
6400.0
4.0
6400.0
363.5
6400.0
172.5
6400.0
15.5
6400.0
124.0
6400.0
9.5
6400.0
299.5
6400.0
22.0
6400.0
7.0
6400.0
24.0
6400.0
27.0
6400.0
18.5
6400.0
67.0
6400.0
306.5
6400.0
64.0
6400.0
69.0
6400.0
15.0
6400.0
10.0
6400.0
58.0
6400.0
28.0
6400.0
23.5
6400.0
56.0
6400.0
171.5
6400.0
17.5
6400.0
69.0
6400.0
16.0
6400.0
23.0
6400.0
273.0
6400.0
697.0
6400.0
6.0
6400.0
212.5
6400.0
5.0
6400.0
154.0
6400.0
18.5
6400.0
0.5
6400.0
231.0
6400.0
88.5
6400.0
109.5
6400.0
493.0
6400.0
35.0
6400.0
2.5
6400.0
107.0
6400.0
42.5
6400.0
1093.5
6400.0
3.0
6400.0
303.5
6400.0
243.5
6400.0
689.5
6400.0
2.0
6400.0
24.5
6400.0
17.0
6400.0
2.5
6400.0
382.5
6400.0
289.0
6400.0
23.5
6400.0
78.0
6400.0
6.0
6400.0
41.0
6400.0
232.5
6400.0
10.0
6400.0
1597.5
6400.0
11.0
6400.0
136.5
6400.0
103.5
6400.0
11.0
6400.0
112.0
6400.0
7.0
6400.0
154.0
6400.0
132.0
6400.0
4.5
6400.0
35.5
6400.0
0.5
6400.0
1.5
6400.0
45.5
6400.0
5899.0
6400.0
383.0
6400.0
460.0
6400.0
176.5
6400.0
16.5
6400.0
13.0
6400.0
7.5
6400.0
0.5
6400.0
118.5
6400.0
286.0
6400.0
158.5
6400.0
275.5
6400.0
112.0
6400.0
109.5
6400.0
81.0
6400.0
6.0
6400.0
56.0
6400.0
101.0
6400.0
2009.5
6400.0
94.0
6400.0
40.5
6400.0
216.0
6400.0
84.5
6400.0
1.0
6400.0
905.0
6400.0
21.0
6400.0
14.5
6400.0
99.0
6400.0
78.5
6400.0
21.5
6400.0
15.0
6400.0
51.0
6400.0
221.5
6400.0
8.5
6400.0
7.5
6400.0
34.5
6400.0
269.0
6400.0
172.0
6400.0
10.5
6400.0
16.5
6400.0
211.5
6400.0
95.5
6400.0
3436.0
6400.0
457.0
6400.0
11.0
6400.0
6.5
6400.0
6.5
6400.0
134.0
6400.0
574.5
6400.0
277.5
6400.0
4.0
6400.0
117.5
6400.0
71.5
6400.0
503.0
6400.0
165.0
6400.0
11.5
6400.0
1147.0
6400.0
14.0
6400.0
28.0
6400.0
27.5
6400.0
4.0
6400.0
26.5
6400.0
91.0
6400.0
417.0
6400.0
74.5
6400.0
111.0
6400.0
7.5
6400.0
72.5
6400.0
14.0
6400.0
8.0
6400.0
221.0
6400.0
31.0
6400.0
215.0
6400.0
277.5
6400.0
273.0
6400.0
192.5
6400.0
7.0
6400.0
41.5
6400.0
2.5
6400.0
9.5
6400.0
2.0
6400.0
134.0
6400.0
35.5
6400.0
109.5
6400.0
46.5
6400.0
306.5
6400.0
8.0
6400.0
0.5
6400.0
16.5
6400.0
945.0
6400.0
12.5
6400.0
28.5
6400.0
71.5
6400.0
8.0
6400.0
51.5
6400.0
0.5
6400.0
39.5
6400.0
189.5
6400.0
88.5
6400.0
140.0
6400.0
1624338.0
6400.0
Number of filtered contours: 1
Number of hole contours: 8
Number of tissue contours: 1
Number of hole contours: 1
Final number of tissue contours: 1
Final number of hole contours: 1
Segmentation completed in 0.79 seconds
Mask saved at: /nemo/project/proj-tracerx-lung/tctProjects/kilimo/TracerX_WSIs/20X/patches/masks/LTX0579_A2_SU.jpg
Creating patches for:  LTX0579_A2_SU ...
Total number of contours to process:  1
Bounding Box: 448 1024 120385 105921
Contour Area: 9224343552.0
Extracted 25749 coordinates
original size: 126720 x 107008
downscaled size for stiching: 1980 x 1672
start stitching LTX0579_A2_SU
number of patches: 25749
patch size: 580 x 580 patch level: 0
ref patch size: (np.int32(580), np.int32(580)) x (np.int32(580), np.int32(580))
downscaled patch size: 10x10
segmentation took 0.7907092571258545 seconds
patching took 1.4252634048461914 seconds
stitching took 2.051469326019287 seconds


progress: 0.79, 96/121
processing LTX0599_A5_SU.ndpi
MPP X: 0.22049744222967013, MPP Y: 0.22049744222967013
metadata microns per pixel 0.22049744222967013
Patch size for this slide is 580
Using custom parameters for slide: LTX0599_A5_SU
Visualization parameters: {'vis_level': np.int8(-1), 'line_thickness': np.uint32(150)}
Filter parameters: {'a_t': np.float32(100.0), 'a_h': np.float32(16.0), 'max_n_holes': np.uint32(8)}
Segmentation parameters: {'seg_level': np.int8(-1), 'sthresh': np.uint8(15), 'mthresh': np.uint8(11), 'close': np.uint32(4), 'use_otsu': np.False_, 'keep_ids': 'none', 'exclude_ids': 'none', 'remove_markings': np.False_}
Patch parameters: {'use_padding': np.True_, 'contour_fn': 'four_pt'}
Visualization level set to: 6
Segmentation level set to: 6
Keep IDs: []
Exclude IDs: []
Image shape: (1452, 1440, 4)
HSV image shape: (1452, 1440, 3)
Median blurred image shape: (1452, 1440)
Otsu thresholded image shape: (1452, 1440)
Filter params: {'a_t': np.float32(6400.0), 'a_h': np.float32(1024.0), 'max_n_holes': np.uint32(8)}
Number of contours: 20
Number of foreground contours: 3
162.0
6400.0
802312.0
6400.0
252.0
6400.0
Number of filtered contours: 1
Number of hole contours: 0
Number of tissue contours: 1
Number of hole contours: 1
Final number of tissue contours: 1
Final number of hole contours: 1
Segmentation completed in 0.48 seconds
Mask saved at: /nemo/project/proj-tracerx-lung/tctProjects/kilimo/TracerX_WSIs/20X/patches/masks/LTX0599_A5_SU.jpg
Creating patches for:  LTX0599_A5_SU ...
Total number of contours to process:  1
Bounding Box: 2816 8512 83585 77697
Contour Area: 3295817728.0
Extracted 9997 coordinates
original size: 92160 x 92928
downscaled size for stiching: 1440 x 1452
start stitching LTX0599_A5_SU
number of patches: 9997
patch size: 580 x 580 patch level: 0
ref patch size: (np.int32(580), np.int32(580)) x (np.int32(580), np.int32(580))
downscaled patch size: 10x10
segmentation took 0.4776756763458252 seconds
patching took 0.40012073516845703 seconds
stitching took 0.7945599555969238 seconds


progress: 0.80, 97/121
processing LTX0600_A4_SU.ndpi
MPP X: 0.22049744222967013, MPP Y: 0.22049744222967013
metadata microns per pixel 0.22049744222967013
Patch size for this slide is 580
Using custom parameters for slide: LTX0600_A4_SU
Visualization parameters: {'vis_level': np.int8(-1), 'line_thickness': np.uint32(150)}
Filter parameters: {'a_t': np.float32(100.0), 'a_h': np.float32(16.0), 'max_n_holes': np.uint32(8)}
Segmentation parameters: {'seg_level': np.int8(-1), 'sthresh': np.uint8(15), 'mthresh': np.uint8(11), 'close': np.uint32(4), 'use_otsu': np.False_, 'keep_ids': 'none', 'exclude_ids': 'none', 'remove_markings': np.False_}
Patch parameters: {'use_padding': np.True_, 'contour_fn': 'four_pt'}
Visualization level set to: 6
Segmentation level set to: 6
Keep IDs: []
Exclude IDs: []
Image shape: (1628, 2640, 4)
HSV image shape: (1628, 2640, 3)
Median blurred image shape: (1628, 2640)
Otsu thresholded image shape: (1628, 2640)
Filter params: {'a_t': np.float32(6400.0), 'a_h': np.float32(1024.0), 'max_n_holes': np.uint32(8)}
Number of contours: 591
Number of foreground contours: 84
22.5
6400.0
2.5
6400.0
6.0
6400.0
22.5
6400.0
735.0
6400.0
107.5
6400.0
8.5
6400.0
211.0
6400.0
283.5
6400.0
38.0
6400.0
13.0
6400.0
12.5
6400.0
62.5
6400.0
145.5
6400.0
38.0
6400.0
1.5
6400.0
145.0
6400.0
101.0
6400.0
1203.0
6400.0
42.5
6400.0
1187.5
6400.0
10.5
6400.0
305.0
6400.0
336.5
6400.0
199.0
6400.0
286.5
6400.0
66.0
6400.0
172.0
6400.0
125.5
6400.0
921.5
6400.0
17.5
6400.0
88.5
6400.0
27.0
6400.0
13.5
6400.0
235.5
6400.0
160.5
6400.0
28.0
6400.0
22.0
6400.0
62.5
6400.0
210.5
6400.0
363.5
6400.0
6696.0
6400.0
3.0
6400.0
733.5
6400.0
6.5
6400.0
35.5
6400.0
43.5
6400.0
4.5
6400.0
2550.0
6400.0
77.5
6400.0
36.5
6400.0
68.5
6400.0
1.5
6400.0
11.5
6400.0
2145.5
6400.0
37.0
6400.0
506.0
6400.0
693.5
6400.0
88.5
6400.0
53.5
6400.0
434.5
6400.0
2.5
6400.0
1192.5
6400.0
68.5
6400.0
217.5
6400.0
7.5
6400.0
1316.5
6400.0
35437.0
6400.0
17.0
6400.0
2181844.5
6400.0
5966.0
6400.0
Number of filtered contours: 3
Number of hole contours: 8
Number of tissue contours: 3
Number of hole contours: 3
Final number of tissue contours: 3
Final number of hole contours: 3
Segmentation completed in 1.02 seconds
Mask saved at: /nemo/project/proj-tracerx-lung/tctProjects/kilimo/TracerX_WSIs/20X/patches/masks/LTX0600_A4_SU.jpg
Creating patches for:  LTX0600_A4_SU ...
Total number of contours to process:  3
Bounding Box: 13952 42368 7041 9473
Contour Area: 27426816.0
Extracted 108 coordinates
Bounding Box: 7296 19200 16705 21889
Contour Area: 160434176.0
Extracted 545 coordinates
Bounding Box: 12992 4800 150785 95937
Contour Area: 9608665088.0
Extracted 28839 coordinates
original size: 168960 x 104192
downscaled size for stiching: 2640 x 1628
start stitching LTX0600_A4_SU
number of patches: 29492
patch size: 580 x 580 patch level: 0
ref patch size: (np.int32(580), np.int32(580)) x (np.int32(580), np.int32(580))
downscaled patch size: 10x10
segmentation took 1.0226449966430664 seconds
patching took 1.5382425785064697 seconds
stitching took 2.3056561946868896 seconds


progress: 0.81, 98/121
processing LTX0603_A5_SU.ndpi
MPP X: 0.22049744222967013, MPP Y: 0.22049744222967013
metadata microns per pixel 0.22049744222967013
Patch size for this slide is 580
Using custom parameters for slide: LTX0603_A5_SU
Visualization parameters: {'vis_level': np.int8(-1), 'line_thickness': np.uint32(150)}
Filter parameters: {'a_t': np.float32(100.0), 'a_h': np.float32(16.0), 'max_n_holes': np.uint32(8)}
Segmentation parameters: {'seg_level': np.int8(-1), 'sthresh': np.uint8(15), 'mthresh': np.uint8(11), 'close': np.uint32(4), 'use_otsu': np.False_, 'keep_ids': 'none', 'exclude_ids': 'none', 'remove_markings': np.False_}
Patch parameters: {'use_padding': np.True_, 'contour_fn': 'four_pt'}
Visualization level set to: 6
Segmentation level set to: 6
Keep IDs: []
Exclude IDs: []
Image shape: (1540, 1980, 4)
HSV image shape: (1540, 1980, 3)
Median blurred image shape: (1540, 1980)
Otsu thresholded image shape: (1540, 1980)
Filter params: {'a_t': np.float32(6400.0), 'a_h': np.float32(1024.0), 'max_n_holes': np.uint32(8)}
Number of contours: 323
Number of foreground contours: 17
251.0
6400.0
1.0
6400.0
100.5
6400.0
5.5
6400.0
10.0
6400.0
83.5
6400.0
369.0
6400.0
29.0
6400.0
98.5
6400.0
786.0
6400.0
1836.5
6400.0
24.5
6400.0
88.0
6400.0
1555412.5
6400.0
Number of filtered contours: 1
Number of hole contours: 8
Number of tissue contours: 1
Number of hole contours: 1
Final number of tissue contours: 1
Final number of hole contours: 1
Segmentation completed in 0.72 seconds
Mask saved at: /nemo/project/proj-tracerx-lung/tctProjects/kilimo/TracerX_WSIs/20X/patches/masks/LTX0603_A5_SU.jpg
Creating patches for:  LTX0603_A5_SU ...
Total number of contours to process:  1
Bounding Box: 4224 6144 114497 85377
Contour Area: 7002439680.0
Extracted 20384 coordinates
original size: 126720 x 98560
downscaled size for stiching: 1980 x 1540
start stitching LTX0603_A5_SU
number of patches: 20384
patch size: 580 x 580 patch level: 0
ref patch size: (np.int32(580), np.int32(580)) x (np.int32(580), np.int32(580))
downscaled patch size: 10x10
segmentation took 0.7158806324005127 seconds
patching took 0.9810748100280762 seconds
stitching took 1.639064073562622 seconds


progress: 0.82, 99/121
processing LTX0624_A2_SU.ndpi
MPP X: 0.22049744222967013, MPP Y: 0.22049744222967013
metadata microns per pixel 0.22049744222967013
Patch size for this slide is 580
Using custom parameters for slide: LTX0624_A2_SU
Visualization parameters: {'vis_level': np.int8(-1), 'line_thickness': np.uint32(150)}
Filter parameters: {'a_t': np.float32(100.0), 'a_h': np.float32(16.0), 'max_n_holes': np.uint32(8)}
Segmentation parameters: {'seg_level': np.int8(-1), 'sthresh': np.uint8(15), 'mthresh': np.uint8(11), 'close': np.uint32(4), 'use_otsu': np.False_, 'keep_ids': 'none', 'exclude_ids': 'none', 'remove_markings': np.False_}
Patch parameters: {'use_padding': np.True_, 'contour_fn': 'four_pt'}
Visualization level set to: 6
Segmentation level set to: 6
Keep IDs: []
Exclude IDs: []
Image shape: (1716, 2280, 4)
HSV image shape: (1716, 2280, 3)
Median blurred image shape: (1716, 2280)
Otsu thresholded image shape: (1716, 2280)
Filter params: {'a_t': np.float32(6400.0), 'a_h': np.float32(1024.0), 'max_n_holes': np.uint32(8)}
Number of contours: 972
Number of foreground contours: 267
44.5
6400.0
129.5
6400.0
43.0
6400.0
8.5
6400.0
5.5
6400.0
225.5
6400.0
110.0
6400.0
578.5
6400.0
3.5
6400.0
156.5
6400.0
18.0
6400.0
1.5
6400.0
21.5
6400.0
78.5
6400.0
203.5
6400.0
52.5
6400.0
283.0
6400.0
112.0
6400.0
378.0
6400.0
1.5
6400.0
14.0
6400.0
861.5
6400.0
58.0
6400.0
228.0
6400.0
1413.0
6400.0
8.5
6400.0
59.0
6400.0
5.5
6400.0
112.5
6400.0
29.5
6400.0
262.5
6400.0
213.0
6400.0
167.5
6400.0
22.5
6400.0
1.5
6400.0
150.5
6400.0
65.0
6400.0
46.0
6400.0
3.0
6400.0
0.5
6400.0
2425.0
6400.0
16.5
6400.0
243.0
6400.0
1.5
6400.0
1.5
6400.0
31.5
6400.0
3.0
6400.0
108.0
6400.0
161.5
6400.0
36.5
6400.0
486.0
6400.0
92.5
6400.0
107.0
6400.0
6.0
6400.0
17.5
6400.0
29.5
6400.0
128.0
6400.0
80.0
6400.0
247.5
6400.0
4.5
6400.0
2.5
6400.0
0.5
6400.0
125.5
6400.0
3.5
6400.0
151.0
6400.0
185.0
6400.0
28.5
6400.0
82.0
6400.0
4682.5
6400.0
131.0
6400.0
16.5
6400.0
35.0
6400.0
751.0
6400.0
242.5
6400.0
5.0
6400.0
210.5
6400.0
359.5
6400.0
3.0
6400.0
59.5
6400.0
84.5
6400.0
60.5
6400.0
9.5
6400.0
313.5
6400.0
1.0
6400.0
406.5
6400.0
61.0
6400.0
5.5
6400.0
60.0
6400.0
1497.5
6400.0
5.0
6400.0
3.5
6400.0
5.0
6400.0
201.0
6400.0
53.0
6400.0
8963.0
6400.0
1052.0
6400.0
7.5
6400.0
193.0
6400.0
9.0
6400.0
569.0
6400.0
297.5
6400.0
73.0
6400.0
279.0
6400.0
3.5
6400.0
269.0
6400.0
39.5
6400.0
9.0
6400.0
39.0
6400.0
135.0
6400.0
16.0
6400.0
26.5
6400.0
5.0
6400.0
69.5
6400.0
356.5
6400.0
131.0
6400.0
29.5
6400.0
2361.5
6400.0
10.0
6400.0
687.5
6400.0
146.0
6400.0
93.5
6400.0
5.5
6400.0
7.0
6400.0
154.5
6400.0
105.5
6400.0
24.0
6400.0
58.5
6400.0
40.5
6400.0
104.0
6400.0
6.0
6400.0
8.0
6400.0
1256.0
6400.0
46.5
6400.0
144.0
6400.0
214.5
6400.0
178.0
6400.0
297.5
6400.0
48.0
6400.0
153.5
6400.0
295.5
6400.0
352.0
6400.0
244.5
6400.0
802.5
6400.0
114.0
6400.0
1.0
6400.0
2.5
6400.0
11.5
6400.0
53.0
6400.0
5.0
6400.0
40.5
6400.0
66.5
6400.0
134.5
6400.0
10.5
6400.0
154.5
6400.0
26.5
6400.0
141.5
6400.0
249.0
6400.0
119.5
6400.0
1.5
6400.0
0.5
6400.0
329.5
6400.0
2654.5
6400.0
59.5
6400.0
18.0
6400.0
77.0
6400.0
10.0
6400.0
51.0
6400.0
0.5
6400.0
43.0
6400.0
7.5
6400.0
85.0
6400.0
108.5
6400.0
21.0
6400.0
0.5
6400.0
53.5
6400.0
44.0
6400.0
128.5
6400.0
1.0
6400.0
74.5
6400.0
127.5
6400.0
1157.0
6400.0
57.0
6400.0
59.0
6400.0
711.5
6400.0
407.5
6400.0
395.5
6400.0
348.5
6400.0
99.5
6400.0
1.5
6400.0
126.5
6400.0
4.0
6400.0
68.0
6400.0
58.0
6400.0
1318.0
6400.0
105.5
6400.0
199.5
6400.0
285.5
6400.0
413.5
6400.0
65.0
6400.0
142.0
6400.0
2.5
6400.0
103.5
6400.0
1110.5
6400.0
1695.5
6400.0
3539.0
6400.0
270.5
6400.0
125.5
6400.0
41.0
6400.0
0.5
6400.0
166.5
6400.0
339.5
6400.0
3.0
6400.0
66.5
6400.0
40.0
6400.0
586.0
6400.0
273.5
6400.0
98.5
6400.0
41.5
6400.0
18.5
6400.0
71.0
6400.0
260.5
6400.0
630.0
6400.0
46.0
6400.0
39.5
6400.0
7.5
6400.0
108.0
6400.0
141.0
6400.0
6.0
6400.0
460.5
6400.0
292.5
6400.0
926.5
6400.0
2217.0
6400.0
53.5
6400.0
35.5
6400.0
166.0
6400.0
236.5
6400.0
522.0
6400.0
5.5
6400.0
13.0
6400.0
33.0
6400.0
26.0
6400.0
1538362.0
6400.0
Number of filtered contours: 2
Number of hole contours: 9
Number of tissue contours: 2
Number of hole contours: 2
Final number of tissue contours: 2
Final number of hole contours: 2
Segmentation completed in 0.93 seconds
Mask saved at: /nemo/project/proj-tracerx-lung/tctProjects/kilimo/TracerX_WSIs/20X/patches/masks/LTX0624_A2_SU.jpg
Creating patches for:  LTX0624_A2_SU ...
Total number of contours to process:  2
Bounding Box: 54144 84992 18241 11393
Contour Area: 42522624.0
Extracted 166 coordinates
Bounding Box: 6400 8512 130241 99265
Contour Area: 8626905088.0
Extracted 23294 coordinates
original size: 145920 x 109824
downscaled size for stiching: 2280 x 1716
start stitching LTX0624_A2_SU
number of patches: 23460
patch size: 580 x 580 patch level: 0
ref patch size: (np.int32(580), np.int32(580)) x (np.int32(580), np.int32(580))
downscaled patch size: 10x10
segmentation took 0.9343671798706055 seconds
patching took 1.6634130477905273 seconds
stitching took 1.905085802078247 seconds


progress: 0.83, 100/121
processing LTX0625_A3_SU.ndpi
MPP X: 0.22049744222967013, MPP Y: 0.22049744222967013
metadata microns per pixel 0.22049744222967013
Patch size for this slide is 580
Using custom parameters for slide: LTX0625_A3_SU
Visualization parameters: {'vis_level': np.int8(-1), 'line_thickness': np.uint32(150)}
Filter parameters: {'a_t': np.float32(100.0), 'a_h': np.float32(16.0), 'max_n_holes': np.uint32(8)}
Segmentation parameters: {'seg_level': np.int8(-1), 'sthresh': np.uint8(15), 'mthresh': np.uint8(11), 'close': np.uint32(4), 'use_otsu': np.False_, 'keep_ids': 'none', 'exclude_ids': 'none', 'remove_markings': np.False_}
Patch parameters: {'use_padding': np.True_, 'contour_fn': 'four_pt'}
Visualization level set to: 6
Segmentation level set to: 6
Keep IDs: []
Exclude IDs: []
Image shape: (1760, 1920, 4)
HSV image shape: (1760, 1920, 3)
Median blurred image shape: (1760, 1920)
Otsu thresholded image shape: (1760, 1920)
Filter params: {'a_t': np.float32(6400.0), 'a_h': np.float32(1024.0), 'max_n_holes': np.uint32(8)}
Number of contours: 643
Number of foreground contours: 51
4.5
6400.0
2.0
6400.0
30.0
6400.0
44.0
6400.0
124.0
6400.0
1.5
6400.0
102.5
6400.0
18.5
6400.0
42.0
6400.0
96.0
6400.0
659.5
6400.0
13.0
6400.0
9.0
6400.0
2.5
6400.0
507.5
6400.0
32.5
6400.0
133.5
6400.0
93.5
6400.0
19.0
6400.0
140.0
6400.0
65.0
6400.0
14.0
6400.0
54.0
6400.0
2.5
6400.0
18.5
6400.0
2.0
6400.0
6.0
6400.0
1320283.0
6400.0
47.5
6400.0
159.0
6400.0
876.0
6400.0
571.0
6400.0
1230.0
6400.0
346.5
6400.0
207.0
6400.0
52.0
6400.0
308.5
6400.0
371.5
6400.0
281.0
6400.0
217.0
6400.0
360.0
6400.0
295.0
6400.0
3865.5
6400.0
2345.5
6400.0
Number of filtered contours: 1
Number of hole contours: 8
Number of tissue contours: 1
Number of hole contours: 1
Final number of tissue contours: 1
Final number of hole contours: 1
Segmentation completed in 0.11 seconds
Mask saved at: /nemo/project/proj-tracerx-lung/tctProjects/kilimo/TracerX_WSIs/20X/patches/masks/LTX0625_A3_SU.jpg
Creating patches for:  LTX0625_A3_SU ...
Total number of contours to process:  1
Bounding Box: 7872 1664 100481 101121
Contour Area: 6367911936.0
Extracted 18810 coordinates
original size: 122880 x 112640
downscaled size for stiching: 1920 x 1760
start stitching LTX0625_A3_SU
number of patches: 18810
patch size: 580 x 580 patch level: 0
ref patch size: (np.int32(580), np.int32(580)) x (np.int32(580), np.int32(580))
downscaled patch size: 10x10
segmentation took 0.10673856735229492 seconds
patching took 0.863478422164917 seconds
stitching took 1.180755853652954 seconds


progress: 0.83, 101/121
processing LTX0638_9__SU.ndpi
MPP X: 0.22049744222967013, MPP Y: 0.22049744222967013
metadata microns per pixel 0.22049744222967013
Patch size for this slide is 580
Using custom parameters for slide: LTX0638_9__SU
Visualization parameters: {'vis_level': np.int8(-1), 'line_thickness': np.uint32(150)}
Filter parameters: {'a_t': np.float32(100.0), 'a_h': np.float32(16.0), 'max_n_holes': np.uint32(8)}
Segmentation parameters: {'seg_level': np.int8(-1), 'sthresh': np.uint8(15), 'mthresh': np.uint8(11), 'close': np.uint32(4), 'use_otsu': np.False_, 'keep_ids': 'none', 'exclude_ids': 'none', 'remove_markings': np.False_}
Patch parameters: {'use_padding': np.True_, 'contour_fn': 'four_pt'}
Visualization level set to: 6
Segmentation level set to: 6
Keep IDs: []
Exclude IDs: []
Image shape: (1628, 1740, 4)
HSV image shape: (1628, 1740, 3)
Median blurred image shape: (1628, 1740)
Otsu thresholded image shape: (1628, 1740)
Filter params: {'a_t': np.float32(6400.0), 'a_h': np.float32(1024.0), 'max_n_holes': np.uint32(8)}
Number of contours: 87
Number of foreground contours: 20
136.0
6400.0
39.5
6400.0
8.0
6400.0
28.0
6400.0
36.0
6400.0
8.0
6400.0
29.0
6400.0
33.5
6400.0
37.0
6400.0
28.0
6400.0
5.0
6400.0
194.0
6400.0
92.5
6400.0
90.5
6400.0
47.0
6400.0
24.0
6400.0
10.5
6400.0
1357660.5
6400.0
168.0
6400.0
426.5
6400.0
Number of filtered contours: 1
Number of hole contours: 7
Number of tissue contours: 1
Number of hole contours: 1
Final number of tissue contours: 1
Final number of hole contours: 1
Segmentation completed in 0.64 seconds
Mask saved at: /nemo/project/proj-tracerx-lung/tctProjects/kilimo/TracerX_WSIs/20X/patches/masks/LTX0638_9__SU.jpg
Creating patches for:  LTX0638_9__SU ...
Total number of contours to process:  1
Bounding Box: 3456 3712 93441 98369
Contour Area: 6336290816.0
Extracted 16896 coordinates
original size: 111360 x 104192
downscaled size for stiching: 1740 x 1628
start stitching LTX0638_9__SU
number of patches: 16896
patch size: 580 x 580 patch level: 0
ref patch size: (np.int32(580), np.int32(580)) x (np.int32(580), np.int32(580))
downscaled patch size: 10x10
segmentation took 0.6439690589904785 seconds
patching took 0.7520098686218262 seconds
stitching took 1.3378627300262451 seconds


progress: 0.84, 102/121
processing LTX0653_C1_SU.ndpi
MPP X: 0.22049744222967013, MPP Y: 0.22049744222967013
metadata microns per pixel 0.22049744222967013
Patch size for this slide is 580
Using custom parameters for slide: LTX0653_C1_SU
Visualization parameters: {'vis_level': np.int8(-1), 'line_thickness': np.uint32(150)}
Filter parameters: {'a_t': np.float32(100.0), 'a_h': np.float32(16.0), 'max_n_holes': np.uint32(8)}
Segmentation parameters: {'seg_level': np.int8(-1), 'sthresh': np.uint8(15), 'mthresh': np.uint8(11), 'close': np.uint32(4), 'use_otsu': np.False_, 'keep_ids': 'none', 'exclude_ids': 'none', 'remove_markings': np.False_}
Patch parameters: {'use_padding': np.True_, 'contour_fn': 'four_pt'}
Visualization level set to: 6
Segmentation level set to: 6
Keep IDs: []
Exclude IDs: []
Image shape: (1320, 2460, 4)
HSV image shape: (1320, 2460, 3)
Median blurred image shape: (1320, 2460)
Otsu thresholded image shape: (1320, 2460)
Filter params: {'a_t': np.float32(6400.0), 'a_h': np.float32(1024.0), 'max_n_holes': np.uint32(8)}
Number of contours: 202
Number of foreground contours: 38
40.5
6400.0
66.0
6400.0
1.5
6400.0
15.0
6400.0
19.5
6400.0
33.5
6400.0
179.5
6400.0
110.5
6400.0
5.0
6400.0
30.0
6400.0
14.0
6400.0
426.5
6400.0
53.5
6400.0
7.0
6400.0
299.5
6400.0
4641.0
6400.0
63.5
6400.0
97.5
6400.0
12.5
6400.0
303.0
6400.0
155.0
6400.0
1.0
6400.0
6.5
6400.0
729650.0
6400.0
119.0
6400.0
2632.0
6400.0
14639.5
6400.0
1.0
6400.0
9615.5
6400.0
462.5
6400.0
64.0
6400.0
16396.5
6400.0
6.5
6400.0
85.0
6400.0
Number of filtered contours: 4
Number of hole contours: 4
Number of tissue contours: 4
Number of hole contours: 4
Final number of tissue contours: 4
Final number of hole contours: 4
Segmentation completed in 0.73 seconds
Mask saved at: /nemo/project/proj-tracerx-lung/tctProjects/kilimo/TracerX_WSIs/20X/patches/masks/LTX0653_C1_SU.jpg
Creating patches for:  LTX0653_C1_SU ...
Total number of contours to process:  4
Bounding Box: 6848 23680 124481 53249
Contour Area: 3155576832.0
Extracted 9558 coordinates
Bounding Box: 19200 22784 9281 10177
Contour Area: 60809216.0
Extracted 205 coordinates
Bounding Box: 65024 19584 9409 8129
Contour Area: 41394176.0
Extracted 149 coordinates
Bounding Box: 31360 11136 10561 10817
Contour Area: 69144576.0
Extracted 224 coordinates
original size: 157440 x 84480
downscaled size for stiching: 2460 x 1320
start stitching LTX0653_C1_SU
number of patches: 10136
patch size: 580 x 580 patch level: 0
ref patch size: (np.int32(580), np.int32(580)) x (np.int32(580), np.int32(580))
downscaled patch size: 10x10
segmentation took 0.7265071868896484 seconds
patching took 0.6260256767272949 seconds
stitching took 0.8396358489990234 seconds


progress: 0.85, 103/121
processing LTX0654_A5_SU.ndpi
MPP X: 0.22049744222967013, MPP Y: 0.22049744222967013
metadata microns per pixel 0.22049744222967013
Patch size for this slide is 580
Using custom parameters for slide: LTX0654_A5_SU
Visualization parameters: {'vis_level': np.int8(-1), 'line_thickness': np.uint32(150)}
Filter parameters: {'a_t': np.float32(100.0), 'a_h': np.float32(16.0), 'max_n_holes': np.uint32(8)}
Segmentation parameters: {'seg_level': np.int8(-1), 'sthresh': np.uint8(15), 'mthresh': np.uint8(11), 'close': np.uint32(4), 'use_otsu': np.False_, 'keep_ids': 'none', 'exclude_ids': 'none', 'remove_markings': np.False_}
Patch parameters: {'use_padding': np.True_, 'contour_fn': 'four_pt'}
Visualization level set to: 6
Segmentation level set to: 6
Keep IDs: []
Exclude IDs: []
Image shape: (1408, 2220, 4)
HSV image shape: (1408, 2220, 3)
Median blurred image shape: (1408, 2220)
Otsu thresholded image shape: (1408, 2220)
Filter params: {'a_t': np.float32(6400.0), 'a_h': np.float32(1024.0), 'max_n_holes': np.uint32(8)}
Number of contours: 384
Number of foreground contours: 41
756.5
6400.0
6.0
6400.0
399.5
6400.0
1308.5
6400.0
304.0
6400.0
404.5
6400.0
8.0
6400.0
37.5
6400.0
16.0
6400.0
21.0
6400.0
48.0
6400.0
21.0
6400.0
202.5
6400.0
216.5
6400.0
48.0
6400.0
102.5
6400.0
7.0
6400.0
37.0
6400.0
63.0
6400.0
2.0
6400.0
486.5
6400.0
155.5
6400.0
214.0
6400.0
61.5
6400.0
346.0
6400.0
49.0
6400.0
30.0
6400.0
63.5
6400.0
40.0
6400.0
1.5
6400.0
3.5
6400.0
1.5
6400.0
192.0
6400.0
3266.0
6400.0
864702.5
6400.0
1.0
6400.0
6.0
6400.0
78.5
6400.0
95.0
6400.0
34.0
6400.0
Number of filtered contours: 1
Number of hole contours: 8
Number of tissue contours: 1
Number of hole contours: 1
Final number of tissue contours: 1
Final number of hole contours: 1
Segmentation completed in 0.70 seconds
Mask saved at: /nemo/project/proj-tracerx-lung/tctProjects/kilimo/TracerX_WSIs/20X/patches/masks/LTX0654_A5_SU.jpg
Creating patches for:  LTX0654_A5_SU ...
Total number of contours to process:  1
Bounding Box: 6208 8448 95873 72769
Contour Area: 4293228544.0
Extracted 12217 coordinates
original size: 142080 x 90112
downscaled size for stiching: 2220 x 1408
start stitching LTX0654_A5_SU
number of patches: 12217
patch size: 580 x 580 patch level: 0
ref patch size: (np.int32(580), np.int32(580)) x (np.int32(580), np.int32(580))
downscaled patch size: 10x10
segmentation took 0.7034127712249756 seconds
patching took 0.5325136184692383 seconds
stitching took 0.9648134708404541 seconds


progress: 0.86, 104/121
processing LTX0665_A2_SU.ndpi
MPP X: 0.22049744222967013, MPP Y: 0.22049744222967013
metadata microns per pixel 0.22049744222967013
Patch size for this slide is 580
Using custom parameters for slide: LTX0665_A2_SU
Visualization parameters: {'vis_level': np.int8(-1), 'line_thickness': np.uint32(150)}
Filter parameters: {'a_t': np.float32(100.0), 'a_h': np.float32(16.0), 'max_n_holes': np.uint32(8)}
Segmentation parameters: {'seg_level': np.int8(-1), 'sthresh': np.uint8(15), 'mthresh': np.uint8(11), 'close': np.uint32(4), 'use_otsu': np.False_, 'keep_ids': 'none', 'exclude_ids': 'none', 'remove_markings': np.False_}
Patch parameters: {'use_padding': np.True_, 'contour_fn': 'four_pt'}
Visualization level set to: 6
Segmentation level set to: 6
Keep IDs: []
Exclude IDs: []
Image shape: (1452, 2460, 4)
HSV image shape: (1452, 2460, 3)
Median blurred image shape: (1452, 2460)
Otsu thresholded image shape: (1452, 2460)
Filter params: {'a_t': np.float32(6400.0), 'a_h': np.float32(1024.0), 'max_n_holes': np.uint32(8)}
Number of contours: 321
Number of foreground contours: 13
98.5
6400.0
99.0
6400.0
213.0
6400.0
7.5
6400.0
3.5
6400.0
42.5
6400.0
31.0
6400.0
55.0
6400.0
300.5
6400.0
6.0
6400.0
1491280.0
6400.0
Number of filtered contours: 1
Number of hole contours: 8
Number of tissue contours: 1
Number of hole contours: 1
Final number of tissue contours: 1
Final number of hole contours: 1
Segmentation completed in 0.83 seconds
Mask saved at: /nemo/project/proj-tracerx-lung/tctProjects/kilimo/TracerX_WSIs/20X/patches/masks/LTX0665_A2_SU.jpg
Creating patches for:  LTX0665_A2_SU ...
Total number of contours to process:  1
Bounding Box: 6272 10240 116609 82625
Contour Area: 6626523136.0
Extracted 19573 coordinates
original size: 157440 x 92928
downscaled size for stiching: 2460 x 1452
start stitching LTX0665_A2_SU
number of patches: 19573
patch size: 580 x 580 patch level: 0
ref patch size: (np.int32(580), np.int32(580)) x (np.int32(580), np.int32(580))
downscaled patch size: 10x10
segmentation took 0.8274409770965576 seconds
patching took 0.7224302291870117 seconds
stitching took 1.5680983066558838 seconds


progress: 0.87, 105/121
processing LTX0666_A4_SU.ndpi
MPP X: 0.22049744222967013, MPP Y: 0.22049744222967013
metadata microns per pixel 0.22049744222967013
Patch size for this slide is 580
Using custom parameters for slide: LTX0666_A4_SU
Visualization parameters: {'vis_level': np.int8(-1), 'line_thickness': np.uint32(150)}
Filter parameters: {'a_t': np.float32(100.0), 'a_h': np.float32(16.0), 'max_n_holes': np.uint32(8)}
Segmentation parameters: {'seg_level': np.int8(-1), 'sthresh': np.uint8(15), 'mthresh': np.uint8(11), 'close': np.uint32(4), 'use_otsu': np.False_, 'keep_ids': 'none', 'exclude_ids': 'none', 'remove_markings': np.False_}
Patch parameters: {'use_padding': np.True_, 'contour_fn': 'four_pt'}
Visualization level set to: 6
Segmentation level set to: 6
Keep IDs: []
Exclude IDs: []
Image shape: (1276, 1620, 4)
HSV image shape: (1276, 1620, 3)
Median blurred image shape: (1276, 1620)
Otsu thresholded image shape: (1276, 1620)
Filter params: {'a_t': np.float32(6400.0), 'a_h': np.float32(1024.0), 'max_n_holes': np.uint32(8)}
Number of contours: 316
Number of foreground contours: 126
1.0
6400.0
21.0
6400.0
23.5
6400.0
48.5
6400.0
15.0
6400.0
116.0
6400.0
52.5
6400.0
3.5
6400.0
134.0
6400.0
237.5
6400.0
138.0
6400.0
23.0
6400.0
14.5
6400.0
113.5
6400.0
33.0
6400.0
369.0
6400.0
85.5
6400.0
13.0
6400.0
120.0
6400.0
238.5
6400.0
20.5
6400.0
11.5
6400.0
54.5
6400.0
1.0
6400.0
34.5
6400.0
18.0
6400.0
85.5
6400.0
305.5
6400.0
43.5
6400.0
21.5
6400.0
62.5
6400.0
1.0
6400.0
59.5
6400.0
6.5
6400.0
13.5
6400.0
18.5
6400.0
2.0
6400.0
4.5
6400.0
39.5
6400.0
5.0
6400.0
26.5
6400.0
1061.5
6400.0
536.5
6400.0
179.5
6400.0
32.5
6400.0
84.0
6400.0
78.0
6400.0
5.0
6400.0
568.5
6400.0
140.0
6400.0
2.0
6400.0
7.5
6400.0
283.5
6400.0
60.5
6400.0
1182.0
6400.0
381.0
6400.0
55.0
6400.0
3300.5
6400.0
83.0
6400.0
31.0
6400.0
277.0
6400.0
643.5
6400.0
31.0
6400.0
688.5
6400.0
21.5
6400.0
228.5
6400.0
25.5
6400.0
59.0
6400.0
0.5
6400.0
1.0
6400.0
238.5
6400.0
1557.0
6400.0
181.5
6400.0
386.5
6400.0
27.0
6400.0
26.0
6400.0
428.0
6400.0
16.0
6400.0
80.0
6400.0
24.0
6400.0
49.0
6400.0
7.0
6400.0
146.5
6400.0
55.0
6400.0
88.0
6400.0
5.5
6400.0
151.5
6400.0
1533.0
6400.0
10.0
6400.0
13.5
6400.0
32.5
6400.0
48.5
6400.0
5.0
6400.0
1.0
6400.0
88.0
6400.0
260.5
6400.0
23.5
6400.0
28.0
6400.0
5.5
6400.0
9.5
6400.0
51.0
6400.0
97.5
6400.0
259.5
6400.0
867.5
6400.0
340.0
6400.0
116.0
6400.0
100.5
6400.0
1021.5
6400.0
40.5
6400.0
605.0
6400.0
8.0
6400.0
1.5
6400.0
864323.5
6400.0
2289.0
6400.0
21758.0
6400.0
Number of filtered contours: 2
Number of hole contours: 8
Number of tissue contours: 2
Number of hole contours: 2
Final number of tissue contours: 2
Final number of hole contours: 2
Segmentation completed in 0.49 seconds
Mask saved at: /nemo/project/proj-tracerx-lung/tctProjects/kilimo/TracerX_WSIs/20X/patches/masks/LTX0666_A4_SU.jpg
Creating patches for:  LTX0666_A4_SU ...
Total number of contours to process:  2
Bounding Box: 0 4352 96897 73025
Contour Area: 3883063296.0
Extracted 11496 coordinates
Bounding Box: 73664 0 13377 11265
Contour Area: 89120768.0
Extracted 288 coordinates
original size: 103680 x 81664
downscaled size for stiching: 1620 x 1276
start stitching LTX0666_A4_SU
number of patches: 11784
patch size: 580 x 580 patch level: 0
ref patch size: (np.int32(580), np.int32(580)) x (np.int32(580), np.int32(580))
downscaled patch size: 10x10
segmentation took 0.4859893321990967 seconds
patching took 0.6908316612243652 seconds
stitching took 1.0386276245117188 seconds


progress: 0.88, 106/121
processing LTX0686_A2_SU.ndpi
MPP X: 0.22049744222967013, MPP Y: 0.22049744222967013
metadata microns per pixel 0.22049744222967013
Patch size for this slide is 580
Using custom parameters for slide: LTX0686_A2_SU
Visualization parameters: {'vis_level': np.int8(-1), 'line_thickness': np.uint32(150)}
Filter parameters: {'a_t': np.float32(100.0), 'a_h': np.float32(16.0), 'max_n_holes': np.uint32(8)}
Segmentation parameters: {'seg_level': np.int8(-1), 'sthresh': np.uint8(15), 'mthresh': np.uint8(11), 'close': np.uint32(4), 'use_otsu': np.False_, 'keep_ids': 'none', 'exclude_ids': 'none', 'remove_markings': np.False_}
Patch parameters: {'use_padding': np.True_, 'contour_fn': 'four_pt'}
Visualization level set to: 6
Segmentation level set to: 6
Keep IDs: []
Exclude IDs: []
Image shape: (1804, 2520, 4)
HSV image shape: (1804, 2520, 3)
Median blurred image shape: (1804, 2520)
Otsu thresholded image shape: (1804, 2520)
Filter params: {'a_t': np.float32(6400.0), 'a_h': np.float32(1024.0), 'max_n_holes': np.uint32(8)}
Number of contours: 913
Number of foreground contours: 109
32.0
6400.0
54.0
6400.0
17.0
6400.0
12.0
6400.0
9.5
6400.0
86.5
6400.0
111.5
6400.0
1528.0
6400.0
36.5
6400.0
3.0
6400.0
46.0
6400.0
5.5
6400.0
183.0
6400.0
314.5
6400.0
312.0
6400.0
308.5
6400.0
103.5
6400.0
7.5
6400.0
16.0
6400.0
74.5
6400.0
2.5
6400.0
28.5
6400.0
16.5
6400.0
196.5
6400.0
31.0
6400.0
15.0
6400.0
3.5
6400.0
23.0
6400.0
7.0
6400.0
1.0
6400.0
20.0
6400.0
51.5
6400.0
15.0
6400.0
275.0
6400.0
71.0
6400.0
77.5
6400.0
9.5
6400.0
89.5
6400.0
67.0
6400.0
69.0
6400.0
247.0
6400.0
10.0
6400.0
38.0
6400.0
20.5
6400.0
2.0
6400.0
227.0
6400.0
135.0
6400.0
71.5
6400.0
17.5
6400.0
47.5
6400.0
9.5
6400.0
227.0
6400.0
2.0
6400.0
114.5
6400.0
308.0
6400.0
1.0
6400.0
88.5
6400.0
65.5
6400.0
6.0
6400.0
12.0
6400.0
44.0
6400.0
12.0
6400.0
36.0
6400.0
3.5
6400.0
12.0
6400.0
103.5
6400.0
82.0
6400.0
177.0
6400.0
3.0
6400.0
27.0
6400.0
8.0
6400.0
96.0
6400.0
20.0
6400.0
90.0
6400.0
49.0
6400.0
65.0
6400.0
67.5
6400.0
54.5
6400.0
76.0
6400.0
230.0
6400.0
72.5
6400.0
203.0
6400.0
35.0
6400.0
432.0
6400.0
45.5
6400.0
2727192.5
6400.0
47.5
6400.0
67.0
6400.0
47.0
6400.0
47.0
6400.0
36.0
6400.0
169.0
6400.0
34.5
6400.0
260.5
6400.0
126.0
6400.0
47.5
6400.0
93.5
6400.0
161.5
6400.0
201.5
6400.0
116.5
6400.0
3797.5
6400.0
Number of filtered contours: 1
Number of hole contours: 8
Number of tissue contours: 1
Number of hole contours: 1
Final number of tissue contours: 1
Final number of hole contours: 1
Segmentation completed in 1.09 seconds
Mask saved at: /nemo/project/proj-tracerx-lung/tctProjects/kilimo/TracerX_WSIs/20X/patches/masks/LTX0686_A2_SU.jpg
Creating patches for:  LTX0686_A2_SU ...
Total number of contours to process:  1
Bounding Box: 6784 0 144577 114305
Contour Area: 13052499968.0
Extracted 38317 coordinates
original size: 161280 x 115456
downscaled size for stiching: 2520 x 1804
start stitching LTX0686_A2_SU
number of patches: 38317
patch size: 580 x 580 patch level: 0
ref patch size: (np.int32(580), np.int32(580)) x (np.int32(580), np.int32(580))
downscaled patch size: 10x10
segmentation took 1.093780517578125 seconds
patching took 1.6093120574951172 seconds
stitching took 3.0209739208221436 seconds


progress: 0.88, 107/121
processing LTX0715_A4_SU.ndpi
MPP X: 0.22049744222967013, MPP Y: 0.22049744222967013
metadata microns per pixel 0.22049744222967013
Patch size for this slide is 580
Using custom parameters for slide: LTX0715_A4_SU
Visualization parameters: {'vis_level': np.int8(-1), 'line_thickness': np.uint32(150)}
Filter parameters: {'a_t': np.float32(100.0), 'a_h': np.float32(16.0), 'max_n_holes': np.uint32(8)}
Segmentation parameters: {'seg_level': np.int8(-1), 'sthresh': np.uint8(15), 'mthresh': np.uint8(11), 'close': np.uint32(4), 'use_otsu': np.False_, 'keep_ids': 'none', 'exclude_ids': 'none', 'remove_markings': np.False_}
Patch parameters: {'use_padding': np.True_, 'contour_fn': 'four_pt'}
Visualization level set to: 6
Segmentation level set to: 6
Keep IDs: []
Exclude IDs: []
Image shape: (1628, 2280, 4)
HSV image shape: (1628, 2280, 3)
Median blurred image shape: (1628, 2280)
Otsu thresholded image shape: (1628, 2280)
Filter params: {'a_t': np.float32(6400.0), 'a_h': np.float32(1024.0), 'max_n_holes': np.uint32(8)}
Number of contours: 227
Number of foreground contours: 38
22.0
6400.0
139.5
6400.0
217.5
6400.0
30.5
6400.0
401.0
6400.0
41.0
6400.0
30.0
6400.0
351.0
6400.0
6.0
6400.0
155.5
6400.0
3.0
6400.0
7.5
6400.0
82.0
6400.0
32.5
6400.0
48.0
6400.0
415.5
6400.0
35.5
6400.0
102.0
6400.0
283.5
6400.0
14.0
6400.0
10.5
6400.0
21.5
6400.0
44.5
6400.0
338.5
6400.0
1549481.5
6400.0
7.0
6400.0
32.0
6400.0
22.5
6400.0
381.5
6400.0
250.0
6400.0
33.0
6400.0
Number of filtered contours: 1
Number of hole contours: 5
Number of tissue contours: 1
Number of hole contours: 1
Final number of tissue contours: 1
Final number of hole contours: 1
Segmentation completed in 0.89 seconds
Mask saved at: /nemo/project/proj-tracerx-lung/tctProjects/kilimo/TracerX_WSIs/20X/patches/masks/LTX0715_A4_SU.jpg
Creating patches for:  LTX0715_A4_SU ...
Total number of contours to process:  1
Bounding Box: 7232 7360 123329 95553
Contour Area: 6553225216.0
Extracted 19663 coordinates
original size: 145920 x 104192
downscaled size for stiching: 2280 x 1628
start stitching LTX0715_A4_SU
number of patches: 19663
patch size: 580 x 580 patch level: 0
ref patch size: (np.int32(580), np.int32(580)) x (np.int32(580), np.int32(580))
downscaled patch size: 10x10
segmentation took 0.8922550678253174 seconds
patching took 0.870711088180542 seconds
stitching took 1.5610499382019043 seconds


progress: 0.89, 108/121
processing LTX0715_SU.ndpi
MPP X: 0.22049744222967013, MPP Y: 0.22049744222967013
metadata microns per pixel 0.22049744222967013
Patch size for this slide is 580
Using custom parameters for slide: LTX0715_SU
Visualization parameters: {'vis_level': np.int8(-1), 'line_thickness': np.uint32(150)}
Filter parameters: {'a_t': np.float32(100.0), 'a_h': np.float32(16.0), 'max_n_holes': np.uint32(8)}
Segmentation parameters: {'seg_level': np.int8(-1), 'sthresh': np.uint8(15), 'mthresh': np.uint8(11), 'close': np.uint32(4), 'use_otsu': np.False_, 'keep_ids': 'none', 'exclude_ids': 'none', 'remove_markings': np.False_}
Patch parameters: {'use_padding': np.True_, 'contour_fn': 'four_pt'}
Visualization level set to: 6
Segmentation level set to: 6
Keep IDs: []
Exclude IDs: []
Image shape: (1584, 2040, 4)
HSV image shape: (1584, 2040, 3)
Median blurred image shape: (1584, 2040)
Otsu thresholded image shape: (1584, 2040)
Filter params: {'a_t': np.float32(6400.0), 'a_h': np.float32(1024.0), 'max_n_holes': np.uint32(8)}
Number of contours: 170
Number of foreground contours: 27
14.0
6400.0
47.5
6400.0
70.5
6400.0
7.0
6400.0
6.5
6400.0
4.0
6400.0
244.5
6400.0
703.0
6400.0
170.5
6400.0
207.0
6400.0
75.5
6400.0
557.0
6400.0
35.0
6400.0
61.5
6400.0
49.5
6400.0
13.5
6400.0
58.0
6400.0
506.5
6400.0
8.5
6400.0
1.0
6400.0
86.0
6400.0
1462177.0
6400.0
Number of filtered contours: 1
Number of hole contours: 8
Number of tissue contours: 1
Number of hole contours: 1
Final number of tissue contours: 1
Final number of hole contours: 1
Segmentation completed in 0.10 seconds
Mask saved at: /nemo/project/proj-tracerx-lung/tctProjects/kilimo/TracerX_WSIs/20X/patches/masks/LTX0715_SU.jpg
Creating patches for:  LTX0715_SU ...
Total number of contours to process:  1
Bounding Box: 3328 1920 123265 99393
Contour Area: 6180632576.0
Extracted 18486 coordinates
original size: 130560 x 101376
downscaled size for stiching: 2040 x 1584
start stitching LTX0715_SU
number of patches: 18486
patch size: 580 x 580 patch level: 0
ref patch size: (np.int32(580), np.int32(580)) x (np.int32(580), np.int32(580))
downscaled patch size: 10x10
segmentation took 0.10320591926574707 seconds
patching took 1.1716933250427246 seconds
stitching took 1.1253838539123535 seconds


progress: 0.90, 109/121
processing LTX0717_A8_SU.ndpi
MPP X: 0.22049744222967013, MPP Y: 0.22049744222967013
metadata microns per pixel 0.22049744222967013
Patch size for this slide is 580
Using custom parameters for slide: LTX0717_A8_SU
Visualization parameters: {'vis_level': np.int8(-1), 'line_thickness': np.uint32(150)}
Filter parameters: {'a_t': np.float32(100.0), 'a_h': np.float32(16.0), 'max_n_holes': np.uint32(8)}
Segmentation parameters: {'seg_level': np.int8(-1), 'sthresh': np.uint8(15), 'mthresh': np.uint8(11), 'close': np.uint32(4), 'use_otsu': np.False_, 'keep_ids': 'none', 'exclude_ids': 'none', 'remove_markings': np.False_}
Patch parameters: {'use_padding': np.True_, 'contour_fn': 'four_pt'}
Visualization level set to: 6
Segmentation level set to: 6
Keep IDs: []
Exclude IDs: []
Image shape: (1760, 3360, 4)
HSV image shape: (1760, 3360, 3)
Median blurred image shape: (1760, 3360)
Otsu thresholded image shape: (1760, 3360)
Filter params: {'a_t': np.float32(6400.0), 'a_h': np.float32(1024.0), 'max_n_holes': np.uint32(8)}
Number of contours: 733
Number of foreground contours: 220
97.0
6400.0
8.0
6400.0
32.0
6400.0
1.0
6400.0
3.5
6400.0
8.5
6400.0
26.5
6400.0
41.0
6400.0
1579.5
6400.0
32.0
6400.0
12.5
6400.0
889.0
6400.0
120.5
6400.0
11.0
6400.0
634.5
6400.0
49.0
6400.0
23.0
6400.0
9117.0
6400.0
1230.5
6400.0
274.5
6400.0
200.5
6400.0
131.5
6400.0
83.0
6400.0
180.0
6400.0
1015.0
6400.0
9.5
6400.0
4.5
6400.0
223.0
6400.0
6.5
6400.0
790.0
6400.0
134.5
6400.0
38.5
6400.0
6.5
6400.0
185.5
6400.0
2740.5
6400.0
4.0
6400.0
199.0
6400.0
7.5
6400.0
31.0
6400.0
445.0
6400.0
375.5
6400.0
59.5
6400.0
340.0
6400.0
87.5
6400.0
526.0
6400.0
25.0
6400.0
442.5
6400.0
1139.0
6400.0
175.0
6400.0
18.5
6400.0
27.5
6400.0
3.0
6400.0
17.5
6400.0
29.0
6400.0
199.0
6400.0
130.0
6400.0
13.5
6400.0
256.0
6400.0
453.0
6400.0
179.5
6400.0
517.5
6400.0
101.5
6400.0
52.0
6400.0
608.5
6400.0
20.5
6400.0
1.0
6400.0
55.5
6400.0
1110.5
6400.0
88.0
6400.0
73.0
6400.0
1001.0
6400.0
6.5
6400.0
804.0
6400.0
0.5
6400.0
413.0
6400.0
23.5
6400.0
152.5
6400.0
49.0
6400.0
8.5
6400.0
31.0
6400.0
134.0
6400.0
420.0
6400.0
191.0
6400.0
99.5
6400.0
18.0
6400.0
15.0
6400.0
16.0
6400.0
6.0
6400.0
830.0
6400.0
48.0
6400.0
72.0
6400.0
171.5
6400.0
53.5
6400.0
5.5
6400.0
53.0
6400.0
1.0
6400.0
94.5
6400.0
287.5
6400.0
29.0
6400.0
7.0
6400.0
199.0
6400.0
0.5
6400.0
29.0
6400.0
383.0
6400.0
10.0
6400.0
115.0
6400.0
59.0
6400.0
40.5
6400.0
2.0
6400.0
411.5
6400.0
132.5
6400.0
0.5
6400.0
462.5
6400.0
29.0
6400.0
46.0
6400.0
45.5
6400.0
200.5
6400.0
689.5
6400.0
7.5
6400.0
27.0
6400.0
3.0
6400.0
489.5
6400.0
933.0
6400.0
22.0
6400.0
15.0
6400.0
152.5
6400.0
25.0
6400.0
65.5
6400.0
12.0
6400.0
269.0
6400.0
2530.5
6400.0
353.0
6400.0
141.0
6400.0
202.0
6400.0
87.0
6400.0
666.5
6400.0
16.5
6400.0
106.5
6400.0
18.5
6400.0
128.5
6400.0
19.0
6400.0
708.5
6400.0
3350.0
6400.0
1.5
6400.0
15.0
6400.0
228.0
6400.0
23.5
6400.0
310517.0
6400.0
11.5
6400.0
364.5
6400.0
65.5
6400.0
34.0
6400.0
2.5
6400.0
245.0
6400.0
1025.5
6400.0
118.0
6400.0
2242.0
6400.0
95.5
6400.0
230.5
6400.0
13.0
6400.0
73.0
6400.0
62.0
6400.0
38.5
6400.0
3.0
6400.0
0.5
6400.0
301.0
6400.0
12.0
6400.0
2.0
6400.0
460.0
6400.0
29.0
6400.0
10870.5
6400.0
25.0
6400.0
271.0
6400.0
168.5
6400.0
43.5
6400.0
9082.5
6400.0
30.0
6400.0
39.5
6400.0
9.5
6400.0
8.5
6400.0
99.0
6400.0
875.0
6400.0
122.5
6400.0
3958.0
6400.0
52.0
6400.0
41.0
6400.0
2829.0
6400.0
112.5
6400.0
966759.5
6400.0
1.5
6400.0
52.0
6400.0
3.5
6400.0
3.0
6400.0
30.0
6400.0
4850.5
6400.0
181.5
6400.0
271.5
6400.0
721.0
6400.0
2792.5
6400.0
330.5
6400.0
1956.5
6400.0
2891.0
6400.0
5481.5
6400.0
Number of filtered contours: 5
Number of hole contours: 16
Number of tissue contours: 5
Number of hole contours: 5
Final number of tissue contours: 5
Final number of hole contours: 5
Segmentation completed in 0.18 seconds
Mask saved at: /nemo/project/proj-tracerx-lung/tctProjects/kilimo/TracerX_WSIs/20X/patches/masks/LTX0717_A8_SU.jpg
Creating patches for:  LTX0717_A8_SU ...
Total number of contours to process:  5
Bounding Box: 204544 88448 9281 9089
Contour Area: 37343232.0
Extracted 122 coordinates
Bounding Box: 84032 26944 61953 65281
Contour Area: 1520758784.0
Extracted 4468 coordinates
Bounding Box: 90176 16512 12097 15809
Contour Area: 46991360.0
Extracted 205 coordinates
Bounding Box: 204544 9088 9153 9345
Contour Area: 37201920.0
Extracted 126 coordinates
Bounding Box: 6848 4160 90305 98049
Contour Area: 4835799040.0
Extracted 13607 coordinates
original size: 215040 x 112640
downscaled size for stiching: 3360 x 1760
start stitching LTX0717_A8_SU
number of patches: 18528
patch size: 580 x 580 patch level: 0
ref patch size: (np.int32(580), np.int32(580)) x (np.int32(580), np.int32(580))
downscaled patch size: 10x10
segmentation took 0.17937827110290527 seconds
patching took 1.2854084968566895 seconds
stitching took 1.1642916202545166 seconds


progress: 0.91, 110/121
processing LTX0721_E3_SU.ndpi
MPP X: 0.22049744222967013, MPP Y: 0.22049744222967013
metadata microns per pixel 0.22049744222967013
Patch size for this slide is 580
Using custom parameters for slide: LTX0721_E3_SU
Visualization parameters: {'vis_level': np.int8(-1), 'line_thickness': np.uint32(150)}
Filter parameters: {'a_t': np.float32(100.0), 'a_h': np.float32(16.0), 'max_n_holes': np.uint32(8)}
Segmentation parameters: {'seg_level': np.int8(-1), 'sthresh': np.uint8(15), 'mthresh': np.uint8(11), 'close': np.uint32(4), 'use_otsu': np.False_, 'keep_ids': 'none', 'exclude_ids': 'none', 'remove_markings': np.False_}
Patch parameters: {'use_padding': np.True_, 'contour_fn': 'four_pt'}
Visualization level set to: 6
Segmentation level set to: 6
Keep IDs: []
Exclude IDs: []
Image shape: (1672, 2340, 4)
HSV image shape: (1672, 2340, 3)
Median blurred image shape: (1672, 2340)
Otsu thresholded image shape: (1672, 2340)
Filter params: {'a_t': np.float32(6400.0), 'a_h': np.float32(1024.0), 'max_n_holes': np.uint32(8)}
Number of contours: 824
Number of foreground contours: 27
35.0
6400.0
4.0
6400.0
16.0
6400.0
1383.0
6400.0
16.5
6400.0
152.0
6400.0
73.5
6400.0
200.0
6400.0
2.5
6400.0
28.5
6400.0
118.0
6400.0
1.5
6400.0
31.0
6400.0
74.0
6400.0
73.5
6400.0
6.5
6400.0
98.5
6400.0
2121272.0
6400.0
Number of filtered contours: 1
Number of hole contours: 8
Number of tissue contours: 1
Number of hole contours: 1
Final number of tissue contours: 1
Final number of hole contours: 1
Segmentation completed in 0.93 seconds
Mask saved at: /nemo/project/proj-tracerx-lung/tctProjects/kilimo/TracerX_WSIs/20X/patches/masks/LTX0721_E3_SU.jpg
Creating patches for:  LTX0721_E3_SU ...
Total number of contours to process:  1
Bounding Box: 7424 8832 128193 94593
Contour Area: 10330132480.0
Extracted 30168 coordinates
original size: 149760 x 107008
downscaled size for stiching: 2340 x 1672
start stitching LTX0721_E3_SU
number of patches: 30168
patch size: 580 x 580 patch level: 0
ref patch size: (np.int32(580), np.int32(580)) x (np.int32(580), np.int32(580))
downscaled patch size: 10x10
segmentation took 0.9328536987304688 seconds
patching took 1.1965389251708984 seconds
stitching took 2.364788293838501 seconds


progress: 0.92, 111/121
processing LTX0721_SU.ndpi
MPP X: 0.22049744222967013, MPP Y: 0.22049744222967013
metadata microns per pixel 0.22049744222967013
Patch size for this slide is 580
Using custom parameters for slide: LTX0721_SU
Visualization parameters: {'vis_level': np.int8(-1), 'line_thickness': np.uint32(150)}
Filter parameters: {'a_t': np.float32(100.0), 'a_h': np.float32(16.0), 'max_n_holes': np.uint32(8)}
Segmentation parameters: {'seg_level': np.int8(-1), 'sthresh': np.uint8(15), 'mthresh': np.uint8(11), 'close': np.uint32(4), 'use_otsu': np.False_, 'keep_ids': 'none', 'exclude_ids': 'none', 'remove_markings': np.False_}
Patch parameters: {'use_padding': np.True_, 'contour_fn': 'four_pt'}
Visualization level set to: 6
Segmentation level set to: 6
Keep IDs: []
Exclude IDs: []
Image shape: (1540, 2040, 4)
HSV image shape: (1540, 2040, 3)
Median blurred image shape: (1540, 2040)
Otsu thresholded image shape: (1540, 2040)
Filter params: {'a_t': np.float32(6400.0), 'a_h': np.float32(1024.0), 'max_n_holes': np.uint32(8)}
Number of contours: 823
Number of foreground contours: 15
137.0
6400.0
256.0
6400.0
27.5
6400.0
95.0
6400.0
81.0
6400.0
41.0
6400.0
5.0
6400.0
32.0
6400.0
202.5
6400.0
52.0
6400.0
125.0
6400.0
3.5
6400.0
1909911.0
6400.0
Number of filtered contours: 1
Number of hole contours: 8
Number of tissue contours: 1
Number of hole contours: 1
Final number of tissue contours: 1
Final number of hole contours: 1
Segmentation completed in 0.76 seconds
Mask saved at: /nemo/project/proj-tracerx-lung/tctProjects/kilimo/TracerX_WSIs/20X/patches/masks/LTX0721_SU.jpg
Creating patches for:  LTX0721_SU ...
Total number of contours to process:  1
Bounding Box: 2944 3776 123713 91649
Contour Area: 9417043968.0
Extracted 27751 coordinates
original size: 130560 x 98560
downscaled size for stiching: 2040 x 1540
start stitching LTX0721_SU
number of patches: 27751
patch size: 580 x 580 patch level: 0
ref patch size: (np.int32(580), np.int32(580)) x (np.int32(580), np.int32(580))
downscaled patch size: 10x10
segmentation took 0.7596280574798584 seconds
patching took 1.043407917022705 seconds
stitching took 2.220179319381714 seconds


progress: 0.93, 112/121
processing LTX0738_A3_SU.ndpi
MPP X: 0.22049744222967013, MPP Y: 0.22049744222967013
metadata microns per pixel 0.22049744222967013
Patch size for this slide is 580
Using custom parameters for slide: LTX0738_A3_SU
Visualization parameters: {'vis_level': np.int8(-1), 'line_thickness': np.uint32(150)}
Filter parameters: {'a_t': np.float32(100.0), 'a_h': np.float32(16.0), 'max_n_holes': np.uint32(8)}
Segmentation parameters: {'seg_level': np.int8(-1), 'sthresh': np.uint8(15), 'mthresh': np.uint8(11), 'close': np.uint32(4), 'use_otsu': np.False_, 'keep_ids': 'none', 'exclude_ids': 'none', 'remove_markings': np.False_}
Patch parameters: {'use_padding': np.True_, 'contour_fn': 'four_pt'}
Visualization level set to: 6
Segmentation level set to: 6
Keep IDs: []
Exclude IDs: []
Image shape: (1760, 2100, 4)
HSV image shape: (1760, 2100, 3)
Median blurred image shape: (1760, 2100)
Otsu thresholded image shape: (1760, 2100)
Filter params: {'a_t': np.float32(6400.0), 'a_h': np.float32(1024.0), 'max_n_holes': np.uint32(8)}
Number of contours: 506
Number of foreground contours: 36
25.5
6400.0
15.0
6400.0
123.5
6400.0
317.5
6400.0
43.5
6400.0
103.0
6400.0
166.5
6400.0
61.0
6400.0
108.0
6400.0
15.5
6400.0
67.0
6400.0
133.5
6400.0
135.5
6400.0
53.5
6400.0
32.0
6400.0
1.0
6400.0
86.5
6400.0
19.0
6400.0
482.0
6400.0
41.5
6400.0
19.5
6400.0
10.0
6400.0
55.0
6400.0
201.5
6400.0
122.5
6400.0
2119330.0
6400.0
2091.0
6400.0
8839.0
6400.0
3431.5
6400.0
Number of filtered contours: 2
Number of hole contours: 8
Number of tissue contours: 2
Number of hole contours: 2
Final number of tissue contours: 2
Final number of hole contours: 2
Segmentation completed in 0.86 seconds
Mask saved at: /nemo/project/proj-tracerx-lung/tctProjects/kilimo/TracerX_WSIs/20X/patches/masks/LTX0738_A3_SU.jpg
Creating patches for:  LTX0738_A3_SU ...
Total number of contours to process:  2
Bounding Box: 2688 1728 127105 107201
Contour Area: 9799258112.0
Extracted 28610 coordinates
Bounding Box: 24192 0 89217 705
Contour Area: 36204544.0
Extracted 154 coordinates
original size: 134400 x 112640
downscaled size for stiching: 2100 x 1760
start stitching LTX0738_A3_SU
number of patches: 28764
patch size: 580 x 580 patch level: 0
ref patch size: (np.int32(580), np.int32(580)) x (np.int32(580), np.int32(580))
downscaled patch size: 10x10
segmentation took 0.8590576648712158 seconds
patching took 1.2842772006988525 seconds
stitching took 2.463975191116333 seconds


progress: 0.93, 113/121
processing LTX0762_A1_SU.ndpi
MPP X: 0.22049744222967013, MPP Y: 0.22049744222967013
metadata microns per pixel 0.22049744222967013
Patch size for this slide is 580
Using custom parameters for slide: LTX0762_A1_SU
Visualization parameters: {'vis_level': np.int8(-1), 'line_thickness': np.uint32(150)}
Filter parameters: {'a_t': np.float32(100.0), 'a_h': np.float32(16.0), 'max_n_holes': np.uint32(8)}
Segmentation parameters: {'seg_level': np.int8(-1), 'sthresh': np.uint8(15), 'mthresh': np.uint8(11), 'close': np.uint32(4), 'use_otsu': np.False_, 'keep_ids': 'none', 'exclude_ids': 'none', 'remove_markings': np.False_}
Patch parameters: {'use_padding': np.True_, 'contour_fn': 'four_pt'}
Visualization level set to: 6
Segmentation level set to: 6
Keep IDs: []
Exclude IDs: []
Image shape: (1540, 2340, 4)
HSV image shape: (1540, 2340, 3)
Median blurred image shape: (1540, 2340)
Otsu thresholded image shape: (1540, 2340)
Filter params: {'a_t': np.float32(6400.0), 'a_h': np.float32(1024.0), 'max_n_holes': np.uint32(8)}
Number of contours: 768
Number of foreground contours: 38
17.0
6400.0
203.0
6400.0
2.0
6400.0
1.5
6400.0
180.0
6400.0
35.5
6400.0
277.0
6400.0
1.5
6400.0
5.5
6400.0
10.0
6400.0
0.5
6400.0
4586.5
6400.0
1218.5
6400.0
6.5
6400.0
3.5
6400.0
2.0
6400.0
247.5
6400.0
115.0
6400.0
470.0
6400.0
22731.0
6400.0
4125.5
6400.0
2351.5
6400.0
1.0
6400.0
57.0
6400.0
33.5
6400.0
71.5
6400.0
1.0
6400.0
22.0
6400.0
299.5
6400.0
24.0
6400.0
42.5
6400.0
1731061.0
6400.0
60347.5
6400.0
Number of filtered contours: 3
Number of hole contours: 8
Number of tissue contours: 3
Number of hole contours: 3
Final number of tissue contours: 3
Final number of hole contours: 3
Segmentation completed in 0.86 seconds
Mask saved at: /nemo/project/proj-tracerx-lung/tctProjects/kilimo/TracerX_WSIs/20X/patches/masks/LTX0762_A1_SU.jpg
Creating patches for:  LTX0762_A1_SU ...
Total number of contours to process:  3
Bounding Box: 122560 62080 11457 17665
Contour Area: 93220864.0
Extracted 314 coordinates
Bounding Box: 4096 3520 136129 92929
Contour Area: 7968784384.0
Extracted 23671 coordinates
Bounding Box: 0 0 4481 96641
Contour Area: 247183360.0
Extracted 787 coordinates
original size: 149760 x 98560
downscaled size for stiching: 2340 x 1540
start stitching LTX0762_A1_SU
number of patches: 24772
patch size: 580 x 580 patch level: 0
ref patch size: (np.int32(580), np.int32(580)) x (np.int32(580), np.int32(580))
downscaled patch size: 10x10
segmentation took 0.8645589351654053 seconds
patching took 1.2170310020446777 seconds
stitching took 1.9829738140106201 seconds


progress: 0.94, 114/121
processing LTX0771_A1_SU.ndpi
MPP X: 0.22049744222967013, MPP Y: 0.22049744222967013
metadata microns per pixel 0.22049744222967013
Patch size for this slide is 580
Using custom parameters for slide: LTX0771_A1_SU
Visualization parameters: {'vis_level': np.int8(-1), 'line_thickness': np.uint32(150)}
Filter parameters: {'a_t': np.float32(100.0), 'a_h': np.float32(16.0), 'max_n_holes': np.uint32(8)}
Segmentation parameters: {'seg_level': np.int8(-1), 'sthresh': np.uint8(15), 'mthresh': np.uint8(11), 'close': np.uint32(4), 'use_otsu': np.False_, 'keep_ids': 'none', 'exclude_ids': 'none', 'remove_markings': np.False_}
Patch parameters: {'use_padding': np.True_, 'contour_fn': 'four_pt'}
Visualization level set to: 6
Segmentation level set to: 6
Keep IDs: []
Exclude IDs: []
Image shape: (1496, 2100, 4)
HSV image shape: (1496, 2100, 3)
Median blurred image shape: (1496, 2100)
Otsu thresholded image shape: (1496, 2100)
Filter params: {'a_t': np.float32(6400.0), 'a_h': np.float32(1024.0), 'max_n_holes': np.uint32(8)}
Number of contours: 174
Number of foreground contours: 9
29.0
6400.0
127.0
6400.0
3.0
6400.0
189.5
6400.0
10.0
6400.0
1478.0
6400.0
27.5
6400.0
1285790.5
6400.0
Number of filtered contours: 1
Number of hole contours: 8
Number of tissue contours: 1
Number of hole contours: 1
Final number of tissue contours: 1
Final number of hole contours: 1
Segmentation completed in 0.72 seconds
Mask saved at: /nemo/project/proj-tracerx-lung/tctProjects/kilimo/TracerX_WSIs/20X/patches/masks/LTX0771_A1_SU.jpg
Creating patches for:  LTX0771_A1_SU ...
Total number of contours to process:  1
Bounding Box: 6336 8256 118785 78465
Contour Area: 5618718720.0
Extracted 16375 coordinates
original size: 134400 x 95744
downscaled size for stiching: 2100 x 1496
start stitching LTX0771_A1_SU
number of patches: 16375
patch size: 580 x 580 patch level: 0
ref patch size: (np.int32(580), np.int32(580)) x (np.int32(580), np.int32(580))
downscaled patch size: 10x10
segmentation took 0.7234358787536621 seconds
patching took 0.7202303409576416 seconds
stitching took 1.3004841804504395 seconds


progress: 0.95, 115/121
processing LTX0777_D3_SU.ndpi
MPP X: 0.22049744222967013, MPP Y: 0.22049744222967013
metadata microns per pixel 0.22049744222967013
Patch size for this slide is 580
Using custom parameters for slide: LTX0777_D3_SU
Visualization parameters: {'vis_level': np.int8(-1), 'line_thickness': np.uint32(150)}
Filter parameters: {'a_t': np.float32(100.0), 'a_h': np.float32(16.0), 'max_n_holes': np.uint32(8)}
Segmentation parameters: {'seg_level': np.int8(-1), 'sthresh': np.uint8(15), 'mthresh': np.uint8(11), 'close': np.uint32(4), 'use_otsu': np.False_, 'keep_ids': 'none', 'exclude_ids': 'none', 'remove_markings': np.False_}
Patch parameters: {'use_padding': np.True_, 'contour_fn': 'four_pt'}
Visualization level set to: 6
Segmentation level set to: 6
Keep IDs: []
Exclude IDs: []
Image shape: (1628, 2640, 4)
HSV image shape: (1628, 2640, 3)
Median blurred image shape: (1628, 2640)
Otsu thresholded image shape: (1628, 2640)
Filter params: {'a_t': np.float32(6400.0), 'a_h': np.float32(1024.0), 'max_n_holes': np.uint32(8)}
Number of contours: 410
Number of foreground contours: 22
2.0
6400.0
5.0
6400.0
84.0
6400.0
306.0
6400.0
1010.0
6400.0
8.0
6400.0
201.5
6400.0
30.0
6400.0
95.5
6400.0
18.0
6400.0
119.5
6400.0
6.0
6400.0
76.0
6400.0
2515021.0
6400.0
Number of filtered contours: 1
Number of hole contours: 8
Number of tissue contours: 1
Number of hole contours: 1
Final number of tissue contours: 1
Final number of hole contours: 1
Segmentation completed in 1.00 seconds
Mask saved at: /nemo/project/proj-tracerx-lung/tctProjects/kilimo/TracerX_WSIs/20X/patches/masks/LTX0777_D3_SU.jpg
Creating patches for:  LTX0777_D3_SU ...
Total number of contours to process:  1
Bounding Box: 7872 7680 134401 94977
Contour Area: 11138107392.0
Extracted 32725 coordinates
original size: 168960 x 104192
downscaled size for stiching: 2640 x 1628
start stitching LTX0777_D3_SU
number of patches: 32725
patch size: 580 x 580 patch level: 0
ref patch size: (np.int32(580), np.int32(580)) x (np.int32(580), np.int32(580))
downscaled patch size: 10x10
segmentation took 0.9997119903564453 seconds
patching took 1.108344554901123 seconds
stitching took 2.6149487495422363 seconds


progress: 0.96, 116/121
processing LTX0779_A4_SU.ndpi
MPP X: 0.22049744222967013, MPP Y: 0.22049744222967013
metadata microns per pixel 0.22049744222967013
Patch size for this slide is 580
Using custom parameters for slide: LTX0779_A4_SU
Visualization parameters: {'vis_level': np.int8(-1), 'line_thickness': np.uint32(150)}
Filter parameters: {'a_t': np.float32(100.0), 'a_h': np.float32(16.0), 'max_n_holes': np.uint32(8)}
Segmentation parameters: {'seg_level': np.int8(-1), 'sthresh': np.uint8(15), 'mthresh': np.uint8(11), 'close': np.uint32(4), 'use_otsu': np.False_, 'keep_ids': 'none', 'exclude_ids': 'none', 'remove_markings': np.False_}
Patch parameters: {'use_padding': np.True_, 'contour_fn': 'four_pt'}
Visualization level set to: 6
Segmentation level set to: 6
Keep IDs: []
Exclude IDs: []
Image shape: (1672, 1980, 4)
HSV image shape: (1672, 1980, 3)
Median blurred image shape: (1672, 1980)
Otsu thresholded image shape: (1672, 1980)
Filter params: {'a_t': np.float32(6400.0), 'a_h': np.float32(1024.0), 'max_n_holes': np.uint32(8)}
Number of contours: 346
Number of foreground contours: 23
10.0
6400.0
11692.0
6400.0
17.0
6400.0
38.0
6400.0
175.5
6400.0
4.0
6400.0
214.5
6400.0
208.5
6400.0
21.5
6400.0
1.0
6400.0
50.5
6400.0
10.5
6400.0
80.5
6400.0
51.0
6400.0
523.0
6400.0
10.5
6400.0
33.0
6400.0
1.0
6400.0
1713848.5
6400.0
Number of filtered contours: 2
Number of hole contours: 8
Number of tissue contours: 2
Number of hole contours: 2
Final number of tissue contours: 2
Final number of hole contours: 2
Segmentation completed in 0.76 seconds
Mask saved at: /nemo/project/proj-tracerx-lung/tctProjects/kilimo/TracerX_WSIs/20X/patches/masks/LTX0779_A4_SU.jpg
Creating patches for:  LTX0779_A4_SU ...
Total number of contours to process:  2
Bounding Box: 14848 93504 11201 6337
Contour Area: 47890432.0
Extracted 158 coordinates
Bounding Box: 5696 4224 112001 94273
Contour Area: 7786334208.0
Extracted 22473 coordinates
original size: 126720 x 107008
downscaled size for stiching: 1980 x 1672
start stitching LTX0779_A4_SU
number of patches: 22631
patch size: 580 x 580 patch level: 0
ref patch size: (np.int32(580), np.int32(580)) x (np.int32(580), np.int32(580))
downscaled patch size: 10x10
segmentation took 0.7626402378082275 seconds
patching took 1.0006990432739258 seconds
stitching took 1.7943618297576904 seconds


progress: 0.97, 117/121
processing LTX0795_A6_SU.ndpi
MPP X: 0.22049744222967013, MPP Y: 0.22049744222967013
metadata microns per pixel 0.22049744222967013
Patch size for this slide is 580
Using custom parameters for slide: LTX0795_A6_SU
Visualization parameters: {'vis_level': np.int8(-1), 'line_thickness': np.uint32(150)}
Filter parameters: {'a_t': np.float32(100.0), 'a_h': np.float32(16.0), 'max_n_holes': np.uint32(8)}
Segmentation parameters: {'seg_level': np.int8(-1), 'sthresh': np.uint8(15), 'mthresh': np.uint8(11), 'close': np.uint32(4), 'use_otsu': np.False_, 'keep_ids': 'none', 'exclude_ids': 'none', 'remove_markings': np.False_}
Patch parameters: {'use_padding': np.True_, 'contour_fn': 'four_pt'}
Visualization level set to: 6
Segmentation level set to: 6
Keep IDs: []
Exclude IDs: []
Image shape: (1100, 1920, 4)
HSV image shape: (1100, 1920, 3)
Median blurred image shape: (1100, 1920)
Otsu thresholded image shape: (1100, 1920)
Filter params: {'a_t': np.float32(6400.0), 'a_h': np.float32(1024.0), 'max_n_holes': np.uint32(8)}
Number of contours: 351
Number of foreground contours: 25
24.0
6400.0
3.0
6400.0
90.0
6400.0
15.0
6400.0
364.5
6400.0
133.0
6400.0
25.0
6400.0
9.5
6400.0
53.0
6400.0
19.0
6400.0
61.0
6400.0
18.0
6400.0
236.5
6400.0
53.5
6400.0
164.5
6400.0
152.5
6400.0
162.0
6400.0
8.0
6400.0
30.0
6400.0
10.5
6400.0
659.0
6400.0
957794.5
6400.0
Number of filtered contours: 1
Number of hole contours: 8
Number of tissue contours: 1
Number of hole contours: 1
Final number of tissue contours: 1
Final number of hole contours: 1
Segmentation completed in 0.49 seconds
Mask saved at: /nemo/project/proj-tracerx-lung/tctProjects/kilimo/TracerX_WSIs/20X/patches/masks/LTX0795_A6_SU.jpg
Creating patches for:  LTX0795_A6_SU ...
Total number of contours to process:  1
Bounding Box: 5184 3264 112705 64001
Contour Area: 4576215040.0
Extracted 13269 coordinates
original size: 122880 x 70400
downscaled size for stiching: 1920 x 1100
start stitching LTX0795_A6_SU
number of patches: 13269
patch size: 580 x 580 patch level: 0
ref patch size: (np.int32(580), np.int32(580)) x (np.int32(580), np.int32(580))
downscaled patch size: 10x10
segmentation took 0.4874413013458252 seconds
patching took 0.6414551734924316 seconds
stitching took 1.0721204280853271 seconds


progress: 0.98, 118/121
processing LTX0796_A3_SU.ndpi
MPP X: 0.22049744222967013, MPP Y: 0.22049744222967013
metadata microns per pixel 0.22049744222967013
Patch size for this slide is 580
Using custom parameters for slide: LTX0796_A3_SU
Visualization parameters: {'vis_level': np.int8(-1), 'line_thickness': np.uint32(150)}
Filter parameters: {'a_t': np.float32(100.0), 'a_h': np.float32(16.0), 'max_n_holes': np.uint32(8)}
Segmentation parameters: {'seg_level': np.int8(-1), 'sthresh': np.uint8(15), 'mthresh': np.uint8(11), 'close': np.uint32(4), 'use_otsu': np.False_, 'keep_ids': 'none', 'exclude_ids': 'none', 'remove_markings': np.False_}
Patch parameters: {'use_padding': np.True_, 'contour_fn': 'four_pt'}
Visualization level set to: 6
Segmentation level set to: 6
Keep IDs: []
Exclude IDs: []
Image shape: (1804, 2460, 4)
HSV image shape: (1804, 2460, 3)
Median blurred image shape: (1804, 2460)
Otsu thresholded image shape: (1804, 2460)
Filter params: {'a_t': np.float32(6400.0), 'a_h': np.float32(1024.0), 'max_n_holes': np.uint32(8)}
Number of contours: 557
Number of foreground contours: 47
2.0
6400.0
1.0
6400.0
539.0
6400.0
39.0
6400.0
89.0
6400.0
37.0
6400.0
51.5
6400.0
25.0
6400.0
17.5
6400.0
25.0
6400.0
311.5
6400.0
6.5
6400.0
0.5
6400.0
11.0
6400.0
21.0
6400.0
6.5
6400.0
82.5
6400.0
1020.0
6400.0
30.5
6400.0
1.0
6400.0
60.0
6400.0
196.0
6400.0
61.0
6400.0
2443020.5
6400.0
18.0
6400.0
3.0
6400.0
18.0
6400.0
40.0
6400.0
5.0
6400.0
49.0
6400.0
15.0
6400.0
509.0
6400.0
2254.0
6400.0
4176.5
6400.0
744.5
6400.0
131.5
6400.0
432.5
6400.0
7.5
6400.0
Number of filtered contours: 1
Number of hole contours: 8
Number of tissue contours: 1
Number of hole contours: 1
Final number of tissue contours: 1
Final number of hole contours: 1
Segmentation completed in 1.02 seconds
Mask saved at: /nemo/project/proj-tracerx-lung/tctProjects/kilimo/TracerX_WSIs/20X/patches/masks/LTX0796_A3_SU.jpg
Creating patches for:  LTX0796_A3_SU ...
Total number of contours to process:  1
Bounding Box: 7360 3712 139201 111681
Contour Area: 11115044864.0
Extracted 32541 coordinates
original size: 157440 x 115456
downscaled size for stiching: 2460 x 1804
start stitching LTX0796_A3_SU
number of patches: 32541
patch size: 580 x 580 patch level: 0
ref patch size: (np.int32(580), np.int32(580)) x (np.int32(580), np.int32(580))
downscaled patch size: 10x10
segmentation took 1.0224030017852783 seconds
patching took 1.2418086528778076 seconds
stitching took 2.5855398178100586 seconds


progress: 0.98, 119/121
processing LTX0804_1B_SU.ndpi
MPP X: 0.22049744222967013, MPP Y: 0.22049744222967013
metadata microns per pixel 0.22049744222967013
Patch size for this slide is 580
Using custom parameters for slide: LTX0804_1B_SU
Visualization parameters: {'vis_level': np.int8(-1), 'line_thickness': np.uint32(150)}
Filter parameters: {'a_t': np.float32(100.0), 'a_h': np.float32(16.0), 'max_n_holes': np.uint32(8)}
Segmentation parameters: {'seg_level': np.int8(-1), 'sthresh': np.uint8(15), 'mthresh': np.uint8(11), 'close': np.uint32(4), 'use_otsu': np.False_, 'keep_ids': 'none', 'exclude_ids': 'none', 'remove_markings': np.False_}
Patch parameters: {'use_padding': np.True_, 'contour_fn': 'four_pt'}
Visualization level set to: 6
Segmentation level set to: 6
Keep IDs: []
Exclude IDs: []
Image shape: (1100, 1080, 4)
HSV image shape: (1100, 1080, 3)
Median blurred image shape: (1100, 1080)
Otsu thresholded image shape: (1100, 1080)
Filter params: {'a_t': np.float32(6400.0), 'a_h': np.float32(1024.0), 'max_n_holes': np.uint32(8)}
Number of contours: 65
Number of foreground contours: 25
354.5
6400.0
39.5
6400.0
26.5
6400.0
1.5
6400.0
398.0
6400.0
12.5
6400.0
753.0
6400.0
24.5
6400.0
72.0
6400.0
15747.0
6400.0
280.5
6400.0
1961.0
6400.0
68.5
6400.0
18.5
6400.0
5064.0
6400.0
941.5
6400.0
328504.0
6400.0
55.5
6400.0
1342.0
6400.0
119.5
6400.0
30.0
6400.0
829.0
6400.0
110.5
6400.0
Number of filtered contours: 2
Number of hole contours: 1
Number of tissue contours: 2
Number of hole contours: 2
Final number of tissue contours: 2
Final number of hole contours: 2
Segmentation completed in 0.27 seconds
Mask saved at: /nemo/project/proj-tracerx-lung/tctProjects/kilimo/TracerX_WSIs/20X/patches/masks/LTX0804_1B_SU.jpg
Creating patches for:  LTX0804_1B_SU ...
Total number of contours to process:  2
Bounding Box: 3200 22592 11521 9985
Contour Area: 67043328.0
Extracted 220 coordinates
Bounding Box: 10112 7872 51713 57217
Contour Area: 1371811840.0
Extracted 4267 coordinates
original size: 69120 x 70400
downscaled size for stiching: 1080 x 1100
start stitching LTX0804_1B_SU
number of patches: 4487
patch size: 580 x 580 patch level: 0
ref patch size: (np.int32(580), np.int32(580)) x (np.int32(580), np.int32(580))
downscaled patch size: 10x10
segmentation took 0.2698488235473633 seconds
patching took 0.27158308029174805 seconds
stitching took 0.36321187019348145 seconds


progress: 0.99, 120/121
processing LTX0804_SU.ndpi
MPP X: 0.22049744222967013, MPP Y: 0.22049744222967013
metadata microns per pixel 0.22049744222967013
Patch size for this slide is 580
Using custom parameters for slide: LTX0804_SU
Visualization parameters: {'vis_level': np.int8(-1), 'line_thickness': np.uint32(150)}
Filter parameters: {'a_t': np.float32(100.0), 'a_h': np.float32(16.0), 'max_n_holes': np.uint32(8)}
Segmentation parameters: {'seg_level': np.int8(-1), 'sthresh': np.uint8(15), 'mthresh': np.uint8(11), 'close': np.uint32(4), 'use_otsu': np.False_, 'keep_ids': 'none', 'exclude_ids': 'none', 'remove_markings': np.False_}
Patch parameters: {'use_padding': np.True_, 'contour_fn': 'four_pt'}
Visualization level set to: 6
Segmentation level set to: 6
Keep IDs: []
Exclude IDs: []
Image shape: (1056, 1140, 4)
HSV image shape: (1056, 1140, 3)
Median blurred image shape: (1056, 1140)
Otsu thresholded image shape: (1056, 1140)
Filter params: {'a_t': np.float32(6400.0), 'a_h': np.float32(1024.0), 'max_n_holes': np.uint32(8)}
Number of contours: 58
Number of foreground contours: 20
203.5
6400.0
18.0
6400.0
2.5
6400.0
2264.0
6400.0
356.0
6400.0
14794.5
6400.0
371.5
6400.0
234.5
6400.0
1636.0
6400.0
25.0
6400.0
1.5
6400.0
1109.5
6400.0
2335.5
6400.0
7.5
6400.0
345731.5
6400.0
228.0
6400.0
92.5
6400.0
6.0
6400.0
211.0
6400.0
652.5
6400.0
Number of filtered contours: 2
Number of hole contours: 5
Number of tissue contours: 2
Number of hole contours: 2
Final number of tissue contours: 2
Final number of hole contours: 2
Segmentation completed in 0.27 seconds
Mask saved at: /nemo/project/proj-tracerx-lung/tctProjects/kilimo/TracerX_WSIs/20X/patches/masks/LTX0804_SU.jpg
Creating patches for:  LTX0804_SU ...
Total number of contours to process:  2
Bounding Box: 8320 22784 12481 9345
Contour Area: 63760384.0
Extracted 216 coordinates
Bounding Box: 16000 4480 51841 60609
Contour Area: 1468387328.0
Extracted 4418 coordinates
original size: 72960 x 67584
downscaled size for stiching: 1140 x 1056
start stitching LTX0804_SU
number of patches: 4634
patch size: 580 x 580 patch level: 0
ref patch size: (np.int32(580), np.int32(580)) x (np.int32(580), np.int32(580))
downscaled patch size: 10x10
segmentation took 0.27152585983276367 seconds
patching took 0.2946441173553467 seconds
stitching took 0.3764333724975586 seconds
average segmentation time in s per slide: 0.49204892363430053
average patching time in s per slide: 0.8500299946335722
average stiching time in s per slide: 1.3484767113835359
🚀 Starting optimized feature extraction...
🚀 Initializing optimized feature extraction...
📋 Loading model: uni_v2
loading model checkpoint
⚠️  TorchScript optimization not available for this model
📊 Using specified batch size: 512
📁 Processing 121 slides
⚙️  DataLoader settings: {'num_workers': 4, 'pin_memory': True, 'prefetch_factor': 2, 'persistent_workers': True, 'drop_last': False}

🔄 Processing slide 1/121: Diagnostic H&E Scan Tracker_Single.xlsx
❌ Error processing slide 0: [Errno 2] No such file or directory: '/nemo/project/proj-tracerx-lung/tctProjects/kilimo/slides/to_transfer/Diagnostic H&E Scan Tracker_Single.xlsx.ndpi'

🔄 Processing slide 2/121: LTX0001_A5_SU
downsample [1. 1.]
downsampled_level_dim [69120 46464]
level_dim [69120 46464]
name LTX0001_A5_SU
patch_level 0
patch_size 290
save_path /nemo/project/proj-tracerx-lung/tctProjects/kilimo/TracerX_WSIs/20X/patches/patches

feature extraction settings
transformations:  Compose(
    Resize(size=224, interpolation=bilinear, max_size=None, antialias=True)
    CenterCrop(size=(224, 224))
    MaybeToTensor()
    Normalize(mean=tensor([0.4850, 0.4560, 0.4060]), std=tensor([0.2290, 0.2240, 0.2250]))
)
📦 Dataset size: 23325 patches, 46 batches
🔍 Processing a total of 46 batches with profiling enabled
Saving random samples to /nemo/project/proj-tracerx-lung/tctProjects/kilimo/TracerX_WSIs/20X/uni_v2/samples/LTX0001_A5_SU
Saved 10/10 random sample images for slide LTX0001_A5_SU
✅ Features extracted in 77.9s

================================================================================
🔍 PERFORMANCE PROFILING SUMMARY - LTX0001_A5_SU
================================================================================
⏱️  model_loading:
   Total: 17.093s | Avg: 17.0933s | Calls: 1
⏱️  wsi_loading:
   Total: 0.454s | Avg: 0.4539s | Calls: 1
⏱️  dataset_creation:
   Total: 0.105s | Avg: 0.1048s | Calls: 1
⏱️  data_loading:
   Total: 0.006s | Avg: 0.0001s | Calls: 46
   Min: 0.0001s | Max: 0.0006s
⏱️  sample_saving:
   Total: 0.385s | Avg: 0.0385s | Calls: 10
   Min: 0.0031s | Max: 0.3385s
⏱️  data_transfer:
   Total: 0.165s | Avg: 0.0036s | Calls: 46
   Min: 0.0001s | Max: 0.1606s
⏱️  model_inference:
   Total: 3.440s | Avg: 0.0748s | Calls: 46
   Min: 0.0184s | Max: 2.3784s
⏱️  feature_processing:
   Total: 58.381s | Avg: 1.2692s | Calls: 46
   Min: 0.7121s | Max: 1.3022s
⏱️  feature_accumulation:
   Total: 0.000s | Avg: 0.0000s | Calls: 46
   Min: 0.0000s | Max: 0.0000s
⏱️  batch_processing:
   Total: 63.825s | Avg: 1.3875s | Calls: 46
   Min: 0.9182s | Max: 3.9377s
⏱️  feature_combining:
   Total: 0.027s | Avg: 0.0054s | Calls: 5
   Min: 0.0034s | Max: 0.0087s
⏱️  hdf5_writing:
   Total: 0.717s | Avg: 0.1434s | Calls: 5
   Min: 0.0361s | Max: 0.2228s
⏱️  memory_cleanup:
   Total: 0.712s | Avg: 0.1424s | Calls: 5
   Min: 0.1133s | Max: 0.1795s
⏱️  total_computation:
   Total: 77.299s | Avg: 77.2988s | Calls: 1
⏱️  slide_processing:
   Total: 77.299s | Avg: 77.2989s | Calls: 1

🚨 BOTTLENECK ANALYSIS (Total Runtime: 299.908s):
   🔥 slide_processing: 77.299s (25.8%)
   🔥 total_computation: 77.299s (25.8%)
   🔥 batch_processing: 63.825s (21.3%)
   🔥 feature_processing: 58.381s (19.5%)
   🔥 model_loading: 17.093s (5.7%)

📊 OPERATION COUNTS:
   hdf5_write_operations: 5
   patches_processed: 23,325
   GPU Memory - Max: 4226.2MB | Avg: 3937.5MB

💡 OPTIMIZATION RECOMMENDATIONS:
================================================================================
📊 Features shape: (23325, 1536), Coords shape: (23325, 2)
💾 Saved features to /nemo/project/proj-tracerx-lung/tctProjects/kilimo/TracerX_WSIs/20X/uni_v2/pt_files/LTX0001_A5_SU.pt

🔄 Processing slide 3/121: LTX0013_SU
downsample [1. 1.]
downsampled_level_dim [44160 43648]
level_dim [44160 43648]
name LTX0013_SU
patch_level 0
patch_size 290
save_path /nemo/project/proj-tracerx-lung/tctProjects/kilimo/TracerX_WSIs/20X/patches/patches

feature extraction settings
transformations:  Compose(
    Resize(size=224, interpolation=bilinear, max_size=None, antialias=True)
    CenterCrop(size=(224, 224))
    MaybeToTensor()
    Normalize(mean=tensor([0.4850, 0.4560, 0.4060]), std=tensor([0.2290, 0.2240, 0.2250]))
)
📦 Dataset size: 13870 patches, 28 batches
🔍 Processing a total of 28 batches with profiling enabled
Saving random samples to /nemo/project/proj-tracerx-lung/tctProjects/kilimo/TracerX_WSIs/20X/uni_v2/samples/LTX0013_SU
Saved 10/10 random sample images for slide LTX0013_SU
✅ Features extracted in 49.3s

================================================================================
🔍 PERFORMANCE PROFILING SUMMARY - LTX0013_SU
================================================================================
⏱️  wsi_loading:
   Total: 0.993s | Avg: 0.9933s | Calls: 1
⏱️  dataset_creation:
   Total: 0.117s | Avg: 0.1166s | Calls: 1
⏱️  data_loading:
   Total: 0.003s | Avg: 0.0001s | Calls: 28
   Min: 0.0001s | Max: 0.0003s
⏱️  sample_saving:
   Total: 0.039s | Avg: 0.0039s | Calls: 10
   Min: 0.0026s | Max: 0.0055s
⏱️  data_transfer:
   Total: 0.003s | Avg: 0.0001s | Calls: 28
   Min: 0.0001s | Max: 0.0003s
⏱️  model_inference:
   Total: 0.672s | Avg: 0.0240s | Calls: 28
   Min: 0.0188s | Max: 0.0326s
⏱️  feature_processing:
   Total: 34.808s | Avg: 1.2431s | Calls: 28
   Min: 0.1078s | Max: 1.2925s
⏱️  feature_accumulation:
   Total: 0.000s | Avg: 0.0000s | Calls: 28
   Min: 0.0000s | Max: 0.0000s
⏱️  batch_processing:
   Total: 36.323s | Avg: 1.2972s | Calls: 28
   Min: 0.2905s | Max: 1.7677s
⏱️  feature_combining:
   Total: 0.032s | Avg: 0.0106s | Calls: 3
   Min: 0.0054s | Max: 0.0202s
⏱️  hdf5_writing:
   Total: 0.383s | Avg: 0.1278s | Calls: 3
   Min: 0.0322s | Max: 0.3185s
⏱️  memory_cleanup:
   Total: 0.401s | Avg: 0.1337s | Calls: 3
   Min: 0.1281s | Max: 0.1366s
⏱️  total_computation:
   Total: 48.150s | Avg: 48.1500s | Calls: 1
⏱️  slide_processing:
   Total: 48.151s | Avg: 48.1515s | Calls: 1

🚨 BOTTLENECK ANALYSIS (Total Runtime: 170.076s):
   🔥 slide_processing: 48.151s (28.3%)
   🔥 total_computation: 48.150s (28.3%)
   🔥 batch_processing: 36.323s (21.4%)
   🔥 feature_processing: 34.808s (20.5%)

📊 OPERATION COUNTS:
   hdf5_write_operations: 3
   patches_processed: 13,870
   GPU Memory - Max: 4226.2MB | Avg: 3762.3MB

💡 OPTIMIZATION RECOMMENDATIONS:
================================================================================
📊 Features shape: (13870, 1536), Coords shape: (13870, 2)
💾 Saved features to /nemo/project/proj-tracerx-lung/tctProjects/kilimo/TracerX_WSIs/20X/uni_v2/pt_files/LTX0013_SU.pt

🔄 Processing slide 4/121: LTX0029_SU
downsample [1. 1.]
downsampled_level_dim [74880 36608]
level_dim [74880 36608]
name LTX0029_SU
patch_level 0
patch_size 290
save_path /nemo/project/proj-tracerx-lung/tctProjects/kilimo/TracerX_WSIs/20X/patches/patches

feature extraction settings
transformations:  Compose(
    Resize(size=224, interpolation=bilinear, max_size=None, antialias=True)
    CenterCrop(size=(224, 224))
    MaybeToTensor()
    Normalize(mean=tensor([0.4850, 0.4560, 0.4060]), std=tensor([0.2290, 0.2240, 0.2250]))
)
📦 Dataset size: 16949 patches, 34 batches
🔍 Processing a total of 34 batches with profiling enabled
Saving random samples to /nemo/project/proj-tracerx-lung/tctProjects/kilimo/TracerX_WSIs/20X/uni_v2/samples/LTX0029_SU
Saved 9/10 random sample images for slide LTX0029_SU
✅ Features extracted in 52.7s

================================================================================
🔍 PERFORMANCE PROFILING SUMMARY - LTX0029_SU
================================================================================
⏱️  wsi_loading:
   Total: 0.501s | Avg: 0.5009s | Calls: 1
⏱️  dataset_creation:
   Total: 0.128s | Avg: 0.1281s | Calls: 1
⏱️  data_loading:
   Total: 0.004s | Avg: 0.0001s | Calls: 34
   Min: 0.0001s | Max: 0.0003s
⏱️  sample_saving:
   Total: 0.110s | Avg: 0.0122s | Calls: 9
   Min: 0.0027s | Max: 0.0583s
⏱️  data_transfer:
   Total: 0.003s | Avg: 0.0001s | Calls: 34
   Min: 0.0001s | Max: 0.0002s
⏱️  model_inference:
   Total: 0.862s | Avg: 0.0254s | Calls: 34
   Min: 0.0179s | Max: 0.0385s
⏱️  feature_processing:
   Total: 42.535s | Avg: 1.2510s | Calls: 34
   Min: 0.1252s | Max: 1.2972s
⏱️  feature_accumulation:
   Total: 0.000s | Avg: 0.0000s | Calls: 34
   Min: 0.0000s | Max: 0.0000s
⏱️  batch_processing:
   Total: 45.079s | Avg: 1.3259s | Calls: 34
   Min: 0.2930s | Max: 2.1091s
⏱️  feature_combining:
   Total: 0.018s | Avg: 0.0046s | Calls: 4
   Min: 0.0020s | Max: 0.0065s
⏱️  hdf5_writing:
   Total: 1.025s | Avg: 0.2561s | Calls: 4
   Min: 0.0205s | Max: 0.6253s
⏱️  memory_cleanup:
   Total: 0.524s | Avg: 0.1310s | Calls: 4
   Min: 0.1111s | Max: 0.1727s
⏱️  total_computation:
   Total: 52.054s | Avg: 52.0545s | Calls: 1
⏱️  slide_processing:
   Total: 52.055s | Avg: 52.0546s | Calls: 1

🚨 BOTTLENECK ANALYSIS (Total Runtime: 194.898s):
   🔥 slide_processing: 52.055s (26.7%)
   🔥 total_computation: 52.054s (26.7%)
   🔥 batch_processing: 45.079s (23.1%)
   🔥 feature_processing: 42.535s (21.8%)

📊 OPERATION COUNTS:
   hdf5_write_operations: 4
   patches_processed: 16,949
   GPU Memory - Max: 4226.2MB | Avg: 3855.3MB

💡 OPTIMIZATION RECOMMENDATIONS:
================================================================================
📊 Features shape: (16949, 1536), Coords shape: (16949, 2)
💾 Saved features to /nemo/project/proj-tracerx-lung/tctProjects/kilimo/TracerX_WSIs/20X/uni_v2/pt_files/LTX0029_SU.pt

🔄 Processing slide 5/121: LTX0034_SU
downsample [1. 1.]
downsampled_level_dim [48000 49280]
level_dim [48000 49280]
name LTX0034_SU
patch_level 0
patch_size 290
save_path /nemo/project/proj-tracerx-lung/tctProjects/kilimo/TracerX_WSIs/20X/patches/patches

feature extraction settings
transformations:  Compose(
    Resize(size=224, interpolation=bilinear, max_size=None, antialias=True)
    CenterCrop(size=(224, 224))
    MaybeToTensor()
    Normalize(mean=tensor([0.4850, 0.4560, 0.4060]), std=tensor([0.2290, 0.2240, 0.2250]))
)
📦 Dataset size: 12389 patches, 25 batches
🔍 Processing a total of 25 batches with profiling enabled
Saving random samples to /nemo/project/proj-tracerx-lung/tctProjects/kilimo/TracerX_WSIs/20X/uni_v2/samples/LTX0034_SU
Saved 10/10 random sample images for slide LTX0034_SU
✅ Features extracted in 41.1s

================================================================================
🔍 PERFORMANCE PROFILING SUMMARY - LTX0034_SU
================================================================================
⏱️  wsi_loading:
   Total: 0.778s | Avg: 0.7779s | Calls: 1
⏱️  dataset_creation:
   Total: 0.139s | Avg: 0.1395s | Calls: 1
⏱️  data_loading:
   Total: 0.003s | Avg: 0.0001s | Calls: 25
   Min: 0.0001s | Max: 0.0003s
⏱️  sample_saving:
   Total: 0.033s | Avg: 0.0033s | Calls: 10
   Min: 0.0028s | Max: 0.0047s
⏱️  data_transfer:
   Total: 0.002s | Avg: 0.0001s | Calls: 25
   Min: 0.0001s | Max: 0.0004s
⏱️  model_inference:
   Total: 0.550s | Avg: 0.0220s | Calls: 25
   Min: 0.0170s | Max: 0.0341s
⏱️  feature_processing:
   Total: 31.184s | Avg: 1.2474s | Calls: 25
   Min: 0.2463s | Max: 1.2946s
⏱️  feature_accumulation:
   Total: 0.000s | Avg: 0.0000s | Calls: 25
   Min: 0.0000s | Max: 0.0000s
⏱️  batch_processing:
   Total: 32.989s | Avg: 1.3196s | Calls: 25
   Min: 0.7905s | Max: 1.8492s
⏱️  feature_combining:
   Total: 0.014s | Avg: 0.0046s | Calls: 3
   Min: 0.0025s | Max: 0.0067s
⏱️  hdf5_writing:
   Total: 0.848s | Avg: 0.2826s | Calls: 3
   Min: 0.0291s | Max: 0.4171s
⏱️  memory_cleanup:
   Total: 0.357s | Avg: 0.1192s | Calls: 3
   Min: 0.1091s | Max: 0.1354s
⏱️  total_computation:
   Total: 40.163s | Avg: 40.1625s | Calls: 1
⏱️  slide_processing:
   Total: 40.164s | Avg: 40.1635s | Calls: 1

🚨 BOTTLENECK ANALYSIS (Total Runtime: 147.224s):
   🔥 slide_processing: 40.164s (27.3%)
   🔥 total_computation: 40.163s (27.3%)
   🔥 batch_processing: 32.989s (22.4%)
   🔥 feature_processing: 31.184s (21.2%)

📊 OPERATION COUNTS:
   hdf5_write_operations: 3
   patches_processed: 12,389
   GPU Memory - Max: 4226.2MB | Avg: 3768.8MB

💡 OPTIMIZATION RECOMMENDATIONS:
================================================================================
📊 Features shape: (12389, 1536), Coords shape: (12389, 2)
💾 Saved features to /nemo/project/proj-tracerx-lung/tctProjects/kilimo/TracerX_WSIs/20X/uni_v2/pt_files/LTX0034_SU.pt

🔄 Processing slide 6/121: LTX0035_SU
downsample [1. 1.]
downsampled_level_dim [80640 78848]
level_dim [80640 78848]
name LTX0035_SU
patch_level 0
patch_size 580
save_path /nemo/project/proj-tracerx-lung/tctProjects/kilimo/TracerX_WSIs/20X/patches/patches

feature extraction settings
transformations:  Compose(
    Resize(size=224, interpolation=bilinear, max_size=None, antialias=True)
    CenterCrop(size=(224, 224))
    MaybeToTensor()
    Normalize(mean=tensor([0.4850, 0.4560, 0.4060]), std=tensor([0.2290, 0.2240, 0.2250]))
)
📦 Dataset size: 9139 patches, 18 batches
🔍 Processing a total of 18 batches with profiling enabled
Saving random samples to /nemo/project/proj-tracerx-lung/tctProjects/kilimo/TracerX_WSIs/20X/uni_v2/samples/LTX0035_SU
Saved 10/10 random sample images for slide LTX0035_SU
✅ Features extracted in 87.1s

================================================================================
🔍 PERFORMANCE PROFILING SUMMARY - LTX0035_SU
================================================================================
⏱️  wsi_loading:
   Total: 0.750s | Avg: 0.7502s | Calls: 1
⏱️  dataset_creation:
   Total: 0.139s | Avg: 0.1389s | Calls: 1
⏱️  data_loading:
   Total: 0.002s | Avg: 0.0001s | Calls: 18
   Min: 0.0001s | Max: 0.0003s
⏱️  sample_saving:
   Total: 0.044s | Avg: 0.0044s | Calls: 10
   Min: 0.0034s | Max: 0.0067s
⏱️  data_transfer:
   Total: 0.002s | Avg: 0.0001s | Calls: 18
   Min: 0.0001s | Max: 0.0004s
⏱️  model_inference:
   Total: 0.511s | Avg: 0.0284s | Calls: 18
   Min: 0.0211s | Max: 0.0315s
⏱️  feature_processing:
   Total: 22.845s | Avg: 1.2692s | Calls: 18
   Min: 1.0889s | Max: 1.3019s
⏱️  feature_accumulation:
   Total: 0.000s | Avg: 0.0000s | Calls: 18
   Min: 0.0000s | Max: 0.0000s
⏱️  batch_processing:
   Total: 24.781s | Avg: 1.3767s | Calls: 18
   Min: 1.3011s | Max: 2.0772s
⏱️  feature_combining:
   Total: 0.014s | Avg: 0.0068s | Calls: 2
   Min: 0.0057s | Max: 0.0079s
⏱️  hdf5_writing:
   Total: 1.095s | Avg: 0.5475s | Calls: 2
   Min: 0.4905s | Max: 0.6045s
⏱️  memory_cleanup:
   Total: 0.273s | Avg: 0.1364s | Calls: 2
   Min: 0.1097s | Max: 0.1632s
⏱️  total_computation:
   Total: 86.211s | Avg: 86.2112s | Calls: 1
⏱️  slide_processing:
   Total: 86.212s | Avg: 86.2124s | Calls: 1

🚨 BOTTLENECK ANALYSIS (Total Runtime: 222.879s):
   🔥 slide_processing: 86.212s (38.7%)
   🔥 total_computation: 86.211s (38.7%)
   🔥 batch_processing: 24.781s (11.1%)
   🔥 feature_processing: 22.845s (10.2%)

📊 OPERATION COUNTS:
   hdf5_write_operations: 2
   patches_processed: 9,139
   GPU Memory - Max: 4226.2MB | Avg: 3679.7MB

💡 OPTIMIZATION RECOMMENDATIONS:
================================================================================
📊 Features shape: (9139, 1536), Coords shape: (9139, 2)
💾 Saved features to /nemo/project/proj-tracerx-lung/tctProjects/kilimo/TracerX_WSIs/20X/uni_v2/pt_files/LTX0035_SU.pt

🔄 Processing slide 7/121: LTX0041_SU
downsample [1. 1.]
downsampled_level_dim [55680 45056]
level_dim [55680 45056]
name LTX0041_SU
patch_level 0
patch_size 290
save_path /nemo/project/proj-tracerx-lung/tctProjects/kilimo/TracerX_WSIs/20X/patches/patches

feature extraction settings
transformations:  Compose(
    Resize(size=224, interpolation=bilinear, max_size=None, antialias=True)
    CenterCrop(size=(224, 224))
    MaybeToTensor()
    Normalize(mean=tensor([0.4850, 0.4560, 0.4060]), std=tensor([0.2290, 0.2240, 0.2250]))
)
📦 Dataset size: 19116 patches, 38 batches
🔍 Processing a total of 38 batches with profiling enabled
Saving random samples to /nemo/project/proj-tracerx-lung/tctProjects/kilimo/TracerX_WSIs/20X/uni_v2/samples/LTX0041_SU
Saved 10/10 random sample images for slide LTX0041_SU
✅ Features extracted in 69.3s

================================================================================
🔍 PERFORMANCE PROFILING SUMMARY - LTX0041_SU
================================================================================
⏱️  wsi_loading:
   Total: 1.606s | Avg: 1.6057s | Calls: 1
⏱️  dataset_creation:
   Total: 0.175s | Avg: 0.1747s | Calls: 1
⏱️  data_loading:
   Total: 0.005s | Avg: 0.0001s | Calls: 38
   Min: 0.0001s | Max: 0.0003s
⏱️  sample_saving:
   Total: 0.307s | Avg: 0.0307s | Calls: 10
   Min: 0.0029s | Max: 0.2030s
⏱️  data_transfer:
   Total: 0.003s | Avg: 0.0001s | Calls: 38
   Min: 0.0001s | Max: 0.0003s
⏱️  model_inference:
   Total: 0.888s | Avg: 0.0234s | Calls: 38
   Min: 0.0187s | Max: 0.0339s
⏱️  feature_processing:
   Total: 47.954s | Avg: 1.2619s | Calls: 38
   Min: 0.4270s | Max: 1.3013s
⏱️  feature_accumulation:
   Total: 0.000s | Avg: 0.0000s | Calls: 38
   Min: 0.0000s | Max: 0.0000s
⏱️  batch_processing:
   Total: 52.022s | Avg: 1.3690s | Calls: 38
   Min: 1.1343s | Max: 2.1364s
⏱️  feature_combining:
   Total: 0.022s | Avg: 0.0056s | Calls: 4
   Min: 0.0040s | Max: 0.0072s
⏱️  hdf5_writing:
   Total: 2.315s | Avg: 0.5788s | Calls: 4
   Min: 0.5096s | Max: 0.6876s
⏱️  memory_cleanup:
   Total: 0.533s | Avg: 0.1334s | Calls: 4
   Min: 0.1141s | Max: 0.1473s
⏱️  total_computation:
   Total: 67.562s | Avg: 67.5620s | Calls: 1
⏱️  slide_processing:
   Total: 67.562s | Avg: 67.5621s | Calls: 1

🚨 BOTTLENECK ANALYSIS (Total Runtime: 240.954s):
   🔥 slide_processing: 67.562s (28.0%)
   🔥 total_computation: 67.562s (28.0%)
   🔥 batch_processing: 52.022s (21.6%)
   🔥 feature_processing: 47.954s (19.9%)

📊 OPERATION COUNTS:
   hdf5_write_operations: 4
   patches_processed: 19,116
   GPU Memory - Max: 4226.2MB | Avg: 3868.1MB

💡 OPTIMIZATION RECOMMENDATIONS:
================================================================================
📊 Features shape: (19116, 1536), Coords shape: (19116, 2)
💾 Saved features to /nemo/project/proj-tracerx-lung/tctProjects/kilimo/TracerX_WSIs/20X/uni_v2/pt_files/LTX0041_SU.pt

🔄 Processing slide 8/121: LTX0043_Marked_SU
downsample [1. 1.]
downsampled_level_dim [110592  97792]
level_dim [110592  97792]
name LTX0043_Marked_SU
patch_level 0
patch_size 561
save_path /nemo/project/proj-tracerx-lung/tctProjects/kilimo/TracerX_WSIs/20X/patches/patches

feature extraction settings
transformations:  Compose(
    Resize(size=224, interpolation=bilinear, max_size=None, antialias=True)
    CenterCrop(size=(224, 224))
    MaybeToTensor()
    Normalize(mean=tensor([0.4850, 0.4560, 0.4060]), std=tensor([0.2290, 0.2240, 0.2250]))
)
📦 Dataset size: 22790 patches, 45 batches
🔍 Processing a total of 45 batches with profiling enabled
Saving random samples to /nemo/project/proj-tracerx-lung/tctProjects/kilimo/TracerX_WSIs/20X/uni_v2/samples/LTX0043_Marked_SU
Saved 10/10 random sample images for slide LTX0043_Marked_SU
✅ Features extracted in 168.3s

================================================================================
🔍 PERFORMANCE PROFILING SUMMARY - LTX0043_Marked_SU
================================================================================
⏱️  wsi_loading:
   Total: 1.920s | Avg: 1.9198s | Calls: 1
⏱️  dataset_creation:
   Total: 0.222s | Avg: 0.2220s | Calls: 1
⏱️  data_loading:
   Total: 0.006s | Avg: 0.0001s | Calls: 45
   Min: 0.0001s | Max: 0.0003s
⏱️  sample_saving:
   Total: 0.042s | Avg: 0.0042s | Calls: 10
   Min: 0.0029s | Max: 0.0108s
⏱️  data_transfer:
   Total: 0.004s | Avg: 0.0001s | Calls: 45
   Min: 0.0001s | Max: 0.0003s
⏱️  model_inference:
   Total: 1.110s | Avg: 0.0247s | Calls: 45
   Min: 0.0178s | Max: 0.0360s
⏱️  feature_processing:
   Total: 57.165s | Avg: 1.2703s | Calls: 45
   Min: 0.6541s | Max: 1.3011s
⏱️  feature_accumulation:
   Total: 0.000s | Avg: 0.0000s | Calls: 45
   Min: 0.0000s | Max: 0.0000s
⏱️  batch_processing:
   Total: 62.489s | Avg: 1.3887s | Calls: 45
   Min: 1.3008s | Max: 2.5620s
⏱️  feature_combining:
   Total: 0.026s | Avg: 0.0052s | Calls: 5
   Min: 0.0024s | Max: 0.0069s
⏱️  hdf5_writing:
   Total: 3.458s | Avg: 0.6915s | Calls: 5
   Min: 0.5614s | Max: 1.0562s
⏱️  memory_cleanup:
   Total: 0.684s | Avg: 0.1367s | Calls: 5
   Min: 0.1022s | Max: 0.1810s
⏱️  total_computation:
   Total: 166.187s | Avg: 166.1868s | Calls: 1
⏱️  slide_processing:
   Total: 166.187s | Avg: 166.1869s | Calls: 1

🚨 BOTTLENECK ANALYSIS (Total Runtime: 459.500s):
   🔥 slide_processing: 166.187s (36.2%)
   🔥 total_computation: 166.187s (36.2%)
   🔥 batch_processing: 62.489s (13.6%)
   🔥 feature_processing: 57.165s (12.4%)

📊 OPERATION COUNTS:
   hdf5_write_operations: 5
   patches_processed: 22,790
   GPU Memory - Max: 4226.2MB | Avg: 3936.4MB

💡 OPTIMIZATION RECOMMENDATIONS:
================================================================================
📊 Features shape: (22790, 1536), Coords shape: (22790, 2)
💾 Saved features to /nemo/project/proj-tracerx-lung/tctProjects/kilimo/TracerX_WSIs/20X/uni_v2/pt_files/LTX0043_Marked_SU.pt

🔄 Processing slide 9/121: LTX0051_SU
downsample [1. 1.]
downsampled_level_dim [72960 56320]
level_dim [72960 56320]
name LTX0051_SU
patch_level 0
patch_size 290
save_path /nemo/project/proj-tracerx-lung/tctProjects/kilimo/TracerX_WSIs/20X/patches/patches

feature extraction settings
transformations:  Compose(
    Resize(size=224, interpolation=bilinear, max_size=None, antialias=True)
    CenterCrop(size=(224, 224))
    MaybeToTensor()
    Normalize(mean=tensor([0.4850, 0.4560, 0.4060]), std=tensor([0.2290, 0.2240, 0.2250]))
)
📦 Dataset size: 19724 patches, 39 batches
🔍 Processing a total of 39 batches with profiling enabled
Saving random samples to /nemo/project/proj-tracerx-lung/tctProjects/kilimo/TracerX_WSIs/20X/uni_v2/samples/LTX0051_SU
Saved 10/10 random sample images for slide LTX0051_SU
✅ Features extracted in 70.5s

================================================================================
🔍 PERFORMANCE PROFILING SUMMARY - LTX0051_SU
================================================================================
⏱️  wsi_loading:
   Total: 3.347s | Avg: 3.3473s | Calls: 1
⏱️  dataset_creation:
   Total: 0.193s | Avg: 0.1927s | Calls: 1
⏱️  data_loading:
   Total: 0.005s | Avg: 0.0001s | Calls: 39
   Min: 0.0001s | Max: 0.0003s
⏱️  sample_saving:
   Total: 0.058s | Avg: 0.0058s | Calls: 10
   Min: 0.0028s | Max: 0.0152s
⏱️  data_transfer:
   Total: 0.151s | Avg: 0.0039s | Calls: 39
   Min: 0.0001s | Max: 0.1482s
⏱️  model_inference:
   Total: 0.990s | Avg: 0.0254s | Calls: 39
   Min: 0.0179s | Max: 0.0369s
⏱️  feature_processing:
   Total: 49.433s | Avg: 1.2675s | Calls: 39
   Min: 0.6694s | Max: 1.2923s
⏱️  feature_accumulation:
   Total: 0.000s | Avg: 0.0000s | Calls: 39
   Min: 0.0000s | Max: 0.0000s
⏱️  batch_processing:
   Total: 56.337s | Avg: 1.4445s | Calls: 39
   Min: 1.3036s | Max: 3.0679s
⏱️  feature_combining:
   Total: 0.025s | Avg: 0.0063s | Calls: 4
   Min: 0.0048s | Max: 0.0082s
⏱️  hdf5_writing:
   Total: 5.138s | Avg: 1.2844s | Calls: 4
   Min: 0.8475s | Max: 1.5984s
⏱️  memory_cleanup:
   Total: 0.545s | Avg: 0.1362s | Calls: 4
   Min: 0.1142s | Max: 0.1556s
⏱️  total_computation:
   Total: 66.917s | Avg: 66.9168s | Calls: 1
⏱️  slide_processing:
   Total: 66.918s | Avg: 66.9175s | Calls: 1

🚨 BOTTLENECK ANALYSIS (Total Runtime: 250.056s):
   🔥 slide_processing: 66.918s (26.8%)
   🔥 total_computation: 66.917s (26.8%)
   🔥 batch_processing: 56.337s (22.5%)
   🔥 feature_processing: 49.433s (19.8%)

📊 OPERATION COUNTS:
   hdf5_write_operations: 4
   patches_processed: 19,724
   GPU Memory - Max: 4226.2MB | Avg: 3879.2MB

💡 OPTIMIZATION RECOMMENDATIONS:
================================================================================
📊 Features shape: (19724, 1536), Coords shape: (19724, 2)
💾 Saved features to /nemo/project/proj-tracerx-lung/tctProjects/kilimo/TracerX_WSIs/20X/uni_v2/pt_files/LTX0051_SU.pt

🔄 Processing slide 10/121: LTX0062_SU
downsample [1. 1.]
downsampled_level_dim [61440 50688]
level_dim [61440 50688]
name LTX0062_SU
patch_level 0
patch_size 290
save_path /nemo/project/proj-tracerx-lung/tctProjects/kilimo/TracerX_WSIs/20X/patches/patches

feature extraction settings
transformations:  Compose(
    Resize(size=224, interpolation=bilinear, max_size=None, antialias=True)
    CenterCrop(size=(224, 224))
    MaybeToTensor()
    Normalize(mean=tensor([0.4850, 0.4560, 0.4060]), std=tensor([0.2290, 0.2240, 0.2250]))
)
📦 Dataset size: 22719 patches, 45 batches
🔍 Processing a total of 45 batches with profiling enabled
Saving random samples to /nemo/project/proj-tracerx-lung/tctProjects/kilimo/TracerX_WSIs/20X/uni_v2/samples/LTX0062_SU
Saved 10/10 random sample images for slide LTX0062_SU
✅ Features extracted in 85.9s

================================================================================
🔍 PERFORMANCE PROFILING SUMMARY - LTX0062_SU
================================================================================
⏱️  wsi_loading:
   Total: 5.217s | Avg: 5.2171s | Calls: 1
⏱️  dataset_creation:
   Total: 0.229s | Avg: 0.2292s | Calls: 1
⏱️  data_loading:
   Total: 0.006s | Avg: 0.0001s | Calls: 45
   Min: 0.0001s | Max: 0.0003s
⏱️  sample_saving:
   Total: 0.040s | Avg: 0.0040s | Calls: 10
   Min: 0.0029s | Max: 0.0054s
⏱️  data_transfer:
   Total: 0.004s | Avg: 0.0001s | Calls: 45
   Min: 0.0000s | Max: 0.0005s
⏱️  model_inference:
   Total: 1.142s | Avg: 0.0254s | Calls: 45
   Min: 0.0181s | Max: 0.0324s
⏱️  feature_processing:
   Total: 56.997s | Avg: 1.2666s | Calls: 45
   Min: 0.4747s | Max: 1.3036s
⏱️  feature_accumulation:
   Total: 0.000s | Avg: 0.0000s | Calls: 45
   Min: 0.0000s | Max: 0.0000s
⏱️  batch_processing:
   Total: 67.638s | Avg: 1.5031s | Calls: 45
   Min: 1.3048s | Max: 4.6123s
⏱️  feature_combining:
   Total: 0.024s | Avg: 0.0048s | Calls: 5
   Min: 0.0029s | Max: 0.0062s
⏱️  hdf5_writing:
   Total: 8.809s | Avg: 1.7618s | Calls: 5
   Min: 0.5657s | Max: 3.1820s
⏱️  memory_cleanup:
   Total: 0.618s | Avg: 0.1236s | Calls: 5
   Min: 0.1125s | Max: 0.1433s
⏱️  total_computation:
   Total: 80.455s | Avg: 80.4549s | Calls: 1
⏱️  slide_processing:
   Total: 80.455s | Avg: 80.4549s | Calls: 1

🚨 BOTTLENECK ANALYSIS (Total Runtime: 301.634s):
   🔥 slide_processing: 80.455s (26.7%)
   🔥 total_computation: 80.455s (26.7%)
   🔥 batch_processing: 67.638s (22.4%)
   🔥 feature_processing: 56.997s (18.9%)

📊 OPERATION COUNTS:
   hdf5_write_operations: 5
   patches_processed: 22,719
   GPU Memory - Max: 4226.2MB | Avg: 3929.9MB

💡 OPTIMIZATION RECOMMENDATIONS:
================================================================================
📊 Features shape: (22719, 1536), Coords shape: (22719, 2)
💾 Saved features to /nemo/project/proj-tracerx-lung/tctProjects/kilimo/TracerX_WSIs/20X/uni_v2/pt_files/LTX0062_SU.pt

🔄 Processing slide 11/121: LTX0070_SU
downsample [1. 1.]
downsampled_level_dim [72960 56320]
level_dim [72960 56320]
name LTX0070_SU
patch_level 0
patch_size 290
save_path /nemo/project/proj-tracerx-lung/tctProjects/kilimo/TracerX_WSIs/20X/patches/patches

feature extraction settings
transformations:  Compose(
    Resize(size=224, interpolation=bilinear, max_size=None, antialias=True)
    CenterCrop(size=(224, 224))
    MaybeToTensor()
    Normalize(mean=tensor([0.4850, 0.4560, 0.4060]), std=tensor([0.2290, 0.2240, 0.2250]))
)
📦 Dataset size: 24332 patches, 48 batches
🔍 Processing a total of 48 batches with profiling enabled
Saving random samples to /nemo/project/proj-tracerx-lung/tctProjects/kilimo/TracerX_WSIs/20X/uni_v2/samples/LTX0070_SU
Saved 9/10 random sample images for slide LTX0070_SU
✅ Features extracted in 96.3s

================================================================================
🔍 PERFORMANCE PROFILING SUMMARY - LTX0070_SU
================================================================================
⏱️  wsi_loading:
   Total: 9.329s | Avg: 9.3287s | Calls: 1
⏱️  dataset_creation:
   Total: 0.287s | Avg: 0.2867s | Calls: 1
⏱️  data_loading:
   Total: 0.006s | Avg: 0.0001s | Calls: 48
   Min: 0.0001s | Max: 0.0003s
⏱️  sample_saving:
   Total: 1.386s | Avg: 0.1540s | Calls: 9
   Min: 0.0033s | Max: 0.7364s
⏱️  data_transfer:
   Total: 0.003s | Avg: 0.0001s | Calls: 48
   Min: 0.0000s | Max: 0.0002s
⏱️  model_inference:
   Total: 1.409s | Avg: 0.0294s | Calls: 48
   Min: 0.0197s | Max: 0.0350s
⏱️  feature_processing:
   Total: 60.834s | Avg: 1.2674s | Calls: 48
   Min: 0.6742s | Max: 1.2949s
⏱️  feature_accumulation:
   Total: 0.000s | Avg: 0.0000s | Calls: 48
   Min: 0.0000s | Max: 0.0000s
⏱️  batch_processing:
   Total: 71.081s | Avg: 1.4809s | Calls: 48
   Min: 0.8331s | Max: 6.8380s
⏱️  feature_combining:
   Total: 0.031s | Avg: 0.0063s | Calls: 5
   Min: 0.0031s | Max: 0.0082s
⏱️  hdf5_writing:
   Total: 6.750s | Avg: 1.3499s | Calls: 5
   Min: 0.0291s | Max: 5.4123s
⏱️  memory_cleanup:
   Total: 0.668s | Avg: 0.1337s | Calls: 5
   Min: 0.1090s | Max: 0.1694s
⏱️  total_computation:
   Total: 86.664s | Avg: 86.6640s | Calls: 1
⏱️  slide_processing:
   Total: 86.665s | Avg: 86.6650s | Calls: 1

🚨 BOTTLENECK ANALYSIS (Total Runtime: 325.114s):
   🔥 slide_processing: 86.665s (26.7%)
   🔥 total_computation: 86.664s (26.7%)
   🔥 batch_processing: 71.081s (21.9%)
   🔥 feature_processing: 60.834s (18.7%)

📊 OPERATION COUNTS:
   hdf5_write_operations: 5
   patches_processed: 24,332
   GPU Memory - Max: 4226.2MB | Avg: 3937.1MB

💡 OPTIMIZATION RECOMMENDATIONS:
================================================================================
📊 Features shape: (24332, 1536), Coords shape: (24332, 2)
💾 Saved features to /nemo/project/proj-tracerx-lung/tctProjects/kilimo/TracerX_WSIs/20X/uni_v2/pt_files/LTX0070_SU.pt

🔄 Processing slide 12/121: LTX0073_Marked_SU
downsample [1. 1.]
downsampled_level_dim [40320 50688]
level_dim [40320 50688]
name LTX0073_Marked_SU
patch_level 0
patch_size 290
save_path /nemo/project/proj-tracerx-lung/tctProjects/kilimo/TracerX_WSIs/20X/patches/patches

feature extraction settings
transformations:  Compose(
    Resize(size=224, interpolation=bilinear, max_size=None, antialias=True)
    CenterCrop(size=(224, 224))
    MaybeToTensor()
    Normalize(mean=tensor([0.4850, 0.4560, 0.4060]), std=tensor([0.2290, 0.2240, 0.2250]))
)
📦 Dataset size: 13701 patches, 27 batches
🔍 Processing a total of 27 batches with profiling enabled
Saving random samples to /nemo/project/proj-tracerx-lung/tctProjects/kilimo/TracerX_WSIs/20X/uni_v2/samples/LTX0073_Marked_SU
Saved 10/10 random sample images for slide LTX0073_Marked_SU
✅ Features extracted in 48.7s

================================================================================
🔍 PERFORMANCE PROFILING SUMMARY - LTX0073_Marked_SU
================================================================================
⏱️  wsi_loading:
   Total: 0.452s | Avg: 0.4519s | Calls: 1
⏱️  dataset_creation:
   Total: 0.124s | Avg: 0.1237s | Calls: 1
⏱️  data_loading:
   Total: 0.004s | Avg: 0.0001s | Calls: 27
   Min: 0.0001s | Max: 0.0003s
⏱️  sample_saving:
   Total: 0.035s | Avg: 0.0035s | Calls: 10
   Min: 0.0026s | Max: 0.0045s
⏱️  data_transfer:
   Total: 0.002s | Avg: 0.0001s | Calls: 27
   Min: 0.0001s | Max: 0.0002s
⏱️  model_inference:
   Total: 0.644s | Avg: 0.0239s | Calls: 27
   Min: 0.0205s | Max: 0.0343s
⏱️  feature_processing:
   Total: 34.403s | Avg: 1.2742s | Calls: 27
   Min: 0.9755s | Max: 1.2917s
⏱️  feature_accumulation:
   Total: 0.000s | Avg: 0.0000s | Calls: 27
   Min: 0.0000s | Max: 0.0000s
⏱️  batch_processing:
   Total: 35.581s | Avg: 1.3178s | Calls: 27
   Min: 1.1482s | Max: 1.4869s
⏱️  feature_combining:
   Total: 0.020s | Avg: 0.0066s | Calls: 3
   Min: 0.0052s | Max: 0.0094s
⏱️  hdf5_writing:
   Total: 0.112s | Avg: 0.0372s | Calls: 3
   Min: 0.0355s | Max: 0.0405s
⏱️  memory_cleanup:
   Total: 0.369s | Avg: 0.1229s | Calls: 3
   Min: 0.1133s | Max: 0.1379s
⏱️  total_computation:
   Total: 48.128s | Avg: 48.1276s | Calls: 1
⏱️  slide_processing:
   Total: 48.129s | Avg: 48.1290s | Calls: 1

🚨 BOTTLENECK ANALYSIS (Total Runtime: 168.001s):
   🔥 slide_processing: 48.129s (28.6%)
   🔥 total_computation: 48.128s (28.6%)
   🔥 batch_processing: 35.581s (21.2%)
   🔥 feature_processing: 34.403s (20.5%)

📊 OPERATION COUNTS:
   hdf5_write_operations: 3
   patches_processed: 13,701
   GPU Memory - Max: 4226.2MB | Avg: 3809.8MB

💡 OPTIMIZATION RECOMMENDATIONS:
================================================================================
📊 Features shape: (13701, 1536), Coords shape: (13701, 2)
💾 Saved features to /nemo/project/proj-tracerx-lung/tctProjects/kilimo/TracerX_WSIs/20X/uni_v2/pt_files/LTX0073_Marked_SU.pt

🔄 Processing slide 13/121: LTX0075_SU
downsample [1. 1.]
downsampled_level_dim [67200 52096]
level_dim [67200 52096]
name LTX0075_SU
patch_level 0
patch_size 290
save_path /nemo/project/proj-tracerx-lung/tctProjects/kilimo/TracerX_WSIs/20X/patches/patches

feature extraction settings
transformations:  Compose(
    Resize(size=224, interpolation=bilinear, max_size=None, antialias=True)
    CenterCrop(size=(224, 224))
    MaybeToTensor()
    Normalize(mean=tensor([0.4850, 0.4560, 0.4060]), std=tensor([0.2290, 0.2240, 0.2250]))
)
📦 Dataset size: 17309 patches, 34 batches
🔍 Processing a total of 34 batches with profiling enabled
Saving random samples to /nemo/project/proj-tracerx-lung/tctProjects/kilimo/TracerX_WSIs/20X/uni_v2/samples/LTX0075_SU
Saved 9/10 random sample images for slide LTX0075_SU
✅ Features extracted in 55.2s

================================================================================
🔍 PERFORMANCE PROFILING SUMMARY - LTX0075_SU
================================================================================
⏱️  wsi_loading:
   Total: 0.398s | Avg: 0.3977s | Calls: 1
⏱️  dataset_creation:
   Total: 0.122s | Avg: 0.1218s | Calls: 1
⏱️  data_loading:
   Total: 0.004s | Avg: 0.0001s | Calls: 34
   Min: 0.0001s | Max: 0.0003s
⏱️  sample_saving:
   Total: 0.043s | Avg: 0.0048s | Calls: 9
   Min: 0.0029s | Max: 0.0086s
⏱️  data_transfer:
   Total: 0.003s | Avg: 0.0001s | Calls: 34
   Min: 0.0001s | Max: 0.0004s
⏱️  model_inference:
   Total: 0.954s | Avg: 0.0281s | Calls: 34
   Min: 0.0210s | Max: 0.0348s
⏱️  feature_processing:
   Total: 43.351s | Avg: 1.2750s | Calls: 34
   Min: 1.0369s | Max: 1.2900s
⏱️  feature_accumulation:
   Total: 0.000s | Avg: 0.0000s | Calls: 34
   Min: 0.0000s | Max: 0.0000s
⏱️  batch_processing:
   Total: 45.088s | Avg: 1.3261s | Calls: 34
   Min: 1.1953s | Max: 1.5200s
⏱️  feature_combining:
   Total: 0.020s | Avg: 0.0051s | Calls: 4
   Min: 0.0015s | Max: 0.0080s
⏱️  hdf5_writing:
   Total: 0.153s | Avg: 0.0383s | Calls: 4
   Min: 0.0219s | Max: 0.0571s
⏱️  memory_cleanup:
   Total: 0.561s | Avg: 0.1403s | Calls: 4
   Min: 0.1132s | Max: 0.1512s
⏱️  total_computation:
   Total: 54.663s | Avg: 54.6631s | Calls: 1
⏱️  slide_processing:
   Total: 54.663s | Avg: 54.6631s | Calls: 1

🚨 BOTTLENECK ANALYSIS (Total Runtime: 200.025s):
   🔥 slide_processing: 54.663s (27.3%)
   🔥 total_computation: 54.663s (27.3%)
   🔥 batch_processing: 45.088s (22.5%)
   🔥 feature_processing: 43.351s (21.7%)

📊 OPERATION COUNTS:
   hdf5_write_operations: 4
   patches_processed: 17,309
   GPU Memory - Max: 4226.2MB | Avg: 3895.8MB

💡 OPTIMIZATION RECOMMENDATIONS:
================================================================================
📊 Features shape: (17309, 1536), Coords shape: (17309, 2)
💾 Saved features to /nemo/project/proj-tracerx-lung/tctProjects/kilimo/TracerX_WSIs/20X/uni_v2/pt_files/LTX0075_SU.pt

🔄 Processing slide 14/121: LTX0079_SU
downsample [1. 1.]
downsampled_level_dim [32640 26752]
level_dim [32640 26752]
name LTX0079_SU
patch_level 0
patch_size 290
save_path /nemo/project/proj-tracerx-lung/tctProjects/kilimo/TracerX_WSIs/20X/patches/patches

feature extraction settings
transformations:  Compose(
    Resize(size=224, interpolation=bilinear, max_size=None, antialias=True)
    CenterCrop(size=(224, 224))
    MaybeToTensor()
    Normalize(mean=tensor([0.4850, 0.4560, 0.4060]), std=tensor([0.2290, 0.2240, 0.2250]))
)
📦 Dataset size: 5136 patches, 11 batches
🔍 Processing a total of 11 batches with profiling enabled
Saving random samples to /nemo/project/proj-tracerx-lung/tctProjects/kilimo/TracerX_WSIs/20X/uni_v2/samples/LTX0079_SU
Saved 10/10 random sample images for slide LTX0079_SU
✅ Features extracted in 19.1s

================================================================================
🔍 PERFORMANCE PROFILING SUMMARY - LTX0079_SU
================================================================================
⏱️  wsi_loading:
   Total: 0.308s | Avg: 0.3079s | Calls: 1
⏱️  dataset_creation:
   Total: 0.113s | Avg: 0.1127s | Calls: 1
⏱️  data_loading:
   Total: 0.001s | Avg: 0.0001s | Calls: 11
   Min: 0.0001s | Max: 0.0003s
⏱️  sample_saving:
   Total: 0.039s | Avg: 0.0039s | Calls: 10
   Min: 0.0029s | Max: 0.0067s
⏱️  data_transfer:
   Total: 0.008s | Avg: 0.0007s | Calls: 11
   Min: 0.0001s | Max: 0.0069s
⏱️  model_inference:
   Total: 0.272s | Avg: 0.0248s | Calls: 11
   Min: 0.0208s | Max: 0.0364s
⏱️  feature_processing:
   Total: 12.903s | Avg: 1.1730s | Calls: 11
   Min: 0.0289s | Max: 1.2985s
⏱️  feature_accumulation:
   Total: 0.000s | Avg: 0.0000s | Calls: 11
   Min: 0.0000s | Max: 0.0000s
⏱️  batch_processing:
   Total: 13.505s | Avg: 1.2277s | Calls: 11
   Min: 0.1732s | Max: 1.4710s
⏱️  feature_combining:
   Total: 0.006s | Avg: 0.0030s | Calls: 2
   Min: 0.0000s | Max: 0.0059s
⏱️  hdf5_writing:
   Total: 0.036s | Avg: 0.0181s | Calls: 2
   Min: 0.0019s | Max: 0.0342s
⏱️  memory_cleanup:
   Total: 0.239s | Avg: 0.1195s | Calls: 2
   Min: 0.1186s | Max: 0.1203s
⏱️  total_computation:
   Total: 18.632s | Avg: 18.6315s | Calls: 1
⏱️  slide_processing:
   Total: 18.632s | Avg: 18.6316s | Calls: 1

🚨 BOTTLENECK ANALYSIS (Total Runtime: 64.694s):
   🔥 slide_processing: 18.632s (28.8%)
   🔥 total_computation: 18.632s (28.8%)
   🔥 batch_processing: 13.505s (20.9%)
   🔥 feature_processing: 12.903s (19.9%)

📊 OPERATION COUNTS:
   hdf5_write_operations: 2
   patches_processed: 5,136
   GPU Memory - Max: 4226.2MB | Avg: 3602.2MB

💡 OPTIMIZATION RECOMMENDATIONS:
================================================================================
📊 Features shape: (5136, 1536), Coords shape: (5136, 2)
💾 Saved features to /nemo/project/proj-tracerx-lung/tctProjects/kilimo/TracerX_WSIs/20X/uni_v2/pt_files/LTX0079_SU.pt

🔄 Processing slide 15/121: LTX0080_SU
downsample [1. 1.]
downsampled_level_dim [48000 50688]
level_dim [48000 50688]
name LTX0080_SU
patch_level 0
patch_size 290
save_path /nemo/project/proj-tracerx-lung/tctProjects/kilimo/TracerX_WSIs/20X/patches/patches

feature extraction settings
transformations:  Compose(
    Resize(size=224, interpolation=bilinear, max_size=None, antialias=True)
    CenterCrop(size=(224, 224))
    MaybeToTensor()
    Normalize(mean=tensor([0.4850, 0.4560, 0.4060]), std=tensor([0.2290, 0.2240, 0.2250]))
)
📦 Dataset size: 17341 patches, 34 batches
🔍 Processing a total of 34 batches with profiling enabled
Saving random samples to /nemo/project/proj-tracerx-lung/tctProjects/kilimo/TracerX_WSIs/20X/uni_v2/samples/LTX0080_SU
Saved 10/10 random sample images for slide LTX0080_SU
✅ Features extracted in 56.8s

================================================================================
🔍 PERFORMANCE PROFILING SUMMARY - LTX0080_SU
================================================================================
⏱️  wsi_loading:
   Total: 0.412s | Avg: 0.4119s | Calls: 1
⏱️  dataset_creation:
   Total: 0.115s | Avg: 0.1153s | Calls: 1
⏱️  data_loading:
   Total: 0.004s | Avg: 0.0001s | Calls: 34
   Min: 0.0001s | Max: 0.0003s
⏱️  sample_saving:
   Total: 0.042s | Avg: 0.0042s | Calls: 10
   Min: 0.0029s | Max: 0.0075s
⏱️  data_transfer:
   Total: 0.003s | Avg: 0.0001s | Calls: 34
   Min: 0.0001s | Max: 0.0004s
⏱️  model_inference:
   Total: 0.921s | Avg: 0.0271s | Calls: 34
   Min: 0.0176s | Max: 0.0347s
⏱️  feature_processing:
   Total: 43.477s | Avg: 1.2787s | Calls: 34
   Min: 1.1199s | Max: 1.2931s
⏱️  feature_accumulation:
   Total: 0.000s | Avg: 0.0000s | Calls: 34
   Min: 0.0000s | Max: 0.0000s
⏱️  batch_processing:
   Total: 45.148s | Avg: 1.3279s | Calls: 34
   Min: 1.2640s | Max: 1.5226s
⏱️  feature_combining:
   Total: 0.024s | Avg: 0.0059s | Calls: 4
   Min: 0.0019s | Max: 0.0082s
⏱️  hdf5_writing:
   Total: 0.151s | Avg: 0.0378s | Calls: 4
   Min: 0.0193s | Max: 0.0561s
⏱️  memory_cleanup:
   Total: 0.532s | Avg: 0.1330s | Calls: 4
   Min: 0.1000s | Max: 0.1490s
⏱️  total_computation:
   Total: 56.277s | Avg: 56.2765s | Calls: 1
⏱️  slide_processing:
   Total: 56.277s | Avg: 56.2773s | Calls: 1

🚨 BOTTLENECK ANALYSIS (Total Runtime: 203.383s):
   🔥 slide_processing: 56.277s (27.7%)
   🔥 total_computation: 56.277s (27.7%)
   🔥 batch_processing: 45.148s (22.2%)
   🔥 feature_processing: 43.477s (21.4%)

📊 OPERATION COUNTS:
   hdf5_write_operations: 4
   patches_processed: 17,341
   GPU Memory - Max: 4226.2MB | Avg: 3899.9MB

💡 OPTIMIZATION RECOMMENDATIONS:
================================================================================
📊 Features shape: (17341, 1536), Coords shape: (17341, 2)
💾 Saved features to /nemo/project/proj-tracerx-lung/tctProjects/kilimo/TracerX_WSIs/20X/uni_v2/pt_files/LTX0080_SU.pt

🔄 Processing slide 16/121: LTX0083_SU
downsample [1. 1.]
downsampled_level_dim [53760 46464]
level_dim [53760 46464]
name LTX0083_SU
patch_level 0
patch_size 290
save_path /nemo/project/proj-tracerx-lung/tctProjects/kilimo/TracerX_WSIs/20X/patches/patches

feature extraction settings
transformations:  Compose(
    Resize(size=224, interpolation=bilinear, max_size=None, antialias=True)
    CenterCrop(size=(224, 224))
    MaybeToTensor()
    Normalize(mean=tensor([0.4850, 0.4560, 0.4060]), std=tensor([0.2290, 0.2240, 0.2250]))
)
📦 Dataset size: 16084 patches, 32 batches
🔍 Processing a total of 32 batches with profiling enabled
Saving random samples to /nemo/project/proj-tracerx-lung/tctProjects/kilimo/TracerX_WSIs/20X/uni_v2/samples/LTX0083_SU
Saved 10/10 random sample images for slide LTX0083_SU
✅ Features extracted in 50.2s

================================================================================
🔍 PERFORMANCE PROFILING SUMMARY - LTX0083_SU
================================================================================
⏱️  wsi_loading:
   Total: 0.490s | Avg: 0.4904s | Calls: 1
⏱️  dataset_creation:
   Total: 0.146s | Avg: 0.1455s | Calls: 1
⏱️  data_loading:
   Total: 0.004s | Avg: 0.0001s | Calls: 32
   Min: 0.0001s | Max: 0.0003s
⏱️  sample_saving:
   Total: 0.035s | Avg: 0.0035s | Calls: 10
   Min: 0.0025s | Max: 0.0050s
⏱️  data_transfer:
   Total: 0.003s | Avg: 0.0001s | Calls: 32
   Min: 0.0001s | Max: 0.0002s
⏱️  model_inference:
   Total: 0.764s | Avg: 0.0239s | Calls: 32
   Min: 0.0181s | Max: 0.0313s
⏱️  feature_processing:
   Total: 40.402s | Avg: 1.2626s | Calls: 32
   Min: 0.5291s | Max: 1.2935s
⏱️  feature_accumulation:
   Total: 0.000s | Avg: 0.0000s | Calls: 32
   Min: 0.0000s | Max: 0.0000s
⏱️  batch_processing:
   Total: 41.856s | Avg: 1.3080s | Calls: 32
   Min: 0.6617s | Max: 1.5177s
⏱️  feature_combining:
   Total: 0.020s | Avg: 0.0051s | Calls: 4
   Min: 0.0009s | Max: 0.0081s
⏱️  hdf5_writing:
   Total: 0.146s | Avg: 0.0365s | Calls: 4
   Min: 0.0076s | Max: 0.0609s
⏱️  memory_cleanup:
   Total: 0.488s | Avg: 0.1220s | Calls: 4
   Min: 0.1023s | Max: 0.1439s
⏱️  total_computation:
   Total: 49.523s | Avg: 49.5227s | Calls: 1
⏱️  slide_processing:
   Total: 49.523s | Avg: 49.5227s | Calls: 1

🚨 BOTTLENECK ANALYSIS (Total Runtime: 183.399s):
   🔥 slide_processing: 49.523s (27.0%)
   🔥 total_computation: 49.523s (27.0%)
   🔥 batch_processing: 41.856s (22.8%)
   🔥 feature_processing: 40.402s (22.0%)

📊 OPERATION COUNTS:
   hdf5_write_operations: 4
   patches_processed: 16,084
   GPU Memory - Max: 4226.2MB | Avg: 3873.0MB

💡 OPTIMIZATION RECOMMENDATIONS:
================================================================================
📊 Features shape: (16084, 1536), Coords shape: (16084, 2)
💾 Saved features to /nemo/project/proj-tracerx-lung/tctProjects/kilimo/TracerX_WSIs/20X/uni_v2/pt_files/LTX0083_SU.pt

🔄 Processing slide 17/121: LTX0091_A1_SU
downsample [1. 1.]
downsampled_level_dim [72960 56320]
level_dim [72960 56320]
name LTX0091_A1_SU
patch_level 0
patch_size 290
save_path /nemo/project/proj-tracerx-lung/tctProjects/kilimo/TracerX_WSIs/20X/patches/patches

feature extraction settings
transformations:  Compose(
    Resize(size=224, interpolation=bilinear, max_size=None, antialias=True)
    CenterCrop(size=(224, 224))
    MaybeToTensor()
    Normalize(mean=tensor([0.4850, 0.4560, 0.4060]), std=tensor([0.2290, 0.2240, 0.2250]))
)
📦 Dataset size: 25656 patches, 51 batches
🔍 Processing a total of 51 batches with profiling enabled
Saving random samples to /nemo/project/proj-tracerx-lung/tctProjects/kilimo/TracerX_WSIs/20X/uni_v2/samples/LTX0091_A1_SU
Saved 10/10 random sample images for slide LTX0091_A1_SU
✅ Features extracted in 82.7s

================================================================================
🔍 PERFORMANCE PROFILING SUMMARY - LTX0091_A1_SU
================================================================================
⏱️  wsi_loading:
   Total: 0.560s | Avg: 0.5601s | Calls: 1
⏱️  dataset_creation:
   Total: 0.136s | Avg: 0.1363s | Calls: 1
⏱️  data_loading:
   Total: 0.006s | Avg: 0.0001s | Calls: 51
   Min: 0.0001s | Max: 0.0003s
⏱️  sample_saving:
   Total: 0.043s | Avg: 0.0043s | Calls: 10
   Min: 0.0030s | Max: 0.0071s
⏱️  data_transfer:
   Total: 0.004s | Avg: 0.0001s | Calls: 51
   Min: 0.0001s | Max: 0.0003s
⏱️  model_inference:
   Total: 1.308s | Avg: 0.0256s | Calls: 51
   Min: 0.0202s | Max: 0.0377s
⏱️  feature_processing:
   Total: 64.326s | Avg: 1.2613s | Calls: 51
   Min: 0.1338s | Max: 1.3023s
⏱️  feature_accumulation:
   Total: 0.000s | Avg: 0.0000s | Calls: 51
   Min: 0.0000s | Max: 0.0000s
⏱️  batch_processing:
   Total: 66.860s | Avg: 1.3110s | Calls: 51
   Min: 0.2608s | Max: 1.5709s
⏱️  feature_combining:
   Total: 0.039s | Avg: 0.0065s | Calls: 6
   Min: 0.0000s | Max: 0.0119s
⏱️  hdf5_writing:
   Total: 0.316s | Avg: 0.0527s | Calls: 6
   Min: 0.0030s | Max: 0.0913s
⏱️  memory_cleanup:
   Total: 0.832s | Avg: 0.1386s | Calls: 6
   Min: 0.1019s | Max: 0.1826s
⏱️  total_computation:
   Total: 81.983s | Avg: 81.9830s | Calls: 1
⏱️  slide_processing:
   Total: 81.983s | Avg: 81.9831s | Calls: 1

🚨 BOTTLENECK ANALYSIS (Total Runtime: 298.398s):
   🔥 slide_processing: 81.983s (27.5%)
   🔥 total_computation: 81.983s (27.5%)
   🔥 batch_processing: 66.860s (22.4%)
   🔥 feature_processing: 64.326s (21.6%)

📊 OPERATION COUNTS:
   hdf5_write_operations: 6
   patches_processed: 25,656
   GPU Memory - Max: 4226.2MB | Avg: 3960.8MB

💡 OPTIMIZATION RECOMMENDATIONS:
================================================================================
📊 Features shape: (25656, 1536), Coords shape: (25656, 2)
💾 Saved features to /nemo/project/proj-tracerx-lung/tctProjects/kilimo/TracerX_WSIs/20X/uni_v2/pt_files/LTX0091_A1_SU.pt

🔄 Processing slide 18/121: LTX0094_SU
downsample [1. 1.]
downsampled_level_dim [72960 56320]
level_dim [72960 56320]
name LTX0094_SU
patch_level 0
patch_size 290
save_path /nemo/project/proj-tracerx-lung/tctProjects/kilimo/TracerX_WSIs/20X/patches/patches

feature extraction settings
transformations:  Compose(
    Resize(size=224, interpolation=bilinear, max_size=None, antialias=True)
    CenterCrop(size=(224, 224))
    MaybeToTensor()
    Normalize(mean=tensor([0.4850, 0.4560, 0.4060]), std=tensor([0.2290, 0.2240, 0.2250]))
)
📦 Dataset size: 16901 patches, 34 batches
🔍 Processing a total of 34 batches with profiling enabled
Saving random samples to /nemo/project/proj-tracerx-lung/tctProjects/kilimo/TracerX_WSIs/20X/uni_v2/samples/LTX0094_SU
Saved 7/10 random sample images for slide LTX0094_SU
✅ Features extracted in 58.0s

================================================================================
🔍 PERFORMANCE PROFILING SUMMARY - LTX0094_SU
================================================================================
⏱️  wsi_loading:
   Total: 0.455s | Avg: 0.4548s | Calls: 1
⏱️  dataset_creation:
   Total: 0.117s | Avg: 0.1169s | Calls: 1
⏱️  data_loading:
   Total: 0.004s | Avg: 0.0001s | Calls: 34
   Min: 0.0001s | Max: 0.0003s
⏱️  sample_saving:
   Total: 0.026s | Avg: 0.0036s | Calls: 7
   Min: 0.0029s | Max: 0.0047s
⏱️  data_transfer:
   Total: 0.003s | Avg: 0.0001s | Calls: 34
   Min: 0.0001s | Max: 0.0004s
⏱️  model_inference:
   Total: 0.783s | Avg: 0.0230s | Calls: 34
   Min: 0.0177s | Max: 0.0338s
⏱️  feature_processing:
   Total: 42.379s | Avg: 1.2464s | Calls: 34
   Min: 0.0031s | Max: 1.2927s
⏱️  feature_accumulation:
   Total: 0.000s | Avg: 0.0000s | Calls: 34
   Min: 0.0000s | Max: 0.0000s
⏱️  batch_processing:
   Total: 43.968s | Avg: 1.2932s | Calls: 34
   Min: 0.1522s | Max: 1.5409s
⏱️  feature_combining:
   Total: 0.019s | Avg: 0.0048s | Calls: 4
   Min: 0.0014s | Max: 0.0061s
⏱️  hdf5_writing:
   Total: 0.270s | Avg: 0.0676s | Calls: 4
   Min: 0.0194s | Max: 0.1112s
⏱️  memory_cleanup:
   Total: 0.488s | Avg: 0.1220s | Calls: 4
   Min: 0.1107s | Max: 0.1386s
⏱️  total_computation:
   Total: 57.418s | Avg: 57.4177s | Calls: 1
⏱️  slide_processing:
   Total: 57.418s | Avg: 57.4185s | Calls: 1

🚨 BOTTLENECK ANALYSIS (Total Runtime: 203.348s):
   🔥 slide_processing: 57.418s (28.2%)
   🔥 total_computation: 57.418s (28.2%)
   🔥 batch_processing: 43.968s (21.6%)
   🔥 feature_processing: 42.379s (20.8%)

📊 OPERATION COUNTS:
   hdf5_write_operations: 4
   patches_processed: 16,901
   GPU Memory - Max: 4226.2MB | Avg: 3849.5MB

💡 OPTIMIZATION RECOMMENDATIONS:
================================================================================
📊 Features shape: (16901, 1536), Coords shape: (16901, 2)
💾 Saved features to /nemo/project/proj-tracerx-lung/tctProjects/kilimo/TracerX_WSIs/20X/uni_v2/pt_files/LTX0094_SU.pt

🔄 Processing slide 19/121: LTX0095_A5_SU
downsample [1. 1.]
downsampled_level_dim [72960 56320]
level_dim [72960 56320]
name LTX0095_A5_SU
patch_level 0
patch_size 290
save_path /nemo/project/proj-tracerx-lung/tctProjects/kilimo/TracerX_WSIs/20X/patches/patches

feature extraction settings
transformations:  Compose(
    Resize(size=224, interpolation=bilinear, max_size=None, antialias=True)
    CenterCrop(size=(224, 224))
    MaybeToTensor()
    Normalize(mean=tensor([0.4850, 0.4560, 0.4060]), std=tensor([0.2290, 0.2240, 0.2250]))
)
📦 Dataset size: 21630 patches, 43 batches
🔍 Processing a total of 43 batches with profiling enabled
Saving random samples to /nemo/project/proj-tracerx-lung/tctProjects/kilimo/TracerX_WSIs/20X/uni_v2/samples/LTX0095_A5_SU
Saved 7/10 random sample images for slide LTX0095_A5_SU
✅ Features extracted in 71.6s

================================================================================
🔍 PERFORMANCE PROFILING SUMMARY - LTX0095_A5_SU
================================================================================
⏱️  wsi_loading:
   Total: 0.618s | Avg: 0.6178s | Calls: 1
⏱️  dataset_creation:
   Total: 0.151s | Avg: 0.1510s | Calls: 1
⏱️  data_loading:
   Total: 0.005s | Avg: 0.0001s | Calls: 43
   Min: 0.0001s | Max: 0.0003s
⏱️  sample_saving:
   Total: 0.034s | Avg: 0.0049s | Calls: 7
   Min: 0.0030s | Max: 0.0083s
⏱️  data_transfer:
   Total: 0.004s | Avg: 0.0001s | Calls: 43
   Min: 0.0001s | Max: 0.0004s
⏱️  model_inference:
   Total: 1.041s | Avg: 0.0242s | Calls: 43
   Min: 0.0203s | Max: 0.0325s
⏱️  feature_processing:
   Total: 54.290s | Avg: 1.2626s | Calls: 43
   Min: 0.3110s | Max: 1.2914s
⏱️  feature_accumulation:
   Total: 0.000s | Avg: 0.0000s | Calls: 43
   Min: 0.0000s | Max: 0.0000s
⏱️  batch_processing:
   Total: 56.858s | Avg: 1.3223s | Calls: 43
   Min: 0.4461s | Max: 1.8535s
⏱️  feature_combining:
   Total: 0.027s | Avg: 0.0054s | Calls: 5
   Min: 0.0008s | Max: 0.0085s
⏱️  hdf5_writing:
   Total: 0.844s | Avg: 0.1688s | Calls: 5
   Min: 0.0116s | Max: 0.4314s
⏱️  memory_cleanup:
   Total: 0.621s | Avg: 0.1243s | Calls: 5
   Min: 0.1016s | Max: 0.1506s
⏱️  total_computation:
   Total: 70.816s | Avg: 70.8160s | Calls: 1
⏱️  slide_processing:
   Total: 70.816s | Avg: 70.8161s | Calls: 1

🚨 BOTTLENECK ANALYSIS (Total Runtime: 256.126s):
   🔥 slide_processing: 70.816s (27.6%)
   🔥 total_computation: 70.816s (27.6%)
   🔥 batch_processing: 56.858s (22.2%)
   🔥 feature_processing: 54.290s (21.2%)

📊 OPERATION COUNTS:
   hdf5_write_operations: 5
   patches_processed: 21,630
   GPU Memory - Max: 4226.2MB | Avg: 3923.7MB

💡 OPTIMIZATION RECOMMENDATIONS:
================================================================================
📊 Features shape: (21630, 1536), Coords shape: (21630, 2)
💾 Saved features to /nemo/project/proj-tracerx-lung/tctProjects/kilimo/TracerX_WSIs/20X/uni_v2/pt_files/LTX0095_A5_SU.pt

🔄 Processing slide 20/121: LTX0100_SU
downsample [1. 1.]
downsampled_level_dim [67200 47872]
level_dim [67200 47872]
name LTX0100_SU
patch_level 0
patch_size 290
save_path /nemo/project/proj-tracerx-lung/tctProjects/kilimo/TracerX_WSIs/20X/patches/patches

feature extraction settings
transformations:  Compose(
    Resize(size=224, interpolation=bilinear, max_size=None, antialias=True)
    CenterCrop(size=(224, 224))
    MaybeToTensor()
    Normalize(mean=tensor([0.4850, 0.4560, 0.4060]), std=tensor([0.2290, 0.2240, 0.2250]))
)
📦 Dataset size: 25056 patches, 49 batches
🔍 Processing a total of 49 batches with profiling enabled
Saving random samples to /nemo/project/proj-tracerx-lung/tctProjects/kilimo/TracerX_WSIs/20X/uni_v2/samples/LTX0100_SU
Saved 7/10 random sample images for slide LTX0100_SU
✅ Features extracted in 83.9s

================================================================================
🔍 PERFORMANCE PROFILING SUMMARY - LTX0100_SU
================================================================================
⏱️  wsi_loading:
   Total: 1.009s | Avg: 1.0091s | Calls: 1
⏱️  dataset_creation:
   Total: 0.103s | Avg: 0.1027s | Calls: 1
⏱️  data_loading:
   Total: 0.006s | Avg: 0.0001s | Calls: 49
   Min: 0.0001s | Max: 0.0002s
⏱️  sample_saving:
   Total: 0.028s | Avg: 0.0039s | Calls: 7
   Min: 0.0032s | Max: 0.0051s
⏱️  data_transfer:
   Total: 0.004s | Avg: 0.0001s | Calls: 49
   Min: 0.0000s | Max: 0.0002s
⏱️  model_inference:
   Total: 1.168s | Avg: 0.0238s | Calls: 49
   Min: 0.0189s | Max: 0.0339s
⏱️  feature_processing:
   Total: 63.005s | Avg: 1.2858s | Calls: 49
   Min: 1.2103s | Max: 1.3024s
⏱️  feature_accumulation:
   Total: 0.000s | Avg: 0.0000s | Calls: 49
   Min: 0.0000s | Max: 0.0000s
⏱️  batch_processing:
   Total: 66.722s | Avg: 1.3617s | Calls: 49
   Min: 1.3061s | Max: 2.0747s
⏱️  feature_combining:
   Total: 0.030s | Avg: 0.0059s | Calls: 5
   Min: 0.0049s | Max: 0.0067s
⏱️  hdf5_writing:
   Total: 1.823s | Avg: 0.3645s | Calls: 5
   Min: 0.1961s | Max: 0.6323s
⏱️  memory_cleanup:
   Total: 0.669s | Avg: 0.1337s | Calls: 5
   Min: 0.1109s | Max: 0.1619s
⏱️  total_computation:
   Total: 82.747s | Avg: 82.7466s | Calls: 1
⏱️  slide_processing:
   Total: 82.748s | Avg: 82.7477s | Calls: 1

🚨 BOTTLENECK ANALYSIS (Total Runtime: 300.059s):
   🔥 slide_processing: 82.748s (27.6%)
   🔥 total_computation: 82.747s (27.6%)
   🔥 batch_processing: 66.722s (22.2%)
   🔥 feature_processing: 63.005s (21.0%)

📊 OPERATION COUNTS:
   hdf5_write_operations: 5
   patches_processed: 25,056
   GPU Memory - Max: 4226.2MB | Avg: 3957.4MB

💡 OPTIMIZATION RECOMMENDATIONS:
================================================================================
📊 Features shape: (25056, 1536), Coords shape: (25056, 2)
💾 Saved features to /nemo/project/proj-tracerx-lung/tctProjects/kilimo/TracerX_WSIs/20X/uni_v2/pt_files/LTX0100_SU.pt

🔄 Processing slide 21/121: LTX0108_SU
downsample [1. 1.]
downsampled_level_dim [72960 56320]
level_dim [72960 56320]
name LTX0108_SU
patch_level 0
patch_size 290
save_path /nemo/project/proj-tracerx-lung/tctProjects/kilimo/TracerX_WSIs/20X/patches/patches

feature extraction settings
transformations:  Compose(
    Resize(size=224, interpolation=bilinear, max_size=None, antialias=True)
    CenterCrop(size=(224, 224))
    MaybeToTensor()
    Normalize(mean=tensor([0.4850, 0.4560, 0.4060]), std=tensor([0.2290, 0.2240, 0.2250]))
)
📦 Dataset size: 31511 patches, 62 batches
🔍 Processing a total of 62 batches with profiling enabled
Saving random samples to /nemo/project/proj-tracerx-lung/tctProjects/kilimo/TracerX_WSIs/20X/uni_v2/samples/LTX0108_SU
Saved 9/10 random sample images for slide LTX0108_SU
✅ Features extracted in 102.1s

================================================================================
🔍 PERFORMANCE PROFILING SUMMARY - LTX0108_SU
================================================================================
⏱️  wsi_loading:
   Total: 2.491s | Avg: 2.4906s | Calls: 1
⏱️  dataset_creation:
   Total: 0.105s | Avg: 0.1055s | Calls: 1
⏱️  data_loading:
   Total: 0.007s | Avg: 0.0001s | Calls: 62
   Min: 0.0001s | Max: 0.0003s
⏱️  sample_saving:
   Total: 0.061s | Avg: 0.0068s | Calls: 9
   Min: 0.0041s | Max: 0.0174s
⏱️  data_transfer:
   Total: 0.005s | Avg: 0.0001s | Calls: 62
   Min: 0.0000s | Max: 0.0002s
⏱️  model_inference:
   Total: 1.786s | Avg: 0.0288s | Calls: 62
   Min: 0.0179s | Max: 0.0342s
⏱️  feature_processing:
   Total: 78.908s | Avg: 1.2727s | Calls: 62
   Min: 0.6988s | Max: 1.2951s
⏱️  feature_accumulation:
   Total: 0.000s | Avg: 0.0000s | Calls: 62
   Min: 0.0000s | Max: 0.0000s
⏱️  batch_processing:
   Total: 83.741s | Avg: 1.3507s | Calls: 62
   Min: 0.8701s | Max: 2.0850s
⏱️  feature_combining:
   Total: 0.039s | Avg: 0.0055s | Calls: 7
   Min: 0.0010s | Max: 0.0076s
⏱️  hdf5_writing:
   Total: 1.980s | Avg: 0.2829s | Calls: 7
   Min: 0.0387s | Max: 0.6266s
⏱️  memory_cleanup:
   Total: 0.961s | Avg: 0.1373s | Calls: 7
   Min: 0.1075s | Max: 0.1606s
⏱️  total_computation:
   Total: 99.512s | Avg: 99.5122s | Calls: 1
⏱️  slide_processing:
   Total: 99.512s | Avg: 99.5123s | Calls: 1

🚨 BOTTLENECK ANALYSIS (Total Runtime: 369.109s):
   🔥 slide_processing: 99.512s (27.0%)
   🔥 total_computation: 99.512s (27.0%)
   🔥 batch_processing: 83.741s (22.7%)
   🔥 feature_processing: 78.908s (21.4%)

📊 OPERATION COUNTS:
   hdf5_write_operations: 7
   patches_processed: 31,511
   GPU Memory - Max: 4226.2MB | Avg: 4010.0MB

💡 OPTIMIZATION RECOMMENDATIONS:
================================================================================
📊 Features shape: (31511, 1536), Coords shape: (31511, 2)
💾 Saved features to /nemo/project/proj-tracerx-lung/tctProjects/kilimo/TracerX_WSIs/20X/uni_v2/pt_files/LTX0108_SU.pt

🔄 Processing slide 22/121: LTX0118_10_SU
downsample [1. 1.]
downsampled_level_dim [72960 56320]
level_dim [72960 56320]
name LTX0118_10_SU
patch_level 0
patch_size 290
save_path /nemo/project/proj-tracerx-lung/tctProjects/kilimo/TracerX_WSIs/20X/patches/patches

feature extraction settings
transformations:  Compose(
    Resize(size=224, interpolation=bilinear, max_size=None, antialias=True)
    CenterCrop(size=(224, 224))
    MaybeToTensor()
    Normalize(mean=tensor([0.4850, 0.4560, 0.4060]), std=tensor([0.2290, 0.2240, 0.2250]))
)
📦 Dataset size: 17324 patches, 34 batches
🔍 Processing a total of 34 batches with profiling enabled
Saving random samples to /nemo/project/proj-tracerx-lung/tctProjects/kilimo/TracerX_WSIs/20X/uni_v2/samples/LTX0118_10_SU
Saved 9/10 random sample images for slide LTX0118_10_SU
✅ Features extracted in 63.1s

================================================================================
🔍 PERFORMANCE PROFILING SUMMARY - LTX0118_10_SU
================================================================================
⏱️  wsi_loading:
   Total: 2.955s | Avg: 2.9548s | Calls: 1
⏱️  dataset_creation:
   Total: 0.195s | Avg: 0.1951s | Calls: 1
⏱️  data_loading:
   Total: 0.004s | Avg: 0.0001s | Calls: 34
   Min: 0.0001s | Max: 0.0003s
⏱️  sample_saving:
   Total: 0.037s | Avg: 0.0042s | Calls: 9
   Min: 0.0032s | Max: 0.0050s
⏱️  data_transfer:
   Total: 0.003s | Avg: 0.0001s | Calls: 34
   Min: 0.0000s | Max: 0.0002s
⏱️  model_inference:
   Total: 0.888s | Avg: 0.0261s | Calls: 34
   Min: 0.0181s | Max: 0.0355s
⏱️  feature_processing:
   Total: 43.401s | Avg: 1.2765s | Calls: 34
   Min: 1.0756s | Max: 1.2920s
⏱️  feature_accumulation:
   Total: 0.000s | Avg: 0.0000s | Calls: 34
   Min: 0.0000s | Max: 0.0000s
⏱️  batch_processing:
   Total: 46.024s | Avg: 1.3537s | Calls: 34
   Min: 1.3031s | Max: 1.9050s
⏱️  feature_combining:
   Total: 0.018s | Avg: 0.0045s | Calls: 4
   Min: 0.0028s | Max: 0.0054s
⏱️  hdf5_writing:
   Total: 1.211s | Avg: 0.3029s | Calls: 4
   Min: 0.0333s | Max: 0.4871s
⏱️  memory_cleanup:
   Total: 0.463s | Avg: 0.1157s | Calls: 4
   Min: 0.1056s | Max: 0.1322s
⏱️  total_computation:
   Total: 59.922s | Avg: 59.9224s | Calls: 1
⏱️  slide_processing:
   Total: 59.924s | Avg: 59.9236s | Calls: 1

🚨 BOTTLENECK ANALYSIS (Total Runtime: 215.046s):
   🔥 slide_processing: 59.924s (27.9%)
   🔥 total_computation: 59.922s (27.9%)
   🔥 batch_processing: 46.024s (21.4%)
   🔥 feature_processing: 43.401s (20.2%)

📊 OPERATION COUNTS:
   hdf5_write_operations: 4
   patches_processed: 17,324
   GPU Memory - Max: 4226.2MB | Avg: 3897.6MB

💡 OPTIMIZATION RECOMMENDATIONS:
================================================================================
📊 Features shape: (17324, 1536), Coords shape: (17324, 2)
💾 Saved features to /nemo/project/proj-tracerx-lung/tctProjects/kilimo/TracerX_WSIs/20X/uni_v2/pt_files/LTX0118_10_SU.pt

🔄 Processing slide 23/121: LTX0125_1A_SU
downsample [1. 1.]
downsampled_level_dim [72960 56320]
level_dim [72960 56320]
name LTX0125_1A_SU
patch_level 0
patch_size 290
save_path /nemo/project/proj-tracerx-lung/tctProjects/kilimo/TracerX_WSIs/20X/patches/patches

feature extraction settings
transformations:  Compose(
    Resize(size=224, interpolation=bilinear, max_size=None, antialias=True)
    CenterCrop(size=(224, 224))
    MaybeToTensor()
    Normalize(mean=tensor([0.4850, 0.4560, 0.4060]), std=tensor([0.2290, 0.2240, 0.2250]))
)
📦 Dataset size: 26788 patches, 53 batches
🔍 Processing a total of 53 batches with profiling enabled
Saving random samples to /nemo/project/proj-tracerx-lung/tctProjects/kilimo/TracerX_WSIs/20X/uni_v2/samples/LTX0125_1A_SU
Saved 10/10 random sample images for slide LTX0125_1A_SU
✅ Features extracted in 94.7s

================================================================================
🔍 PERFORMANCE PROFILING SUMMARY - LTX0125_1A_SU
================================================================================
⏱️  wsi_loading:
   Total: 3.158s | Avg: 3.1585s | Calls: 1
⏱️  dataset_creation:
   Total: 0.224s | Avg: 0.2238s | Calls: 1
⏱️  data_loading:
   Total: 0.007s | Avg: 0.0001s | Calls: 53
   Min: 0.0001s | Max: 0.0003s
⏱️  sample_saving:
   Total: 0.039s | Avg: 0.0039s | Calls: 10
   Min: 0.0028s | Max: 0.0053s
⏱️  data_transfer:
   Total: 0.004s | Avg: 0.0001s | Calls: 53
   Min: 0.0000s | Max: 0.0002s
⏱️  model_inference:
   Total: 1.317s | Avg: 0.0248s | Calls: 53
   Min: 0.0192s | Max: 0.0403s
⏱️  feature_processing:
   Total: 67.217s | Avg: 1.2683s | Calls: 53
   Min: 0.4059s | Max: 1.2951s
⏱️  feature_accumulation:
   Total: 0.000s | Avg: 0.0000s | Calls: 53
   Min: 0.0000s | Max: 0.0000s
⏱️  batch_processing:
   Total: 71.937s | Avg: 1.3573s | Calls: 53
   Min: 0.5501s | Max: 2.4995s
⏱️  feature_combining:
   Total: 0.034s | Avg: 0.0056s | Calls: 6
   Min: 0.0012s | Max: 0.0077s
⏱️  hdf5_writing:
   Total: 2.564s | Avg: 0.4274s | Calls: 6
   Min: 0.0206s | Max: 1.0750s
⏱️  memory_cleanup:
   Total: 0.765s | Avg: 0.1275s | Calls: 6
   Min: 0.1013s | Max: 0.1673s
⏱️  total_computation:
   Total: 91.288s | Avg: 91.2879s | Calls: 1
⏱️  slide_processing:
   Total: 91.289s | Avg: 91.2888s | Calls: 1

🚨 BOTTLENECK ANALYSIS (Total Runtime: 329.843s):
   🔥 slide_processing: 91.289s (27.7%)
   🔥 total_computation: 91.288s (27.7%)
   🔥 batch_processing: 71.937s (21.8%)
   🔥 feature_processing: 67.217s (20.4%)

📊 OPERATION COUNTS:
   hdf5_write_operations: 6
   patches_processed: 26,788
   GPU Memory - Max: 4226.2MB | Avg: 3969.8MB

💡 OPTIMIZATION RECOMMENDATIONS:
================================================================================
📊 Features shape: (26788, 1536), Coords shape: (26788, 2)
💾 Saved features to /nemo/project/proj-tracerx-lung/tctProjects/kilimo/TracerX_WSIs/20X/uni_v2/pt_files/LTX0125_1A_SU.pt

🔄 Processing slide 24/121: LTX0137_A2_SU
downsample [1. 1.]
downsampled_level_dim [61440 38016]
level_dim [61440 38016]
name LTX0137_A2_SU
patch_level 0
patch_size 290
save_path /nemo/project/proj-tracerx-lung/tctProjects/kilimo/TracerX_WSIs/20X/patches/patches

feature extraction settings
transformations:  Compose(
    Resize(size=224, interpolation=bilinear, max_size=None, antialias=True)
    CenterCrop(size=(224, 224))
    MaybeToTensor()
    Normalize(mean=tensor([0.4850, 0.4560, 0.4060]), std=tensor([0.2290, 0.2240, 0.2250]))
)
📦 Dataset size: 9663 patches, 19 batches
🔍 Processing a total of 19 batches with profiling enabled
Saving random samples to /nemo/project/proj-tracerx-lung/tctProjects/kilimo/TracerX_WSIs/20X/uni_v2/samples/LTX0137_A2_SU
Saved 10/10 random sample images for slide LTX0137_A2_SU
✅ Features extracted in 31.8s

================================================================================
🔍 PERFORMANCE PROFILING SUMMARY - LTX0137_A2_SU
================================================================================
⏱️  wsi_loading:
   Total: 0.401s | Avg: 0.4007s | Calls: 1
⏱️  dataset_creation:
   Total: 0.113s | Avg: 0.1133s | Calls: 1
⏱️  data_loading:
   Total: 0.002s | Avg: 0.0001s | Calls: 19
   Min: 0.0001s | Max: 0.0003s
⏱️  sample_saving:
   Total: 0.031s | Avg: 0.0031s | Calls: 10
   Min: 0.0026s | Max: 0.0040s
⏱️  data_transfer:
   Total: 0.002s | Avg: 0.0001s | Calls: 19
   Min: 0.0000s | Max: 0.0003s
⏱️  model_inference:
   Total: 0.424s | Avg: 0.0223s | Calls: 19
   Min: 0.0179s | Max: 0.0315s
⏱️  feature_processing:
   Total: 24.282s | Avg: 1.2780s | Calls: 19
   Min: 1.1250s | Max: 1.2905s
⏱️  feature_accumulation:
   Total: 0.000s | Avg: 0.0000s | Calls: 19
   Min: 0.0000s | Max: 0.0000s
⏱️  batch_processing:
   Total: 25.107s | Avg: 1.3214s | Calls: 19
   Min: 1.2966s | Max: 1.5201s
⏱️  feature_combining:
   Total: 0.009s | Avg: 0.0044s | Calls: 2
   Min: 0.0037s | Max: 0.0052s
⏱️  hdf5_writing:
   Total: 0.116s | Avg: 0.0582s | Calls: 2
   Min: 0.0426s | Max: 0.0739s
⏱️  memory_cleanup:
   Total: 0.242s | Avg: 0.1209s | Calls: 2
   Min: 0.1069s | Max: 0.1349s
⏱️  total_computation:
   Total: 31.298s | Avg: 31.2977s | Calls: 1
⏱️  slide_processing:
   Total: 31.298s | Avg: 31.2978s | Calls: 1

🚨 BOTTLENECK ANALYSIS (Total Runtime: 113.324s):
   🔥 slide_processing: 31.298s (27.6%)
   🔥 total_computation: 31.298s (27.6%)
   🔥 batch_processing: 25.107s (22.2%)
   🔥 feature_processing: 24.282s (21.4%)

📊 OPERATION COUNTS:
   hdf5_write_operations: 2
   patches_processed: 9,663
   GPU Memory - Max: 4226.2MB | Avg: 3682.0MB

💡 OPTIMIZATION RECOMMENDATIONS:
================================================================================
📊 Features shape: (9663, 1536), Coords shape: (9663, 2)
💾 Saved features to /nemo/project/proj-tracerx-lung/tctProjects/kilimo/TracerX_WSIs/20X/uni_v2/pt_files/LTX0137_A2_SU.pt

🔄 Processing slide 25/121: LTX0144_F5_SU
downsample [1. 1.]
downsampled_level_dim [72960 56320]
level_dim [72960 56320]
name LTX0144_F5_SU
patch_level 0
patch_size 290
save_path /nemo/project/proj-tracerx-lung/tctProjects/kilimo/TracerX_WSIs/20X/patches/patches

feature extraction settings
transformations:  Compose(
    Resize(size=224, interpolation=bilinear, max_size=None, antialias=True)
    CenterCrop(size=(224, 224))
    MaybeToTensor()
    Normalize(mean=tensor([0.4850, 0.4560, 0.4060]), std=tensor([0.2290, 0.2240, 0.2250]))
)
📦 Dataset size: 31365 patches, 62 batches
🔍 Processing a total of 62 batches with profiling enabled
Saving random samples to /nemo/project/proj-tracerx-lung/tctProjects/kilimo/TracerX_WSIs/20X/uni_v2/samples/LTX0144_F5_SU
Saved 10/10 random sample images for slide LTX0144_F5_SU
✅ Features extracted in 92.2s

================================================================================
🔍 PERFORMANCE PROFILING SUMMARY - LTX0144_F5_SU
================================================================================
⏱️  wsi_loading:
   Total: 0.445s | Avg: 0.4447s | Calls: 1
⏱️  dataset_creation:
   Total: 0.107s | Avg: 0.1074s | Calls: 1
⏱️  data_loading:
   Total: 0.008s | Avg: 0.0001s | Calls: 62
   Min: 0.0001s | Max: 0.0003s
⏱️  sample_saving:
   Total: 0.124s | Avg: 0.0124s | Calls: 10
   Min: 0.0027s | Max: 0.0911s
⏱️  data_transfer:
   Total: 0.006s | Avg: 0.0001s | Calls: 62
   Min: 0.0001s | Max: 0.0005s
⏱️  model_inference:
   Total: 1.621s | Avg: 0.0261s | Calls: 62
   Min: 0.0183s | Max: 0.0337s
⏱️  feature_processing:
   Total: 78.582s | Avg: 1.2675s | Calls: 62
   Min: 0.3291s | Max: 1.2914s
⏱️  feature_accumulation:
   Total: 0.000s | Avg: 0.0000s | Calls: 62
   Min: 0.0000s | Max: 0.0000s
⏱️  batch_processing:
   Total: 82.020s | Avg: 1.3229s | Calls: 62
   Min: 0.4695s | Max: 1.6112s
⏱️  feature_combining:
   Total: 0.037s | Avg: 0.0052s | Calls: 7
   Min: 0.0006s | Max: 0.0078s
⏱️  hdf5_writing:
   Total: 0.701s | Avg: 0.1002s | Calls: 7
   Min: 0.0167s | Max: 0.1589s
⏱️  memory_cleanup:
   Total: 0.950s | Avg: 0.1356s | Calls: 7
   Min: 0.1021s | Max: 0.1722s
⏱️  total_computation:
   Total: 91.639s | Avg: 91.6388s | Calls: 1
⏱️  slide_processing:
   Total: 91.639s | Avg: 91.6389s | Calls: 1

🚨 BOTTLENECK ANALYSIS (Total Runtime: 347.878s):
   🔥 slide_processing: 91.639s (26.3%)
   🔥 total_computation: 91.639s (26.3%)
   🔥 batch_processing: 82.020s (23.6%)
   🔥 feature_processing: 78.582s (22.6%)

📊 OPERATION COUNTS:
   hdf5_write_operations: 7
   patches_processed: 31,365
   GPU Memory - Max: 4226.2MB | Avg: 3999.6MB

💡 OPTIMIZATION RECOMMENDATIONS:
================================================================================
📊 Features shape: (31365, 1536), Coords shape: (31365, 2)
💾 Saved features to /nemo/project/proj-tracerx-lung/tctProjects/kilimo/TracerX_WSIs/20X/uni_v2/pt_files/LTX0144_F5_SU.pt

🔄 Processing slide 26/121: LTX0148_A5_SU
downsample [1. 1.]
downsampled_level_dim [153600  92928]
level_dim [153600  92928]
name LTX0148_A5_SU
patch_level 0
patch_size 580
save_path /nemo/project/proj-tracerx-lung/tctProjects/kilimo/TracerX_WSIs/20X/patches/patches

feature extraction settings
transformations:  Compose(
    Resize(size=224, interpolation=bilinear, max_size=None, antialias=True)
    CenterCrop(size=(224, 224))
    MaybeToTensor()
    Normalize(mean=tensor([0.4850, 0.4560, 0.4060]), std=tensor([0.2290, 0.2240, 0.2250]))
)
📦 Dataset size: 23079 patches, 46 batches
🔍 Processing a total of 46 batches with profiling enabled
Saving random samples to /nemo/project/proj-tracerx-lung/tctProjects/kilimo/TracerX_WSIs/20X/uni_v2/samples/LTX0148_A5_SU
Saved 10/10 random sample images for slide LTX0148_A5_SU
✅ Features extracted in 224.0s

================================================================================
🔍 PERFORMANCE PROFILING SUMMARY - LTX0148_A5_SU
================================================================================
⏱️  wsi_loading:
   Total: 0.962s | Avg: 0.9621s | Calls: 1
⏱️  dataset_creation:
   Total: 0.114s | Avg: 0.1136s | Calls: 1
⏱️  data_loading:
   Total: 0.006s | Avg: 0.0001s | Calls: 46
   Min: 0.0001s | Max: 0.0003s
⏱️  sample_saving:
   Total: 0.042s | Avg: 0.0042s | Calls: 10
   Min: 0.0029s | Max: 0.0064s
⏱️  data_transfer:
   Total: 0.004s | Avg: 0.0001s | Calls: 46
   Min: 0.0000s | Max: 0.0002s
⏱️  model_inference:
   Total: 1.055s | Avg: 0.0229s | Calls: 46
   Min: 0.0182s | Max: 0.0325s
⏱️  feature_processing:
   Total: 57.915s | Avg: 1.2590s | Calls: 46
   Min: 0.0901s | Max: 1.3040s
⏱️  feature_accumulation:
   Total: 0.000s | Avg: 0.0000s | Calls: 46
   Min: 0.0000s | Max: 0.0000s
⏱️  batch_processing:
   Total: 61.113s | Avg: 1.3285s | Calls: 46
   Min: 0.4956s | Max: 1.9756s
⏱️  feature_combining:
   Total: 0.028s | Avg: 0.0055s | Calls: 5
   Min: 0.0022s | Max: 0.0075s
⏱️  hdf5_writing:
   Total: 1.434s | Avg: 0.2868s | Calls: 5
   Min: 0.1560s | Max: 0.5356s
⏱️  memory_cleanup:
   Total: 0.637s | Avg: 0.1275s | Calls: 5
   Min: 0.1092s | Max: 0.1494s
⏱️  total_computation:
   Total: 222.884s | Avg: 222.8842s | Calls: 1
⏱️  slide_processing:
   Total: 222.884s | Avg: 222.8843s | Calls: 1

🚨 BOTTLENECK ANALYSIS (Total Runtime: 569.078s):
   🔥 slide_processing: 222.884s (39.2%)
   🔥 total_computation: 222.884s (39.2%)
   🔥 batch_processing: 61.113s (10.7%)
   🔥 feature_processing: 57.915s (10.2%)

📊 OPERATION COUNTS:
   hdf5_write_operations: 5
   patches_processed: 23,079
   GPU Memory - Max: 4226.2MB | Avg: 3915.4MB

💡 OPTIMIZATION RECOMMENDATIONS:
================================================================================
📊 Features shape: (23079, 1536), Coords shape: (23079, 2)
💾 Saved features to /nemo/project/proj-tracerx-lung/tctProjects/kilimo/TracerX_WSIs/20X/uni_v2/pt_files/LTX0148_A5_SU.pt

🔄 Processing slide 27/121: LTX0151_A2_SU
downsample [1. 1.]
downsampled_level_dim [142080 104192]
level_dim [142080 104192]
name LTX0151_A2_SU
patch_level 0
patch_size 580
save_path /nemo/project/proj-tracerx-lung/tctProjects/kilimo/TracerX_WSIs/20X/patches/patches

feature extraction settings
transformations:  Compose(
    Resize(size=224, interpolation=bilinear, max_size=None, antialias=True)
    CenterCrop(size=(224, 224))
    MaybeToTensor()
    Normalize(mean=tensor([0.4850, 0.4560, 0.4060]), std=tensor([0.2290, 0.2240, 0.2250]))
)
📦 Dataset size: 24247 patches, 48 batches
🔍 Processing a total of 48 batches with profiling enabled
Saving random samples to /nemo/project/proj-tracerx-lung/tctProjects/kilimo/TracerX_WSIs/20X/uni_v2/samples/LTX0151_A2_SU
Saved 10/10 random sample images for slide LTX0151_A2_SU
✅ Features extracted in 252.3s

================================================================================
🔍 PERFORMANCE PROFILING SUMMARY - LTX0151_A2_SU
================================================================================
⏱️  wsi_loading:
   Total: 0.927s | Avg: 0.9273s | Calls: 1
⏱️  dataset_creation:
   Total: 0.131s | Avg: 0.1305s | Calls: 1
⏱️  data_loading:
   Total: 0.006s | Avg: 0.0001s | Calls: 48
   Min: 0.0001s | Max: 0.0003s
⏱️  sample_saving:
   Total: 0.040s | Avg: 0.0040s | Calls: 10
   Min: 0.0029s | Max: 0.0087s
⏱️  data_transfer:
   Total: 0.005s | Avg: 0.0001s | Calls: 48
   Min: 0.0000s | Max: 0.0004s
⏱️  model_inference:
   Total: 1.129s | Avg: 0.0235s | Calls: 48
   Min: 0.0178s | Max: 0.0354s
⏱️  feature_processing:
   Total: 60.944s | Avg: 1.2697s | Calls: 48
   Min: 0.4536s | Max: 1.3072s
⏱️  feature_accumulation:
   Total: 0.000s | Avg: 0.0000s | Calls: 48
   Min: 0.0000s | Max: 0.0000s
⏱️  batch_processing:
   Total: 64.580s | Avg: 1.3454s | Calls: 48
   Min: 0.6471s | Max: 2.0938s
⏱️  feature_combining:
   Total: 0.030s | Avg: 0.0059s | Calls: 5
   Min: 0.0042s | Max: 0.0095s
⏱️  hdf5_writing:
   Total: 1.783s | Avg: 0.3567s | Calls: 5
   Min: 0.0336s | Max: 0.6543s
⏱️  memory_cleanup:
   Total: 0.651s | Avg: 0.1303s | Calls: 5
   Min: 0.1242s | Max: 0.1378s
⏱️  total_computation:
   Total: 251.239s | Avg: 251.2387s | Calls: 1
⏱️  slide_processing:
   Total: 251.240s | Avg: 251.2398s | Calls: 1

🚨 BOTTLENECK ANALYSIS (Total Runtime: 632.705s):
   🔥 slide_processing: 251.240s (39.7%)
   🔥 total_computation: 251.239s (39.7%)
   🔥 batch_processing: 64.580s (10.2%)
   🔥 feature_processing: 60.944s (9.6%)

📊 OPERATION COUNTS:
   hdf5_write_operations: 5
   patches_processed: 24,247
   GPU Memory - Max: 4226.2MB | Avg: 3929.4MB

💡 OPTIMIZATION RECOMMENDATIONS:
================================================================================
📊 Features shape: (24247, 1536), Coords shape: (24247, 2)
💾 Saved features to /nemo/project/proj-tracerx-lung/tctProjects/kilimo/TracerX_WSIs/20X/uni_v2/pt_files/LTX0151_A2_SU.pt

🔄 Processing slide 28/121: LTX0156_A3_SU
downsample [1. 1.]
downsampled_level_dim [72960 56320]
level_dim [72960 56320]
name LTX0156_A3_SU
patch_level 0
patch_size 290
save_path /nemo/project/proj-tracerx-lung/tctProjects/kilimo/TracerX_WSIs/20X/patches/patches

feature extraction settings
transformations:  Compose(
    Resize(size=224, interpolation=bilinear, max_size=None, antialias=True)
    CenterCrop(size=(224, 224))
    MaybeToTensor()
    Normalize(mean=tensor([0.4850, 0.4560, 0.4060]), std=tensor([0.2290, 0.2240, 0.2250]))
)
📦 Dataset size: 30608 patches, 60 batches
🔍 Processing a total of 60 batches with profiling enabled
Saving random samples to /nemo/project/proj-tracerx-lung/tctProjects/kilimo/TracerX_WSIs/20X/uni_v2/samples/LTX0156_A3_SU
Saved 7/10 random sample images for slide LTX0156_A3_SU
✅ Features extracted in 131.7s

================================================================================
🔍 PERFORMANCE PROFILING SUMMARY - LTX0156_A3_SU
================================================================================
⏱️  wsi_loading:
   Total: 3.175s | Avg: 3.1750s | Calls: 1
⏱️  dataset_creation:
   Total: 0.189s | Avg: 0.1895s | Calls: 1
⏱️  data_loading:
   Total: 0.008s | Avg: 0.0001s | Calls: 60
   Min: 0.0001s | Max: 0.0003s
⏱️  sample_saving:
   Total: 0.027s | Avg: 0.0039s | Calls: 7
   Min: 0.0030s | Max: 0.0053s
⏱️  data_transfer:
   Total: 0.005s | Avg: 0.0001s | Calls: 60
   Min: 0.0000s | Max: 0.0003s
⏱️  model_inference:
   Total: 1.487s | Avg: 0.0248s | Calls: 60
   Min: 0.0180s | Max: 0.0341s
⏱️  feature_processing:
   Total: 76.758s | Avg: 1.2793s | Calls: 60
   Min: 1.0057s | Max: 1.3074s
⏱️  feature_accumulation:
   Total: 0.000s | Avg: 0.0000s | Calls: 60
   Min: 0.0000s | Max: 0.0000s
⏱️  batch_processing:
   Total: 83.527s | Avg: 1.3921s | Calls: 60
   Min: 1.2999s | Max: 2.3519s
⏱️  feature_combining:
   Total: 0.037s | Avg: 0.0062s | Calls: 6
   Min: 0.0045s | Max: 0.0090s
⏱️  hdf5_writing:
   Total: 4.440s | Avg: 0.7399s | Calls: 6
   Min: 0.5060s | Max: 0.9220s
⏱️  memory_cleanup:
   Total: 0.776s | Avg: 0.1293s | Calls: 6
   Min: 0.1212s | Max: 0.1419s
⏱️  total_computation:
   Total: 128.292s | Avg: 128.2920s | Calls: 1
⏱️  slide_processing:
   Total: 128.293s | Avg: 128.2934s | Calls: 1

🚨 BOTTLENECK ANALYSIS (Total Runtime: 427.015s):
   🔥 slide_processing: 128.293s (30.0%)
   🔥 total_computation: 128.292s (30.0%)
   🔥 batch_processing: 83.527s (19.6%)
   🔥 feature_processing: 76.758s (18.0%)

📊 OPERATION COUNTS:
   hdf5_write_operations: 6
   patches_processed: 30,608
   GPU Memory - Max: 4226.2MB | Avg: 3989.3MB

💡 OPTIMIZATION RECOMMENDATIONS:
================================================================================
📊 Features shape: (30608, 1536), Coords shape: (30608, 2)
💾 Saved features to /nemo/project/proj-tracerx-lung/tctProjects/kilimo/TracerX_WSIs/20X/uni_v2/pt_files/LTX0156_A3_SU.pt

🔄 Processing slide 29/121: LTX0160_B6_SU
downsample [1. 1.]
downsampled_level_dim [72960 56320]
level_dim [72960 56320]
name LTX0160_B6_SU
patch_level 0
patch_size 290
save_path /nemo/project/proj-tracerx-lung/tctProjects/kilimo/TracerX_WSIs/20X/patches/patches

feature extraction settings
transformations:  Compose(
    Resize(size=224, interpolation=bilinear, max_size=None, antialias=True)
    CenterCrop(size=(224, 224))
    MaybeToTensor()
    Normalize(mean=tensor([0.4850, 0.4560, 0.4060]), std=tensor([0.2290, 0.2240, 0.2250]))
)
📦 Dataset size: 23965 patches, 47 batches
🔍 Processing a total of 47 batches with profiling enabled
Saving random samples to /nemo/project/proj-tracerx-lung/tctProjects/kilimo/TracerX_WSIs/20X/uni_v2/samples/LTX0160_B6_SU
Saved 10/10 random sample images for slide LTX0160_B6_SU
✅ Features extracted in 107.5s

================================================================================
🔍 PERFORMANCE PROFILING SUMMARY - LTX0160_B6_SU
================================================================================
⏱️  wsi_loading:
   Total: 6.855s | Avg: 6.8549s | Calls: 1
⏱️  dataset_creation:
   Total: 0.196s | Avg: 0.1962s | Calls: 1
⏱️  data_loading:
   Total: 0.006s | Avg: 0.0001s | Calls: 47
   Min: 0.0001s | Max: 0.0003s
⏱️  sample_saving:
   Total: 0.174s | Avg: 0.0174s | Calls: 10
   Min: 0.0030s | Max: 0.1404s
⏱️  data_transfer:
   Total: 0.004s | Avg: 0.0001s | Calls: 47
   Min: 0.0001s | Max: 0.0004s
⏱️  model_inference:
   Total: 1.167s | Avg: 0.0248s | Calls: 47
   Min: 0.0180s | Max: 0.0323s
⏱️  feature_processing:
   Total: 60.102s | Avg: 1.2788s | Calls: 47
   Min: 1.0405s | Max: 1.3059s
⏱️  feature_accumulation:
   Total: 0.000s | Avg: 0.0000s | Calls: 47
   Min: 0.0000s | Max: 0.0000s
⏱️  batch_processing:
   Total: 63.017s | Avg: 1.3408s | Calls: 47
   Min: 1.2041s | Max: 2.0860s
⏱️  feature_combining:
   Total: 0.032s | Avg: 0.0064s | Calls: 5
   Min: 0.0052s | Max: 0.0073s
⏱️  hdf5_writing:
   Total: 0.875s | Avg: 0.1749s | Calls: 5
   Min: 0.0322s | Max: 0.6286s
⏱️  memory_cleanup:
   Total: 0.666s | Avg: 0.1332s | Calls: 5
   Min: 0.1097s | Max: 0.1527s
⏱️  total_computation:
   Total: 100.415s | Avg: 100.4151s | Calls: 1
⏱️  slide_processing:
   Total: 100.416s | Avg: 100.4163s | Calls: 1

🚨 BOTTLENECK ANALYSIS (Total Runtime: 333.925s):
   🔥 slide_processing: 100.416s (30.1%)
   🔥 total_computation: 100.415s (30.1%)
   🔥 batch_processing: 63.017s (18.9%)
   🔥 feature_processing: 60.102s (18.0%)

📊 OPERATION COUNTS:
   hdf5_write_operations: 5
   patches_processed: 23,965
   GPU Memory - Max: 4226.2MB | Avg: 3950.9MB

💡 OPTIMIZATION RECOMMENDATIONS:
================================================================================
📊 Features shape: (23965, 1536), Coords shape: (23965, 2)
💾 Saved features to /nemo/project/proj-tracerx-lung/tctProjects/kilimo/TracerX_WSIs/20X/uni_v2/pt_files/LTX0160_B6_SU.pt

🔄 Processing slide 30/121: LTX0162_A3_SU
downsample [1. 1.]
downsampled_level_dim [72960 56320]
level_dim [72960 56320]
name LTX0162_A3_SU
patch_level 0
patch_size 290
save_path /nemo/project/proj-tracerx-lung/tctProjects/kilimo/TracerX_WSIs/20X/patches/patches

feature extraction settings
transformations:  Compose(
    Resize(size=224, interpolation=bilinear, max_size=None, antialias=True)
    CenterCrop(size=(224, 224))
    MaybeToTensor()
    Normalize(mean=tensor([0.4850, 0.4560, 0.4060]), std=tensor([0.2290, 0.2240, 0.2250]))
)
📦 Dataset size: 8514 patches, 17 batches
🔍 Processing a total of 17 batches with profiling enabled
Saving random samples to /nemo/project/proj-tracerx-lung/tctProjects/kilimo/TracerX_WSIs/20X/uni_v2/samples/LTX0162_A3_SU
Saved 10/10 random sample images for slide LTX0162_A3_SU
✅ Features extracted in 35.0s

================================================================================
🔍 PERFORMANCE PROFILING SUMMARY - LTX0162_A3_SU
================================================================================
⏱️  wsi_loading:
   Total: 0.379s | Avg: 0.3794s | Calls: 1
⏱️  dataset_creation:
   Total: 0.107s | Avg: 0.1070s | Calls: 1
⏱️  data_loading:
   Total: 0.002s | Avg: 0.0001s | Calls: 17
   Min: 0.0001s | Max: 0.0003s
⏱️  sample_saving:
   Total: 0.043s | Avg: 0.0043s | Calls: 10
   Min: 0.0035s | Max: 0.0059s
⏱️  data_transfer:
   Total: 0.001s | Avg: 0.0001s | Calls: 17
   Min: 0.0001s | Max: 0.0002s
⏱️  model_inference:
   Total: 0.492s | Avg: 0.0289s | Calls: 17
   Min: 0.0208s | Max: 0.0364s
⏱️  feature_processing:
   Total: 21.300s | Avg: 1.2529s | Calls: 17
   Min: 0.8079s | Max: 1.2926s
⏱️  feature_accumulation:
   Total: 0.000s | Avg: 0.0000s | Calls: 17
   Min: 0.0000s | Max: 0.0000s
⏱️  batch_processing:
   Total: 22.218s | Avg: 1.3069s | Calls: 17
   Min: 1.0064s | Max: 1.5230s
⏱️  feature_combining:
   Total: 0.011s | Avg: 0.0056s | Calls: 2
   Min: 0.0038s | Max: 0.0075s
⏱️  hdf5_writing:
   Total: 0.095s | Avg: 0.0475s | Calls: 2
   Min: 0.0388s | Max: 0.0562s
⏱️  memory_cleanup:
   Total: 0.276s | Avg: 0.1381s | Calls: 2
   Min: 0.1190s | Max: 0.1572s
⏱️  total_computation:
   Total: 34.517s | Avg: 34.5167s | Calls: 1
⏱️  slide_processing:
   Total: 34.517s | Avg: 34.5168s | Calls: 1

🚨 BOTTLENECK ANALYSIS (Total Runtime: 113.959s):
   🔥 slide_processing: 34.517s (30.3%)
   🔥 total_computation: 34.517s (30.3%)
   🔥 batch_processing: 22.218s (19.5%)
   🔥 feature_processing: 21.300s (18.7%)

📊 OPERATION COUNTS:
   hdf5_write_operations: 2
   patches_processed: 8,514
   GPU Memory - Max: 4226.2MB | Avg: 3658.6MB

💡 OPTIMIZATION RECOMMENDATIONS:
================================================================================
📊 Features shape: (8514, 1536), Coords shape: (8514, 2)
💾 Saved features to /nemo/project/proj-tracerx-lung/tctProjects/kilimo/TracerX_WSIs/20X/uni_v2/pt_files/LTX0162_A3_SU.pt

🔄 Processing slide 31/121: LTX0164_A4_SU
downsample [1. 1.]
downsampled_level_dim [72960 56320]
level_dim [72960 56320]
name LTX0164_A4_SU
patch_level 0
patch_size 290
save_path /nemo/project/proj-tracerx-lung/tctProjects/kilimo/TracerX_WSIs/20X/patches/patches

feature extraction settings
transformations:  Compose(
    Resize(size=224, interpolation=bilinear, max_size=None, antialias=True)
    CenterCrop(size=(224, 224))
    MaybeToTensor()
    Normalize(mean=tensor([0.4850, 0.4560, 0.4060]), std=tensor([0.2290, 0.2240, 0.2250]))
)
📦 Dataset size: 16003 patches, 32 batches
🔍 Processing a total of 32 batches with profiling enabled
Saving random samples to /nemo/project/proj-tracerx-lung/tctProjects/kilimo/TracerX_WSIs/20X/uni_v2/samples/LTX0164_A4_SU
Saved 10/10 random sample images for slide LTX0164_A4_SU
✅ Features extracted in 55.2s

================================================================================
🔍 PERFORMANCE PROFILING SUMMARY - LTX0164_A4_SU
================================================================================
⏱️  wsi_loading:
   Total: 0.440s | Avg: 0.4403s | Calls: 1
⏱️  dataset_creation:
   Total: 0.119s | Avg: 0.1193s | Calls: 1
⏱️  data_loading:
   Total: 0.004s | Avg: 0.0001s | Calls: 32
   Min: 0.0001s | Max: 0.0003s
⏱️  sample_saving:
   Total: 0.044s | Avg: 0.0044s | Calls: 10
   Min: 0.0037s | Max: 0.0058s
⏱️  data_transfer:
   Total: 0.003s | Avg: 0.0001s | Calls: 32
   Min: 0.0001s | Max: 0.0005s
⏱️  model_inference:
   Total: 0.963s | Avg: 0.0301s | Calls: 32
   Min: 0.0208s | Max: 0.0354s
⏱️  feature_processing:
   Total: 39.966s | Avg: 1.2489s | Calls: 32
   Min: 0.3234s | Max: 1.2919s
⏱️  feature_accumulation:
   Total: 0.000s | Avg: 0.0000s | Calls: 32
   Min: 0.0000s | Max: 0.0000s
⏱️  batch_processing:
   Total: 41.662s | Avg: 1.3019s | Calls: 32
   Min: 0.4503s | Max: 1.5190s
⏱️  feature_combining:
   Total: 0.020s | Avg: 0.0051s | Calls: 4
   Min: 0.0008s | Max: 0.0074s
⏱️  hdf5_writing:
   Total: 0.136s | Avg: 0.0340s | Calls: 4
   Min: 0.0082s | Max: 0.0503s
⏱️  memory_cleanup:
   Total: 0.529s | Avg: 0.1323s | Calls: 4
   Min: 0.0952s | Max: 0.1678s
⏱️  total_computation:
   Total: 54.639s | Avg: 54.6393s | Calls: 1
⏱️  slide_processing:
   Total: 54.639s | Avg: 54.6393s | Calls: 1

🚨 BOTTLENECK ANALYSIS (Total Runtime: 193.165s):
   🔥 slide_processing: 54.639s (28.3%)
   🔥 total_computation: 54.639s (28.3%)
   🔥 batch_processing: 41.662s (21.6%)
   🔥 feature_processing: 39.966s (20.7%)

📊 OPERATION COUNTS:
   hdf5_write_operations: 4
   patches_processed: 16,003
   GPU Memory - Max: 4226.2MB | Avg: 3863.4MB

💡 OPTIMIZATION RECOMMENDATIONS:
================================================================================
📊 Features shape: (16003, 1536), Coords shape: (16003, 2)
💾 Saved features to /nemo/project/proj-tracerx-lung/tctProjects/kilimo/TracerX_WSIs/20X/uni_v2/pt_files/LTX0164_A4_SU.pt

🔄 Processing slide 32/121: LTX0166_A4_SU
downsample [1. 1.]
downsampled_level_dim [72960 56320]
level_dim [72960 56320]
name LTX0166_A4_SU
patch_level 0
patch_size 290
save_path /nemo/project/proj-tracerx-lung/tctProjects/kilimo/TracerX_WSIs/20X/patches/patches

feature extraction settings
transformations:  Compose(
    Resize(size=224, interpolation=bilinear, max_size=None, antialias=True)
    CenterCrop(size=(224, 224))
    MaybeToTensor()
    Normalize(mean=tensor([0.4850, 0.4560, 0.4060]), std=tensor([0.2290, 0.2240, 0.2250]))
)
📦 Dataset size: 17295 patches, 34 batches
🔍 Processing a total of 34 batches with profiling enabled
Saving random samples to /nemo/project/proj-tracerx-lung/tctProjects/kilimo/TracerX_WSIs/20X/uni_v2/samples/LTX0166_A4_SU
Saved 7/10 random sample images for slide LTX0166_A4_SU
✅ Features extracted in 57.8s

================================================================================
🔍 PERFORMANCE PROFILING SUMMARY - LTX0166_A4_SU
================================================================================
⏱️  wsi_loading:
   Total: 0.309s | Avg: 0.3091s | Calls: 1
⏱️  dataset_creation:
   Total: 0.133s | Avg: 0.1332s | Calls: 1
⏱️  data_loading:
   Total: 0.005s | Avg: 0.0001s | Calls: 34
   Min: 0.0001s | Max: 0.0004s
⏱️  sample_saving:
   Total: 0.027s | Avg: 0.0038s | Calls: 7
   Min: 0.0032s | Max: 0.0042s
⏱️  data_transfer:
   Total: 0.003s | Avg: 0.0001s | Calls: 34
   Min: 0.0001s | Max: 0.0003s
⏱️  model_inference:
   Total: 0.994s | Avg: 0.0292s | Calls: 34
   Min: 0.0210s | Max: 0.0348s
⏱️  feature_processing:
   Total: 43.281s | Avg: 1.2730s | Calls: 34
   Min: 1.0034s | Max: 1.2986s
⏱️  feature_accumulation:
   Total: 0.000s | Avg: 0.0000s | Calls: 34
   Min: 0.0000s | Max: 0.0000s
⏱️  batch_processing:
   Total: 45.060s | Avg: 1.3253s | Calls: 34
   Min: 1.1470s | Max: 1.5240s
⏱️  feature_combining:
   Total: 0.026s | Avg: 0.0064s | Calls: 4
   Min: 0.0017s | Max: 0.0098s
⏱️  hdf5_writing:
   Total: 0.153s | Avg: 0.0382s | Calls: 4
   Min: 0.0221s | Max: 0.0502s
⏱️  memory_cleanup:
   Total: 0.581s | Avg: 0.1452s | Calls: 4
   Min: 0.0981s | Max: 0.1719s
⏱️  total_computation:
   Total: 57.383s | Avg: 57.3831s | Calls: 1
⏱️  slide_processing:
   Total: 57.385s | Avg: 57.3848s | Calls: 1

🚨 BOTTLENECK ANALYSIS (Total Runtime: 205.339s):
   🔥 slide_processing: 57.385s (27.9%)
   🔥 total_computation: 57.383s (27.9%)
   🔥 batch_processing: 45.060s (21.9%)
   🔥 feature_processing: 43.281s (21.1%)

📊 OPERATION COUNTS:
   hdf5_write_operations: 4
   patches_processed: 17,295
   GPU Memory - Max: 4226.2MB | Avg: 3894.0MB

💡 OPTIMIZATION RECOMMENDATIONS:
================================================================================
📊 Features shape: (17295, 1536), Coords shape: (17295, 2)
💾 Saved features to /nemo/project/proj-tracerx-lung/tctProjects/kilimo/TracerX_WSIs/20X/uni_v2/pt_files/LTX0166_A4_SU.pt

🔄 Processing slide 33/121: LTX0170_A6_SU
downsample [1. 1.]
downsampled_level_dim [72960 56320]
level_dim [72960 56320]
name LTX0170_A6_SU
patch_level 0
patch_size 290
save_path /nemo/project/proj-tracerx-lung/tctProjects/kilimo/TracerX_WSIs/20X/patches/patches

feature extraction settings
transformations:  Compose(
    Resize(size=224, interpolation=bilinear, max_size=None, antialias=True)
    CenterCrop(size=(224, 224))
    MaybeToTensor()
    Normalize(mean=tensor([0.4850, 0.4560, 0.4060]), std=tensor([0.2290, 0.2240, 0.2250]))
)
📦 Dataset size: 10821 patches, 22 batches
🔍 Processing a total of 22 batches with profiling enabled
Saving random samples to /nemo/project/proj-tracerx-lung/tctProjects/kilimo/TracerX_WSIs/20X/uni_v2/samples/LTX0170_A6_SU
Saved 9/10 random sample images for slide LTX0170_A6_SU
✅ Features extracted in 42.8s

================================================================================
🔍 PERFORMANCE PROFILING SUMMARY - LTX0170_A6_SU
================================================================================
⏱️  wsi_loading:
   Total: 0.431s | Avg: 0.4315s | Calls: 1
⏱️  dataset_creation:
   Total: 0.124s | Avg: 0.1242s | Calls: 1
⏱️  data_loading:
   Total: 0.003s | Avg: 0.0002s | Calls: 22
   Min: 0.0001s | Max: 0.0003s
⏱️  sample_saving:
   Total: 0.037s | Avg: 0.0041s | Calls: 9
   Min: 0.0025s | Max: 0.0057s
⏱️  data_transfer:
   Total: 0.002s | Avg: 0.0001s | Calls: 22
   Min: 0.0001s | Max: 0.0002s
⏱️  model_inference:
   Total: 0.598s | Avg: 0.0272s | Calls: 22
   Min: 0.0203s | Max: 0.0408s
⏱️  feature_processing:
   Total: 27.114s | Avg: 1.2325s | Calls: 22
   Min: 0.1671s | Max: 1.2945s
⏱️  feature_accumulation:
   Total: 0.000s | Avg: 0.0000s | Calls: 22
   Min: 0.0000s | Max: 0.0000s
⏱️  batch_processing:
   Total: 28.284s | Avg: 1.2856s | Calls: 22
   Min: 0.3037s | Max: 1.5180s
⏱️  feature_combining:
   Total: 0.013s | Avg: 0.0042s | Calls: 3
   Min: 0.0005s | Max: 0.0071s
⏱️  hdf5_writing:
   Total: 0.127s | Avg: 0.0423s | Calls: 3
   Min: 0.0067s | Max: 0.0801s
⏱️  memory_cleanup:
   Total: 0.391s | Avg: 0.1303s | Calls: 3
   Min: 0.1081s | Max: 0.1680s
⏱️  total_computation:
   Total: 42.251s | Avg: 42.2510s | Calls: 1
⏱️  slide_processing:
   Total: 42.251s | Avg: 42.2511s | Calls: 1

🚨 BOTTLENECK ANALYSIS (Total Runtime: 141.626s):
   🔥 slide_processing: 42.251s (29.8%)
   🔥 total_computation: 42.251s (29.8%)
   🔥 batch_processing: 28.284s (20.0%)
   🔥 feature_processing: 27.114s (19.1%)

📊 OPERATION COUNTS:
   hdf5_write_operations: 3
   patches_processed: 10,821
   GPU Memory - Max: 4226.2MB | Avg: 3764.1MB

💡 OPTIMIZATION RECOMMENDATIONS:
================================================================================
📊 Features shape: (10821, 1536), Coords shape: (10821, 2)
💾 Saved features to /nemo/project/proj-tracerx-lung/tctProjects/kilimo/TracerX_WSIs/20X/uni_v2/pt_files/LTX0170_A6_SU.pt

🔄 Processing slide 34/121: LTX0172_11_SU
downsample [1. 1.]
downsampled_level_dim [92160 90112]
level_dim [92160 90112]
name LTX0172_11_SU
patch_level 0
patch_size 580
save_path /nemo/project/proj-tracerx-lung/tctProjects/kilimo/TracerX_WSIs/20X/patches/patches

feature extraction settings
transformations:  Compose(
    Resize(size=224, interpolation=bilinear, max_size=None, antialias=True)
    CenterCrop(size=(224, 224))
    MaybeToTensor()
    Normalize(mean=tensor([0.4850, 0.4560, 0.4060]), std=tensor([0.2290, 0.2240, 0.2250]))
)
📦 Dataset size: 11475 patches, 23 batches
🔍 Processing a total of 23 batches with profiling enabled
Saving random samples to /nemo/project/proj-tracerx-lung/tctProjects/kilimo/TracerX_WSIs/20X/uni_v2/samples/LTX0172_11_SU
Saved 9/10 random sample images for slide LTX0172_11_SU
✅ Features extracted in 101.2s

================================================================================
🔍 PERFORMANCE PROFILING SUMMARY - LTX0172_11_SU
================================================================================
⏱️  wsi_loading:
   Total: 0.398s | Avg: 0.3975s | Calls: 1
⏱️  dataset_creation:
   Total: 0.102s | Avg: 0.1022s | Calls: 1
⏱️  data_loading:
   Total: 0.003s | Avg: 0.0001s | Calls: 23
   Min: 0.0001s | Max: 0.0003s
⏱️  sample_saving:
   Total: 0.031s | Avg: 0.0034s | Calls: 9
   Min: 0.0027s | Max: 0.0056s
⏱️  data_transfer:
   Total: 0.002s | Avg: 0.0001s | Calls: 23
   Min: 0.0001s | Max: 0.0002s
⏱️  model_inference:
   Total: 0.579s | Avg: 0.0252s | Calls: 23
   Min: 0.0207s | Max: 0.0336s
⏱️  feature_processing:
   Total: 28.766s | Avg: 1.2507s | Calls: 23
   Min: 0.5250s | Max: 1.3022s
⏱️  feature_accumulation:
   Total: 0.000s | Avg: 0.0000s | Calls: 23
   Min: 0.0000s | Max: 0.0000s
⏱️  batch_processing:
   Total: 29.948s | Avg: 1.3021s | Calls: 23
   Min: 0.6962s | Max: 1.5197s
⏱️  feature_combining:
   Total: 0.012s | Avg: 0.0041s | Calls: 3
   Min: 0.0011s | Max: 0.0067s
⏱️  hdf5_writing:
   Total: 0.142s | Avg: 0.0472s | Calls: 3
   Min: 0.0189s | Max: 0.0830s
⏱️  memory_cleanup:
   Total: 0.415s | Avg: 0.1384s | Calls: 3
   Min: 0.1287s | Max: 0.1571s
⏱️  total_computation:
   Total: 100.745s | Avg: 100.7446s | Calls: 1
⏱️  slide_processing:
   Total: 100.745s | Avg: 100.7446s | Calls: 1

🚨 BOTTLENECK ANALYSIS (Total Runtime: 261.886s):
   🔥 slide_processing: 100.745s (38.5%)
   🔥 total_computation: 100.745s (38.5%)
   🔥 batch_processing: 29.948s (11.4%)
   🔥 feature_processing: 28.766s (11.0%)

📊 OPERATION COUNTS:
   hdf5_write_operations: 3
   patches_processed: 11,475
   GPU Memory - Max: 4226.2MB | Avg: 3784.1MB

💡 OPTIMIZATION RECOMMENDATIONS:
================================================================================
📊 Features shape: (11475, 1536), Coords shape: (11475, 2)
💾 Saved features to /nemo/project/proj-tracerx-lung/tctProjects/kilimo/TracerX_WSIs/20X/uni_v2/pt_files/LTX0172_11_SU.pt

🔄 Processing slide 35/121: LTX0180_A3_SU
downsample [1. 1.]
downsampled_level_dim [72960 56320]
level_dim [72960 56320]
name LTX0180_A3_SU
patch_level 0
patch_size 290
save_path /nemo/project/proj-tracerx-lung/tctProjects/kilimo/TracerX_WSIs/20X/patches/patches

feature extraction settings
transformations:  Compose(
    Resize(size=224, interpolation=bilinear, max_size=None, antialias=True)
    CenterCrop(size=(224, 224))
    MaybeToTensor()
    Normalize(mean=tensor([0.4850, 0.4560, 0.4060]), std=tensor([0.2290, 0.2240, 0.2250]))
)
📦 Dataset size: 21444 patches, 42 batches
🔍 Processing a total of 42 batches with profiling enabled
Saving random samples to /nemo/project/proj-tracerx-lung/tctProjects/kilimo/TracerX_WSIs/20X/uni_v2/samples/LTX0180_A3_SU
Saved 10/10 random sample images for slide LTX0180_A3_SU
✅ Features extracted in 73.5s

================================================================================
🔍 PERFORMANCE PROFILING SUMMARY - LTX0180_A3_SU
================================================================================
⏱️  wsi_loading:
   Total: 0.493s | Avg: 0.4928s | Calls: 1
⏱️  dataset_creation:
   Total: 0.127s | Avg: 0.1273s | Calls: 1
⏱️  data_loading:
   Total: 0.005s | Avg: 0.0001s | Calls: 42
   Min: 0.0001s | Max: 0.0003s
⏱️  sample_saving:
   Total: 0.037s | Avg: 0.0037s | Calls: 10
   Min: 0.0028s | Max: 0.0050s
⏱️  data_transfer:
   Total: 0.003s | Avg: 0.0001s | Calls: 42
   Min: 0.0001s | Max: 0.0003s
⏱️  model_inference:
   Total: 1.129s | Avg: 0.0269s | Calls: 42
   Min: 0.0188s | Max: 0.0376s
⏱️  feature_processing:
   Total: 53.668s | Avg: 1.2778s | Calls: 42
   Min: 1.1398s | Max: 1.2912s
⏱️  feature_accumulation:
   Total: 0.000s | Avg: 0.0000s | Calls: 42
   Min: 0.0000s | Max: 0.0000s
⏱️  batch_processing:
   Total: 56.184s | Avg: 1.3377s | Calls: 42
   Min: 1.2779s | Max: 1.7082s
⏱️  feature_combining:
   Total: 0.029s | Avg: 0.0059s | Calls: 5
   Min: 0.0024s | Max: 0.0080s
⏱️  hdf5_writing:
   Total: 0.645s | Avg: 0.1290s | Calls: 5
   Min: 0.0112s | Max: 0.2421s
⏱️  memory_cleanup:
   Total: 0.676s | Avg: 0.1352s | Calls: 5
   Min: 0.1029s | Max: 0.1771s
⏱️  total_computation:
   Total: 72.833s | Avg: 72.8328s | Calls: 1
⏱️  slide_processing:
   Total: 72.833s | Avg: 72.8329s | Calls: 1

🚨 BOTTLENECK ANALYSIS (Total Runtime: 258.663s):
   🔥 slide_processing: 72.833s (28.2%)
   🔥 total_computation: 72.833s (28.2%)
   🔥 batch_processing: 56.184s (21.7%)
   🔥 feature_processing: 53.668s (20.7%)

📊 OPERATION COUNTS:
   hdf5_write_operations: 5
   patches_processed: 21,444
   GPU Memory - Max: 4226.2MB | Avg: 3954.6MB

💡 OPTIMIZATION RECOMMENDATIONS:
================================================================================
📊 Features shape: (21444, 1536), Coords shape: (21444, 2)
💾 Saved features to /nemo/project/proj-tracerx-lung/tctProjects/kilimo/TracerX_WSIs/20X/uni_v2/pt_files/LTX0180_A3_SU.pt

🔄 Processing slide 36/121: LTX0181_A4_SU
downsample [1. 1.]
downsampled_level_dim [88320 98560]
level_dim [88320 98560]
name LTX0181_A4_SU
patch_level 0
patch_size 580
save_path /nemo/project/proj-tracerx-lung/tctProjects/kilimo/TracerX_WSIs/20X/patches/patches

feature extraction settings
transformations:  Compose(
    Resize(size=224, interpolation=bilinear, max_size=None, antialias=True)
    CenterCrop(size=(224, 224))
    MaybeToTensor()
    Normalize(mean=tensor([0.4850, 0.4560, 0.4060]), std=tensor([0.2290, 0.2240, 0.2250]))
)
📦 Dataset size: 13229 patches, 26 batches
🔍 Processing a total of 26 batches with profiling enabled
Saving random samples to /nemo/project/proj-tracerx-lung/tctProjects/kilimo/TracerX_WSIs/20X/uni_v2/samples/LTX0181_A4_SU
Saved 10/10 random sample images for slide LTX0181_A4_SU
✅ Features extracted in 135.0s

================================================================================
🔍 PERFORMANCE PROFILING SUMMARY - LTX0181_A4_SU
================================================================================
⏱️  wsi_loading:
   Total: 0.586s | Avg: 0.5856s | Calls: 1
⏱️  dataset_creation:
   Total: 0.140s | Avg: 0.1395s | Calls: 1
⏱️  data_loading:
   Total: 0.004s | Avg: 0.0001s | Calls: 26
   Min: 0.0001s | Max: 0.0004s
⏱️  sample_saving:
   Total: 0.033s | Avg: 0.0033s | Calls: 10
   Min: 0.0025s | Max: 0.0047s
⏱️  data_transfer:
   Total: 0.002s | Avg: 0.0001s | Calls: 26
   Min: 0.0000s | Max: 0.0002s
⏱️  model_inference:
   Total: 0.614s | Avg: 0.0236s | Calls: 26
   Min: 0.0180s | Max: 0.0365s
⏱️  feature_processing:
   Total: 33.279s | Avg: 1.2799s | Calls: 26
   Min: 1.0725s | Max: 1.3011s
⏱️  feature_accumulation:
   Total: 0.000s | Avg: 0.0000s | Calls: 26
   Min: 0.0000s | Max: 0.0000s
⏱️  batch_processing:
   Total: 34.941s | Avg: 1.3439s | Calls: 26
   Min: 1.2631s | Max: 1.7785s
⏱️  feature_combining:
   Total: 0.019s | Avg: 0.0063s | Calls: 3
   Min: 0.0035s | Max: 0.0095s
⏱️  hdf5_writing:
   Total: 0.582s | Avg: 0.1941s | Calls: 3
   Min: 0.0278s | Max: 0.3611s
⏱️  memory_cleanup:
   Total: 0.416s | Avg: 0.1388s | Calls: 3
   Min: 0.1125s | Max: 0.1680s
⏱️  total_computation:
   Total: 134.320s | Avg: 134.3201s | Calls: 1
⏱️  slide_processing:
   Total: 134.322s | Avg: 134.3219s | Calls: 1

🚨 BOTTLENECK ANALYSIS (Total Runtime: 339.257s):
   🔥 slide_processing: 134.322s (39.6%)
   🔥 total_computation: 134.320s (39.6%)
   🔥 batch_processing: 34.941s (10.3%)
   🔥 feature_processing: 33.279s (9.8%)

📊 OPERATION COUNTS:
   hdf5_write_operations: 3
   patches_processed: 13,229
   GPU Memory - Max: 4226.2MB | Avg: 3816.0MB

💡 OPTIMIZATION RECOMMENDATIONS:
================================================================================
📊 Features shape: (13229, 1536), Coords shape: (13229, 2)
💾 Saved features to /nemo/project/proj-tracerx-lung/tctProjects/kilimo/TracerX_WSIs/20X/uni_v2/pt_files/LTX0181_A4_SU.pt

🔄 Processing slide 37/121: LTX0183_6__SU
downsample [1. 1.]
downsampled_level_dim [48000 45056]
level_dim [48000 45056]
name LTX0183_6__SU
patch_level 0
patch_size 290
save_path /nemo/project/proj-tracerx-lung/tctProjects/kilimo/TracerX_WSIs/20X/patches/patches

feature extraction settings
transformations:  Compose(
    Resize(size=224, interpolation=bilinear, max_size=None, antialias=True)
    CenterCrop(size=(224, 224))
    MaybeToTensor()
    Normalize(mean=tensor([0.4850, 0.4560, 0.4060]), std=tensor([0.2290, 0.2240, 0.2250]))
)
📦 Dataset size: 8924 patches, 18 batches
🔍 Processing a total of 18 batches with profiling enabled
Saving random samples to /nemo/project/proj-tracerx-lung/tctProjects/kilimo/TracerX_WSIs/20X/uni_v2/samples/LTX0183_6__SU
Saved 10/10 random sample images for slide LTX0183_6__SU
✅ Features extracted in 35.6s

================================================================================
🔍 PERFORMANCE PROFILING SUMMARY - LTX0183_6__SU
================================================================================
⏱️  wsi_loading:
   Total: 0.491s | Avg: 0.4909s | Calls: 1
⏱️  dataset_creation:
   Total: 0.122s | Avg: 0.1216s | Calls: 1
⏱️  data_loading:
   Total: 0.002s | Avg: 0.0001s | Calls: 18
   Min: 0.0001s | Max: 0.0003s
⏱️  sample_saving:
   Total: 0.316s | Avg: 0.0316s | Calls: 10
   Min: 0.0030s | Max: 0.2841s
⏱️  data_transfer:
   Total: 0.002s | Avg: 0.0001s | Calls: 18
   Min: 0.0001s | Max: 0.0003s
⏱️  model_inference:
   Total: 0.414s | Avg: 0.0230s | Calls: 18
   Min: 0.0209s | Max: 0.0313s
⏱️  feature_processing:
   Total: 22.389s | Avg: 1.2438s | Calls: 18
   Min: 0.5473s | Max: 1.2985s
⏱️  feature_accumulation:
   Total: 0.000s | Avg: 0.0000s | Calls: 18
   Min: 0.0000s | Max: 0.0000s
⏱️  batch_processing:
   Total: 24.271s | Avg: 1.3484s | Calls: 18
   Min: 1.0802s | Max: 1.9569s
⏱️  feature_combining:
   Total: 0.010s | Avg: 0.0050s | Calls: 2
   Min: 0.0043s | Max: 0.0057s
⏱️  hdf5_writing:
   Total: 0.877s | Avg: 0.4385s | Calls: 2
   Min: 0.3836s | Max: 0.4933s
⏱️  memory_cleanup:
   Total: 0.262s | Avg: 0.1311s | Calls: 2
   Min: 0.1263s | Max: 0.1358s
⏱️  total_computation:
   Total: 34.954s | Avg: 34.9545s | Calls: 1
⏱️  slide_processing:
   Total: 34.956s | Avg: 34.9555s | Calls: 1

🚨 BOTTLENECK ANALYSIS (Total Runtime: 119.066s):
   🔥 slide_processing: 34.956s (29.4%)
   🔥 total_computation: 34.954s (29.4%)
   🔥 batch_processing: 24.271s (20.4%)
   🔥 feature_processing: 22.389s (18.8%)

📊 OPERATION COUNTS:
   hdf5_write_operations: 2
   patches_processed: 8,924
   GPU Memory - Max: 4226.2MB | Avg: 3638.5MB

💡 OPTIMIZATION RECOMMENDATIONS:
================================================================================
📊 Features shape: (8924, 1536), Coords shape: (8924, 2)
💾 Saved features to /nemo/project/proj-tracerx-lung/tctProjects/kilimo/TracerX_WSIs/20X/uni_v2/pt_files/LTX0183_6__SU.pt

🔄 Processing slide 38/121: LTX0185_A5_SU
downsample [1. 1.]
downsampled_level_dim [72960 56320]
level_dim [72960 56320]
name LTX0185_A5_SU
patch_level 0
patch_size 290
save_path /nemo/project/proj-tracerx-lung/tctProjects/kilimo/TracerX_WSIs/20X/patches/patches

feature extraction settings
transformations:  Compose(
    Resize(size=224, interpolation=bilinear, max_size=None, antialias=True)
    CenterCrop(size=(224, 224))
    MaybeToTensor()
    Normalize(mean=tensor([0.4850, 0.4560, 0.4060]), std=tensor([0.2290, 0.2240, 0.2250]))
)
📦 Dataset size: 30904 patches, 61 batches
🔍 Processing a total of 61 batches with profiling enabled
Saving random samples to /nemo/project/proj-tracerx-lung/tctProjects/kilimo/TracerX_WSIs/20X/uni_v2/samples/LTX0185_A5_SU
Saved 5/10 random sample images for slide LTX0185_A5_SU
✅ Features extracted in 115.0s

================================================================================
🔍 PERFORMANCE PROFILING SUMMARY - LTX0185_A5_SU
================================================================================
⏱️  wsi_loading:
   Total: 0.889s | Avg: 0.8891s | Calls: 1
⏱️  dataset_creation:
   Total: 0.102s | Avg: 0.1021s | Calls: 1
⏱️  data_loading:
   Total: 0.008s | Avg: 0.0001s | Calls: 61
   Min: 0.0001s | Max: 0.0003s
⏱️  sample_saving:
   Total: 0.020s | Avg: 0.0041s | Calls: 5
   Min: 0.0030s | Max: 0.0050s
⏱️  data_transfer:
   Total: 0.007s | Avg: 0.0001s | Calls: 61
   Min: 0.0001s | Max: 0.0008s
⏱️  model_inference:
   Total: 1.724s | Avg: 0.0283s | Calls: 61
   Min: 0.0185s | Max: 0.0374s
⏱️  feature_processing:
   Total: 77.340s | Avg: 1.2679s | Calls: 61
   Min: 0.4576s | Max: 1.2950s
⏱️  feature_accumulation:
   Total: 0.000s | Avg: 0.0000s | Calls: 61
   Min: 0.0000s | Max: 0.0000s
⏱️  batch_processing:
   Total: 83.994s | Avg: 1.3770s | Calls: 61
   Min: 0.5931s | Max: 2.5392s
⏱️  feature_combining:
   Total: 0.045s | Avg: 0.0064s | Calls: 7
   Min: 0.0005s | Max: 0.0095s
⏱️  hdf5_writing:
   Total: 3.889s | Avg: 0.5555s | Calls: 7
   Min: 0.0043s | Max: 1.0654s
⏱️  memory_cleanup:
   Total: 0.976s | Avg: 0.1394s | Calls: 7
   Min: 0.1093s | Max: 0.1597s
⏱️  total_computation:
   Total: 114.053s | Avg: 114.0526s | Calls: 1
⏱️  slide_processing:
   Total: 114.053s | Avg: 114.0527s | Calls: 1

🚨 BOTTLENECK ANALYSIS (Total Runtime: 397.099s):
   🔥 slide_processing: 114.053s (28.7%)
   🔥 total_computation: 114.053s (28.7%)
   🔥 batch_processing: 83.994s (21.2%)
   🔥 feature_processing: 77.340s (19.5%)

📊 OPERATION COUNTS:
   hdf5_write_operations: 7
   patches_processed: 30,904
   GPU Memory - Max: 4226.2MB | Avg: 4003.3MB

💡 OPTIMIZATION RECOMMENDATIONS:
================================================================================
📊 Features shape: (30904, 1536), Coords shape: (30904, 2)
💾 Saved features to /nemo/project/proj-tracerx-lung/tctProjects/kilimo/TracerX_WSIs/20X/uni_v2/pt_files/LTX0185_A5_SU.pt

🔄 Processing slide 39/121: LTX0193_D2_SU
downsample [1. 1.]
downsampled_level_dim [55680 43648]
level_dim [55680 43648]
name LTX0193_D2_SU
patch_level 0
patch_size 290
save_path /nemo/project/proj-tracerx-lung/tctProjects/kilimo/TracerX_WSIs/20X/patches/patches

feature extraction settings
transformations:  Compose(
    Resize(size=224, interpolation=bilinear, max_size=None, antialias=True)
    CenterCrop(size=(224, 224))
    MaybeToTensor()
    Normalize(mean=tensor([0.4850, 0.4560, 0.4060]), std=tensor([0.2290, 0.2240, 0.2250]))
)
📦 Dataset size: 17267 patches, 34 batches
🔍 Processing a total of 34 batches with profiling enabled
Saving random samples to /nemo/project/proj-tracerx-lung/tctProjects/kilimo/TracerX_WSIs/20X/uni_v2/samples/LTX0193_D2_SU
Saved 10/10 random sample images for slide LTX0193_D2_SU
✅ Features extracted in 69.6s

================================================================================
🔍 PERFORMANCE PROFILING SUMMARY - LTX0193_D2_SU
================================================================================
⏱️  wsi_loading:
   Total: 2.807s | Avg: 2.8072s | Calls: 1
⏱️  dataset_creation:
   Total: 0.140s | Avg: 0.1397s | Calls: 1
⏱️  data_loading:
   Total: 0.004s | Avg: 0.0001s | Calls: 34
   Min: 0.0001s | Max: 0.0003s
⏱️  sample_saving:
   Total: 0.042s | Avg: 0.0042s | Calls: 10
   Min: 0.0028s | Max: 0.0076s
⏱️  data_transfer:
   Total: 0.003s | Avg: 0.0001s | Calls: 34
   Min: 0.0001s | Max: 0.0004s
⏱️  model_inference:
   Total: 0.895s | Avg: 0.0263s | Calls: 34
   Min: 0.0185s | Max: 0.0338s
⏱️  feature_processing:
   Total: 43.279s | Avg: 1.2729s | Calls: 34
   Min: 0.9323s | Max: 1.2998s
⏱️  feature_accumulation:
   Total: 0.000s | Avg: 0.0000s | Calls: 34
   Min: 0.0000s | Max: 0.0000s
⏱️  batch_processing:
   Total: 46.303s | Avg: 1.3618s | Calls: 34
   Min: 1.0931s | Max: 2.0043s
⏱️  feature_combining:
   Total: 0.023s | Avg: 0.0059s | Calls: 4
   Min: 0.0013s | Max: 0.0090s
⏱️  hdf5_writing:
   Total: 1.507s | Avg: 0.3767s | Calls: 4
   Min: 0.0204s | Max: 0.5431s
⏱️  memory_cleanup:
   Total: 0.556s | Avg: 0.1391s | Calls: 4
   Min: 0.1169s | Max: 0.1741s
⏱️  total_computation:
   Total: 66.635s | Avg: 66.6355s | Calls: 1
⏱️  slide_processing:
   Total: 66.636s | Avg: 66.6355s | Calls: 1

🚨 BOTTLENECK ANALYSIS (Total Runtime: 228.830s):
   🔥 slide_processing: 66.636s (29.1%)
   🔥 total_computation: 66.635s (29.1%)
   🔥 batch_processing: 46.303s (20.2%)
   🔥 feature_processing: 43.279s (18.9%)

📊 OPERATION COUNTS:
   hdf5_write_operations: 4
   patches_processed: 17,267
   GPU Memory - Max: 4226.2MB | Avg: 3891.0MB

💡 OPTIMIZATION RECOMMENDATIONS:
================================================================================
📊 Features shape: (17267, 1536), Coords shape: (17267, 2)
💾 Saved features to /nemo/project/proj-tracerx-lung/tctProjects/kilimo/TracerX_WSIs/20X/uni_v2/pt_files/LTX0193_D2_SU.pt

🔄 Processing slide 40/121: LTX0199_A2_SU
downsample [1. 1.]
downsampled_level_dim [142080 101376]
level_dim [142080 101376]
name LTX0199_A2_SU
patch_level 0
patch_size 580
save_path /nemo/project/proj-tracerx-lung/tctProjects/kilimo/TracerX_WSIs/20X/patches/patches

feature extraction settings
transformations:  Compose(
    Resize(size=224, interpolation=bilinear, max_size=None, antialias=True)
    CenterCrop(size=(224, 224))
    MaybeToTensor()
    Normalize(mean=tensor([0.4850, 0.4560, 0.4060]), std=tensor([0.2290, 0.2240, 0.2250]))
)
📦 Dataset size: 21040 patches, 42 batches
🔍 Processing a total of 42 batches with profiling enabled
Saving random samples to /nemo/project/proj-tracerx-lung/tctProjects/kilimo/TracerX_WSIs/20X/uni_v2/samples/LTX0199_A2_SU
Saved 10/10 random sample images for slide LTX0199_A2_SU
✅ Features extracted in 227.4s

================================================================================
🔍 PERFORMANCE PROFILING SUMMARY - LTX0199_A2_SU
================================================================================
⏱️  wsi_loading:
   Total: 2.236s | Avg: 2.2364s | Calls: 1
⏱️  dataset_creation:
   Total: 0.164s | Avg: 0.1640s | Calls: 1
⏱️  data_loading:
   Total: 0.006s | Avg: 0.0001s | Calls: 42
   Min: 0.0001s | Max: 0.0003s
⏱️  sample_saving:
   Total: 0.040s | Avg: 0.0040s | Calls: 10
   Min: 0.0032s | Max: 0.0051s
⏱️  data_transfer:
   Total: 0.003s | Avg: 0.0001s | Calls: 42
   Min: 0.0001s | Max: 0.0003s
⏱️  model_inference:
   Total: 1.066s | Avg: 0.0254s | Calls: 42
   Min: 0.0180s | Max: 0.0404s
⏱️  feature_processing:
   Total: 52.778s | Avg: 1.2566s | Calls: 42
   Min: 0.1129s | Max: 1.3030s
⏱️  feature_accumulation:
   Total: 0.000s | Avg: 0.0000s | Calls: 42
   Min: 0.0000s | Max: 0.0000s
⏱️  batch_processing:
   Total: 57.036s | Avg: 1.3580s | Calls: 42
   Min: 0.2648s | Max: 2.2563s
⏱️  feature_combining:
   Total: 0.027s | Avg: 0.0054s | Calls: 5
   Min: 0.0011s | Max: 0.0078s
⏱️  hdf5_writing:
   Total: 2.406s | Avg: 0.4812s | Calls: 5
   Min: 0.0089s | Max: 0.8134s
⏱️  memory_cleanup:
   Total: 0.716s | Avg: 0.1432s | Calls: 5
   Min: 0.1208s | Max: 0.1777s
⏱️  total_computation:
   Total: 225.018s | Avg: 225.0179s | Calls: 1
⏱️  slide_processing:
   Total: 225.018s | Avg: 225.0180s | Calls: 1

🚨 BOTTLENECK ANALYSIS (Total Runtime: 566.515s):
   🔥 slide_processing: 225.018s (39.7%)
   🔥 total_computation: 225.018s (39.7%)
   🔥 batch_processing: 57.036s (10.1%)
   🔥 feature_processing: 52.778s (9.3%)

📊 OPERATION COUNTS:
   hdf5_write_operations: 5
   patches_processed: 21,040
   GPU Memory - Max: 4226.2MB | Avg: 3916.1MB

💡 OPTIMIZATION RECOMMENDATIONS:
================================================================================
📊 Features shape: (21040, 1536), Coords shape: (21040, 2)
💾 Saved features to /nemo/project/proj-tracerx-lung/tctProjects/kilimo/TracerX_WSIs/20X/uni_v2/pt_files/LTX0199_A2_SU.pt

🔄 Processing slide 41/121: LTX0206_A7_SU
downsample [1. 1.]
downsampled_level_dim [71040 47872]
level_dim [71040 47872]
name LTX0206_A7_SU
patch_level 0
patch_size 290
save_path /nemo/project/proj-tracerx-lung/tctProjects/kilimo/TracerX_WSIs/20X/patches/patches

feature extraction settings
transformations:  Compose(
    Resize(size=224, interpolation=bilinear, max_size=None, antialias=True)
    CenterCrop(size=(224, 224))
    MaybeToTensor()
    Normalize(mean=tensor([0.4850, 0.4560, 0.4060]), std=tensor([0.2290, 0.2240, 0.2250]))
)
📦 Dataset size: 24319 patches, 48 batches
🔍 Processing a total of 48 batches with profiling enabled
Saving random samples to /nemo/project/proj-tracerx-lung/tctProjects/kilimo/TracerX_WSIs/20X/uni_v2/samples/LTX0206_A7_SU
Saved 10/10 random sample images for slide LTX0206_A7_SU
✅ Features extracted in 102.0s

================================================================================
🔍 PERFORMANCE PROFILING SUMMARY - LTX0206_A7_SU
================================================================================
⏱️  wsi_loading:
   Total: 4.319s | Avg: 4.3194s | Calls: 1
⏱️  dataset_creation:
   Total: 0.171s | Avg: 0.1715s | Calls: 1
⏱️  data_loading:
   Total: 0.006s | Avg: 0.0001s | Calls: 48
   Min: 0.0001s | Max: 0.0003s
⏱️  sample_saving:
   Total: 0.103s | Avg: 0.0103s | Calls: 10
   Min: 0.0028s | Max: 0.0654s
⏱️  data_transfer:
   Total: 0.004s | Avg: 0.0001s | Calls: 48
   Min: 0.0001s | Max: 0.0003s
⏱️  model_inference:
   Total: 1.390s | Avg: 0.0290s | Calls: 48
   Min: 0.0205s | Max: 0.0360s
⏱️  feature_processing:
   Total: 60.741s | Avg: 1.2654s | Calls: 48
   Min: 0.6363s | Max: 1.2965s
⏱️  feature_accumulation:
   Total: 0.000s | Avg: 0.0000s | Calls: 48
   Min: 0.0000s | Max: 0.0000s
⏱️  batch_processing:
   Total: 68.007s | Avg: 1.4168s | Calls: 48
   Min: 1.3048s | Max: 2.5863s
⏱️  feature_combining:
   Total: 0.033s | Avg: 0.0067s | Calls: 5
   Min: 0.0049s | Max: 0.0090s
⏱️  hdf5_writing:
   Total: 5.054s | Avg: 1.0108s | Calls: 5
   Min: 0.7806s | Max: 1.1189s
⏱️  memory_cleanup:
   Total: 0.682s | Avg: 0.1364s | Calls: 5
   Min: 0.1060s | Max: 0.1666s
⏱️  total_computation:
   Total: 97.489s | Avg: 97.4893s | Calls: 1
⏱️  slide_processing:
   Total: 97.489s | Avg: 97.4893s | Calls: 1

🚨 BOTTLENECK ANALYSIS (Total Runtime: 335.489s):
   🔥 slide_processing: 97.489s (29.1%)
   🔥 total_computation: 97.489s (29.1%)
   🔥 batch_processing: 68.007s (20.3%)
   🔥 feature_processing: 60.741s (18.1%)

📊 OPERATION COUNTS:
   hdf5_write_operations: 5
   patches_processed: 24,319
   GPU Memory - Max: 4226.2MB | Avg: 3935.6MB

💡 OPTIMIZATION RECOMMENDATIONS:
================================================================================
📊 Features shape: (24319, 1536), Coords shape: (24319, 2)
💾 Saved features to /nemo/project/proj-tracerx-lung/tctProjects/kilimo/TracerX_WSIs/20X/uni_v2/pt_files/LTX0206_A7_SU.pt

🔄 Processing slide 42/121: LTX0216_B1_SU
downsample [1. 1.]
downsampled_level_dim [72960 56320]
level_dim [72960 56320]
name LTX0216_B1_SU
patch_level 0
patch_size 290
save_path /nemo/project/proj-tracerx-lung/tctProjects/kilimo/TracerX_WSIs/20X/patches/patches

feature extraction settings
transformations:  Compose(
    Resize(size=224, interpolation=bilinear, max_size=None, antialias=True)
    CenterCrop(size=(224, 224))
    MaybeToTensor()
    Normalize(mean=tensor([0.4850, 0.4560, 0.4060]), std=tensor([0.2290, 0.2240, 0.2250]))
)
📦 Dataset size: 26856 patches, 53 batches
🔍 Processing a total of 53 batches with profiling enabled
Saving random samples to /nemo/project/proj-tracerx-lung/tctProjects/kilimo/TracerX_WSIs/20X/uni_v2/samples/LTX0216_B1_SU
Saved 7/10 random sample images for slide LTX0216_B1_SU
✅ Features extracted in 115.9s

================================================================================
🔍 PERFORMANCE PROFILING SUMMARY - LTX0216_B1_SU
================================================================================
⏱️  wsi_loading:
   Total: 5.959s | Avg: 5.9590s | Calls: 1
⏱️  dataset_creation:
   Total: 0.209s | Avg: 0.2085s | Calls: 1
⏱️  data_loading:
   Total: 0.007s | Avg: 0.0001s | Calls: 53
   Min: 0.0001s | Max: 0.0003s
⏱️  sample_saving:
   Total: 0.027s | Avg: 0.0039s | Calls: 7
   Min: 0.0031s | Max: 0.0046s
⏱️  data_transfer:
   Total: 0.004s | Avg: 0.0001s | Calls: 53
   Min: 0.0001s | Max: 0.0002s
⏱️  model_inference:
   Total: 1.303s | Avg: 0.0246s | Calls: 53
   Min: 0.0181s | Max: 0.0368s
⏱️  feature_processing:
   Total: 67.342s | Avg: 1.2706s | Calls: 53
   Min: 0.5763s | Max: 1.3046s
⏱️  feature_accumulation:
   Total: 0.000s | Avg: 0.0000s | Calls: 53
   Min: 0.0000s | Max: 0.0000s
⏱️  batch_processing:
   Total: 77.374s | Avg: 1.4599s | Calls: 53
   Min: 1.3019s | Max: 3.5658s
⏱️  feature_combining:
   Total: 0.035s | Avg: 0.0059s | Calls: 6
   Min: 0.0012s | Max: 0.0076s
⏱️  hdf5_writing:
   Total: 7.877s | Avg: 1.3128s | Calls: 6
   Min: 0.5783s | Max: 2.1147s
⏱️  memory_cleanup:
   Total: 0.789s | Avg: 0.1315s | Calls: 6
   Min: 0.1089s | Max: 0.1599s
⏱️  total_computation:
   Total: 109.734s | Avg: 109.7337s | Calls: 1
⏱️  slide_processing:
   Total: 109.734s | Avg: 109.7338s | Calls: 1

🚨 BOTTLENECK ANALYSIS (Total Runtime: 380.394s):
   🔥 slide_processing: 109.734s (28.8%)
   🔥 total_computation: 109.734s (28.8%)
   🔥 batch_processing: 77.374s (20.3%)
   🔥 feature_processing: 67.342s (17.7%)

📊 OPERATION COUNTS:
   hdf5_write_operations: 6
   patches_processed: 26,856
   GPU Memory - Max: 4226.2MB | Avg: 3975.3MB

💡 OPTIMIZATION RECOMMENDATIONS:
================================================================================
📊 Features shape: (26856, 1536), Coords shape: (26856, 2)
💾 Saved features to /nemo/project/proj-tracerx-lung/tctProjects/kilimo/TracerX_WSIs/20X/uni_v2/pt_files/LTX0216_B1_SU.pt

🔄 Processing slide 43/121: LTX0221_4E_SU
downsample [1. 1.]
downsampled_level_dim [69120 53504]
level_dim [69120 53504]
name LTX0221_4E_SU
patch_level 0
patch_size 290
save_path /nemo/project/proj-tracerx-lung/tctProjects/kilimo/TracerX_WSIs/20X/patches/patches

feature extraction settings
transformations:  Compose(
    Resize(size=224, interpolation=bilinear, max_size=None, antialias=True)
    CenterCrop(size=(224, 224))
    MaybeToTensor()
    Normalize(mean=tensor([0.4850, 0.4560, 0.4060]), std=tensor([0.2290, 0.2240, 0.2250]))
)
📦 Dataset size: 13443 patches, 27 batches
🔍 Processing a total of 27 batches with profiling enabled
Saving random samples to /nemo/project/proj-tracerx-lung/tctProjects/kilimo/TracerX_WSIs/20X/uni_v2/samples/LTX0221_4E_SU
Saved 10/10 random sample images for slide LTX0221_4E_SU
✅ Features extracted in 77.9s

================================================================================
🔍 PERFORMANCE PROFILING SUMMARY - LTX0221_4E_SU
================================================================================
⏱️  wsi_loading:
   Total: 7.714s | Avg: 7.7144s | Calls: 1
⏱️  dataset_creation:
   Total: 0.177s | Avg: 0.1774s | Calls: 1
⏱️  data_loading:
   Total: 0.004s | Avg: 0.0001s | Calls: 27
   Min: 0.0001s | Max: 0.0004s
⏱️  sample_saving:
   Total: 0.207s | Avg: 0.0207s | Calls: 10
   Min: 0.0026s | Max: 0.1732s
⏱️  data_transfer:
   Total: 0.003s | Avg: 0.0001s | Calls: 27
   Min: 0.0000s | Max: 0.0004s
⏱️  model_inference:
   Total: 0.614s | Avg: 0.0228s | Calls: 27
   Min: 0.0176s | Max: 0.0329s
⏱️  feature_processing:
   Total: 33.784s | Avg: 1.2513s | Calls: 27
   Min: 0.3220s | Max: 1.3070s
⏱️  feature_accumulation:
   Total: 0.000s | Avg: 0.0000s | Calls: 27
   Min: 0.0000s | Max: 0.0000s
⏱️  batch_processing:
   Total: 43.194s | Avg: 1.5998s | Calls: 27
   Min: 1.3045s | Max: 7.5781s
⏱️  feature_combining:
   Total: 0.015s | Avg: 0.0049s | Calls: 3
   Min: 0.0038s | Max: 0.0061s
⏱️  hdf5_writing:
   Total: 8.198s | Avg: 2.7327s | Calls: 3
   Min: 0.9513s | Max: 6.1540s
⏱️  memory_cleanup:
   Total: 0.372s | Avg: 0.1238s | Calls: 3
   Min: 0.1132s | Max: 0.1397s
⏱️  total_computation:
   Total: 69.980s | Avg: 69.9801s | Calls: 1
⏱️  slide_processing:
   Total: 69.981s | Avg: 69.9812s | Calls: 1

🚨 BOTTLENECK ANALYSIS (Total Runtime: 234.244s):
   🔥 slide_processing: 69.981s (29.9%)
   🔥 total_computation: 69.980s (29.9%)
   🔥 batch_processing: 43.194s (18.4%)
   🔥 feature_processing: 33.784s (14.4%)

📊 OPERATION COUNTS:
   hdf5_write_operations: 3
   patches_processed: 13,443
   GPU Memory - Max: 4226.2MB | Avg: 3772.7MB

💡 OPTIMIZATION RECOMMENDATIONS:
================================================================================
📊 Features shape: (13443, 1536), Coords shape: (13443, 2)
💾 Saved features to /nemo/project/proj-tracerx-lung/tctProjects/kilimo/TracerX_WSIs/20X/uni_v2/pt_files/LTX0221_4E_SU.pt

🔄 Processing slide 44/121: LTX0225_1_SU
downsample [1. 1.]
downsampled_level_dim [46080 50688]
level_dim [46080 50688]
name LTX0225_1_SU
patch_level 0
patch_size 290
save_path /nemo/project/proj-tracerx-lung/tctProjects/kilimo/TracerX_WSIs/20X/patches/patches

feature extraction settings
transformations:  Compose(
    Resize(size=224, interpolation=bilinear, max_size=None, antialias=True)
    CenterCrop(size=(224, 224))
    MaybeToTensor()
    Normalize(mean=tensor([0.4850, 0.4560, 0.4060]), std=tensor([0.2290, 0.2240, 0.2250]))
)
📦 Dataset size: 14178 patches, 28 batches
🔍 Processing a total of 28 batches with profiling enabled
Saving random samples to /nemo/project/proj-tracerx-lung/tctProjects/kilimo/TracerX_WSIs/20X/uni_v2/samples/LTX0225_1_SU
Saved 8/10 random sample images for slide LTX0225_1_SU
✅ Features extracted in 55.5s

================================================================================
🔍 PERFORMANCE PROFILING SUMMARY - LTX0225_1_SU
================================================================================
⏱️  wsi_loading:
   Total: 2.159s | Avg: 2.1592s | Calls: 1
⏱️  dataset_creation:
   Total: 0.124s | Avg: 0.1239s | Calls: 1
⏱️  data_loading:
   Total: 0.004s | Avg: 0.0001s | Calls: 28
   Min: 0.0001s | Max: 0.0003s
⏱️  sample_saving:
   Total: 0.495s | Avg: 0.0618s | Calls: 8
   Min: 0.0033s | Max: 0.3905s
⏱️  data_transfer:
   Total: 0.003s | Avg: 0.0001s | Calls: 28
   Min: 0.0001s | Max: 0.0004s
⏱️  model_inference:
   Total: 0.694s | Avg: 0.0248s | Calls: 28
   Min: 0.0200s | Max: 0.0419s
⏱️  feature_processing:
   Total: 35.555s | Avg: 1.2698s | Calls: 28
   Min: 0.8879s | Max: 1.2971s
⏱️  feature_accumulation:
   Total: 0.000s | Avg: 0.0000s | Calls: 28
   Min: 0.0000s | Max: 0.0000s
⏱️  batch_processing:
   Total: 37.933s | Avg: 1.3548s | Calls: 28
   Min: 1.3049s | Max: 1.6979s
⏱️  feature_combining:
   Total: 0.015s | Avg: 0.0048s | Calls: 3
   Min: 0.0031s | Max: 0.0060s
⏱️  hdf5_writing:
   Total: 0.780s | Avg: 0.2601s | Calls: 3
   Min: 0.2319s | Max: 0.2918s
⏱️  memory_cleanup:
   Total: 0.390s | Avg: 0.1299s | Calls: 3
   Min: 0.1182s | Max: 0.1408s
⏱️  total_computation:
   Total: 53.215s | Avg: 53.2147s | Calls: 1
⏱️  slide_processing:
   Total: 53.216s | Avg: 53.2157s | Calls: 1

🚨 BOTTLENECK ANALYSIS (Total Runtime: 184.581s):
   🔥 slide_processing: 53.216s (28.8%)
   🔥 total_computation: 53.215s (28.8%)
   🔥 batch_processing: 37.933s (20.6%)
   🔥 feature_processing: 35.555s (19.3%)

📊 OPERATION COUNTS:
   hdf5_write_operations: 3
   patches_processed: 14,178
   GPU Memory - Max: 4226.2MB | Avg: 3804.6MB

💡 OPTIMIZATION RECOMMENDATIONS:
================================================================================
📊 Features shape: (14178, 1536), Coords shape: (14178, 2)
💾 Saved features to /nemo/project/proj-tracerx-lung/tctProjects/kilimo/TracerX_WSIs/20X/uni_v2/pt_files/LTX0225_1_SU.pt

🔄 Processing slide 45/121: LTX0226_1G_SU
downsample [1. 1.]
downsampled_level_dim [53760 53504]
level_dim [53760 53504]
name LTX0226_1G_SU
patch_level 0
patch_size 290
save_path /nemo/project/proj-tracerx-lung/tctProjects/kilimo/TracerX_WSIs/20X/patches/patches

feature extraction settings
transformations:  Compose(
    Resize(size=224, interpolation=bilinear, max_size=None, antialias=True)
    CenterCrop(size=(224, 224))
    MaybeToTensor()
    Normalize(mean=tensor([0.4850, 0.4560, 0.4060]), std=tensor([0.2290, 0.2240, 0.2250]))
)
📦 Dataset size: 14830 patches, 29 batches
🔍 Processing a total of 29 batches with profiling enabled
Saving random samples to /nemo/project/proj-tracerx-lung/tctProjects/kilimo/TracerX_WSIs/20X/uni_v2/samples/LTX0226_1G_SU
Saved 10/10 random sample images for slide LTX0226_1G_SU
✅ Features extracted in 56.7s

================================================================================
🔍 PERFORMANCE PROFILING SUMMARY - LTX0226_1G_SU
================================================================================
⏱️  wsi_loading:
   Total: 1.227s | Avg: 1.2269s | Calls: 1
⏱️  dataset_creation:
   Total: 0.122s | Avg: 0.1220s | Calls: 1
⏱️  data_loading:
   Total: 0.004s | Avg: 0.0001s | Calls: 29
   Min: 0.0001s | Max: 0.0003s
⏱️  sample_saving:
   Total: 0.043s | Avg: 0.0043s | Calls: 10
   Min: 0.0030s | Max: 0.0074s
⏱️  data_transfer:
   Total: 0.003s | Avg: 0.0001s | Calls: 29
   Min: 0.0001s | Max: 0.0006s
⏱️  model_inference:
   Total: 0.812s | Avg: 0.0280s | Calls: 29
   Min: 0.0189s | Max: 0.0357s
⏱️  feature_processing:
   Total: 37.113s | Avg: 1.2798s | Calls: 29
   Min: 1.2454s | Max: 1.2913s
⏱️  feature_accumulation:
   Total: 0.000s | Avg: 0.0000s | Calls: 29
   Min: 0.0000s | Max: 0.0000s
⏱️  batch_processing:
   Total: 39.347s | Avg: 1.3568s | Calls: 29
   Min: 1.3039s | Max: 1.8591s
⏱️  feature_combining:
   Total: 0.020s | Avg: 0.0067s | Calls: 3
   Min: 0.0055s | Max: 0.0086s
⏱️  hdf5_writing:
   Total: 0.962s | Avg: 0.3208s | Calls: 3
   Min: 0.2639s | Max: 0.4019s
⏱️  memory_cleanup:
   Total: 0.394s | Avg: 0.1314s | Calls: 3
   Min: 0.1206s | Max: 0.1460s
⏱️  total_computation:
   Total: 55.335s | Avg: 55.3350s | Calls: 1
⏱️  slide_processing:
   Total: 55.335s | Avg: 55.3351s | Calls: 1

🚨 BOTTLENECK ANALYSIS (Total Runtime: 190.718s):
   🔥 slide_processing: 55.335s (29.0%)
   🔥 total_computation: 55.335s (29.0%)
   🔥 batch_processing: 39.347s (20.6%)
   🔥 feature_processing: 37.113s (19.5%)

📊 OPERATION COUNTS:
   hdf5_write_operations: 3
   patches_processed: 14,830
   GPU Memory - Max: 4226.2MB | Avg: 3825.3MB

💡 OPTIMIZATION RECOMMENDATIONS:
================================================================================
📊 Features shape: (14830, 1536), Coords shape: (14830, 2)
💾 Saved features to /nemo/project/proj-tracerx-lung/tctProjects/kilimo/TracerX_WSIs/20X/uni_v2/pt_files/LTX0226_1G_SU.pt

🔄 Processing slide 46/121: LTX0233_G_SU
downsample [1. 1.]
downsampled_level_dim [49920 49280]
level_dim [49920 49280]
name LTX0233_G_SU
patch_level 0
patch_size 290
save_path /nemo/project/proj-tracerx-lung/tctProjects/kilimo/TracerX_WSIs/20X/patches/patches

feature extraction settings
transformations:  Compose(
    Resize(size=224, interpolation=bilinear, max_size=None, antialias=True)
    CenterCrop(size=(224, 224))
    MaybeToTensor()
    Normalize(mean=tensor([0.4850, 0.4560, 0.4060]), std=tensor([0.2290, 0.2240, 0.2250]))
)
📦 Dataset size: 3450 patches, 7 batches
🔍 Processing a total of 7 batches with profiling enabled
Saving random samples to /nemo/project/proj-tracerx-lung/tctProjects/kilimo/TracerX_WSIs/20X/uni_v2/samples/LTX0233_G_SU
Saved 7/10 random sample images for slide LTX0233_G_SU
✅ Features extracted in 18.3s

================================================================================
🔍 PERFORMANCE PROFILING SUMMARY - LTX0233_G_SU
================================================================================
⏱️  wsi_loading:
   Total: 1.403s | Avg: 1.4029s | Calls: 1
⏱️  dataset_creation:
   Total: 0.106s | Avg: 0.1055s | Calls: 1
⏱️  data_loading:
   Total: 0.001s | Avg: 0.0001s | Calls: 7
   Min: 0.0001s | Max: 0.0003s
⏱️  sample_saving:
   Total: 0.025s | Avg: 0.0035s | Calls: 7
   Min: 0.0027s | Max: 0.0049s
⏱️  data_transfer:
   Total: 0.001s | Avg: 0.0001s | Calls: 7
   Min: 0.0001s | Max: 0.0002s
⏱️  model_inference:
   Total: 0.171s | Avg: 0.0244s | Calls: 7
   Min: 0.0207s | Max: 0.0346s
⏱️  feature_processing:
   Total: 8.652s | Avg: 1.2360s | Calls: 7
   Min: 0.9475s | Max: 1.2886s
⏱️  feature_accumulation:
   Total: 0.000s | Avg: 0.0000s | Calls: 7
   Min: 0.0000s | Max: 0.0000s
⏱️  batch_processing:
   Total: 9.289s | Avg: 1.3270s | Calls: 7
   Min: 1.3078s | Max: 1.4115s
⏱️  feature_combining:
   Total: 0.007s | Avg: 0.0069s | Calls: 1
⏱️  hdf5_writing:
   Total: 0.309s | Avg: 0.3092s | Calls: 1
⏱️  memory_cleanup:
   Total: 0.127s | Avg: 0.1272s | Calls: 1
⏱️  total_computation:
   Total: 16.749s | Avg: 16.7491s | Calls: 1
⏱️  slide_processing:
   Total: 16.749s | Avg: 16.7491s | Calls: 1

🚨 BOTTLENECK ANALYSIS (Total Runtime: 53.588s):
   🔥 slide_processing: 16.749s (31.3%)
   🔥 total_computation: 16.749s (31.3%)
   🔥 batch_processing: 9.289s (17.3%)
   🔥 feature_processing: 8.652s (16.1%)

📊 OPERATION COUNTS:
   hdf5_write_operations: 1
   patches_processed: 3,450
   GPU Memory - Max: 4148.2MB | Avg: 3390.1MB

💡 OPTIMIZATION RECOMMENDATIONS:
================================================================================
📊 Features shape: (3450, 1536), Coords shape: (3450, 2)
💾 Saved features to /nemo/project/proj-tracerx-lung/tctProjects/kilimo/TracerX_WSIs/20X/uni_v2/pt_files/LTX0233_G_SU.pt

🔄 Processing slide 47/121: LTX0243_5M_SU
downsample [1. 1.]
downsampled_level_dim [72960 56320]
level_dim [72960 56320]
name LTX0243_5M_SU
patch_level 0
patch_size 290
save_path /nemo/project/proj-tracerx-lung/tctProjects/kilimo/TracerX_WSIs/20X/patches/patches

feature extraction settings
transformations:  Compose(
    Resize(size=224, interpolation=bilinear, max_size=None, antialias=True)
    CenterCrop(size=(224, 224))
    MaybeToTensor()
    Normalize(mean=tensor([0.4850, 0.4560, 0.4060]), std=tensor([0.2290, 0.2240, 0.2250]))
)
📦 Dataset size: 19912 patches, 39 batches
🔍 Processing a total of 39 batches with profiling enabled
Saving random samples to /nemo/project/proj-tracerx-lung/tctProjects/kilimo/TracerX_WSIs/20X/uni_v2/samples/LTX0243_5M_SU
Saved 10/10 random sample images for slide LTX0243_5M_SU
✅ Features extracted in 80.6s

================================================================================
🔍 PERFORMANCE PROFILING SUMMARY - LTX0243_5M_SU
================================================================================
⏱️  wsi_loading:
   Total: 0.848s | Avg: 0.8484s | Calls: 1
⏱️  dataset_creation:
   Total: 0.143s | Avg: 0.1428s | Calls: 1
⏱️  data_loading:
   Total: 0.005s | Avg: 0.0001s | Calls: 39
   Min: 0.0001s | Max: 0.0002s
⏱️  sample_saving:
   Total: 0.037s | Avg: 0.0037s | Calls: 10
   Min: 0.0028s | Max: 0.0053s
⏱️  data_transfer:
   Total: 0.005s | Avg: 0.0001s | Calls: 39
   Min: 0.0001s | Max: 0.0008s
⏱️  model_inference:
   Total: 1.073s | Avg: 0.0275s | Calls: 39
   Min: 0.0182s | Max: 0.0361s
⏱️  feature_processing:
   Total: 49.873s | Avg: 1.2788s | Calls: 39
   Min: 1.1452s | Max: 1.3031s
⏱️  feature_accumulation:
   Total: 0.000s | Avg: 0.0000s | Calls: 39
   Min: 0.0000s | Max: 0.0000s
⏱️  batch_processing:
   Total: 53.626s | Avg: 1.3750s | Calls: 39
   Min: 1.3054s | Max: 2.0353s
⏱️  feature_combining:
   Total: 0.028s | Avg: 0.0070s | Calls: 4
   Min: 0.0047s | Max: 0.0086s
⏱️  hdf5_writing:
   Total: 2.034s | Avg: 0.5084s | Calls: 4
   Min: 0.4537s | Max: 0.5769s
⏱️  memory_cleanup:
   Total: 0.579s | Avg: 0.1449s | Calls: 4
   Min: 0.1232s | Max: 0.1683s
⏱️  total_computation:
   Total: 79.649s | Avg: 79.6487s | Calls: 1
⏱️  slide_processing:
   Total: 79.649s | Avg: 79.6495s | Calls: 1

🚨 BOTTLENECK ANALYSIS (Total Runtime: 267.550s):
   🔥 slide_processing: 79.649s (29.8%)
   🔥 total_computation: 79.649s (29.8%)
   🔥 batch_processing: 53.626s (20.0%)
   🔥 feature_processing: 49.873s (18.6%)

📊 OPERATION COUNTS:
   hdf5_write_operations: 4
   patches_processed: 19,912
   GPU Memory - Max: 4226.2MB | Avg: 3901.0MB

💡 OPTIMIZATION RECOMMENDATIONS:
================================================================================
📊 Features shape: (19912, 1536), Coords shape: (19912, 2)
💾 Saved features to /nemo/project/proj-tracerx-lung/tctProjects/kilimo/TracerX_WSIs/20X/uni_v2/pt_files/LTX0243_5M_SU.pt

🔄 Processing slide 48/121: LTX0249_A4_SU
downsample [1. 1.]
downsampled_level_dim [215040 112640]
level_dim [215040 112640]
name LTX0249_A4_SU
patch_level 0
patch_size 580
save_path /nemo/project/proj-tracerx-lung/tctProjects/kilimo/TracerX_WSIs/20X/patches/patches

feature extraction settings
transformations:  Compose(
    Resize(size=224, interpolation=bilinear, max_size=None, antialias=True)
    CenterCrop(size=(224, 224))
    MaybeToTensor()
    Normalize(mean=tensor([0.4850, 0.4560, 0.4060]), std=tensor([0.2290, 0.2240, 0.2250]))
)
📦 Dataset size: 13148 patches, 26 batches
🔍 Processing a total of 26 batches with profiling enabled
Saving random samples to /nemo/project/proj-tracerx-lung/tctProjects/kilimo/TracerX_WSIs/20X/uni_v2/samples/LTX0249_A4_SU
Saved 9/10 random sample images for slide LTX0249_A4_SU
✅ Features extracted in 148.4s

================================================================================
🔍 PERFORMANCE PROFILING SUMMARY - LTX0249_A4_SU
================================================================================
⏱️  wsi_loading:
   Total: 2.505s | Avg: 2.5055s | Calls: 1
⏱️  dataset_creation:
   Total: 0.211s | Avg: 0.2111s | Calls: 1
⏱️  data_loading:
   Total: 0.003s | Avg: 0.0001s | Calls: 26
   Min: 0.0001s | Max: 0.0003s
⏱️  sample_saving:
   Total: 0.033s | Avg: 0.0036s | Calls: 9
   Min: 0.0028s | Max: 0.0045s
⏱️  data_transfer:
   Total: 0.002s | Avg: 0.0001s | Calls: 26
   Min: 0.0001s | Max: 0.0003s
⏱️  model_inference:
   Total: 0.618s | Avg: 0.0238s | Calls: 26
   Min: 0.0190s | Max: 0.0344s
⏱️  feature_processing:
   Total: 33.068s | Avg: 1.2718s | Calls: 26
   Min: 0.8692s | Max: 1.3016s
⏱️  feature_accumulation:
   Total: 0.000s | Avg: 0.0000s | Calls: 26
   Min: 0.0000s | Max: 0.0000s
⏱️  batch_processing:
   Total: 34.349s | Avg: 1.3211s | Calls: 26
   Min: 1.0400s | Max: 1.6127s
⏱️  feature_combining:
   Total: 0.016s | Avg: 0.0052s | Calls: 3
   Min: 0.0022s | Max: 0.0085s
⏱️  hdf5_writing:
   Total: 0.246s | Avg: 0.0821s | Calls: 3
   Min: 0.0293s | Max: 0.1802s
⏱️  memory_cleanup:
   Total: 0.367s | Avg: 0.1223s | Calls: 3
   Min: 0.1130s | Max: 0.1304s
⏱️  total_computation:
   Total: 145.638s | Avg: 145.6384s | Calls: 1
⏱️  slide_processing:
   Total: 145.639s | Avg: 145.6389s | Calls: 1

🚨 BOTTLENECK ANALYSIS (Total Runtime: 362.696s):
   🔥 slide_processing: 145.639s (40.2%)
   🔥 total_computation: 145.638s (40.2%)
   🔥 batch_processing: 34.349s (9.5%)
   🔥 feature_processing: 33.068s (9.1%)

📊 OPERATION COUNTS:
   hdf5_write_operations: 3
   patches_processed: 13,148
   GPU Memory - Max: 4226.2MB | Avg: 3803.7MB

💡 OPTIMIZATION RECOMMENDATIONS:
================================================================================
📊 Features shape: (13148, 1536), Coords shape: (13148, 2)
💾 Saved features to /nemo/project/proj-tracerx-lung/tctProjects/kilimo/TracerX_WSIs/20X/uni_v2/pt_files/LTX0249_A4_SU.pt

🔄 Processing slide 49/121: LTX0255_2_SU
downsample [1. 1.]
downsampled_level_dim [96000 81664]
level_dim [96000 81664]
name LTX0255_2_SU
patch_level 0
patch_size 580
save_path /nemo/project/proj-tracerx-lung/tctProjects/kilimo/TracerX_WSIs/20X/patches/patches

feature extraction settings
transformations:  Compose(
    Resize(size=224, interpolation=bilinear, max_size=None, antialias=True)
    CenterCrop(size=(224, 224))
    MaybeToTensor()
    Normalize(mean=tensor([0.4850, 0.4560, 0.4060]), std=tensor([0.2290, 0.2240, 0.2250]))
)
📦 Dataset size: 11456 patches, 23 batches
🔍 Processing a total of 23 batches with profiling enabled
Saving random samples to /nemo/project/proj-tracerx-lung/tctProjects/kilimo/TracerX_WSIs/20X/uni_v2/samples/LTX0255_2_SU
Saved 10/10 random sample images for slide LTX0255_2_SU
✅ Features extracted in 116.2s

================================================================================
🔍 PERFORMANCE PROFILING SUMMARY - LTX0255_2_SU
================================================================================
⏱️  wsi_loading:
   Total: 1.251s | Avg: 1.2514s | Calls: 1
⏱️  dataset_creation:
   Total: 0.138s | Avg: 0.1378s | Calls: 1
⏱️  data_loading:
   Total: 0.003s | Avg: 0.0002s | Calls: 23
   Min: 0.0001s | Max: 0.0003s
⏱️  sample_saving:
   Total: 0.038s | Avg: 0.0038s | Calls: 10
   Min: 0.0025s | Max: 0.0053s
⏱️  data_transfer:
   Total: 0.002s | Avg: 0.0001s | Calls: 23
   Min: 0.0001s | Max: 0.0002s
⏱️  model_inference:
   Total: 0.627s | Avg: 0.0273s | Calls: 23
   Min: 0.0204s | Max: 0.0344s
⏱️  feature_processing:
   Total: 28.659s | Avg: 1.2460s | Calls: 23
   Min: 0.4733s | Max: 1.3020s
⏱️  feature_accumulation:
   Total: 0.000s | Avg: 0.0000s | Calls: 23
   Min: 0.0000s | Max: 0.0000s
⏱️  batch_processing:
   Total: 30.693s | Avg: 1.3345s | Calls: 23
   Min: 0.8463s | Max: 1.8337s
⏱️  feature_combining:
   Total: 0.015s | Avg: 0.0051s | Calls: 3
   Min: 0.0013s | Max: 0.0083s
⏱️  hdf5_writing:
   Total: 0.908s | Avg: 0.3026s | Calls: 3
   Min: 0.2364s | Max: 0.3576s
⏱️  memory_cleanup:
   Total: 0.443s | Avg: 0.1477s | Calls: 3
   Min: 0.1102s | Max: 0.1681s
⏱️  total_computation:
   Total: 114.801s | Avg: 114.8010s | Calls: 1
⏱️  slide_processing:
   Total: 114.801s | Avg: 114.8010s | Calls: 1

🚨 BOTTLENECK ANALYSIS (Total Runtime: 292.380s):
   🔥 slide_processing: 114.801s (39.3%)
   🔥 total_computation: 114.801s (39.3%)
   🔥 batch_processing: 30.693s (10.5%)
   🔥 feature_processing: 28.659s (9.8%)

📊 OPERATION COUNTS:
   hdf5_write_operations: 3
   patches_processed: 11,456
   GPU Memory - Max: 4226.2MB | Avg: 3781.9MB

💡 OPTIMIZATION RECOMMENDATIONS:
================================================================================
📊 Features shape: (11456, 1536), Coords shape: (11456, 2)
💾 Saved features to /nemo/project/proj-tracerx-lung/tctProjects/kilimo/TracerX_WSIs/20X/uni_v2/pt_files/LTX0255_2_SU.pt

🔄 Processing slide 50/121: LTX0263_1__SU
downsample [1. 1.]
downsampled_level_dim [215040 112640]
level_dim [215040 112640]
name LTX0263_1__SU
patch_level 0
patch_size 580
save_path /nemo/project/proj-tracerx-lung/tctProjects/kilimo/TracerX_WSIs/20X/patches/patches

feature extraction settings
transformations:  Compose(
    Resize(size=224, interpolation=bilinear, max_size=None, antialias=True)
    CenterCrop(size=(224, 224))
    MaybeToTensor()
    Normalize(mean=tensor([0.4850, 0.4560, 0.4060]), std=tensor([0.2290, 0.2240, 0.2250]))
)
📦 Dataset size: 15607 patches, 31 batches
🔍 Processing a total of 31 batches with profiling enabled
Saving random samples to /nemo/project/proj-tracerx-lung/tctProjects/kilimo/TracerX_WSIs/20X/uni_v2/samples/LTX0263_1__SU
Saved 10/10 random sample images for slide LTX0263_1__SU
✅ Features extracted in 188.2s

================================================================================
🔍 PERFORMANCE PROFILING SUMMARY - LTX0263_1__SU
================================================================================
⏱️  wsi_loading:
   Total: 2.278s | Avg: 2.2778s | Calls: 1
⏱️  dataset_creation:
   Total: 0.199s | Avg: 0.1989s | Calls: 1
⏱️  data_loading:
   Total: 0.004s | Avg: 0.0001s | Calls: 31
   Min: 0.0001s | Max: 0.0003s
⏱️  sample_saving:
   Total: 0.046s | Avg: 0.0046s | Calls: 10
   Min: 0.0036s | Max: 0.0059s
⏱️  data_transfer:
   Total: 0.003s | Avg: 0.0001s | Calls: 31
   Min: 0.0000s | Max: 0.0004s
⏱️  model_inference:
   Total: 0.783s | Avg: 0.0252s | Calls: 31
   Min: 0.0181s | Max: 0.0336s
⏱️  feature_processing:
   Total: 39.230s | Avg: 1.2655s | Calls: 31
   Min: 0.6156s | Max: 1.3045s
⏱️  feature_accumulation:
   Total: 0.000s | Avg: 0.0000s | Calls: 31
   Min: 0.0000s | Max: 0.0000s
⏱️  batch_processing:
   Total: 42.041s | Avg: 1.3562s | Calls: 31
   Min: 0.7426s | Max: 2.1019s
⏱️  feature_combining:
   Total: 0.021s | Avg: 0.0051s | Calls: 4
   Min: 0.0001s | Max: 0.0078s
⏱️  hdf5_writing:
   Total: 1.425s | Avg: 0.3563s | Calls: 4
   Min: 0.0052s | Max: 0.6739s
⏱️  memory_cleanup:
   Total: 0.534s | Avg: 0.1336s | Calls: 4
   Min: 0.0995s | Max: 0.1578s
⏱️  total_computation:
   Total: 185.733s | Avg: 185.7327s | Calls: 1
⏱️  slide_processing:
   Total: 185.733s | Avg: 185.7328s | Calls: 1

🚨 BOTTLENECK ANALYSIS (Total Runtime: 458.029s):
   🔥 slide_processing: 185.733s (40.6%)
   🔥 total_computation: 185.733s (40.6%)
   🔥 batch_processing: 42.041s (9.2%)
   🔥 feature_processing: 39.230s (8.6%)

📊 OPERATION COUNTS:
   hdf5_write_operations: 4
   patches_processed: 15,607
   GPU Memory - Max: 4226.2MB | Avg: 3876.9MB

💡 OPTIMIZATION RECOMMENDATIONS:
================================================================================
📊 Features shape: (15607, 1536), Coords shape: (15607, 2)
💾 Saved features to /nemo/project/proj-tracerx-lung/tctProjects/kilimo/TracerX_WSIs/20X/uni_v2/pt_files/LTX0263_1__SU.pt

🔄 Processing slide 51/121: LTX0265_1D_SU
downsample [1. 1.]
downsampled_level_dim [215040 112640]
level_dim [215040 112640]
name LTX0265_1D_SU
patch_level 0
patch_size 580
save_path /nemo/project/proj-tracerx-lung/tctProjects/kilimo/TracerX_WSIs/20X/patches/patches

feature extraction settings
transformations:  Compose(
    Resize(size=224, interpolation=bilinear, max_size=None, antialias=True)
    CenterCrop(size=(224, 224))
    MaybeToTensor()
    Normalize(mean=tensor([0.4850, 0.4560, 0.4060]), std=tensor([0.2290, 0.2240, 0.2250]))
)
📦 Dataset size: 9876 patches, 20 batches
🔍 Processing a total of 20 batches with profiling enabled
Saving random samples to /nemo/project/proj-tracerx-lung/tctProjects/kilimo/TracerX_WSIs/20X/uni_v2/samples/LTX0265_1D_SU
Saved 9/10 random sample images for slide LTX0265_1D_SU
✅ Features extracted in 148.0s

================================================================================
🔍 PERFORMANCE PROFILING SUMMARY - LTX0265_1D_SU
================================================================================
⏱️  wsi_loading:
   Total: 2.847s | Avg: 2.8474s | Calls: 1
⏱️  dataset_creation:
   Total: 0.177s | Avg: 0.1765s | Calls: 1
⏱️  data_loading:
   Total: 0.003s | Avg: 0.0002s | Calls: 20
   Min: 0.0001s | Max: 0.0003s
⏱️  sample_saving:
   Total: 0.030s | Avg: 0.0033s | Calls: 9
   Min: 0.0029s | Max: 0.0040s
⏱️  data_transfer:
   Total: 0.002s | Avg: 0.0001s | Calls: 20
   Min: 0.0001s | Max: 0.0004s
⏱️  model_inference:
   Total: 0.467s | Avg: 0.0233s | Calls: 20
   Min: 0.0198s | Max: 0.0308s
⏱️  feature_processing:
   Total: 24.864s | Avg: 1.2432s | Calls: 20
   Min: 0.3656s | Max: 1.3047s
⏱️  feature_accumulation:
   Total: 0.000s | Avg: 0.0000s | Calls: 20
   Min: 0.0000s | Max: 0.0000s
⏱️  batch_processing:
   Total: 26.561s | Avg: 1.3280s | Calls: 20
   Min: 0.7011s | Max: 2.1815s
⏱️  feature_combining:
   Total: 0.015s | Avg: 0.0074s | Calls: 2
   Min: 0.0062s | Max: 0.0086s
⏱️  hdf5_writing:
   Total: 0.939s | Avg: 0.4693s | Calls: 2
   Min: 0.1917s | Max: 0.7470s
⏱️  memory_cleanup:
   Total: 0.248s | Avg: 0.1242s | Calls: 2
   Min: 0.1181s | Max: 0.1303s
⏱️  total_computation:
   Total: 144.960s | Avg: 144.9599s | Calls: 1
⏱️  slide_processing:
   Total: 144.960s | Avg: 144.9599s | Calls: 1

🚨 BOTTLENECK ANALYSIS (Total Runtime: 346.071s):
   🔥 slide_processing: 144.960s (41.9%)
   🔥 total_computation: 144.960s (41.9%)
   🔥 batch_processing: 26.561s (7.7%)
   🔥 feature_processing: 24.864s (7.2%)

📊 OPERATION COUNTS:
   hdf5_write_operations: 2
   patches_processed: 9,876
   GPU Memory - Max: 4226.2MB | Avg: 3625.1MB

💡 OPTIMIZATION RECOMMENDATIONS:
================================================================================
📊 Features shape: (9876, 1536), Coords shape: (9876, 2)
💾 Saved features to /nemo/project/proj-tracerx-lung/tctProjects/kilimo/TracerX_WSIs/20X/uni_v2/pt_files/LTX0265_1D_SU.pt

🔄 Processing slide 52/121: LTX0277_A1_SU
downsample [1. 1.]
downsampled_level_dim [84480 92928]
level_dim [84480 92928]
name LTX0277_A1_SU
patch_level 0
patch_size 580
save_path /nemo/project/proj-tracerx-lung/tctProjects/kilimo/TracerX_WSIs/20X/patches/patches

feature extraction settings
transformations:  Compose(
    Resize(size=224, interpolation=bilinear, max_size=None, antialias=True)
    CenterCrop(size=(224, 224))
    MaybeToTensor()
    Normalize(mean=tensor([0.4850, 0.4560, 0.4060]), std=tensor([0.2290, 0.2240, 0.2250]))
)
📦 Dataset size: 8541 patches, 17 batches
🔍 Processing a total of 17 batches with profiling enabled
Saving random samples to /nemo/project/proj-tracerx-lung/tctProjects/kilimo/TracerX_WSIs/20X/uni_v2/samples/LTX0277_A1_SU
Saved 8/10 random sample images for slide LTX0277_A1_SU
✅ Features extracted in 79.0s

================================================================================
🔍 PERFORMANCE PROFILING SUMMARY - LTX0277_A1_SU
================================================================================
⏱️  wsi_loading:
   Total: 0.494s | Avg: 0.4941s | Calls: 1
⏱️  dataset_creation:
   Total: 0.128s | Avg: 0.1280s | Calls: 1
⏱️  data_loading:
   Total: 0.002s | Avg: 0.0001s | Calls: 17
   Min: 0.0001s | Max: 0.0002s
⏱️  sample_saving:
   Total: 0.031s | Avg: 0.0039s | Calls: 8
   Min: 0.0033s | Max: 0.0049s
⏱️  data_transfer:
   Total: 0.002s | Avg: 0.0001s | Calls: 17
   Min: 0.0001s | Max: 0.0005s
⏱️  model_inference:
   Total: 0.464s | Avg: 0.0273s | Calls: 17
   Min: 0.0183s | Max: 0.0334s
⏱️  feature_processing:
   Total: 21.406s | Avg: 1.2592s | Calls: 17
   Min: 0.8729s | Max: 1.3024s
⏱️  feature_accumulation:
   Total: 0.000s | Avg: 0.0000s | Calls: 17
   Min: 0.0000s | Max: 0.0000s
⏱️  batch_processing:
   Total: 22.773s | Avg: 1.3396s | Calls: 17
   Min: 1.3022s | Max: 1.5474s
⏱️  feature_combining:
   Total: 0.017s | Avg: 0.0084s | Calls: 2
   Min: 0.0047s | Max: 0.0121s
⏱️  hdf5_writing:
   Total: 0.567s | Avg: 0.2835s | Calls: 2
   Min: 0.0479s | Max: 0.5190s
⏱️  memory_cleanup:
   Total: 0.290s | Avg: 0.1452s | Calls: 2
   Min: 0.1290s | Max: 0.1615s
⏱️  total_computation:
   Total: 78.379s | Avg: 78.3791s | Calls: 1
⏱️  slide_processing:
   Total: 78.379s | Avg: 78.3792s | Calls: 1

🚨 BOTTLENECK ANALYSIS (Total Runtime: 202.934s):
   🔥 slide_processing: 78.379s (38.6%)
   🔥 total_computation: 78.379s (38.6%)
   🔥 batch_processing: 22.773s (11.2%)
   🔥 feature_processing: 21.406s (10.5%)

📊 OPERATION COUNTS:
   hdf5_write_operations: 2
   patches_processed: 8,541
   GPU Memory - Max: 4226.2MB | Avg: 3663.4MB

💡 OPTIMIZATION RECOMMENDATIONS:
================================================================================
📊 Features shape: (8541, 1536), Coords shape: (8541, 2)
💾 Saved features to /nemo/project/proj-tracerx-lung/tctProjects/kilimo/TracerX_WSIs/20X/uni_v2/pt_files/LTX0277_A1_SU.pt

🔄 Processing slide 53/121: LTX0281_A4_SU
downsample [1. 1.]
downsampled_level_dim [ 92160 115456]
level_dim [ 92160 115456]
name LTX0281_A4_SU
patch_level 0
patch_size 580
save_path /nemo/project/proj-tracerx-lung/tctProjects/kilimo/TracerX_WSIs/20X/patches/patches

feature extraction settings
transformations:  Compose(
    Resize(size=224, interpolation=bilinear, max_size=None, antialias=True)
    CenterCrop(size=(224, 224))
    MaybeToTensor()
    Normalize(mean=tensor([0.4850, 0.4560, 0.4060]), std=tensor([0.2290, 0.2240, 0.2250]))
)
📦 Dataset size: 16653 patches, 33 batches
🔍 Processing a total of 33 batches with profiling enabled
Saving random samples to /nemo/project/proj-tracerx-lung/tctProjects/kilimo/TracerX_WSIs/20X/uni_v2/samples/LTX0281_A4_SU
Saved 10/10 random sample images for slide LTX0281_A4_SU
✅ Features extracted in 166.9s

================================================================================
🔍 PERFORMANCE PROFILING SUMMARY - LTX0281_A4_SU
================================================================================
⏱️  wsi_loading:
   Total: 0.863s | Avg: 0.8627s | Calls: 1
⏱️  dataset_creation:
   Total: 0.110s | Avg: 0.1099s | Calls: 1
⏱️  data_loading:
   Total: 0.004s | Avg: 0.0001s | Calls: 33
   Min: 0.0001s | Max: 0.0003s
⏱️  sample_saving:
   Total: 0.132s | Avg: 0.0132s | Calls: 10
   Min: 0.0026s | Max: 0.0616s
⏱️  data_transfer:
   Total: 0.003s | Avg: 0.0001s | Calls: 33
   Min: 0.0001s | Max: 0.0002s
⏱️  model_inference:
   Total: 0.784s | Avg: 0.0238s | Calls: 33
   Min: 0.0180s | Max: 0.0332s
⏱️  feature_processing:
   Total: 41.846s | Avg: 1.2681s | Calls: 33
   Min: 0.6704s | Max: 1.3018s
⏱️  feature_accumulation:
   Total: 0.000s | Avg: 0.0000s | Calls: 33
   Min: 0.0000s | Max: 0.0000s
⏱️  batch_processing:
   Total: 44.638s | Avg: 1.3527s | Calls: 33
   Min: 0.9604s | Max: 2.0279s
⏱️  feature_combining:
   Total: 0.020s | Avg: 0.0050s | Calls: 4
   Min: 0.0009s | Max: 0.0074s
⏱️  hdf5_writing:
   Total: 1.310s | Avg: 0.3274s | Calls: 4
   Min: 0.1435s | Max: 0.4871s
⏱️  memory_cleanup:
   Total: 0.543s | Avg: 0.1356s | Calls: 4
   Min: 0.1114s | Max: 0.1645s
⏱️  total_computation:
   Total: 165.904s | Avg: 165.9037s | Calls: 1
⏱️  slide_processing:
   Total: 165.904s | Avg: 165.9038s | Calls: 1

🚨 BOTTLENECK ANALYSIS (Total Runtime: 422.060s):
   🔥 slide_processing: 165.904s (39.3%)
   🔥 total_computation: 165.904s (39.3%)
   🔥 batch_processing: 44.638s (10.6%)
   🔥 feature_processing: 41.846s (9.9%)

📊 OPERATION COUNTS:
   hdf5_write_operations: 4
   patches_processed: 16,653
   GPU Memory - Max: 4226.2MB | Avg: 3879.3MB

💡 OPTIMIZATION RECOMMENDATIONS:
================================================================================
📊 Features shape: (16653, 1536), Coords shape: (16653, 2)
💾 Saved features to /nemo/project/proj-tracerx-lung/tctProjects/kilimo/TracerX_WSIs/20X/uni_v2/pt_files/LTX0281_A4_SU.pt

🔄 Processing slide 54/121: LTX0284_A4_1_SU
downsample [1. 1.]
downsampled_level_dim [122880  95744]
level_dim [122880  95744]
name LTX0284_A4_1_SU
patch_level 0
patch_size 580
save_path /nemo/project/proj-tracerx-lung/tctProjects/kilimo/TracerX_WSIs/20X/patches/patches

feature extraction settings
transformations:  Compose(
    Resize(size=224, interpolation=bilinear, max_size=None, antialias=True)
    CenterCrop(size=(224, 224))
    MaybeToTensor()
    Normalize(mean=tensor([0.4850, 0.4560, 0.4060]), std=tensor([0.2290, 0.2240, 0.2250]))
)
📦 Dataset size: 15360 patches, 30 batches
🔍 Processing a total of 30 batches with profiling enabled
Saving random samples to /nemo/project/proj-tracerx-lung/tctProjects/kilimo/TracerX_WSIs/20X/uni_v2/samples/LTX0284_A4_1_SU
Saved 10/10 random sample images for slide LTX0284_A4_1_SU
✅ Features extracted in 166.2s

================================================================================
🔍 PERFORMANCE PROFILING SUMMARY - LTX0284_A4_1_SU
================================================================================
⏱️  wsi_loading:
   Total: 2.078s | Avg: 2.0780s | Calls: 1
⏱️  dataset_creation:
   Total: 0.145s | Avg: 0.1448s | Calls: 1
⏱️  data_loading:
   Total: 0.005s | Avg: 0.0002s | Calls: 30
   Min: 0.0001s | Max: 0.0008s
⏱️  sample_saving:
   Total: 0.045s | Avg: 0.0045s | Calls: 10
   Min: 0.0037s | Max: 0.0063s
⏱️  data_transfer:
   Total: 0.003s | Avg: 0.0001s | Calls: 30
   Min: 0.0001s | Max: 0.0004s
⏱️  model_inference:
   Total: 0.776s | Avg: 0.0259s | Calls: 30
   Min: 0.0181s | Max: 0.0461s
⏱️  feature_processing:
   Total: 38.679s | Avg: 1.2893s | Calls: 30
   Min: 1.2736s | Max: 1.3059s
⏱️  feature_accumulation:
   Total: 0.000s | Avg: 0.0000s | Calls: 30
   Min: 0.0000s | Max: 0.0000s
⏱️  batch_processing:
   Total: 41.642s | Avg: 1.3881s | Calls: 30
   Min: 1.3047s | Max: 2.3710s
⏱️  feature_combining:
   Total: 0.016s | Avg: 0.0052s | Calls: 3
   Min: 0.0037s | Max: 0.0064s
⏱️  hdf5_writing:
   Total: 1.697s | Avg: 0.5657s | Calls: 3
   Min: 0.1103s | Max: 0.9082s
⏱️  memory_cleanup:
   Total: 0.423s | Avg: 0.1409s | Calls: 3
   Min: 0.1147s | Max: 0.1774s
⏱️  total_computation:
   Total: 163.955s | Avg: 163.9554s | Calls: 1
⏱️  slide_processing:
   Total: 163.956s | Avg: 163.9563s | Calls: 1

🚨 BOTTLENECK ANALYSIS (Total Runtime: 413.421s):
   🔥 slide_processing: 163.956s (39.7%)
   🔥 total_computation: 163.955s (39.7%)
   🔥 batch_processing: 41.642s (10.1%)
   🔥 feature_processing: 38.679s (9.4%)

📊 OPERATION COUNTS:
   hdf5_write_operations: 3
   patches_processed: 15,360
   GPU Memory - Max: 4226.2MB | Avg: 3827.6MB

💡 OPTIMIZATION RECOMMENDATIONS:
================================================================================
📊 Features shape: (15360, 1536), Coords shape: (15360, 2)
💾 Saved features to /nemo/project/proj-tracerx-lung/tctProjects/kilimo/TracerX_WSIs/20X/uni_v2/pt_files/LTX0284_A4_1_SU.pt

🔄 Processing slide 55/121: LTX0284_A4_SU
downsample [1. 1.]
downsampled_level_dim [96000 70400]
level_dim [96000 70400]
name LTX0284_A4_SU
patch_level 0
patch_size 580
save_path /nemo/project/proj-tracerx-lung/tctProjects/kilimo/TracerX_WSIs/20X/patches/patches

feature extraction settings
transformations:  Compose(
    Resize(size=224, interpolation=bilinear, max_size=None, antialias=True)
    CenterCrop(size=(224, 224))
    MaybeToTensor()
    Normalize(mean=tensor([0.4850, 0.4560, 0.4060]), std=tensor([0.2290, 0.2240, 0.2250]))
)
📦 Dataset size: 10441 patches, 21 batches
🔍 Processing a total of 21 batches with profiling enabled
Saving random samples to /nemo/project/proj-tracerx-lung/tctProjects/kilimo/TracerX_WSIs/20X/uni_v2/samples/LTX0284_A4_SU
Saved 10/10 random sample images for slide LTX0284_A4_SU
✅ Features extracted in 94.2s

================================================================================
🔍 PERFORMANCE PROFILING SUMMARY - LTX0284_A4_SU
================================================================================
⏱️  wsi_loading:
   Total: 0.554s | Avg: 0.5540s | Calls: 1
⏱️  dataset_creation:
   Total: 0.125s | Avg: 0.1250s | Calls: 1
⏱️  data_loading:
   Total: 0.003s | Avg: 0.0001s | Calls: 21
   Min: 0.0001s | Max: 0.0003s
⏱️  sample_saving:
   Total: 0.042s | Avg: 0.0042s | Calls: 10
   Min: 0.0027s | Max: 0.0057s
⏱️  data_transfer:
   Total: 0.002s | Avg: 0.0001s | Calls: 21
   Min: 0.0001s | Max: 0.0002s
⏱️  model_inference:
   Total: 0.567s | Avg: 0.0270s | Calls: 21
   Min: 0.0205s | Max: 0.0380s
⏱️  feature_processing:
   Total: 26.175s | Avg: 1.2464s | Calls: 21
   Min: 0.5002s | Max: 1.3005s
⏱️  feature_accumulation:
   Total: 0.000s | Avg: 0.0000s | Calls: 21
   Min: 0.0000s | Max: 0.0000s
⏱️  batch_processing:
   Total: 27.670s | Avg: 1.3176s | Calls: 21
   Min: 0.6671s | Max: 1.7167s
⏱️  feature_combining:
   Total: 0.012s | Avg: 0.0040s | Calls: 3
   Min: 0.0002s | Max: 0.0064s
⏱️  hdf5_writing:
   Total: 0.469s | Avg: 0.1564s | Calls: 3
   Min: 0.0050s | Max: 0.2691s
⏱️  memory_cleanup:
   Total: 0.402s | Avg: 0.1340s | Calls: 3
   Min: 0.1219s | Max: 0.1409s
⏱️  total_computation:
   Total: 93.497s | Avg: 93.4965s | Calls: 1
⏱️  slide_processing:
   Total: 93.497s | Avg: 93.4966s | Calls: 1

🚨 BOTTLENECK ANALYSIS (Total Runtime: 243.013s):
   🔥 slide_processing: 93.497s (38.5%)
   🔥 total_computation: 93.497s (38.5%)
   🔥 batch_processing: 27.670s (11.4%)
   🔥 feature_processing: 26.175s (10.8%)

📊 OPERATION COUNTS:
   hdf5_write_operations: 3
   patches_processed: 10,441
   GPU Memory - Max: 4226.2MB | Avg: 3782.8MB

💡 OPTIMIZATION RECOMMENDATIONS:
================================================================================
📊 Features shape: (10441, 1536), Coords shape: (10441, 2)
💾 Saved features to /nemo/project/proj-tracerx-lung/tctProjects/kilimo/TracerX_WSIs/20X/uni_v2/pt_files/LTX0284_A4_SU.pt

🔄 Processing slide 56/121: LTX0284_A5_SU
downsample [1. 1.]
downsampled_level_dim [80640 76032]
level_dim [80640 76032]
name LTX0284_A5_SU
patch_level 0
patch_size 580
save_path /nemo/project/proj-tracerx-lung/tctProjects/kilimo/TracerX_WSIs/20X/patches/patches

feature extraction settings
transformations:  Compose(
    Resize(size=224, interpolation=bilinear, max_size=None, antialias=True)
    CenterCrop(size=(224, 224))
    MaybeToTensor()
    Normalize(mean=tensor([0.4850, 0.4560, 0.4060]), std=tensor([0.2290, 0.2240, 0.2250]))
)
📦 Dataset size: 9207 patches, 18 batches
🔍 Processing a total of 18 batches with profiling enabled
Saving random samples to /nemo/project/proj-tracerx-lung/tctProjects/kilimo/TracerX_WSIs/20X/uni_v2/samples/LTX0284_A5_SU
Saved 8/10 random sample images for slide LTX0284_A5_SU
✅ Features extracted in 86.3s

================================================================================
🔍 PERFORMANCE PROFILING SUMMARY - LTX0284_A5_SU
================================================================================
⏱️  wsi_loading:
   Total: 0.761s | Avg: 0.7606s | Calls: 1
⏱️  dataset_creation:
   Total: 0.105s | Avg: 0.1045s | Calls: 1
⏱️  data_loading:
   Total: 0.002s | Avg: 0.0001s | Calls: 18
   Min: 0.0001s | Max: 0.0003s
⏱️  sample_saving:
   Total: 0.034s | Avg: 0.0043s | Calls: 8
   Min: 0.0036s | Max: 0.0055s
⏱️  data_transfer:
   Total: 0.002s | Avg: 0.0001s | Calls: 18
   Min: 0.0001s | Max: 0.0003s
⏱️  model_inference:
   Total: 0.465s | Avg: 0.0258s | Calls: 18
   Min: 0.0204s | Max: 0.0341s
⏱️  feature_processing:
   Total: 23.077s | Avg: 1.2820s | Calls: 18
   Min: 1.2591s | Max: 1.3043s
⏱️  feature_accumulation:
   Total: 0.000s | Avg: 0.0000s | Calls: 18
   Min: 0.0000s | Max: 0.0000s
⏱️  batch_processing:
   Total: 24.328s | Avg: 1.3515s | Calls: 18
   Min: 1.3029s | Max: 1.7027s
⏱️  feature_combining:
   Total: 0.013s | Avg: 0.0067s | Calls: 2
   Min: 0.0046s | Max: 0.0087s
⏱️  hdf5_writing:
   Total: 0.453s | Avg: 0.2264s | Calls: 2
   Min: 0.2228s | Max: 0.2299s
⏱️  memory_cleanup:
   Total: 0.286s | Avg: 0.1431s | Calls: 2
   Min: 0.1222s | Max: 0.1639s
⏱️  total_computation:
   Total: 85.388s | Avg: 85.3877s | Calls: 1
⏱️  slide_processing:
   Total: 85.388s | Avg: 85.3885s | Calls: 1

🚨 BOTTLENECK ANALYSIS (Total Runtime: 220.301s):
   🔥 slide_processing: 85.388s (38.8%)
   🔥 total_computation: 85.388s (38.8%)
   🔥 batch_processing: 24.328s (11.0%)
   🔥 feature_processing: 23.077s (10.5%)

📊 OPERATION COUNTS:
   hdf5_write_operations: 2
   patches_processed: 9,207
   GPU Memory - Max: 4226.2MB | Avg: 3693.0MB

💡 OPTIMIZATION RECOMMENDATIONS:
================================================================================
📊 Features shape: (9207, 1536), Coords shape: (9207, 2)
💾 Saved features to /nemo/project/proj-tracerx-lung/tctProjects/kilimo/TracerX_WSIs/20X/uni_v2/pt_files/LTX0284_A5_SU.pt

🔄 Processing slide 57/121: LTX0321_A2_SU
downsample [1. 1.]
downsampled_level_dim [149760 115456]
level_dim [149760 115456]
name LTX0321_A2_SU
patch_level 0
patch_size 580
save_path /nemo/project/proj-tracerx-lung/tctProjects/kilimo/TracerX_WSIs/20X/patches/patches

feature extraction settings
transformations:  Compose(
    Resize(size=224, interpolation=bilinear, max_size=None, antialias=True)
    CenterCrop(size=(224, 224))
    MaybeToTensor()
    Normalize(mean=tensor([0.4850, 0.4560, 0.4060]), std=tensor([0.2290, 0.2240, 0.2250]))
)
📦 Dataset size: 34915 patches, 69 batches
🔍 Processing a total of 69 batches with profiling enabled
Saving random samples to /nemo/project/proj-tracerx-lung/tctProjects/kilimo/TracerX_WSIs/20X/uni_v2/samples/LTX0321_A2_SU
Saved 10/10 random sample images for slide LTX0321_A2_SU
✅ Features extracted in 359.0s

================================================================================
🔍 PERFORMANCE PROFILING SUMMARY - LTX0321_A2_SU
================================================================================
⏱️  wsi_loading:
   Total: 0.939s | Avg: 0.9394s | Calls: 1
⏱️  dataset_creation:
   Total: 0.150s | Avg: 0.1504s | Calls: 1
⏱️  data_loading:
   Total: 0.010s | Avg: 0.0002s | Calls: 69
   Min: 0.0001s | Max: 0.0006s
⏱️  sample_saving:
   Total: 1.201s | Avg: 0.1201s | Calls: 10
   Min: 0.0033s | Max: 0.6663s
⏱️  data_transfer:
   Total: 0.007s | Avg: 0.0001s | Calls: 69
   Min: 0.0001s | Max: 0.0004s
⏱️  model_inference:
   Total: 1.716s | Avg: 0.0249s | Calls: 69
   Min: 0.0177s | Max: 0.0364s
⏱️  feature_processing:
   Total: 87.675s | Avg: 1.2706s | Calls: 69
   Min: 0.2379s | Max: 1.3060s
⏱️  feature_accumulation:
   Total: 0.000s | Avg: 0.0000s | Calls: 69
   Min: 0.0000s | Max: 0.0000s
⏱️  batch_processing:
   Total: 94.464s | Avg: 1.3690s | Calls: 69
   Min: 0.4233s | Max: 2.1490s
⏱️  feature_combining:
   Total: 0.043s | Avg: 0.0061s | Calls: 7
   Min: 0.0057s | Max: 0.0068s
⏱️  hdf5_writing:
   Total: 2.804s | Avg: 0.4005s | Calls: 7
   Min: 0.0345s | Max: 0.6875s
⏱️  memory_cleanup:
   Total: 1.019s | Avg: 0.1456s | Calls: 7
   Min: 0.1228s | Max: 0.1916s
⏱️  total_computation:
   Total: 357.913s | Avg: 357.9127s | Calls: 1
⏱️  slide_processing:
   Total: 357.914s | Avg: 357.9135s | Calls: 1

🚨 BOTTLENECK ANALYSIS (Total Runtime: 905.855s):
   🔥 slide_processing: 357.914s (39.5%)
   🔥 total_computation: 357.913s (39.5%)
   🔥 batch_processing: 94.464s (10.4%)
   🔥 feature_processing: 87.675s (9.7%)

📊 OPERATION COUNTS:
   hdf5_write_operations: 7
   patches_processed: 34,915
   GPU Memory - Max: 4226.2MB | Avg: 3997.4MB

💡 OPTIMIZATION RECOMMENDATIONS:
================================================================================
📊 Features shape: (34915, 1536), Coords shape: (34915, 2)
💾 Saved features to /nemo/project/proj-tracerx-lung/tctProjects/kilimo/TracerX_WSIs/20X/uni_v2/pt_files/LTX0321_A2_SU.pt

🔄 Processing slide 58/121: LTX0326_1_SU
downsample [1. 1.]
downsampled_level_dim [130560  98560]
level_dim [130560  98560]
name LTX0326_1_SU
patch_level 0
patch_size 580
save_path /nemo/project/proj-tracerx-lung/tctProjects/kilimo/TracerX_WSIs/20X/patches/patches

feature extraction settings
transformations:  Compose(
    Resize(size=224, interpolation=bilinear, max_size=None, antialias=True)
    CenterCrop(size=(224, 224))
    MaybeToTensor()
    Normalize(mean=tensor([0.4850, 0.4560, 0.4060]), std=tensor([0.2290, 0.2240, 0.2250]))
)
📦 Dataset size: 18854 patches, 37 batches
🔍 Processing a total of 37 batches with profiling enabled
Saving random samples to /nemo/project/proj-tracerx-lung/tctProjects/kilimo/TracerX_WSIs/20X/uni_v2/samples/LTX0326_1_SU
Saved 7/10 random sample images for slide LTX0326_1_SU
✅ Features extracted in 180.3s

================================================================================
🔍 PERFORMANCE PROFILING SUMMARY - LTX0326_1_SU
================================================================================
⏱️  wsi_loading:
   Total: 0.813s | Avg: 0.8129s | Calls: 1
⏱️  dataset_creation:
   Total: 0.147s | Avg: 0.1466s | Calls: 1
⏱️  data_loading:
   Total: 0.005s | Avg: 0.0001s | Calls: 37
   Min: 0.0001s | Max: 0.0003s
⏱️  sample_saving:
   Total: 0.030s | Avg: 0.0043s | Calls: 7
   Min: 0.0030s | Max: 0.0056s
⏱️  data_transfer:
   Total: 0.003s | Avg: 0.0001s | Calls: 37
   Min: 0.0001s | Max: 0.0002s
⏱️  model_inference:
   Total: 0.905s | Avg: 0.0245s | Calls: 37
   Min: 0.0185s | Max: 0.0366s
⏱️  feature_processing:
   Total: 47.305s | Avg: 1.2785s | Calls: 37
   Min: 1.0559s | Max: 1.3011s
⏱️  feature_accumulation:
   Total: 0.000s | Avg: 0.0000s | Calls: 37
   Min: 0.0000s | Max: 0.0000s
⏱️  batch_processing:
   Total: 49.766s | Avg: 1.3450s | Calls: 37
   Min: 1.3034s | Max: 1.8495s
⏱️  feature_combining:
   Total: 0.021s | Avg: 0.0052s | Calls: 4
   Min: 0.0030s | Max: 0.0070s
⏱️  hdf5_writing:
   Total: 0.947s | Avg: 0.2368s | Calls: 4
   Min: 0.0617s | Max: 0.3978s
⏱️  memory_cleanup:
   Total: 0.553s | Avg: 0.1384s | Calls: 4
   Min: 0.1238s | Max: 0.1612s
⏱️  total_computation:
   Total: 179.322s | Avg: 179.3216s | Calls: 1
⏱️  slide_processing:
   Total: 179.323s | Avg: 179.3227s | Calls: 1

🚨 BOTTLENECK ANALYSIS (Total Runtime: 459.139s):
   🔥 slide_processing: 179.323s (39.1%)
   🔥 total_computation: 179.322s (39.1%)
   🔥 batch_processing: 49.766s (10.8%)
   🔥 feature_processing: 47.305s (10.3%)

📊 OPERATION COUNTS:
   hdf5_write_operations: 4
   patches_processed: 18,854
   GPU Memory - Max: 4226.2MB | Avg: 3896.7MB

💡 OPTIMIZATION RECOMMENDATIONS:
================================================================================
📊 Features shape: (18854, 1536), Coords shape: (18854, 2)
💾 Saved features to /nemo/project/proj-tracerx-lung/tctProjects/kilimo/TracerX_WSIs/20X/uni_v2/pt_files/LTX0326_1_SU.pt

🔄 Processing slide 59/121: LTX0334_3__SU
downsample [1. 1.]
downsampled_level_dim [119040  90112]
level_dim [119040  90112]
name LTX0334_3__SU
patch_level 0
patch_size 580
save_path /nemo/project/proj-tracerx-lung/tctProjects/kilimo/TracerX_WSIs/20X/patches/patches

feature extraction settings
transformations:  Compose(
    Resize(size=224, interpolation=bilinear, max_size=None, antialias=True)
    CenterCrop(size=(224, 224))
    MaybeToTensor()
    Normalize(mean=tensor([0.4850, 0.4560, 0.4060]), std=tensor([0.2290, 0.2240, 0.2250]))
)
📦 Dataset size: 12128 patches, 24 batches
🔍 Processing a total of 24 batches with profiling enabled
Saving random samples to /nemo/project/proj-tracerx-lung/tctProjects/kilimo/TracerX_WSIs/20X/uni_v2/samples/LTX0334_3__SU
Saved 10/10 random sample images for slide LTX0334_3__SU
✅ Features extracted in 115.4s

================================================================================
🔍 PERFORMANCE PROFILING SUMMARY - LTX0334_3__SU
================================================================================
⏱️  wsi_loading:
   Total: 0.656s | Avg: 0.6556s | Calls: 1
⏱️  dataset_creation:
   Total: 0.138s | Avg: 0.1376s | Calls: 1
⏱️  data_loading:
   Total: 0.004s | Avg: 0.0002s | Calls: 24
   Min: 0.0001s | Max: 0.0004s
⏱️  sample_saving:
   Total: 0.038s | Avg: 0.0038s | Calls: 10
   Min: 0.0029s | Max: 0.0052s
⏱️  data_transfer:
   Total: 0.002s | Avg: 0.0001s | Calls: 24
   Min: 0.0001s | Max: 0.0003s
⏱️  model_inference:
   Total: 0.638s | Avg: 0.0266s | Calls: 24
   Min: 0.0210s | Max: 0.0394s
⏱️  feature_processing:
   Total: 30.481s | Avg: 1.2700s | Calls: 24
   Min: 0.8805s | Max: 1.3028s
⏱️  feature_accumulation:
   Total: 0.000s | Avg: 0.0000s | Calls: 24
   Min: 0.0000s | Max: 0.0000s
⏱️  batch_processing:
   Total: 32.466s | Avg: 1.3527s | Calls: 24
   Min: 1.2484s | Max: 1.8513s
⏱️  feature_combining:
   Total: 0.013s | Avg: 0.0043s | Calls: 3
   Min: 0.0021s | Max: 0.0059s
⏱️  hdf5_writing:
   Total: 0.870s | Avg: 0.2899s | Calls: 3
   Min: 0.2276s | Max: 0.4111s
⏱️  memory_cleanup:
   Total: 0.422s | Avg: 0.1406s | Calls: 3
   Min: 0.1168s | Max: 0.1703s
⏱️  total_computation:
   Total: 114.619s | Avg: 114.6194s | Calls: 1
⏱️  slide_processing:
   Total: 114.619s | Avg: 114.6195s | Calls: 1

🚨 BOTTLENECK ANALYSIS (Total Runtime: 294.966s):
   🔥 slide_processing: 114.619s (38.9%)
   🔥 total_computation: 114.619s (38.9%)
   🔥 batch_processing: 32.466s (11.0%)
   🔥 feature_processing: 30.481s (10.3%)

📊 OPERATION COUNTS:
   hdf5_write_operations: 3
   patches_processed: 12,128
   GPU Memory - Max: 4226.2MB | Avg: 3804.9MB

💡 OPTIMIZATION RECOMMENDATIONS:
================================================================================
📊 Features shape: (12128, 1536), Coords shape: (12128, 2)
💾 Saved features to /nemo/project/proj-tracerx-lung/tctProjects/kilimo/TracerX_WSIs/20X/uni_v2/pt_files/LTX0334_3__SU.pt

🔄 Processing slide 60/121: LTX0339_1F_SU
downsample [1. 1.]
downsampled_level_dim [149760 115456]
level_dim [149760 115456]
name LTX0339_1F_SU
patch_level 0
patch_size 580
save_path /nemo/project/proj-tracerx-lung/tctProjects/kilimo/TracerX_WSIs/20X/patches/patches

feature extraction settings
transformations:  Compose(
    Resize(size=224, interpolation=bilinear, max_size=None, antialias=True)
    CenterCrop(size=(224, 224))
    MaybeToTensor()
    Normalize(mean=tensor([0.4850, 0.4560, 0.4060]), std=tensor([0.2290, 0.2240, 0.2250]))
)
📦 Dataset size: 23118 patches, 46 batches
🔍 Processing a total of 46 batches with profiling enabled
Saving random samples to /nemo/project/proj-tracerx-lung/tctProjects/kilimo/TracerX_WSIs/20X/uni_v2/samples/LTX0339_1F_SU
Saved 10/10 random sample images for slide LTX0339_1F_SU
✅ Features extracted in 211.2s

================================================================================
🔍 PERFORMANCE PROFILING SUMMARY - LTX0339_1F_SU
================================================================================
⏱️  wsi_loading:
   Total: 0.821s | Avg: 0.8208s | Calls: 1
⏱️  dataset_creation:
   Total: 0.107s | Avg: 0.1074s | Calls: 1
⏱️  data_loading:
   Total: 0.006s | Avg: 0.0001s | Calls: 46
   Min: 0.0001s | Max: 0.0003s
⏱️  sample_saving:
   Total: 0.036s | Avg: 0.0036s | Calls: 10
   Min: 0.0028s | Max: 0.0047s
⏱️  data_transfer:
   Total: 0.004s | Avg: 0.0001s | Calls: 46
   Min: 0.0001s | Max: 0.0005s
⏱️  model_inference:
   Total: 1.103s | Avg: 0.0240s | Calls: 46
   Min: 0.0180s | Max: 0.0356s
⏱️  feature_processing:
   Total: 58.027s | Avg: 1.2615s | Calls: 46
   Min: 0.1881s | Max: 1.3032s
⏱️  feature_accumulation:
   Total: 0.000s | Avg: 0.0000s | Calls: 46
   Min: 0.0000s | Max: 0.0000s
⏱️  batch_processing:
   Total: 63.139s | Avg: 1.3726s | Calls: 46
   Min: 0.6658s | Max: 2.3867s
⏱️  feature_combining:
   Total: 0.028s | Avg: 0.0055s | Calls: 5
   Min: 0.0044s | Max: 0.0065s
⏱️  hdf5_writing:
   Total: 3.230s | Avg: 0.6459s | Calls: 5
   Min: 0.3257s | Max: 0.9421s
⏱️  memory_cleanup:
   Total: 0.712s | Avg: 0.1423s | Calls: 5
   Min: 0.1201s | Max: 0.1862s
⏱️  total_computation:
   Total: 210.278s | Avg: 210.2781s | Calls: 1
⏱️  slide_processing:
   Total: 210.279s | Avg: 210.2791s | Calls: 1

🚨 BOTTLENECK ANALYSIS (Total Runtime: 547.771s):
   🔥 slide_processing: 210.279s (38.4%)
   🔥 total_computation: 210.278s (38.4%)
   🔥 batch_processing: 63.139s (11.5%)
   🔥 feature_processing: 58.027s (10.6%)

📊 OPERATION COUNTS:
   hdf5_write_operations: 5
   patches_processed: 23,118
   GPU Memory - Max: 4226.2MB | Avg: 3919.0MB

💡 OPTIMIZATION RECOMMENDATIONS:
================================================================================
📊 Features shape: (23118, 1536), Coords shape: (23118, 2)
💾 Saved features to /nemo/project/proj-tracerx-lung/tctProjects/kilimo/TracerX_WSIs/20X/uni_v2/pt_files/LTX0339_1F_SU.pt

🔄 Processing slide 61/121: LTX0343_A2_SU
downsample [1. 1.]
downsampled_level_dim [130560  73216]
level_dim [130560  73216]
name LTX0343_A2_SU
patch_level 0
patch_size 580
save_path /nemo/project/proj-tracerx-lung/tctProjects/kilimo/TracerX_WSIs/20X/patches/patches

feature extraction settings
transformations:  Compose(
    Resize(size=224, interpolation=bilinear, max_size=None, antialias=True)
    CenterCrop(size=(224, 224))
    MaybeToTensor()
    Normalize(mean=tensor([0.4850, 0.4560, 0.4060]), std=tensor([0.2290, 0.2240, 0.2250]))
)
📦 Dataset size: 15785 patches, 31 batches
🔍 Processing a total of 31 batches with profiling enabled
Saving random samples to /nemo/project/proj-tracerx-lung/tctProjects/kilimo/TracerX_WSIs/20X/uni_v2/samples/LTX0343_A2_SU
Saved 10/10 random sample images for slide LTX0343_A2_SU
✅ Features extracted in 152.5s

================================================================================
🔍 PERFORMANCE PROFILING SUMMARY - LTX0343_A2_SU
================================================================================
⏱️  wsi_loading:
   Total: 3.333s | Avg: 3.3333s | Calls: 1
⏱️  dataset_creation:
   Total: 0.173s | Avg: 0.1730s | Calls: 1
⏱️  data_loading:
   Total: 0.005s | Avg: 0.0001s | Calls: 31
   Min: 0.0001s | Max: 0.0003s
⏱️  sample_saving:
   Total: 0.371s | Avg: 0.0371s | Calls: 10
   Min: 0.0033s | Max: 0.3324s
⏱️  data_transfer:
   Total: 0.003s | Avg: 0.0001s | Calls: 31
   Min: 0.0001s | Max: 0.0005s
⏱️  model_inference:
   Total: 0.773s | Avg: 0.0249s | Calls: 31
   Min: 0.0178s | Max: 0.0356s
⏱️  feature_processing:
   Total: 39.620s | Avg: 1.2781s | Calls: 31
   Min: 1.0642s | Max: 1.3030s
⏱️  feature_accumulation:
   Total: 0.000s | Avg: 0.0000s | Calls: 31
   Min: 0.0000s | Max: 0.0000s
⏱️  batch_processing:
   Total: 43.848s | Avg: 1.4144s | Calls: 31
   Min: 1.2350s | Max: 2.5925s
⏱️  feature_combining:
   Total: 0.020s | Avg: 0.0049s | Calls: 4
   Min: 0.0003s | Max: 0.0073s
⏱️  hdf5_writing:
   Total: 2.530s | Avg: 0.6326s | Calls: 4
   Min: 0.0079s | Max: 1.1413s
⏱️  memory_cleanup:
   Total: 0.516s | Avg: 0.1290s | Calls: 4
   Min: 0.1140s | Max: 0.1396s
⏱️  total_computation:
   Total: 148.991s | Avg: 148.9913s | Calls: 1
⏱️  slide_processing:
   Total: 148.991s | Avg: 148.9914s | Calls: 1

🚨 BOTTLENECK ANALYSIS (Total Runtime: 389.174s):
   🔥 slide_processing: 148.991s (38.3%)
   🔥 total_computation: 148.991s (38.3%)
   🔥 batch_processing: 43.848s (11.3%)
   🔥 feature_processing: 39.620s (10.2%)

📊 OPERATION COUNTS:
   hdf5_write_operations: 4
   patches_processed: 15,785
   GPU Memory - Max: 4226.2MB | Avg: 3897.1MB

💡 OPTIMIZATION RECOMMENDATIONS:
================================================================================
📊 Features shape: (15785, 1536), Coords shape: (15785, 2)
💾 Saved features to /nemo/project/proj-tracerx-lung/tctProjects/kilimo/TracerX_WSIs/20X/uni_v2/pt_files/LTX0343_A2_SU.pt

🔄 Processing slide 62/121: LTX0348_D3_SU
downsample [1. 1.]
downsampled_level_dim [138240  92928]
level_dim [138240  92928]
name LTX0348_D3_SU
patch_level 0
patch_size 580
save_path /nemo/project/proj-tracerx-lung/tctProjects/kilimo/TracerX_WSIs/20X/patches/patches

feature extraction settings
transformations:  Compose(
    Resize(size=224, interpolation=bilinear, max_size=None, antialias=True)
    CenterCrop(size=(224, 224))
    MaybeToTensor()
    Normalize(mean=tensor([0.4850, 0.4560, 0.4060]), std=tensor([0.2290, 0.2240, 0.2250]))
)
📦 Dataset size: 18775 patches, 37 batches
🔍 Processing a total of 37 batches with profiling enabled
Saving random samples to /nemo/project/proj-tracerx-lung/tctProjects/kilimo/TracerX_WSIs/20X/uni_v2/samples/LTX0348_D3_SU
Saved 8/10 random sample images for slide LTX0348_D3_SU
✅ Features extracted in 186.7s

================================================================================
🔍 PERFORMANCE PROFILING SUMMARY - LTX0348_D3_SU
================================================================================
⏱️  wsi_loading:
   Total: 3.678s | Avg: 3.6779s | Calls: 1
⏱️  dataset_creation:
   Total: 0.179s | Avg: 0.1788s | Calls: 1
⏱️  data_loading:
   Total: 0.005s | Avg: 0.0001s | Calls: 37
   Min: 0.0001s | Max: 0.0003s
⏱️  sample_saving:
   Total: 0.033s | Avg: 0.0041s | Calls: 8
   Min: 0.0029s | Max: 0.0054s
⏱️  data_transfer:
   Total: 0.004s | Avg: 0.0001s | Calls: 37
   Min: 0.0000s | Max: 0.0003s
⏱️  model_inference:
   Total: 0.918s | Avg: 0.0248s | Calls: 37
   Min: 0.0184s | Max: 0.0362s
⏱️  feature_processing:
   Total: 47.097s | Avg: 1.2729s | Calls: 37
   Min: 0.8649s | Max: 1.3055s
⏱️  feature_accumulation:
   Total: 0.000s | Avg: 0.0000s | Calls: 37
   Min: 0.0000s | Max: 0.0000s
⏱️  batch_processing:
   Total: 49.513s | Avg: 1.3382s | Calls: 37
   Min: 1.2869s | Max: 1.7729s
⏱️  feature_combining:
   Total: 0.023s | Avg: 0.0058s | Calls: 4
   Min: 0.0025s | Max: 0.0096s
⏱️  hdf5_writing:
   Total: 0.894s | Avg: 0.2234s | Calls: 4
   Min: 0.0592s | Max: 0.2892s
⏱️  memory_cleanup:
   Total: 0.547s | Avg: 0.1368s | Calls: 4
   Min: 0.1089s | Max: 0.1903s
⏱️  total_computation:
   Total: 182.846s | Avg: 182.8461s | Calls: 1
⏱️  slide_processing:
   Total: 182.847s | Avg: 182.8470s | Calls: 1

🚨 BOTTLENECK ANALYSIS (Total Runtime: 468.583s):
   🔥 slide_processing: 182.847s (39.0%)
   🔥 total_computation: 182.846s (39.0%)
   🔥 batch_processing: 49.513s (10.6%)
   🔥 feature_processing: 47.097s (10.1%)

📊 OPERATION COUNTS:
   hdf5_write_operations: 4
   patches_processed: 18,775
   GPU Memory - Max: 4226.2MB | Avg: 3888.1MB

💡 OPTIMIZATION RECOMMENDATIONS:
================================================================================
📊 Features shape: (18775, 1536), Coords shape: (18775, 2)
💾 Saved features to /nemo/project/proj-tracerx-lung/tctProjects/kilimo/TracerX_WSIs/20X/uni_v2/pt_files/LTX0348_D3_SU.pt

🔄 Processing slide 63/121: LTX0355_A5_SU
downsample [1. 1.]
downsampled_level_dim [126720 107008]
level_dim [126720 107008]
name LTX0355_A5_SU
patch_level 0
patch_size 580
save_path /nemo/project/proj-tracerx-lung/tctProjects/kilimo/TracerX_WSIs/20X/patches/patches

feature extraction settings
transformations:  Compose(
    Resize(size=224, interpolation=bilinear, max_size=None, antialias=True)
    CenterCrop(size=(224, 224))
    MaybeToTensor()
    Normalize(mean=tensor([0.4850, 0.4560, 0.4060]), std=tensor([0.2290, 0.2240, 0.2250]))
)
📦 Dataset size: 25362 patches, 50 batches
🔍 Processing a total of 50 batches with profiling enabled
Saving random samples to /nemo/project/proj-tracerx-lung/tctProjects/kilimo/TracerX_WSIs/20X/uni_v2/samples/LTX0355_A5_SU
Saved 10/10 random sample images for slide LTX0355_A5_SU
✅ Features extracted in 291.9s

================================================================================
🔍 PERFORMANCE PROFILING SUMMARY - LTX0355_A5_SU
================================================================================
⏱️  wsi_loading:
   Total: 1.840s | Avg: 1.8400s | Calls: 1
⏱️  dataset_creation:
   Total: 0.123s | Avg: 0.1226s | Calls: 1
⏱️  data_loading:
   Total: 0.007s | Avg: 0.0001s | Calls: 50
   Min: 0.0001s | Max: 0.0003s
⏱️  sample_saving:
   Total: 0.043s | Avg: 0.0043s | Calls: 10
   Min: 0.0030s | Max: 0.0059s
⏱️  data_transfer:
   Total: 0.004s | Avg: 0.0001s | Calls: 50
   Min: 0.0001s | Max: 0.0004s
⏱️  model_inference:
   Total: 1.243s | Avg: 0.0249s | Calls: 50
   Min: 0.0182s | Max: 0.0378s
⏱️  feature_processing:
   Total: 63.584s | Avg: 1.2717s | Calls: 50
   Min: 0.6832s | Max: 1.3058s
⏱️  feature_accumulation:
   Total: 0.000s | Avg: 0.0000s | Calls: 50
   Min: 0.0000s | Max: 0.0000s
⏱️  batch_processing:
   Total: 67.345s | Avg: 1.3469s | Calls: 50
   Min: 0.8517s | Max: 2.0793s
⏱️  feature_combining:
   Total: 0.028s | Avg: 0.0057s | Calls: 5
   Min: 0.0045s | Max: 0.0062s
⏱️  hdf5_writing:
   Total: 1.823s | Avg: 0.3645s | Calls: 5
   Min: 0.0326s | Max: 0.6526s
⏱️  memory_cleanup:
   Total: 0.618s | Avg: 0.1235s | Calls: 5
   Min: 0.1120s | Max: 0.1368s
⏱️  total_computation:
   Total: 289.928s | Avg: 289.9276s | Calls: 1
⏱️  slide_processing:
   Total: 289.928s | Avg: 289.9283s | Calls: 1

🚨 BOTTLENECK ANALYSIS (Total Runtime: 716.514s):
   🔥 slide_processing: 289.928s (40.5%)
   🔥 total_computation: 289.928s (40.5%)
   🔥 batch_processing: 67.345s (9.4%)
   🔥 feature_processing: 63.584s (8.9%)

📊 OPERATION COUNTS:
   hdf5_write_operations: 5
   patches_processed: 25,362
   GPU Memory - Max: 4226.2MB | Avg: 3937.7MB

💡 OPTIMIZATION RECOMMENDATIONS:
================================================================================
📊 Features shape: (25362, 1536), Coords shape: (25362, 2)
💾 Saved features to /nemo/project/proj-tracerx-lung/tctProjects/kilimo/TracerX_WSIs/20X/uni_v2/pt_files/LTX0355_A5_SU.pt

🔄 Processing slide 64/121: LTX0357_A5_SU
downsample [1. 1.]
downsampled_level_dim [142080 101376]
level_dim [142080 101376]
name LTX0357_A5_SU
patch_level 0
patch_size 580
save_path /nemo/project/proj-tracerx-lung/tctProjects/kilimo/TracerX_WSIs/20X/patches/patches

feature extraction settings
transformations:  Compose(
    Resize(size=224, interpolation=bilinear, max_size=None, antialias=True)
    CenterCrop(size=(224, 224))
    MaybeToTensor()
    Normalize(mean=tensor([0.4850, 0.4560, 0.4060]), std=tensor([0.2290, 0.2240, 0.2250]))
)
📦 Dataset size: 26601 patches, 52 batches
🔍 Processing a total of 52 batches with profiling enabled
Saving random samples to /nemo/project/proj-tracerx-lung/tctProjects/kilimo/TracerX_WSIs/20X/uni_v2/samples/LTX0357_A5_SU
Saved 10/10 random sample images for slide LTX0357_A5_SU
✅ Features extracted in 306.7s

================================================================================
🔍 PERFORMANCE PROFILING SUMMARY - LTX0357_A5_SU
================================================================================
⏱️  wsi_loading:
   Total: 4.353s | Avg: 4.3531s | Calls: 1
⏱️  dataset_creation:
   Total: 0.211s | Avg: 0.2106s | Calls: 1
⏱️  data_loading:
   Total: 0.007s | Avg: 0.0001s | Calls: 52
   Min: 0.0001s | Max: 0.0003s
⏱️  sample_saving:
   Total: 0.037s | Avg: 0.0037s | Calls: 10
   Min: 0.0029s | Max: 0.0046s
⏱️  data_transfer:
   Total: 0.005s | Avg: 0.0001s | Calls: 52
   Min: 0.0001s | Max: 0.0003s
⏱️  model_inference:
   Total: 1.265s | Avg: 0.0243s | Calls: 52
   Min: 0.0181s | Max: 0.0354s
⏱️  feature_processing:
   Total: 66.699s | Avg: 1.2827s | Calls: 52
   Min: 1.2265s | Max: 1.3033s
⏱️  feature_accumulation:
   Total: 0.000s | Avg: 0.0000s | Calls: 52
   Min: 0.0000s | Max: 0.0000s
⏱️  batch_processing:
   Total: 73.746s | Avg: 1.4182s | Calls: 52
   Min: 1.3027s | Max: 2.5801s
⏱️  feature_combining:
   Total: 0.037s | Avg: 0.0061s | Calls: 6
   Min: 0.0011s | Max: 0.0081s
⏱️  hdf5_writing:
   Total: 4.905s | Avg: 0.8175s | Calls: 6
   Min: 0.5302s | Max: 1.1250s
⏱️  memory_cleanup:
   Total: 0.805s | Avg: 0.1341s | Calls: 6
   Min: 0.1159s | Max: 0.1473s
⏱️  total_computation:
   Total: 302.176s | Avg: 302.1763s | Calls: 1
⏱️  slide_processing:
   Total: 302.176s | Avg: 302.1764s | Calls: 1

🚨 BOTTLENECK ANALYSIS (Total Runtime: 756.421s):
   🔥 slide_processing: 302.176s (39.9%)
   🔥 total_computation: 302.176s (39.9%)
   🔥 batch_processing: 73.746s (9.7%)
   🔥 feature_processing: 66.699s (8.8%)

📊 OPERATION COUNTS:
   hdf5_write_operations: 6
   patches_processed: 26,601
   GPU Memory - Max: 4226.2MB | Avg: 3996.5MB

💡 OPTIMIZATION RECOMMENDATIONS:
================================================================================
📊 Features shape: (26601, 1536), Coords shape: (26601, 2)
💾 Saved features to /nemo/project/proj-tracerx-lung/tctProjects/kilimo/TracerX_WSIs/20X/uni_v2/pt_files/LTX0357_A5_SU.pt

🔄 Processing slide 65/121: LTX0361_A3_SU
downsample [1. 1.]
downsampled_level_dim [122880  92928]
level_dim [122880  92928]
name LTX0361_A3_SU
patch_level 0
patch_size 580
save_path /nemo/project/proj-tracerx-lung/tctProjects/kilimo/TracerX_WSIs/20X/patches/patches

feature extraction settings
transformations:  Compose(
    Resize(size=224, interpolation=bilinear, max_size=None, antialias=True)
    CenterCrop(size=(224, 224))
    MaybeToTensor()
    Normalize(mean=tensor([0.4850, 0.4560, 0.4060]), std=tensor([0.2290, 0.2240, 0.2250]))
)
📦 Dataset size: 17692 patches, 35 batches
🔍 Processing a total of 35 batches with profiling enabled
Saving random samples to /nemo/project/proj-tracerx-lung/tctProjects/kilimo/TracerX_WSIs/20X/uni_v2/samples/LTX0361_A3_SU
Saved 10/10 random sample images for slide LTX0361_A3_SU
✅ Features extracted in 209.6s

================================================================================
🔍 PERFORMANCE PROFILING SUMMARY - LTX0361_A3_SU
================================================================================
⏱️  wsi_loading:
   Total: 7.468s | Avg: 7.4685s | Calls: 1
⏱️  dataset_creation:
   Total: 0.187s | Avg: 0.1869s | Calls: 1
⏱️  data_loading:
   Total: 0.005s | Avg: 0.0001s | Calls: 35
   Min: 0.0001s | Max: 0.0003s
⏱️  sample_saving:
   Total: 0.035s | Avg: 0.0035s | Calls: 10
   Min: 0.0028s | Max: 0.0057s
⏱️  data_transfer:
   Total: 0.003s | Avg: 0.0001s | Calls: 35
   Min: 0.0000s | Max: 0.0002s
⏱️  model_inference:
   Total: 0.800s | Avg: 0.0229s | Calls: 35
   Min: 0.0179s | Max: 0.0353s
⏱️  feature_processing:
   Total: 44.433s | Avg: 1.2695s | Calls: 35
   Min: 0.7073s | Max: 1.3021s
⏱️  feature_accumulation:
   Total: 0.000s | Avg: 0.0000s | Calls: 35
   Min: 0.0000s | Max: 0.0000s
⏱️  batch_processing:
   Total: 45.969s | Avg: 1.3134s | Calls: 35
   Min: 0.8567s | Max: 1.5242s
⏱️  feature_combining:
   Total: 0.023s | Avg: 0.0058s | Calls: 4
   Min: 0.0030s | Max: 0.0082s
⏱️  hdf5_writing:
   Total: 0.191s | Avg: 0.0478s | Calls: 4
   Min: 0.0232s | Max: 0.0631s
⏱️  memory_cleanup:
   Total: 0.487s | Avg: 0.1216s | Calls: 4
   Min: 0.1021s | Max: 0.1428s
⏱️  total_computation:
   Total: 201.952s | Avg: 201.9523s | Calls: 1
⏱️  slide_processing:
   Total: 201.954s | Avg: 201.9536s | Calls: 1

🚨 BOTTLENECK ANALYSIS (Total Runtime: 503.507s):
   🔥 slide_processing: 201.954s (40.1%)
   🔥 total_computation: 201.952s (40.1%)
   🔥 batch_processing: 45.969s (9.1%)
   🔥 feature_processing: 44.433s (8.8%)

📊 OPERATION COUNTS:
   hdf5_write_operations: 4
   patches_processed: 17,692
   GPU Memory - Max: 4226.2MB | Avg: 3881.0MB

💡 OPTIMIZATION RECOMMENDATIONS:
================================================================================
📊 Features shape: (17692, 1536), Coords shape: (17692, 2)
💾 Saved features to /nemo/project/proj-tracerx-lung/tctProjects/kilimo/TracerX_WSIs/20X/uni_v2/pt_files/LTX0361_A3_SU.pt

🔄 Processing slide 66/121: LTX0365_A4_SU
downsample [1. 1.]
downsampled_level_dim [134400 109824]
level_dim [134400 109824]
name LTX0365_A4_SU
patch_level 0
patch_size 580
save_path /nemo/project/proj-tracerx-lung/tctProjects/kilimo/TracerX_WSIs/20X/patches/patches

feature extraction settings
transformations:  Compose(
    Resize(size=224, interpolation=bilinear, max_size=None, antialias=True)
    CenterCrop(size=(224, 224))
    MaybeToTensor()
    Normalize(mean=tensor([0.4850, 0.4560, 0.4060]), std=tensor([0.2290, 0.2240, 0.2250]))
)
📦 Dataset size: 26571 patches, 52 batches
🔍 Processing a total of 52 batches with profiling enabled
Saving random samples to /nemo/project/proj-tracerx-lung/tctProjects/kilimo/TracerX_WSIs/20X/uni_v2/samples/LTX0365_A4_SU
Saved 8/10 random sample images for slide LTX0365_A4_SU
✅ Features extracted in 253.8s

================================================================================
🔍 PERFORMANCE PROFILING SUMMARY - LTX0365_A4_SU
================================================================================
⏱️  wsi_loading:
   Total: 0.584s | Avg: 0.5843s | Calls: 1
⏱️  dataset_creation:
   Total: 0.114s | Avg: 0.1141s | Calls: 1
⏱️  data_loading:
   Total: 0.008s | Avg: 0.0001s | Calls: 52
   Min: 0.0001s | Max: 0.0003s
⏱️  sample_saving:
   Total: 0.071s | Avg: 0.0089s | Calls: 8
   Min: 0.0028s | Max: 0.0467s
⏱️  data_transfer:
   Total: 0.005s | Avg: 0.0001s | Calls: 52
   Min: 0.0001s | Max: 0.0004s
⏱️  model_inference:
   Total: 1.242s | Avg: 0.0239s | Calls: 52
   Min: 0.0183s | Max: 0.0444s
⏱️  feature_processing:
   Total: 66.668s | Avg: 1.2821s | Calls: 52
   Min: 1.1659s | Max: 1.3021s
⏱️  feature_accumulation:
   Total: 0.000s | Avg: 0.0000s | Calls: 52
   Min: 0.0000s | Max: 0.0000s
⏱️  batch_processing:
   Total: 69.274s | Avg: 1.3322s | Calls: 52
   Min: 1.3011s | Max: 1.6485s
⏱️  feature_combining:
   Total: 0.032s | Avg: 0.0054s | Calls: 6
   Min: 0.0013s | Max: 0.0083s
⏱️  hdf5_writing:
   Total: 0.444s | Avg: 0.0739s | Calls: 6
   Min: 0.0166s | Max: 0.2190s
⏱️  memory_cleanup:
   Total: 0.814s | Avg: 0.1357s | Calls: 6
   Min: 0.1050s | Max: 0.1791s
⏱️  total_computation:
   Total: 253.089s | Avg: 253.0887s | Calls: 1
⏱️  slide_processing:
   Total: 253.089s | Avg: 253.0888s | Calls: 1

🚨 BOTTLENECK ANALYSIS (Total Runtime: 645.433s):
   🔥 slide_processing: 253.089s (39.2%)
   🔥 total_computation: 253.089s (39.2%)
   🔥 batch_processing: 69.274s (10.7%)
   🔥 feature_processing: 66.668s (10.3%)

📊 OPERATION COUNTS:
   hdf5_write_operations: 6
   patches_processed: 26,571
   GPU Memory - Max: 4226.2MB | Avg: 3994.4MB

💡 OPTIMIZATION RECOMMENDATIONS:
================================================================================
📊 Features shape: (26571, 1536), Coords shape: (26571, 2)
💾 Saved features to /nemo/project/proj-tracerx-lung/tctProjects/kilimo/TracerX_WSIs/20X/uni_v2/pt_files/LTX0365_A4_SU.pt

🔄 Processing slide 67/121: LTX0366_A4_SU
downsample [1. 1.]
downsampled_level_dim [134400 115456]
level_dim [134400 115456]
name LTX0366_A4_SU
patch_level 0
patch_size 580
save_path /nemo/project/proj-tracerx-lung/tctProjects/kilimo/TracerX_WSIs/20X/patches/patches

feature extraction settings
transformations:  Compose(
    Resize(size=224, interpolation=bilinear, max_size=None, antialias=True)
    CenterCrop(size=(224, 224))
    MaybeToTensor()
    Normalize(mean=tensor([0.4850, 0.4560, 0.4060]), std=tensor([0.2290, 0.2240, 0.2250]))
)
📦 Dataset size: 20591 patches, 41 batches
🔍 Processing a total of 41 batches with profiling enabled
Saving random samples to /nemo/project/proj-tracerx-lung/tctProjects/kilimo/TracerX_WSIs/20X/uni_v2/samples/LTX0366_A4_SU
Saved 8/10 random sample images for slide LTX0366_A4_SU
✅ Features extracted in 185.9s

================================================================================
🔍 PERFORMANCE PROFILING SUMMARY - LTX0366_A4_SU
================================================================================
⏱️  wsi_loading:
   Total: 1.090s | Avg: 1.0898s | Calls: 1
⏱️  dataset_creation:
   Total: 0.111s | Avg: 0.1108s | Calls: 1
⏱️  data_loading:
   Total: 0.006s | Avg: 0.0001s | Calls: 41
   Min: 0.0001s | Max: 0.0003s
⏱️  sample_saving:
   Total: 0.029s | Avg: 0.0036s | Calls: 8
   Min: 0.0029s | Max: 0.0058s
⏱️  data_transfer:
   Total: 0.004s | Avg: 0.0001s | Calls: 41
   Min: 0.0001s | Max: 0.0005s
⏱️  model_inference:
   Total: 0.994s | Avg: 0.0242s | Calls: 41
   Min: 0.0184s | Max: 0.0355s
⏱️  feature_processing:
   Total: 51.575s | Avg: 1.2579s | Calls: 41
   Min: 0.2707s | Max: 1.3070s
⏱️  feature_accumulation:
   Total: 0.000s | Avg: 0.0000s | Calls: 41
   Min: 0.0000s | Max: 0.0000s
⏱️  batch_processing:
   Total: 53.981s | Avg: 1.3166s | Calls: 41
   Min: 0.4318s | Max: 1.7655s
⏱️  feature_combining:
   Total: 0.032s | Avg: 0.0065s | Calls: 5
   Min: 0.0001s | Max: 0.0106s
⏱️  hdf5_writing:
   Total: 0.661s | Avg: 0.1321s | Calls: 5
   Min: 0.0050s | Max: 0.3368s
⏱️  memory_cleanup:
   Total: 0.693s | Avg: 0.1387s | Calls: 5
   Min: 0.1232s | Max: 0.1541s
⏱️  total_computation:
   Total: 184.678s | Avg: 184.6778s | Calls: 1
⏱️  slide_processing:
   Total: 184.678s | Avg: 184.6779s | Calls: 1

🚨 BOTTLENECK ANALYSIS (Total Runtime: 478.532s):
   🔥 slide_processing: 184.678s (38.6%)
   🔥 total_computation: 184.678s (38.6%)
   🔥 batch_processing: 53.981s (11.3%)
   🔥 feature_processing: 51.575s (10.8%)

📊 OPERATION COUNTS:
   hdf5_write_operations: 5
   patches_processed: 20,591
   GPU Memory - Max: 4226.2MB | Avg: 3921.9MB

💡 OPTIMIZATION RECOMMENDATIONS:
================================================================================
📊 Features shape: (20591, 1536), Coords shape: (20591, 2)
💾 Saved features to /nemo/project/proj-tracerx-lung/tctProjects/kilimo/TracerX_WSIs/20X/uni_v2/pt_files/LTX0366_A4_SU.pt

🔄 Processing slide 68/121: LTX0372_1I_SU
downsample [1. 1.]
downsampled_level_dim [145920 112640]
level_dim [145920 112640]
name LTX0372_1I_SU
patch_level 0
patch_size 580
save_path /nemo/project/proj-tracerx-lung/tctProjects/kilimo/TracerX_WSIs/20X/patches/patches

feature extraction settings
transformations:  Compose(
    Resize(size=224, interpolation=bilinear, max_size=None, antialias=True)
    CenterCrop(size=(224, 224))
    MaybeToTensor()
    Normalize(mean=tensor([0.4850, 0.4560, 0.4060]), std=tensor([0.2290, 0.2240, 0.2250]))
)
📦 Dataset size: 26094 patches, 51 batches
🔍 Processing a total of 51 batches with profiling enabled
Saving random samples to /nemo/project/proj-tracerx-lung/tctProjects/kilimo/TracerX_WSIs/20X/uni_v2/samples/LTX0372_1I_SU
Saved 8/10 random sample images for slide LTX0372_1I_SU
✅ Features extracted in 267.7s

================================================================================
🔍 PERFORMANCE PROFILING SUMMARY - LTX0372_1I_SU
================================================================================
⏱️  wsi_loading:
   Total: 2.429s | Avg: 2.4293s | Calls: 1
⏱️  dataset_creation:
   Total: 0.129s | Avg: 0.1289s | Calls: 1
⏱️  data_loading:
   Total: 0.007s | Avg: 0.0001s | Calls: 51
   Min: 0.0001s | Max: 0.0004s
⏱️  sample_saving:
   Total: 0.033s | Avg: 0.0041s | Calls: 8
   Min: 0.0028s | Max: 0.0057s
⏱️  data_transfer:
   Total: 0.005s | Avg: 0.0001s | Calls: 51
   Min: 0.0001s | Max: 0.0003s
⏱️  model_inference:
   Total: 1.225s | Avg: 0.0240s | Calls: 51
   Min: 0.0184s | Max: 0.0392s
⏱️  feature_processing:
   Total: 65.503s | Avg: 1.2844s | Calls: 51
   Min: 1.2393s | Max: 1.3047s
⏱️  feature_accumulation:
   Total: 0.000s | Avg: 0.0000s | Calls: 51
   Min: 0.0000s | Max: 0.0000s
⏱️  batch_processing:
   Total: 72.339s | Avg: 1.4184s | Calls: 51
   Min: 1.3004s | Max: 2.6141s
⏱️  feature_combining:
   Total: 0.032s | Avg: 0.0053s | Calls: 6
   Min: 0.0003s | Max: 0.0077s
⏱️  hdf5_writing:
   Total: 4.711s | Avg: 0.7851s | Calls: 6
   Min: 0.5079s | Max: 1.1777s
⏱️  memory_cleanup:
   Total: 0.832s | Avg: 0.1387s | Calls: 6
   Min: 0.1239s | Max: 0.1633s
⏱️  total_computation:
   Total: 265.148s | Avg: 265.1477s | Calls: 1
⏱️  slide_processing:
   Total: 265.148s | Avg: 265.1478s | Calls: 1

🚨 BOTTLENECK ANALYSIS (Total Runtime: 677.540s):
   🔥 slide_processing: 265.148s (39.1%)
   🔥 total_computation: 265.148s (39.1%)
   🔥 batch_processing: 72.339s (10.7%)
   🔥 feature_processing: 65.503s (9.7%)

📊 OPERATION COUNTS:
   hdf5_write_operations: 6
   patches_processed: 26,094
   GPU Memory - Max: 4226.2MB | Avg: 3997.1MB

💡 OPTIMIZATION RECOMMENDATIONS:
================================================================================
📊 Features shape: (26094, 1536), Coords shape: (26094, 2)
💾 Saved features to /nemo/project/proj-tracerx-lung/tctProjects/kilimo/TracerX_WSIs/20X/uni_v2/pt_files/LTX0372_1I_SU.pt

🔄 Processing slide 69/121: LTX0374_3__SU
downsample [1. 1.]
downsampled_level_dim [138240 109824]
level_dim [138240 109824]
name LTX0374_3__SU
patch_level 0
patch_size 580
save_path /nemo/project/proj-tracerx-lung/tctProjects/kilimo/TracerX_WSIs/20X/patches/patches

feature extraction settings
transformations:  Compose(
    Resize(size=224, interpolation=bilinear, max_size=None, antialias=True)
    CenterCrop(size=(224, 224))
    MaybeToTensor()
    Normalize(mean=tensor([0.4850, 0.4560, 0.4060]), std=tensor([0.2290, 0.2240, 0.2250]))
)
📦 Dataset size: 27968 patches, 55 batches
🔍 Processing a total of 55 batches with profiling enabled
Saving random samples to /nemo/project/proj-tracerx-lung/tctProjects/kilimo/TracerX_WSIs/20X/uni_v2/samples/LTX0374_3__SU
Saved 10/10 random sample images for slide LTX0374_3__SU
✅ Features extracted in 327.1s

================================================================================
🔍 PERFORMANCE PROFILING SUMMARY - LTX0374_3__SU
================================================================================
⏱️  wsi_loading:
   Total: 4.106s | Avg: 4.1055s | Calls: 1
⏱️  dataset_creation:
   Total: 0.186s | Avg: 0.1863s | Calls: 1
⏱️  data_loading:
   Total: 0.008s | Avg: 0.0001s | Calls: 55
   Min: 0.0001s | Max: 0.0003s
⏱️  sample_saving:
   Total: 0.037s | Avg: 0.0037s | Calls: 10
   Min: 0.0029s | Max: 0.0048s
⏱️  data_transfer:
   Total: 0.005s | Avg: 0.0001s | Calls: 55
   Min: 0.0000s | Max: 0.0004s
⏱️  model_inference:
   Total: 1.265s | Avg: 0.0230s | Calls: 55
   Min: 0.0184s | Max: 0.0330s
⏱️  feature_processing:
   Total: 70.360s | Avg: 1.2793s | Calls: 55
   Min: 0.7991s | Max: 1.3040s
⏱️  feature_accumulation:
   Total: 0.000s | Avg: 0.0000s | Calls: 55
   Min: 0.0000s | Max: 0.0000s
⏱️  batch_processing:
   Total: 79.242s | Avg: 1.4408s | Calls: 55
   Min: 1.3015s | Max: 3.3416s
⏱️  feature_combining:
   Total: 0.034s | Avg: 0.0057s | Calls: 6
   Min: 0.0015s | Max: 0.0098s
⏱️  hdf5_writing:
   Total: 6.664s | Avg: 1.1107s | Calls: 6
   Min: 0.4470s | Max: 1.8806s
⏱️  memory_cleanup:
   Total: 0.877s | Avg: 0.1462s | Calls: 6
   Min: 0.1294s | Max: 0.1629s
⏱️  total_computation:
   Total: 322.806s | Avg: 322.8055s | Calls: 1
⏱️  slide_processing:
   Total: 322.806s | Avg: 322.8060s | Calls: 1

🚨 BOTTLENECK ANALYSIS (Total Runtime: 808.396s):
   🔥 slide_processing: 322.806s (39.9%)
   🔥 total_computation: 322.806s (39.9%)
   🔥 batch_processing: 79.242s (9.8%)
   🔥 feature_processing: 70.360s (8.7%)

📊 OPERATION COUNTS:
   hdf5_write_operations: 6
   patches_processed: 27,968
   GPU Memory - Max: 4226.2MB | Avg: 3982.6MB

💡 OPTIMIZATION RECOMMENDATIONS:
================================================================================
📊 Features shape: (27968, 1536), Coords shape: (27968, 2)
💾 Saved features to /nemo/project/proj-tracerx-lung/tctProjects/kilimo/TracerX_WSIs/20X/uni_v2/pt_files/LTX0374_3__SU.pt

🔄 Processing slide 70/121: LTX0380_A1 (new block)_SU
downsample [1. 1.]
downsampled_level_dim [92160 70400]
level_dim [92160 70400]
name LTX0380_A1 (new block)_SU
patch_level 0
patch_size 580
save_path /nemo/project/proj-tracerx-lung/tctProjects/kilimo/TracerX_WSIs/20X/patches/patches

feature extraction settings
transformations:  Compose(
    Resize(size=224, interpolation=bilinear, max_size=None, antialias=True)
    CenterCrop(size=(224, 224))
    MaybeToTensor()
    Normalize(mean=tensor([0.4850, 0.4560, 0.4060]), std=tensor([0.2290, 0.2240, 0.2250]))
)
📦 Dataset size: 9154 patches, 18 batches
🔍 Processing a total of 18 batches with profiling enabled
Saving random samples to /nemo/project/proj-tracerx-lung/tctProjects/kilimo/TracerX_WSIs/20X/uni_v2/samples/LTX0380_A1 (new block)_SU
Saved 7/10 random sample images for slide LTX0380_A1 (new block)_SU
✅ Features extracted in 109.6s

================================================================================
🔍 PERFORMANCE PROFILING SUMMARY - LTX0380_A1 (new block)_SU
================================================================================
⏱️  wsi_loading:
   Total: 7.843s | Avg: 7.8427s | Calls: 1
⏱️  dataset_creation:
   Total: 0.191s | Avg: 0.1915s | Calls: 1
⏱️  data_loading:
   Total: 0.003s | Avg: 0.0002s | Calls: 18
   Min: 0.0001s | Max: 0.0004s
⏱️  sample_saving:
   Total: 0.024s | Avg: 0.0034s | Calls: 7
   Min: 0.0028s | Max: 0.0049s
⏱️  data_transfer:
   Total: 0.002s | Avg: 0.0001s | Calls: 18
   Min: 0.0001s | Max: 0.0002s
⏱️  model_inference:
   Total: 0.447s | Avg: 0.0248s | Calls: 18
   Min: 0.0197s | Max: 0.0422s
⏱️  feature_processing:
   Total: 22.973s | Avg: 1.2763s | Calls: 18
   Min: 1.1263s | Max: 1.3091s
⏱️  feature_accumulation:
   Total: 0.000s | Avg: 0.0000s | Calls: 18
   Min: 0.0000s | Max: 0.0000s
⏱️  batch_processing:
   Total: 24.110s | Avg: 1.3394s | Calls: 18
   Min: 1.3038s | Max: 1.5695s
⏱️  feature_combining:
   Total: 0.013s | Avg: 0.0065s | Calls: 2
   Min: 0.0054s | Max: 0.0077s
⏱️  hdf5_writing:
   Total: 0.363s | Avg: 0.1814s | Calls: 2
   Min: 0.1090s | Max: 0.2538s
⏱️  memory_cleanup:
   Total: 0.289s | Avg: 0.1447s | Calls: 2
   Min: 0.1341s | Max: 0.1553s
⏱️  total_computation:
   Total: 101.568s | Avg: 101.5680s | Calls: 1
⏱️  slide_processing:
   Total: 101.568s | Avg: 101.5681s | Calls: 1

🚨 BOTTLENECK ANALYSIS (Total Runtime: 259.394s):
   🔥 slide_processing: 101.568s (39.2%)
   🔥 total_computation: 101.568s (39.2%)
   🔥 batch_processing: 24.110s (9.3%)
   🔥 feature_processing: 22.973s (8.9%)

📊 OPERATION COUNTS:
   hdf5_write_operations: 2
   patches_processed: 9,154
   GPU Memory - Max: 4226.2MB | Avg: 3683.0MB

💡 OPTIMIZATION RECOMMENDATIONS:
================================================================================
📊 Features shape: (9154, 1536), Coords shape: (9154, 2)
💾 Saved features to /nemo/project/proj-tracerx-lung/tctProjects/kilimo/TracerX_WSIs/20X/uni_v2/pt_files/LTX0380_A1 (new block)_SU.pt

🔄 Processing slide 71/121: LTX0380_A3 (new block)_SU
downsample [1. 1.]
downsampled_level_dim [72960 76032]
level_dim [72960 76032]
name LTX0380_A3 (new block)_SU
patch_level 0
patch_size 580
save_path /nemo/project/proj-tracerx-lung/tctProjects/kilimo/TracerX_WSIs/20X/patches/patches

feature extraction settings
transformations:  Compose(
    Resize(size=224, interpolation=bilinear, max_size=None, antialias=True)
    CenterCrop(size=(224, 224))
    MaybeToTensor()
    Normalize(mean=tensor([0.4850, 0.4560, 0.4060]), std=tensor([0.2290, 0.2240, 0.2250]))
)
📦 Dataset size: 7756 patches, 16 batches
🔍 Processing a total of 16 batches with profiling enabled
Saving random samples to /nemo/project/proj-tracerx-lung/tctProjects/kilimo/TracerX_WSIs/20X/uni_v2/samples/LTX0380_A3 (new block)_SU
Saved 10/10 random sample images for slide LTX0380_A3 (new block)_SU
✅ Features extracted in 80.3s

================================================================================
🔍 PERFORMANCE PROFILING SUMMARY - LTX0380_A3 (new block)_SU
================================================================================
⏱️  wsi_loading:
   Total: 0.589s | Avg: 0.5892s | Calls: 1
⏱️  dataset_creation:
   Total: 0.110s | Avg: 0.1104s | Calls: 1
⏱️  data_loading:
   Total: 0.003s | Avg: 0.0002s | Calls: 16
   Min: 0.0001s | Max: 0.0003s
⏱️  sample_saving:
   Total: 0.039s | Avg: 0.0039s | Calls: 10
   Min: 0.0028s | Max: 0.0054s
⏱️  data_transfer:
   Total: 0.001s | Avg: 0.0001s | Calls: 16
   Min: 0.0001s | Max: 0.0002s
⏱️  model_inference:
   Total: 0.373s | Avg: 0.0233s | Calls: 16
   Min: 0.0182s | Max: 0.0315s
⏱️  feature_processing:
   Total: 19.482s | Avg: 1.2176s | Calls: 16
   Min: 0.1841s | Max: 1.3048s
⏱️  feature_accumulation:
   Total: 0.000s | Avg: 0.0000s | Calls: 16
   Min: 0.0000s | Max: 0.0000s
⏱️  batch_processing:
   Total: 20.651s | Avg: 1.2907s | Calls: 16
   Min: 0.6444s | Max: 1.6272s
⏱️  feature_combining:
   Total: 0.011s | Avg: 0.0053s | Calls: 2
   Min: 0.0032s | Max: 0.0075s
⏱️  hdf5_writing:
   Total: 0.505s | Avg: 0.2526s | Calls: 2
   Min: 0.1839s | Max: 0.3213s
⏱️  memory_cleanup:
   Total: 0.239s | Avg: 0.1195s | Calls: 2
   Min: 0.1144s | Max: 0.1247s
⏱️  total_computation:
   Total: 79.598s | Avg: 79.5982s | Calls: 1
⏱️  slide_processing:
   Total: 79.598s | Avg: 79.5982s | Calls: 1

🚨 BOTTLENECK ANALYSIS (Total Runtime: 201.201s):
   🔥 slide_processing: 79.598s (39.6%)
   🔥 total_computation: 79.598s (39.6%)
   🔥 batch_processing: 20.651s (10.3%)
   🔥 feature_processing: 19.482s (9.7%)

📊 OPERATION COUNTS:
   hdf5_write_operations: 2
   patches_processed: 7,756
   GPU Memory - Max: 4226.2MB | Avg: 3611.6MB

💡 OPTIMIZATION RECOMMENDATIONS:
================================================================================
📊 Features shape: (7756, 1536), Coords shape: (7756, 2)
💾 Saved features to /nemo/project/proj-tracerx-lung/tctProjects/kilimo/TracerX_WSIs/20X/uni_v2/pt_files/LTX0380_A3 (new block)_SU.pt

🔄 Processing slide 72/121: LTX0380_A3_SU
downsample [1. 1.]
downsampled_level_dim [99840 84480]
level_dim [99840 84480]
name LTX0380_A3_SU
patch_level 0
patch_size 580
save_path /nemo/project/proj-tracerx-lung/tctProjects/kilimo/TracerX_WSIs/20X/patches/patches

feature extraction settings
transformations:  Compose(
    Resize(size=224, interpolation=bilinear, max_size=None, antialias=True)
    CenterCrop(size=(224, 224))
    MaybeToTensor()
    Normalize(mean=tensor([0.4850, 0.4560, 0.4060]), std=tensor([0.2290, 0.2240, 0.2250]))
)
📦 Dataset size: 8557 patches, 17 batches
🔍 Processing a total of 17 batches with profiling enabled
Saving random samples to /nemo/project/proj-tracerx-lung/tctProjects/kilimo/TracerX_WSIs/20X/uni_v2/samples/LTX0380_A3_SU
Saved 10/10 random sample images for slide LTX0380_A3_SU
✅ Features extracted in 82.3s

================================================================================
🔍 PERFORMANCE PROFILING SUMMARY - LTX0380_A3_SU
================================================================================
⏱️  wsi_loading:
   Total: 0.898s | Avg: 0.8976s | Calls: 1
⏱️  dataset_creation:
   Total: 0.138s | Avg: 0.1375s | Calls: 1
⏱️  data_loading:
   Total: 0.003s | Avg: 0.0002s | Calls: 17
   Min: 0.0001s | Max: 0.0003s
⏱️  sample_saving:
   Total: 0.036s | Avg: 0.0036s | Calls: 10
   Min: 0.0027s | Max: 0.0055s
⏱️  data_transfer:
   Total: 0.002s | Avg: 0.0001s | Calls: 17
   Min: 0.0001s | Max: 0.0003s
⏱️  model_inference:
   Total: 0.431s | Avg: 0.0254s | Calls: 17
   Min: 0.0192s | Max: 0.0363s
⏱️  feature_processing:
   Total: 21.517s | Avg: 1.2657s | Calls: 17
   Min: 0.9069s | Max: 1.3008s
⏱️  feature_accumulation:
   Total: 0.000s | Avg: 0.0000s | Calls: 17
   Min: 0.0000s | Max: 0.0000s
⏱️  batch_processing:
   Total: 22.698s | Avg: 1.3352s | Calls: 17
   Min: 1.0811s | Max: 1.8797s
⏱️  feature_combining:
   Total: 0.011s | Avg: 0.0057s | Calls: 2
   Min: 0.0041s | Max: 0.0072s
⏱️  hdf5_writing:
   Total: 0.431s | Avg: 0.2156s | Calls: 2
   Min: 0.0300s | Max: 0.4012s
⏱️  memory_cleanup:
   Total: 0.271s | Avg: 0.1355s | Calls: 2
   Min: 0.1210s | Max: 0.1500s
⏱️  total_computation:
   Total: 81.235s | Avg: 81.2352s | Calls: 1
⏱️  slide_processing:
   Total: 81.235s | Avg: 81.2353s | Calls: 1

🚨 BOTTLENECK ANALYSIS (Total Runtime: 208.905s):
   🔥 slide_processing: 81.235s (38.9%)
   🔥 total_computation: 81.235s (38.9%)
   🔥 batch_processing: 22.698s (10.9%)
   🔥 feature_processing: 21.517s (10.3%)

📊 OPERATION COUNTS:
   hdf5_write_operations: 2
   patches_processed: 8,557
   GPU Memory - Max: 4226.2MB | Avg: 3666.3MB

💡 OPTIMIZATION RECOMMENDATIONS:
================================================================================
📊 Features shape: (8557, 1536), Coords shape: (8557, 2)
💾 Saved features to /nemo/project/proj-tracerx-lung/tctProjects/kilimo/TracerX_WSIs/20X/uni_v2/pt_files/LTX0380_A3_SU.pt

🔄 Processing slide 73/121: LTX0386_A5_SU
downsample [1. 1.]
downsampled_level_dim [165120 109824]
level_dim [165120 109824]
name LTX0386_A5_SU
patch_level 0
patch_size 580
save_path /nemo/project/proj-tracerx-lung/tctProjects/kilimo/TracerX_WSIs/20X/patches/patches

feature extraction settings
transformations:  Compose(
    Resize(size=224, interpolation=bilinear, max_size=None, antialias=True)
    CenterCrop(size=(224, 224))
    MaybeToTensor()
    Normalize(mean=tensor([0.4850, 0.4560, 0.4060]), std=tensor([0.2290, 0.2240, 0.2250]))
)
📦 Dataset size: 17378 patches, 34 batches
🔍 Processing a total of 34 batches with profiling enabled
Saving random samples to /nemo/project/proj-tracerx-lung/tctProjects/kilimo/TracerX_WSIs/20X/uni_v2/samples/LTX0386_A5_SU
Saved 10/10 random sample images for slide LTX0386_A5_SU
✅ Features extracted in 213.8s

================================================================================
🔍 PERFORMANCE PROFILING SUMMARY - LTX0386_A5_SU
================================================================================
⏱️  wsi_loading:
   Total: 1.532s | Avg: 1.5318s | Calls: 1
⏱️  dataset_creation:
   Total: 0.108s | Avg: 0.1078s | Calls: 1
⏱️  data_loading:
   Total: 0.005s | Avg: 0.0001s | Calls: 34
   Min: 0.0001s | Max: 0.0003s
⏱️  sample_saving:
   Total: 0.039s | Avg: 0.0039s | Calls: 10
   Min: 0.0026s | Max: 0.0067s
⏱️  data_transfer:
   Total: 0.003s | Avg: 0.0001s | Calls: 34
   Min: 0.0001s | Max: 0.0003s
⏱️  model_inference:
   Total: 0.864s | Avg: 0.0254s | Calls: 34
   Min: 0.0203s | Max: 0.0364s
⏱️  feature_processing:
   Total: 43.682s | Avg: 1.2848s | Calls: 34
   Min: 1.2009s | Max: 1.3052s
⏱️  feature_accumulation:
   Total: 0.000s | Avg: 0.0000s | Calls: 34
   Min: 0.0000s | Max: 0.0000s
⏱️  batch_processing:
   Total: 46.420s | Avg: 1.3653s | Calls: 34
   Min: 1.3041s | Max: 2.0018s
⏱️  feature_combining:
   Total: 0.020s | Avg: 0.0050s | Calls: 4
   Min: 0.0015s | Max: 0.0077s
⏱️  hdf5_writing:
   Total: 1.274s | Avg: 0.3185s | Calls: 4
   Min: 0.0867s | Max: 0.5534s
⏱️  memory_cleanup:
   Total: 0.536s | Avg: 0.1340s | Calls: 4
   Min: 0.1258s | Max: 0.1406s
⏱️  total_computation:
   Total: 212.118s | Avg: 212.1179s | Calls: 1
⏱️  slide_processing:
   Total: 212.118s | Avg: 212.1180s | Calls: 1

🚨 BOTTLENECK ANALYSIS (Total Runtime: 518.719s):
   🔥 slide_processing: 212.118s (40.9%)
   🔥 total_computation: 212.118s (40.9%)
   🔥 batch_processing: 46.420s (8.9%)
   🔥 feature_processing: 43.682s (8.4%)

📊 OPERATION COUNTS:
   hdf5_write_operations: 4
   patches_processed: 17,378
   GPU Memory - Max: 4226.2MB | Avg: 3904.6MB

💡 OPTIMIZATION RECOMMENDATIONS:
================================================================================
📊 Features shape: (17378, 1536), Coords shape: (17378, 2)
💾 Saved features to /nemo/project/proj-tracerx-lung/tctProjects/kilimo/TracerX_WSIs/20X/uni_v2/pt_files/LTX0386_A5_SU.pt

🔄 Processing slide 74/121: LTX0411_B2_SU
downsample [1. 1.]
downsampled_level_dim [138240 115456]
level_dim [138240 115456]
name LTX0411_B2_SU
patch_level 0
patch_size 580
save_path /nemo/project/proj-tracerx-lung/tctProjects/kilimo/TracerX_WSIs/20X/patches/patches

feature extraction settings
transformations:  Compose(
    Resize(size=224, interpolation=bilinear, max_size=None, antialias=True)
    CenterCrop(size=(224, 224))
    MaybeToTensor()
    Normalize(mean=tensor([0.4850, 0.4560, 0.4060]), std=tensor([0.2290, 0.2240, 0.2250]))
)
📦 Dataset size: 26093 patches, 51 batches
🔍 Processing a total of 51 batches with profiling enabled
Saving random samples to /nemo/project/proj-tracerx-lung/tctProjects/kilimo/TracerX_WSIs/20X/uni_v2/samples/LTX0411_B2_SU
Saved 8/10 random sample images for slide LTX0411_B2_SU
✅ Features extracted in 300.1s

================================================================================
🔍 PERFORMANCE PROFILING SUMMARY - LTX0411_B2_SU
================================================================================
⏱️  wsi_loading:
   Total: 2.267s | Avg: 2.2671s | Calls: 1
⏱️  dataset_creation:
   Total: 0.122s | Avg: 0.1217s | Calls: 1
⏱️  data_loading:
   Total: 0.007s | Avg: 0.0001s | Calls: 51
   Min: 0.0001s | Max: 0.0003s
⏱️  sample_saving:
   Total: 0.030s | Avg: 0.0038s | Calls: 8
   Min: 0.0028s | Max: 0.0045s
⏱️  data_transfer:
   Total: 0.005s | Avg: 0.0001s | Calls: 51
   Min: 0.0000s | Max: 0.0003s
⏱️  model_inference:
   Total: 1.229s | Avg: 0.0241s | Calls: 51
   Min: 0.0185s | Max: 0.0362s
⏱️  feature_processing:
   Total: 65.587s | Avg: 1.2860s | Calls: 51
   Min: 1.2343s | Max: 1.3050s
⏱️  feature_accumulation:
   Total: 0.000s | Avg: 0.0000s | Calls: 51
   Min: 0.0000s | Max: 0.0000s
⏱️  batch_processing:
   Total: 72.115s | Avg: 1.4140s | Calls: 51
   Min: 1.3022s | Max: 3.4852s
⏱️  feature_combining:
   Total: 0.036s | Avg: 0.0060s | Calls: 6
   Min: 0.0002s | Max: 0.0080s
⏱️  hdf5_writing:
   Total: 4.479s | Avg: 0.7465s | Calls: 6
   Min: 0.0735s | Max: 2.0395s
⏱️  memory_cleanup:
   Total: 0.755s | Avg: 0.1259s | Calls: 6
   Min: 0.1140s | Max: 0.1454s
⏱️  total_computation:
   Total: 297.755s | Avg: 297.7548s | Calls: 1
⏱️  slide_processing:
   Total: 297.755s | Avg: 297.7549s | Calls: 1

🚨 BOTTLENECK ANALYSIS (Total Runtime: 742.142s):
   🔥 slide_processing: 297.755s (40.1%)
   🔥 total_computation: 297.755s (40.1%)
   🔥 batch_processing: 72.115s (9.7%)
   🔥 feature_processing: 65.587s (8.8%)

📊 OPERATION COUNTS:
   hdf5_write_operations: 6
   patches_processed: 26,093
   GPU Memory - Max: 4226.2MB | Avg: 3996.9MB

💡 OPTIMIZATION RECOMMENDATIONS:
================================================================================
📊 Features shape: (26093, 1536), Coords shape: (26093, 2)
💾 Saved features to /nemo/project/proj-tracerx-lung/tctProjects/kilimo/TracerX_WSIs/20X/uni_v2/pt_files/LTX0411_B2_SU.pt

🔄 Processing slide 75/121: LTX0413_3B_SU
downsample [1. 1.]
downsampled_level_dim [61440 56320]
level_dim [61440 56320]
name LTX0413_3B_SU
patch_level 0
patch_size 580
save_path /nemo/project/proj-tracerx-lung/tctProjects/kilimo/TracerX_WSIs/20X/patches/patches

feature extraction settings
transformations:  Compose(
    Resize(size=224, interpolation=bilinear, max_size=None, antialias=True)
    CenterCrop(size=(224, 224))
    MaybeToTensor()
    Normalize(mean=tensor([0.4850, 0.4560, 0.4060]), std=tensor([0.2290, 0.2240, 0.2250]))
)
📦 Dataset size: 4075 patches, 8 batches
🔍 Processing a total of 8 batches with profiling enabled
Saving random samples to /nemo/project/proj-tracerx-lung/tctProjects/kilimo/TracerX_WSIs/20X/uni_v2/samples/LTX0413_3B_SU
Saved 8/10 random sample images for slide LTX0413_3B_SU
✅ Features extracted in 45.6s

================================================================================
🔍 PERFORMANCE PROFILING SUMMARY - LTX0413_3B_SU
================================================================================
⏱️  wsi_loading:
   Total: 3.003s | Avg: 3.0029s | Calls: 1
⏱️  dataset_creation:
   Total: 0.117s | Avg: 0.1173s | Calls: 1
⏱️  data_loading:
   Total: 0.001s | Avg: 0.0001s | Calls: 8
   Min: 0.0001s | Max: 0.0003s
⏱️  sample_saving:
   Total: 0.204s | Avg: 0.0255s | Calls: 8
   Min: 0.0034s | Max: 0.1710s
⏱️  data_transfer:
   Total: 0.001s | Avg: 0.0001s | Calls: 8
   Min: 0.0001s | Max: 0.0002s
⏱️  model_inference:
   Total: 0.223s | Avg: 0.0279s | Calls: 8
   Min: 0.0211s | Max: 0.0337s
⏱️  feature_processing:
   Total: 10.203s | Avg: 1.2753s | Calls: 8
   Min: 1.2308s | Max: 1.2964s
⏱️  feature_accumulation:
   Total: 0.000s | Avg: 0.0000s | Calls: 8
   Min: 0.0000s | Max: 0.0000s
⏱️  batch_processing:
   Total: 11.939s | Avg: 1.4924s | Calls: 8
   Min: 1.3086s | Max: 2.5623s
⏱️  feature_combining:
   Total: 0.007s | Avg: 0.0074s | Calls: 1
⏱️  hdf5_writing:
   Total: 1.182s | Avg: 1.1819s | Calls: 1
⏱️  memory_cleanup:
   Total: 0.121s | Avg: 0.1214s | Calls: 1
⏱️  total_computation:
   Total: 42.488s | Avg: 42.4876s | Calls: 1
⏱️  slide_processing:
   Total: 42.488s | Avg: 42.4877s | Calls: 1

🚨 BOTTLENECK ANALYSIS (Total Runtime: 111.977s):
   🔥 slide_processing: 42.488s (37.9%)
   🔥 total_computation: 42.488s (37.9%)
   🔥 batch_processing: 11.939s (10.7%)
   🔥 feature_processing: 10.203s (9.1%)

📊 OPERATION COUNTS:
   hdf5_write_operations: 1
   patches_processed: 4,075
   GPU Memory - Max: 4216.1MB | Avg: 3424.0MB

💡 OPTIMIZATION RECOMMENDATIONS:
================================================================================
📊 Features shape: (4075, 1536), Coords shape: (4075, 2)
💾 Saved features to /nemo/project/proj-tracerx-lung/tctProjects/kilimo/TracerX_WSIs/20X/uni_v2/pt_files/LTX0413_3B_SU.pt

🔄 Processing slide 76/121: LTX0418_A7_SU
downsample [1. 1.]
downsampled_level_dim [115200 109824]
level_dim [115200 109824]
name LTX0418_A7_SU
patch_level 0
patch_size 580
save_path /nemo/project/proj-tracerx-lung/tctProjects/kilimo/TracerX_WSIs/20X/patches/patches

feature extraction settings
transformations:  Compose(
    Resize(size=224, interpolation=bilinear, max_size=None, antialias=True)
    CenterCrop(size=(224, 224))
    MaybeToTensor()
    Normalize(mean=tensor([0.4850, 0.4560, 0.4060]), std=tensor([0.2290, 0.2240, 0.2250]))
)
📦 Dataset size: 19785 patches, 39 batches
🔍 Processing a total of 39 batches with profiling enabled
Saving random samples to /nemo/project/proj-tracerx-lung/tctProjects/kilimo/TracerX_WSIs/20X/uni_v2/samples/LTX0418_A7_SU
Saved 10/10 random sample images for slide LTX0418_A7_SU
✅ Features extracted in 268.9s

================================================================================
🔍 PERFORMANCE PROFILING SUMMARY - LTX0418_A7_SU
================================================================================
⏱️  wsi_loading:
   Total: 2.961s | Avg: 2.9615s | Calls: 1
⏱️  dataset_creation:
   Total: 0.317s | Avg: 0.3174s | Calls: 1
⏱️  data_loading:
   Total: 0.005s | Avg: 0.0001s | Calls: 39
   Min: 0.0001s | Max: 0.0003s
⏱️  sample_saving:
   Total: 0.041s | Avg: 0.0041s | Calls: 10
   Min: 0.0035s | Max: 0.0049s
⏱️  data_transfer:
   Total: 0.004s | Avg: 0.0001s | Calls: 39
   Min: 0.0001s | Max: 0.0004s
⏱️  model_inference:
   Total: 0.930s | Avg: 0.0238s | Calls: 39
   Min: 0.0185s | Max: 0.0349s
⏱️  feature_processing:
   Total: 49.701s | Avg: 1.2744s | Calls: 39
   Min: 0.8224s | Max: 1.2998s
⏱️  feature_accumulation:
   Total: 0.000s | Avg: 0.0000s | Calls: 39
   Min: 0.0000s | Max: 0.0000s
⏱️  batch_processing:
   Total: 51.394s | Avg: 1.3178s | Calls: 39
   Min: 1.0075s | Max: 1.5047s
⏱️  feature_combining:
   Total: 0.025s | Avg: 0.0062s | Calls: 4
   Min: 0.0045s | Max: 0.0077s
⏱️  hdf5_writing:
   Total: 0.137s | Avg: 0.0342s | Calls: 4
   Min: 0.0320s | Max: 0.0366s
⏱️  memory_cleanup:
   Total: 0.559s | Avg: 0.1397s | Calls: 4
   Min: 0.1290s | Max: 0.1527s
⏱️  total_computation:
   Total: 265.641s | Avg: 265.6405s | Calls: 1
⏱️  slide_processing:
   Total: 265.641s | Avg: 265.6414s | Calls: 1

🚨 BOTTLENECK ANALYSIS (Total Runtime: 637.355s):
   🔥 slide_processing: 265.641s (41.7%)
   🔥 total_computation: 265.641s (41.7%)
   🔥 batch_processing: 51.394s (8.1%)
   🔥 feature_processing: 49.701s (7.8%)

📊 OPERATION COUNTS:
   hdf5_write_operations: 4
   patches_processed: 19,785
   GPU Memory - Max: 4226.2MB | Avg: 3886.1MB

💡 OPTIMIZATION RECOMMENDATIONS:
================================================================================
📊 Features shape: (19785, 1536), Coords shape: (19785, 2)
💾 Saved features to /nemo/project/proj-tracerx-lung/tctProjects/kilimo/TracerX_WSIs/20X/uni_v2/pt_files/LTX0418_A7_SU.pt

🔄 Processing slide 77/121: LTX0418_SU
downsample [1. 1.]
downsampled_level_dim [115200 104192]
level_dim [115200 104192]
name LTX0418_SU
patch_level 0
patch_size 580
save_path /nemo/project/proj-tracerx-lung/tctProjects/kilimo/TracerX_WSIs/20X/patches/patches

feature extraction settings
transformations:  Compose(
    Resize(size=224, interpolation=bilinear, max_size=None, antialias=True)
    CenterCrop(size=(224, 224))
    MaybeToTensor()
    Normalize(mean=tensor([0.4850, 0.4560, 0.4060]), std=tensor([0.2290, 0.2240, 0.2250]))
)
📦 Dataset size: 20355 patches, 40 batches
🔍 Processing a total of 40 batches with profiling enabled
Saving random samples to /nemo/project/proj-tracerx-lung/tctProjects/kilimo/TracerX_WSIs/20X/uni_v2/samples/LTX0418_SU
Saved 5/10 random sample images for slide LTX0418_SU
✅ Features extracted in 199.7s

================================================================================
🔍 PERFORMANCE PROFILING SUMMARY - LTX0418_SU
================================================================================
⏱️  wsi_loading:
   Total: 0.561s | Avg: 0.5605s | Calls: 1
⏱️  dataset_creation:
   Total: 0.112s | Avg: 0.1119s | Calls: 1
⏱️  data_loading:
   Total: 0.005s | Avg: 0.0001s | Calls: 40
   Min: 0.0001s | Max: 0.0004s
⏱️  sample_saving:
   Total: 0.020s | Avg: 0.0041s | Calls: 5
   Min: 0.0034s | Max: 0.0051s
⏱️  data_transfer:
   Total: 0.004s | Avg: 0.0001s | Calls: 40
   Min: 0.0000s | Max: 0.0004s
⏱️  model_inference:
   Total: 1.012s | Avg: 0.0253s | Calls: 40
   Min: 0.0183s | Max: 0.0352s
⏱️  feature_processing:
   Total: 51.043s | Avg: 1.2761s | Calls: 40
   Min: 0.9680s | Max: 1.3046s
⏱️  feature_accumulation:
   Total: 0.000s | Avg: 0.0000s | Calls: 40
   Min: 0.0000s | Max: 0.0000s
⏱️  batch_processing:
   Total: 52.845s | Avg: 1.3211s | Calls: 40
   Min: 1.1658s | Max: 1.5189s
⏱️  feature_combining:
   Total: 0.030s | Avg: 0.0074s | Calls: 4
   Min: 0.0065s | Max: 0.0082s
⏱️  hdf5_writing:
   Total: 0.184s | Avg: 0.0460s | Calls: 4
   Min: 0.0349s | Max: 0.0552s
⏱️  memory_cleanup:
   Total: 0.559s | Avg: 0.1396s | Calls: 4
   Min: 0.1213s | Max: 0.1620s
⏱️  total_computation:
   Total: 198.987s | Avg: 198.9871s | Calls: 1
⏱️  slide_processing:
   Total: 198.989s | Avg: 198.9889s | Calls: 1

🚨 BOTTLENECK ANALYSIS (Total Runtime: 504.350s):
   🔥 slide_processing: 198.989s (39.5%)
   🔥 total_computation: 198.987s (39.5%)
   🔥 batch_processing: 52.845s (10.5%)
   🔥 feature_processing: 51.043s (10.1%)

📊 OPERATION COUNTS:
   hdf5_write_operations: 4
   patches_processed: 20,355
   GPU Memory - Max: 4226.2MB | Avg: 3892.8MB

💡 OPTIMIZATION RECOMMENDATIONS:
================================================================================
📊 Features shape: (20355, 1536), Coords shape: (20355, 2)
💾 Saved features to /nemo/project/proj-tracerx-lung/tctProjects/kilimo/TracerX_WSIs/20X/uni_v2/pt_files/LTX0418_SU.pt

🔄 Processing slide 78/121: LTX0424_A2_SU
downsample [1. 1.]
downsampled_level_dim [134400 107008]
level_dim [134400 107008]
name LTX0424_A2_SU
patch_level 0
patch_size 580
save_path /nemo/project/proj-tracerx-lung/tctProjects/kilimo/TracerX_WSIs/20X/patches/patches

feature extraction settings
transformations:  Compose(
    Resize(size=224, interpolation=bilinear, max_size=None, antialias=True)
    CenterCrop(size=(224, 224))
    MaybeToTensor()
    Normalize(mean=tensor([0.4850, 0.4560, 0.4060]), std=tensor([0.2290, 0.2240, 0.2250]))
)
📦 Dataset size: 21849 patches, 43 batches
🔍 Processing a total of 43 batches with profiling enabled
Saving random samples to /nemo/project/proj-tracerx-lung/tctProjects/kilimo/TracerX_WSIs/20X/uni_v2/samples/LTX0424_A2_SU
Saved 9/10 random sample images for slide LTX0424_A2_SU
✅ Features extracted in 199.0s

================================================================================
🔍 PERFORMANCE PROFILING SUMMARY - LTX0424_A2_SU
================================================================================
⏱️  wsi_loading:
   Total: 0.540s | Avg: 0.5402s | Calls: 1
⏱️  dataset_creation:
   Total: 0.113s | Avg: 0.1132s | Calls: 1
⏱️  data_loading:
   Total: 0.006s | Avg: 0.0001s | Calls: 43
   Min: 0.0001s | Max: 0.0003s
⏱️  sample_saving:
   Total: 0.036s | Avg: 0.0040s | Calls: 9
   Min: 0.0030s | Max: 0.0059s
⏱️  data_transfer:
   Total: 0.004s | Avg: 0.0001s | Calls: 43
   Min: 0.0001s | Max: 0.0002s
⏱️  model_inference:
   Total: 1.148s | Avg: 0.0267s | Calls: 43
   Min: 0.0184s | Max: 0.0388s
⏱️  feature_processing:
   Total: 54.885s | Avg: 1.2764s | Calls: 43
   Min: 0.8625s | Max: 1.3022s
⏱️  feature_accumulation:
   Total: 0.000s | Avg: 0.0000s | Calls: 43
   Min: 0.0000s | Max: 0.0000s
⏱️  batch_processing:
   Total: 57.657s | Avg: 1.3409s | Calls: 43
   Min: 1.2092s | Max: 1.8951s
⏱️  feature_combining:
   Total: 0.024s | Avg: 0.0047s | Calls: 5
   Min: 0.0016s | Max: 0.0063s
⏱️  hdf5_writing:
   Total: 0.888s | Avg: 0.1777s | Calls: 5
   Min: 0.0363s | Max: 0.4637s
⏱️  memory_cleanup:
   Total: 0.667s | Avg: 0.1334s | Calls: 5
   Min: 0.1059s | Max: 0.1677s
⏱️  total_computation:
   Total: 198.365s | Avg: 198.3650s | Calls: 1
⏱️  slide_processing:
   Total: 198.366s | Avg: 198.3659s | Calls: 1

🚨 BOTTLENECK ANALYSIS (Total Runtime: 512.700s):
   🔥 slide_processing: 198.366s (38.7%)
   🔥 total_computation: 198.365s (38.7%)
   🔥 batch_processing: 57.657s (11.2%)
   🔥 feature_processing: 54.885s (10.7%)

📊 OPERATION COUNTS:
   hdf5_write_operations: 5
   patches_processed: 21,849
   GPU Memory - Max: 4226.2MB | Avg: 3944.2MB

💡 OPTIMIZATION RECOMMENDATIONS:
================================================================================
📊 Features shape: (21849, 1536), Coords shape: (21849, 2)
💾 Saved features to /nemo/project/proj-tracerx-lung/tctProjects/kilimo/TracerX_WSIs/20X/uni_v2/pt_files/LTX0424_A2_SU.pt

🔄 Processing slide 79/121: LTX0440_A9_SU
downsample [1. 1.]
downsampled_level_dim [145920 104192]
level_dim [145920 104192]
name LTX0440_A9_SU
patch_level 0
patch_size 580
save_path /nemo/project/proj-tracerx-lung/tctProjects/kilimo/TracerX_WSIs/20X/patches/patches

feature extraction settings
transformations:  Compose(
    Resize(size=224, interpolation=bilinear, max_size=None, antialias=True)
    CenterCrop(size=(224, 224))
    MaybeToTensor()
    Normalize(mean=tensor([0.4850, 0.4560, 0.4060]), std=tensor([0.2290, 0.2240, 0.2250]))
)
📦 Dataset size: 11064 patches, 22 batches
🔍 Processing a total of 22 batches with profiling enabled
Saving random samples to /nemo/project/proj-tracerx-lung/tctProjects/kilimo/TracerX_WSIs/20X/uni_v2/samples/LTX0440_A9_SU
Saved 10/10 random sample images for slide LTX0440_A9_SU
✅ Features extracted in 111.5s

================================================================================
🔍 PERFORMANCE PROFILING SUMMARY - LTX0440_A9_SU
================================================================================
⏱️  wsi_loading:
   Total: 2.034s | Avg: 2.0341s | Calls: 1
⏱️  dataset_creation:
   Total: 0.115s | Avg: 0.1145s | Calls: 1
⏱️  data_loading:
   Total: 0.003s | Avg: 0.0001s | Calls: 22
   Min: 0.0001s | Max: 0.0003s
⏱️  sample_saving:
   Total: 0.036s | Avg: 0.0036s | Calls: 10
   Min: 0.0027s | Max: 0.0047s
⏱️  data_transfer:
   Total: 0.003s | Avg: 0.0001s | Calls: 22
   Min: 0.0001s | Max: 0.0013s
⏱️  model_inference:
   Total: 0.544s | Avg: 0.0247s | Calls: 22
   Min: 0.0187s | Max: 0.0316s
⏱️  feature_processing:
   Total: 27.841s | Avg: 1.2655s | Calls: 22
   Min: 0.7768s | Max: 1.3029s
⏱️  feature_accumulation:
   Total: 0.000s | Avg: 0.0000s | Calls: 22
   Min: 0.0000s | Max: 0.0000s
⏱️  batch_processing:
   Total: 29.686s | Avg: 1.3494s | Calls: 22
   Min: 0.9276s | Max: 1.9171s
⏱️  feature_combining:
   Total: 0.020s | Avg: 0.0067s | Calls: 3
   Min: 0.0007s | Max: 0.0109s
⏱️  hdf5_writing:
   Total: 0.878s | Avg: 0.2925s | Calls: 3
   Min: 0.0189s | Max: 0.4820s
⏱️  memory_cleanup:
   Total: 0.371s | Avg: 0.1236s | Calls: 3
   Min: 0.1054s | Max: 0.1375s
⏱️  total_computation:
   Total: 109.383s | Avg: 109.3829s | Calls: 1
⏱️  slide_processing:
   Total: 109.383s | Avg: 109.3829s | Calls: 1

🚨 BOTTLENECK ANALYSIS (Total Runtime: 280.296s):
   🔥 slide_processing: 109.383s (39.0%)
   🔥 total_computation: 109.383s (39.0%)
   🔥 batch_processing: 29.686s (10.6%)
   🔥 feature_processing: 27.841s (9.9%)

📊 OPERATION COUNTS:
   hdf5_write_operations: 3
   patches_processed: 11,064
   GPU Memory - Max: 4226.2MB | Avg: 3799.0MB

💡 OPTIMIZATION RECOMMENDATIONS:
================================================================================
📊 Features shape: (11064, 1536), Coords shape: (11064, 2)
💾 Saved features to /nemo/project/proj-tracerx-lung/tctProjects/kilimo/TracerX_WSIs/20X/uni_v2/pt_files/LTX0440_A9_SU.pt

🔄 Processing slide 80/121: LTX0456_F5_SU
downsample [1. 1.]
downsampled_level_dim [134400  92928]
level_dim [134400  92928]
name LTX0456_F5_SU
patch_level 0
patch_size 580
save_path /nemo/project/proj-tracerx-lung/tctProjects/kilimo/TracerX_WSIs/20X/patches/patches

feature extraction settings
transformations:  Compose(
    Resize(size=224, interpolation=bilinear, max_size=None, antialias=True)
    CenterCrop(size=(224, 224))
    MaybeToTensor()
    Normalize(mean=tensor([0.4850, 0.4560, 0.4060]), std=tensor([0.2290, 0.2240, 0.2250]))
)
📦 Dataset size: 16122 patches, 32 batches
🔍 Processing a total of 32 batches with profiling enabled
Saving random samples to /nemo/project/proj-tracerx-lung/tctProjects/kilimo/TracerX_WSIs/20X/uni_v2/samples/LTX0456_F5_SU
Saved 10/10 random sample images for slide LTX0456_F5_SU
✅ Features extracted in 168.8s

================================================================================
🔍 PERFORMANCE PROFILING SUMMARY - LTX0456_F5_SU
================================================================================
⏱️  wsi_loading:
   Total: 2.410s | Avg: 2.4100s | Calls: 1
⏱️  dataset_creation:
   Total: 0.169s | Avg: 0.1686s | Calls: 1
⏱️  data_loading:
   Total: 0.004s | Avg: 0.0001s | Calls: 32
   Min: 0.0001s | Max: 0.0004s
⏱️  sample_saving:
   Total: 0.036s | Avg: 0.0036s | Calls: 10
   Min: 0.0028s | Max: 0.0047s
⏱️  data_transfer:
   Total: 0.003s | Avg: 0.0001s | Calls: 32
   Min: 0.0000s | Max: 0.0002s
⏱️  model_inference:
   Total: 0.751s | Avg: 0.0235s | Calls: 32
   Min: 0.0186s | Max: 0.0353s
⏱️  feature_processing:
   Total: 40.501s | Avg: 1.2657s | Calls: 32
   Min: 0.6230s | Max: 1.3069s
⏱️  feature_accumulation:
   Total: 0.000s | Avg: 0.0000s | Calls: 32
   Min: 0.0000s | Max: 0.0000s
⏱️  batch_processing:
   Total: 43.266s | Avg: 1.3520s | Calls: 32
   Min: 0.7807s | Max: 2.6974s
⏱️  feature_combining:
   Total: 0.024s | Avg: 0.0061s | Calls: 4
   Min: 0.0005s | Max: 0.0092s
⏱️  hdf5_writing:
   Total: 1.377s | Avg: 0.3443s | Calls: 4
   Min: 0.0082s | Max: 1.2430s
⏱️  memory_cleanup:
   Total: 0.577s | Avg: 0.1444s | Calls: 4
   Min: 0.1270s | Max: 0.1608s
⏱️  total_computation:
   Total: 166.185s | Avg: 166.1846s | Calls: 1
⏱️  slide_processing:
   Total: 166.186s | Avg: 166.1858s | Calls: 1

🚨 BOTTLENECK ANALYSIS (Total Runtime: 421.489s):
   🔥 slide_processing: 166.186s (39.4%)
   🔥 total_computation: 166.185s (39.4%)
   🔥 batch_processing: 43.266s (10.3%)
   🔥 feature_processing: 40.501s (9.6%)

📊 OPERATION COUNTS:
   hdf5_write_operations: 4
   patches_processed: 16,122
   GPU Memory - Max: 4226.2MB | Avg: 3877.3MB

💡 OPTIMIZATION RECOMMENDATIONS:
================================================================================
📊 Features shape: (16122, 1536), Coords shape: (16122, 2)
💾 Saved features to /nemo/project/proj-tracerx-lung/tctProjects/kilimo/TracerX_WSIs/20X/uni_v2/pt_files/LTX0456_F5_SU.pt

🔄 Processing slide 81/121: LTX0461_A3_SU
downsample [1. 1.]
downsampled_level_dim [126720 101376]
level_dim [126720 101376]
name LTX0461_A3_SU
patch_level 0
patch_size 580
save_path /nemo/project/proj-tracerx-lung/tctProjects/kilimo/TracerX_WSIs/20X/patches/patches

feature extraction settings
transformations:  Compose(
    Resize(size=224, interpolation=bilinear, max_size=None, antialias=True)
    CenterCrop(size=(224, 224))
    MaybeToTensor()
    Normalize(mean=tensor([0.4850, 0.4560, 0.4060]), std=tensor([0.2290, 0.2240, 0.2250]))
)
📦 Dataset size: 21822 patches, 43 batches
🔍 Processing a total of 43 batches with profiling enabled
Saving random samples to /nemo/project/proj-tracerx-lung/tctProjects/kilimo/TracerX_WSIs/20X/uni_v2/samples/LTX0461_A3_SU
Saved 10/10 random sample images for slide LTX0461_A3_SU
✅ Features extracted in 208.1s

================================================================================
🔍 PERFORMANCE PROFILING SUMMARY - LTX0461_A3_SU
================================================================================
⏱️  wsi_loading:
   Total: 3.279s | Avg: 3.2786s | Calls: 1
⏱️  dataset_creation:
   Total: 0.165s | Avg: 0.1651s | Calls: 1
⏱️  data_loading:
   Total: 0.006s | Avg: 0.0001s | Calls: 43
   Min: 0.0001s | Max: 0.0003s
⏱️  sample_saving:
   Total: 0.039s | Avg: 0.0039s | Calls: 10
   Min: 0.0026s | Max: 0.0054s
⏱️  data_transfer:
   Total: 0.004s | Avg: 0.0001s | Calls: 43
   Min: 0.0001s | Max: 0.0004s
⏱️  model_inference:
   Total: 1.120s | Avg: 0.0260s | Calls: 43
   Min: 0.0187s | Max: 0.0349s
⏱️  feature_processing:
   Total: 54.821s | Avg: 1.2749s | Calls: 43
   Min: 0.7940s | Max: 1.3040s
⏱️  feature_accumulation:
   Total: 0.000s | Avg: 0.0000s | Calls: 43
   Min: 0.0000s | Max: 0.0000s
⏱️  batch_processing:
   Total: 59.422s | Avg: 1.3819s | Calls: 43
   Min: 1.3042s | Max: 2.3749s
⏱️  feature_combining:
   Total: 0.029s | Avg: 0.0057s | Calls: 5
   Min: 0.0013s | Max: 0.0079s
⏱️  hdf5_writing:
   Total: 2.709s | Avg: 0.5419s | Calls: 5
   Min: 0.1986s | Max: 0.9454s
⏱️  memory_cleanup:
   Total: 0.704s | Avg: 0.1408s | Calls: 5
   Min: 0.1221s | Max: 0.1713s
⏱️  total_computation:
   Total: 204.631s | Avg: 204.6309s | Calls: 1
⏱️  slide_processing:
   Total: 204.631s | Avg: 204.6309s | Calls: 1

🚨 BOTTLENECK ANALYSIS (Total Runtime: 531.559s):
   🔥 slide_processing: 204.631s (38.5%)
   🔥 total_computation: 204.631s (38.5%)
   🔥 batch_processing: 59.422s (11.2%)
   🔥 feature_processing: 54.821s (10.3%)

📊 OPERATION COUNTS:
   hdf5_write_operations: 5
   patches_processed: 21,822
   GPU Memory - Max: 4226.2MB | Avg: 3941.6MB

💡 OPTIMIZATION RECOMMENDATIONS:
================================================================================
📊 Features shape: (21822, 1536), Coords shape: (21822, 2)
💾 Saved features to /nemo/project/proj-tracerx-lung/tctProjects/kilimo/TracerX_WSIs/20X/uni_v2/pt_files/LTX0461_A3_SU.pt

🔄 Processing slide 82/121: LTX0472_A4_SU
downsample [1. 1.]
downsampled_level_dim [134400  95744]
level_dim [134400  95744]
name LTX0472_A4_SU
patch_level 0
patch_size 580
save_path /nemo/project/proj-tracerx-lung/tctProjects/kilimo/TracerX_WSIs/20X/patches/patches

feature extraction settings
transformations:  Compose(
    Resize(size=224, interpolation=bilinear, max_size=None, antialias=True)
    CenterCrop(size=(224, 224))
    MaybeToTensor()
    Normalize(mean=tensor([0.4850, 0.4560, 0.4060]), std=tensor([0.2290, 0.2240, 0.2250]))
)
📦 Dataset size: 11213 patches, 22 batches
🔍 Processing a total of 22 batches with profiling enabled
Saving random samples to /nemo/project/proj-tracerx-lung/tctProjects/kilimo/TracerX_WSIs/20X/uni_v2/samples/LTX0472_A4_SU
Saved 8/10 random sample images for slide LTX0472_A4_SU
✅ Features extracted in 109.7s

================================================================================
🔍 PERFORMANCE PROFILING SUMMARY - LTX0472_A4_SU
================================================================================
⏱️  wsi_loading:
   Total: 5.427s | Avg: 5.4268s | Calls: 1
⏱️  dataset_creation:
   Total: 0.213s | Avg: 0.2133s | Calls: 1
⏱️  data_loading:
   Total: 0.003s | Avg: 0.0001s | Calls: 22
   Min: 0.0001s | Max: 0.0004s
⏱️  sample_saving:
   Total: 0.034s | Avg: 0.0043s | Calls: 8
   Min: 0.0030s | Max: 0.0059s
⏱️  data_transfer:
   Total: 0.002s | Avg: 0.0001s | Calls: 22
   Min: 0.0000s | Max: 0.0002s
⏱️  model_inference:
   Total: 0.575s | Avg: 0.0262s | Calls: 22
   Min: 0.0204s | Max: 0.0359s
⏱️  feature_processing:
   Total: 28.125s | Avg: 1.2784s | Calls: 22
   Min: 1.1556s | Max: 1.3001s
⏱️  feature_accumulation:
   Total: 0.000s | Avg: 0.0000s | Calls: 22
   Min: 0.0000s | Max: 0.0000s
⏱️  batch_processing:
   Total: 29.330s | Avg: 1.3332s | Calls: 22
   Min: 1.3007s | Max: 1.5590s
⏱️  feature_combining:
   Total: 0.014s | Avg: 0.0046s | Calls: 3
   Min: 0.0010s | Max: 0.0069s
⏱️  hdf5_writing:
   Total: 0.150s | Avg: 0.0499s | Calls: 3
   Min: 0.0174s | Max: 0.0969s
⏱️  memory_cleanup:
   Total: 0.430s | Avg: 0.1432s | Calls: 3
   Min: 0.1275s | Max: 0.1559s
⏱️  total_computation:
   Total: 104.020s | Avg: 104.0199s | Calls: 1
⏱️  slide_processing:
   Total: 104.020s | Avg: 104.0200s | Calls: 1

🚨 BOTTLENECK ANALYSIS (Total Runtime: 272.343s):
   🔥 slide_processing: 104.020s (38.2%)
   🔥 total_computation: 104.020s (38.2%)
   🔥 batch_processing: 29.330s (10.8%)
   🔥 feature_processing: 28.125s (10.3%)

📊 OPERATION COUNTS:
   hdf5_write_operations: 3
   patches_processed: 11,213
   GPU Memory - Max: 4226.2MB | Avg: 3820.2MB

💡 OPTIMIZATION RECOMMENDATIONS:
================================================================================
📊 Features shape: (11213, 1536), Coords shape: (11213, 2)
💾 Saved features to /nemo/project/proj-tracerx-lung/tctProjects/kilimo/TracerX_WSIs/20X/uni_v2/pt_files/LTX0472_A4_SU.pt

🔄 Processing slide 83/121: LTX0484_B4_SU
downsample [1. 1.]
downsampled_level_dim [122880 104192]
level_dim [122880 104192]
name LTX0484_B4_SU
patch_level 0
patch_size 580
save_path /nemo/project/proj-tracerx-lung/tctProjects/kilimo/TracerX_WSIs/20X/patches/patches

feature extraction settings
transformations:  Compose(
    Resize(size=224, interpolation=bilinear, max_size=None, antialias=True)
    CenterCrop(size=(224, 224))
    MaybeToTensor()
    Normalize(mean=tensor([0.4850, 0.4560, 0.4060]), std=tensor([0.2290, 0.2240, 0.2250]))
)
📦 Dataset size: 16390 patches, 33 batches
🔍 Processing a total of 33 batches with profiling enabled
Saving random samples to /nemo/project/proj-tracerx-lung/tctProjects/kilimo/TracerX_WSIs/20X/uni_v2/samples/LTX0484_B4_SU
Saved 7/10 random sample images for slide LTX0484_B4_SU
✅ Features extracted in 150.0s

================================================================================
🔍 PERFORMANCE PROFILING SUMMARY - LTX0484_B4_SU
================================================================================
⏱️  wsi_loading:
   Total: 0.538s | Avg: 0.5381s | Calls: 1
⏱️  dataset_creation:
   Total: 0.134s | Avg: 0.1341s | Calls: 1
⏱️  data_loading:
   Total: 0.004s | Avg: 0.0001s | Calls: 33
   Min: 0.0001s | Max: 0.0003s
⏱️  sample_saving:
   Total: 0.029s | Avg: 0.0042s | Calls: 7
   Min: 0.0030s | Max: 0.0051s
⏱️  data_transfer:
   Total: 0.003s | Avg: 0.0001s | Calls: 33
   Min: 0.0000s | Max: 0.0003s
⏱️  model_inference:
   Total: 0.866s | Avg: 0.0263s | Calls: 33
   Min: 0.0195s | Max: 0.0334s
⏱️  feature_processing:
   Total: 41.071s | Avg: 1.2446s | Calls: 33
   Min: 0.0034s | Max: 1.3020s
⏱️  feature_accumulation:
   Total: 0.000s | Avg: 0.0000s | Calls: 33
   Min: 0.0000s | Max: 0.0000s
⏱️  batch_processing:
   Total: 43.117s | Avg: 1.3066s | Calls: 33
   Min: 0.1627s | Max: 1.6536s
⏱️  feature_combining:
   Total: 0.023s | Avg: 0.0058s | Calls: 4
   Min: 0.0016s | Max: 0.0077s
⏱️  hdf5_writing:
   Total: 0.548s | Avg: 0.1371s | Calls: 4
   Min: 0.0190s | Max: 0.2092s
⏱️  memory_cleanup:
   Total: 0.577s | Avg: 0.1443s | Calls: 4
   Min: 0.1198s | Max: 0.1840s
⏱️  total_computation:
   Total: 149.315s | Avg: 149.3145s | Calls: 1
⏱️  slide_processing:
   Total: 149.315s | Avg: 149.3146s | Calls: 1

🚨 BOTTLENECK ANALYSIS (Total Runtime: 385.541s):
   🔥 slide_processing: 149.315s (38.7%)
   🔥 total_computation: 149.315s (38.7%)
   🔥 batch_processing: 43.117s (11.2%)
   🔥 feature_processing: 41.071s (10.7%)

📊 OPERATION COUNTS:
   hdf5_write_operations: 4
   patches_processed: 16,390
   GPU Memory - Max: 4226.2MB | Avg: 3851.2MB

💡 OPTIMIZATION RECOMMENDATIONS:
================================================================================
📊 Features shape: (16390, 1536), Coords shape: (16390, 2)
💾 Saved features to /nemo/project/proj-tracerx-lung/tctProjects/kilimo/TracerX_WSIs/20X/uni_v2/pt_files/LTX0484_B4_SU.pt

🔄 Processing slide 84/121: LTX0490_A4_SU
downsample [1. 1.]
downsampled_level_dim [149760  92928]
level_dim [149760  92928]
name LTX0490_A4_SU
patch_level 0
patch_size 580
save_path /nemo/project/proj-tracerx-lung/tctProjects/kilimo/TracerX_WSIs/20X/patches/patches

feature extraction settings
transformations:  Compose(
    Resize(size=224, interpolation=bilinear, max_size=None, antialias=True)
    CenterCrop(size=(224, 224))
    MaybeToTensor()
    Normalize(mean=tensor([0.4850, 0.4560, 0.4060]), std=tensor([0.2290, 0.2240, 0.2250]))
)
📦 Dataset size: 19067 patches, 38 batches
🔍 Processing a total of 38 batches with profiling enabled
Saving random samples to /nemo/project/proj-tracerx-lung/tctProjects/kilimo/TracerX_WSIs/20X/uni_v2/samples/LTX0490_A4_SU
Saved 10/10 random sample images for slide LTX0490_A4_SU
✅ Features extracted in 181.1s

================================================================================
🔍 PERFORMANCE PROFILING SUMMARY - LTX0490_A4_SU
================================================================================
⏱️  wsi_loading:
   Total: 0.908s | Avg: 0.9082s | Calls: 1
⏱️  dataset_creation:
   Total: 0.113s | Avg: 0.1132s | Calls: 1
⏱️  data_loading:
   Total: 0.005s | Avg: 0.0001s | Calls: 38
   Min: 0.0001s | Max: 0.0003s
⏱️  sample_saving:
   Total: 0.082s | Avg: 0.0082s | Calls: 10
   Min: 0.0026s | Max: 0.0454s
⏱️  data_transfer:
   Total: 0.003s | Avg: 0.0001s | Calls: 38
   Min: 0.0001s | Max: 0.0003s
⏱️  model_inference:
   Total: 0.917s | Avg: 0.0241s | Calls: 38
   Min: 0.0184s | Max: 0.0328s
⏱️  feature_processing:
   Total: 47.911s | Avg: 1.2608s | Calls: 38
   Min: 0.3033s | Max: 1.3046s
⏱️  feature_accumulation:
   Total: 0.000s | Avg: 0.0000s | Calls: 38
   Min: 0.0000s | Max: 0.0000s
⏱️  batch_processing:
   Total: 50.912s | Avg: 1.3398s | Calls: 38
   Min: 0.8184s | Max: 1.8534s
⏱️  feature_combining:
   Total: 0.027s | Avg: 0.0068s | Calls: 4
   Min: 0.0039s | Max: 0.0080s
⏱️  hdf5_writing:
   Total: 1.429s | Avg: 0.3571s | Calls: 4
   Min: 0.2773s | Max: 0.4178s
⏱️  memory_cleanup:
   Total: 0.548s | Avg: 0.1370s | Calls: 4
   Min: 0.1260s | Max: 0.1525s
⏱️  total_computation:
   Total: 180.080s | Avg: 180.0798s | Calls: 1
⏱️  slide_processing:
   Total: 180.080s | Avg: 180.0798s | Calls: 1

🚨 BOTTLENECK ANALYSIS (Total Runtime: 463.016s):
   🔥 slide_processing: 180.080s (38.9%)
   🔥 total_computation: 180.080s (38.9%)
   🔥 batch_processing: 50.912s (11.0%)
   🔥 feature_processing: 47.911s (10.3%)

📊 OPERATION COUNTS:
   hdf5_write_operations: 4
   patches_processed: 19,067
   GPU Memory - Max: 4226.2MB | Avg: 3862.4MB

💡 OPTIMIZATION RECOMMENDATIONS:
================================================================================
📊 Features shape: (19067, 1536), Coords shape: (19067, 2)
💾 Saved features to /nemo/project/proj-tracerx-lung/tctProjects/kilimo/TracerX_WSIs/20X/uni_v2/pt_files/LTX0490_A4_SU.pt

🔄 Processing slide 85/121: LTX0491_SU
downsample [1. 1.]
downsampled_level_dim [168960 104192]
level_dim [168960 104192]
name LTX0491_SU
patch_level 0
patch_size 580
save_path /nemo/project/proj-tracerx-lung/tctProjects/kilimo/TracerX_WSIs/20X/patches/patches

feature extraction settings
transformations:  Compose(
    Resize(size=224, interpolation=bilinear, max_size=None, antialias=True)
    CenterCrop(size=(224, 224))
    MaybeToTensor()
    Normalize(mean=tensor([0.4850, 0.4560, 0.4060]), std=tensor([0.2290, 0.2240, 0.2250]))
)
📦 Dataset size: 22807 patches, 45 batches
🔍 Processing a total of 45 batches with profiling enabled
Saving random samples to /nemo/project/proj-tracerx-lung/tctProjects/kilimo/TracerX_WSIs/20X/uni_v2/samples/LTX0491_SU
Saved 10/10 random sample images for slide LTX0491_SU
✅ Features extracted in 224.9s

================================================================================
🔍 PERFORMANCE PROFILING SUMMARY - LTX0491_SU
================================================================================
⏱️  wsi_loading:
   Total: 1.385s | Avg: 1.3849s | Calls: 1
⏱️  dataset_creation:
   Total: 0.105s | Avg: 0.1046s | Calls: 1
⏱️  data_loading:
   Total: 0.006s | Avg: 0.0001s | Calls: 45
   Min: 0.0001s | Max: 0.0003s
⏱️  sample_saving:
   Total: 0.041s | Avg: 0.0041s | Calls: 10
   Min: 0.0032s | Max: 0.0055s
⏱️  data_transfer:
   Total: 0.004s | Avg: 0.0001s | Calls: 45
   Min: 0.0001s | Max: 0.0004s
⏱️  model_inference:
   Total: 1.150s | Avg: 0.0256s | Calls: 45
   Min: 0.0205s | Max: 0.0346s
⏱️  feature_processing:
   Total: 57.272s | Avg: 1.2727s | Calls: 45
   Min: 0.7144s | Max: 1.3017s
⏱️  feature_accumulation:
   Total: 0.000s | Avg: 0.0000s | Calls: 45
   Min: 0.0000s | Max: 0.0000s
⏱️  batch_processing:
   Total: 60.086s | Avg: 1.3352s | Calls: 45
   Min: 0.8922s | Max: 1.8761s
⏱️  feature_combining:
   Total: 0.038s | Avg: 0.0077s | Calls: 5
   Min: 0.0021s | Max: 0.0134s
⏱️  hdf5_writing:
   Total: 0.888s | Avg: 0.1775s | Calls: 5
   Min: 0.0350s | Max: 0.4299s
⏱️  memory_cleanup:
   Total: 0.702s | Avg: 0.1405s | Calls: 5
   Min: 0.1192s | Max: 0.1503s
⏱️  total_computation:
   Total: 223.455s | Avg: 223.4547s | Calls: 1
⏱️  slide_processing:
   Total: 223.455s | Avg: 223.4548s | Calls: 1

🚨 BOTTLENECK ANALYSIS (Total Runtime: 568.587s):
   🔥 slide_processing: 223.455s (39.3%)
   🔥 total_computation: 223.455s (39.3%)
   🔥 batch_processing: 60.086s (10.6%)
   🔥 feature_processing: 57.272s (10.1%)

📊 OPERATION COUNTS:
   hdf5_write_operations: 5
   patches_processed: 22,807
   GPU Memory - Max: 4226.2MB | Avg: 3937.9MB

💡 OPTIMIZATION RECOMMENDATIONS:
================================================================================
📊 Features shape: (22807, 1536), Coords shape: (22807, 2)
💾 Saved features to /nemo/project/proj-tracerx-lung/tctProjects/kilimo/TracerX_WSIs/20X/uni_v2/pt_files/LTX0491_SU.pt

🔄 Processing slide 86/121: LTX0496_A4_SU
downsample [1. 1.]
downsampled_level_dim [172800 109824]
level_dim [172800 109824]
name LTX0496_A4_SU
patch_level 0
patch_size 580
save_path /nemo/project/proj-tracerx-lung/tctProjects/kilimo/TracerX_WSIs/20X/patches/patches

feature extraction settings
transformations:  Compose(
    Resize(size=224, interpolation=bilinear, max_size=None, antialias=True)
    CenterCrop(size=(224, 224))
    MaybeToTensor()
    Normalize(mean=tensor([0.4850, 0.4560, 0.4060]), std=tensor([0.2290, 0.2240, 0.2250]))
)
📦 Dataset size: 15920 patches, 32 batches
🔍 Processing a total of 32 batches with profiling enabled
Saving random samples to /nemo/project/proj-tracerx-lung/tctProjects/kilimo/TracerX_WSIs/20X/uni_v2/samples/LTX0496_A4_SU
Saved 10/10 random sample images for slide LTX0496_A4_SU
✅ Features extracted in 160.6s

================================================================================
🔍 PERFORMANCE PROFILING SUMMARY - LTX0496_A4_SU
================================================================================
⏱️  wsi_loading:
   Total: 2.460s | Avg: 2.4603s | Calls: 1
⏱️  dataset_creation:
   Total: 0.122s | Avg: 0.1218s | Calls: 1
⏱️  data_loading:
   Total: 0.005s | Avg: 0.0002s | Calls: 32
   Min: 0.0001s | Max: 0.0005s
⏱️  sample_saving:
   Total: 0.040s | Avg: 0.0040s | Calls: 10
   Min: 0.0030s | Max: 0.0053s
⏱️  data_transfer:
   Total: 0.003s | Avg: 0.0001s | Calls: 32
   Min: 0.0001s | Max: 0.0002s
⏱️  model_inference:
   Total: 0.788s | Avg: 0.0246s | Calls: 32
   Min: 0.0184s | Max: 0.0390s
⏱️  feature_processing:
   Total: 39.902s | Avg: 1.2469s | Calls: 32
   Min: 0.1149s | Max: 1.3006s
⏱️  feature_accumulation:
   Total: 0.000s | Avg: 0.0000s | Calls: 32
   Min: 0.0000s | Max: 0.0000s
⏱️  batch_processing:
   Total: 41.871s | Avg: 1.3085s | Calls: 32
   Min: 0.2577s | Max: 1.7665s
⏱️  feature_combining:
   Total: 0.020s | Avg: 0.0051s | Calls: 4
   Min: 0.0005s | Max: 0.0081s
⏱️  hdf5_writing:
   Total: 0.551s | Avg: 0.1378s | Calls: 4
   Min: 0.0066s | Max: 0.2757s
⏱️  memory_cleanup:
   Total: 0.566s | Avg: 0.1414s | Calls: 4
   Min: 0.1164s | Max: 0.1806s
⏱️  total_computation:
   Total: 158.028s | Avg: 158.0280s | Calls: 1
⏱️  slide_processing:
   Total: 158.028s | Avg: 158.0281s | Calls: 1

🚨 BOTTLENECK ANALYSIS (Total Runtime: 402.384s):
   🔥 slide_processing: 158.028s (39.3%)
   🔥 total_computation: 158.028s (39.3%)
   🔥 batch_processing: 41.871s (10.4%)
   🔥 feature_processing: 39.902s (9.9%)

📊 OPERATION COUNTS:
   hdf5_write_operations: 4
   patches_processed: 15,920
   GPU Memory - Max: 4226.2MB | Avg: 3854.1MB

💡 OPTIMIZATION RECOMMENDATIONS:
================================================================================
📊 Features shape: (15920, 1536), Coords shape: (15920, 2)
💾 Saved features to /nemo/project/proj-tracerx-lung/tctProjects/kilimo/TracerX_WSIs/20X/uni_v2/pt_files/LTX0496_A4_SU.pt

🔄 Processing slide 87/121: LTX0503_B3_SU
downsample [1. 1.]
downsampled_level_dim [110592 101888]
level_dim [110592 101888]
name LTX0503_B3_SU
patch_level 0
patch_size 561
save_path /nemo/project/proj-tracerx-lung/tctProjects/kilimo/TracerX_WSIs/20X/patches/patches

feature extraction settings
transformations:  Compose(
    Resize(size=224, interpolation=bilinear, max_size=None, antialias=True)
    CenterCrop(size=(224, 224))
    MaybeToTensor()
    Normalize(mean=tensor([0.4850, 0.4560, 0.4060]), std=tensor([0.2290, 0.2240, 0.2250]))
)
📦 Dataset size: 28107 patches, 55 batches
🔍 Processing a total of 55 batches with profiling enabled
Saving random samples to /nemo/project/proj-tracerx-lung/tctProjects/kilimo/TracerX_WSIs/20X/uni_v2/samples/LTX0503_B3_SU
Saved 10/10 random sample images for slide LTX0503_B3_SU
✅ Features extracted in 289.4s

================================================================================
🔍 PERFORMANCE PROFILING SUMMARY - LTX0503_B3_SU
================================================================================
⏱️  wsi_loading:
   Total: 0.286s | Avg: 0.2863s | Calls: 1
⏱️  dataset_creation:
   Total: 0.126s | Avg: 0.1258s | Calls: 1
⏱️  data_loading:
   Total: 0.008s | Avg: 0.0001s | Calls: 55
   Min: 0.0001s | Max: 0.0003s
⏱️  sample_saving:
   Total: 0.034s | Avg: 0.0034s | Calls: 10
   Min: 0.0029s | Max: 0.0043s
⏱️  data_transfer:
   Total: 0.006s | Avg: 0.0001s | Calls: 55
   Min: 0.0001s | Max: 0.0006s
⏱️  model_inference:
   Total: 1.330s | Avg: 0.0242s | Calls: 55
   Min: 0.0204s | Max: 0.0322s
⏱️  feature_processing:
   Total: 70.479s | Avg: 1.2814s | Calls: 55
   Min: 1.1522s | Max: 1.3015s
⏱️  feature_accumulation:
   Total: 0.000s | Avg: 0.0000s | Calls: 55
   Min: 0.0000s | Max: 0.0000s
⏱️  batch_processing:
   Total: 75.664s | Avg: 1.3757s | Calls: 55
   Min: 1.3037s | Max: 2.5800s
⏱️  feature_combining:
   Total: 0.046s | Avg: 0.0077s | Calls: 6
   Min: 0.0021s | Max: 0.0111s
⏱️  hdf5_writing:
   Total: 2.942s | Avg: 0.4903s | Calls: 6
   Min: 0.0212s | Max: 1.1478s
⏱️  memory_cleanup:
   Total: 0.839s | Avg: 0.1398s | Calls: 6
   Min: 0.1120s | Max: 0.1686s
⏱️  total_computation:
   Total: 289.027s | Avg: 289.0274s | Calls: 1
⏱️  slide_processing:
   Total: 289.029s | Avg: 289.0293s | Calls: 1

🚨 BOTTLENECK ANALYSIS (Total Runtime: 729.816s):
   🔥 slide_processing: 289.029s (39.6%)
   🔥 total_computation: 289.027s (39.6%)
   🔥 batch_processing: 75.664s (10.4%)
   🔥 feature_processing: 70.479s (9.7%)

📊 OPERATION COUNTS:
   hdf5_write_operations: 6
   patches_processed: 28,107
   GPU Memory - Max: 4226.2MB | Avg: 3994.4MB

💡 OPTIMIZATION RECOMMENDATIONS:
================================================================================
📊 Features shape: (28107, 1536), Coords shape: (28107, 2)
💾 Saved features to /nemo/project/proj-tracerx-lung/tctProjects/kilimo/TracerX_WSIs/20X/uni_v2/pt_files/LTX0503_B3_SU.pt

🔄 Processing slide 88/121: LTX0505_1E_SU
downsample [1. 1.]
downsampled_level_dim [142080 115456]
level_dim [142080 115456]
name LTX0505_1E_SU
patch_level 0
patch_size 580
save_path /nemo/project/proj-tracerx-lung/tctProjects/kilimo/TracerX_WSIs/20X/patches/patches

feature extraction settings
transformations:  Compose(
    Resize(size=224, interpolation=bilinear, max_size=None, antialias=True)
    CenterCrop(size=(224, 224))
    MaybeToTensor()
    Normalize(mean=tensor([0.4850, 0.4560, 0.4060]), std=tensor([0.2290, 0.2240, 0.2250]))
)
📦 Dataset size: 17633 patches, 35 batches
🔍 Processing a total of 35 batches with profiling enabled
Saving random samples to /nemo/project/proj-tracerx-lung/tctProjects/kilimo/TracerX_WSIs/20X/uni_v2/samples/LTX0505_1E_SU
Saved 10/10 random sample images for slide LTX0505_1E_SU
✅ Features extracted in 178.5s

================================================================================
🔍 PERFORMANCE PROFILING SUMMARY - LTX0505_1E_SU
================================================================================
⏱️  wsi_loading:
   Total: 2.657s | Avg: 2.6570s | Calls: 1
⏱️  dataset_creation:
   Total: 0.454s | Avg: 0.4542s | Calls: 1
⏱️  data_loading:
   Total: 0.005s | Avg: 0.0002s | Calls: 35
   Min: 0.0001s | Max: 0.0003s
⏱️  sample_saving:
   Total: 0.036s | Avg: 0.0036s | Calls: 10
   Min: 0.0029s | Max: 0.0050s
⏱️  data_transfer:
   Total: 0.003s | Avg: 0.0001s | Calls: 35
   Min: 0.0001s | Max: 0.0002s
⏱️  model_inference:
   Total: 0.879s | Avg: 0.0251s | Calls: 35
   Min: 0.0203s | Max: 0.0373s
⏱️  feature_processing:
   Total: 44.277s | Avg: 1.2651s | Calls: 35
   Min: 0.5564s | Max: 1.3052s
⏱️  feature_accumulation:
   Total: 0.000s | Avg: 0.0000s | Calls: 35
   Min: 0.0000s | Max: 0.0000s
⏱️  batch_processing:
   Total: 46.447s | Avg: 1.3271s | Calls: 35
   Min: 0.7224s | Max: 2.0521s
⏱️  feature_combining:
   Total: 0.023s | Avg: 0.0058s | Calls: 4
   Min: 0.0021s | Max: 0.0077s
⏱️  hdf5_writing:
   Total: 0.709s | Avg: 0.1773s | Calls: 4
   Min: 0.0205s | Max: 0.5969s
⏱️  memory_cleanup:
   Total: 0.520s | Avg: 0.1300s | Calls: 4
   Min: 0.1131s | Max: 0.1488s
⏱️  total_computation:
   Total: 175.424s | Avg: 175.4237s | Calls: 1
⏱️  slide_processing:
   Total: 175.425s | Avg: 175.4245s | Calls: 1

🚨 BOTTLENECK ANALYSIS (Total Runtime: 446.860s):
   🔥 slide_processing: 175.425s (39.3%)
   🔥 total_computation: 175.424s (39.3%)
   🔥 batch_processing: 46.447s (10.4%)
   🔥 feature_processing: 44.277s (9.9%)

📊 OPERATION COUNTS:
   hdf5_write_operations: 4
   patches_processed: 17,633
   GPU Memory - Max: 4226.2MB | Avg: 3874.2MB

💡 OPTIMIZATION RECOMMENDATIONS:
================================================================================
📊 Features shape: (17633, 1536), Coords shape: (17633, 2)
💾 Saved features to /nemo/project/proj-tracerx-lung/tctProjects/kilimo/TracerX_WSIs/20X/uni_v2/pt_files/LTX0505_1E_SU.pt

🔄 Processing slide 89/121: LTX0513_A1_SU
downsample [1. 1.]
downsampled_level_dim [145920 115456]
level_dim [145920 115456]
name LTX0513_A1_SU
patch_level 0
patch_size 580
save_path /nemo/project/proj-tracerx-lung/tctProjects/kilimo/TracerX_WSIs/20X/patches/patches

feature extraction settings
transformations:  Compose(
    Resize(size=224, interpolation=bilinear, max_size=None, antialias=True)
    CenterCrop(size=(224, 224))
    MaybeToTensor()
    Normalize(mean=tensor([0.4850, 0.4560, 0.4060]), std=tensor([0.2290, 0.2240, 0.2250]))
)
📦 Dataset size: 24642 patches, 49 batches
🔍 Processing a total of 49 batches with profiling enabled
Saving random samples to /nemo/project/proj-tracerx-lung/tctProjects/kilimo/TracerX_WSIs/20X/uni_v2/samples/LTX0513_A1_SU
Saved 10/10 random sample images for slide LTX0513_A1_SU
✅ Features extracted in 244.1s

================================================================================
🔍 PERFORMANCE PROFILING SUMMARY - LTX0513_A1_SU
================================================================================
⏱️  wsi_loading:
   Total: 0.621s | Avg: 0.6213s | Calls: 1
⏱️  dataset_creation:
   Total: 0.097s | Avg: 0.0967s | Calls: 1
⏱️  data_loading:
   Total: 0.007s | Avg: 0.0001s | Calls: 49
   Min: 0.0001s | Max: 0.0004s
⏱️  sample_saving:
   Total: 0.042s | Avg: 0.0042s | Calls: 10
   Min: 0.0030s | Max: 0.0064s
⏱️  data_transfer:
   Total: 0.004s | Avg: 0.0001s | Calls: 49
   Min: 0.0000s | Max: 0.0004s
⏱️  model_inference:
   Total: 1.243s | Avg: 0.0254s | Calls: 49
   Min: 0.0180s | Max: 0.0434s
⏱️  feature_processing:
   Total: 61.826s | Avg: 1.2618s | Calls: 49
   Min: 0.1595s | Max: 1.3073s
⏱️  feature_accumulation:
   Total: 0.000s | Avg: 0.0000s | Calls: 49
   Min: 0.0000s | Max: 0.0000s
⏱️  batch_processing:
   Total: 64.159s | Avg: 1.3094s | Calls: 49
   Min: 0.4265s | Max: 1.5341s
⏱️  feature_combining:
   Total: 0.030s | Avg: 0.0059s | Calls: 5
   Min: 0.0044s | Max: 0.0073s
⏱️  hdf5_writing:
   Total: 0.296s | Avg: 0.0592s | Calls: 5
   Min: 0.0360s | Max: 0.1075s
⏱️  memory_cleanup:
   Total: 0.716s | Avg: 0.1432s | Calls: 5
   Min: 0.1241s | Max: 0.1711s
⏱️  total_computation:
   Total: 243.419s | Avg: 243.4188s | Calls: 1
⏱️  slide_processing:
   Total: 243.419s | Avg: 243.4194s | Calls: 1

🚨 BOTTLENECK ANALYSIS (Total Runtime: 615.879s):
   🔥 slide_processing: 243.419s (39.5%)
   🔥 total_computation: 243.419s (39.5%)
   🔥 batch_processing: 64.159s (10.4%)
   🔥 feature_processing: 61.826s (10.0%)

📊 OPERATION COUNTS:
   hdf5_write_operations: 5
   patches_processed: 24,642
   GPU Memory - Max: 4226.2MB | Avg: 3917.9MB

💡 OPTIMIZATION RECOMMENDATIONS:
================================================================================
📊 Features shape: (24642, 1536), Coords shape: (24642, 2)
💾 Saved features to /nemo/project/proj-tracerx-lung/tctProjects/kilimo/TracerX_WSIs/20X/uni_v2/pt_files/LTX0513_A1_SU.pt

🔄 Processing slide 90/121: LTX0533_2_SU
downsample [1. 1.]
downsampled_level_dim [119040 115456]
level_dim [119040 115456]
name LTX0533_2_SU
patch_level 0
patch_size 580
save_path /nemo/project/proj-tracerx-lung/tctProjects/kilimo/TracerX_WSIs/20X/patches/patches

feature extraction settings
transformations:  Compose(
    Resize(size=224, interpolation=bilinear, max_size=None, antialias=True)
    CenterCrop(size=(224, 224))
    MaybeToTensor()
    Normalize(mean=tensor([0.4850, 0.4560, 0.4060]), std=tensor([0.2290, 0.2240, 0.2250]))
)
📦 Dataset size: 13777 patches, 27 batches
🔍 Processing a total of 27 batches with profiling enabled
Saving random samples to /nemo/project/proj-tracerx-lung/tctProjects/kilimo/TracerX_WSIs/20X/uni_v2/samples/LTX0533_2_SU
Saved 9/10 random sample images for slide LTX0533_2_SU
✅ Features extracted in 128.1s

================================================================================
🔍 PERFORMANCE PROFILING SUMMARY - LTX0533_2_SU
================================================================================
⏱️  wsi_loading:
   Total: 0.676s | Avg: 0.6763s | Calls: 1
⏱️  dataset_creation:
   Total: 0.116s | Avg: 0.1164s | Calls: 1
⏱️  data_loading:
   Total: 0.004s | Avg: 0.0001s | Calls: 27
   Min: 0.0001s | Max: 0.0003s
⏱️  sample_saving:
   Total: 0.077s | Avg: 0.0086s | Calls: 9
   Min: 0.0031s | Max: 0.0452s
⏱️  data_transfer:
   Total: 0.003s | Avg: 0.0001s | Calls: 27
   Min: 0.0001s | Max: 0.0003s
⏱️  model_inference:
   Total: 0.748s | Avg: 0.0277s | Calls: 27
   Min: 0.0208s | Max: 0.0378s
⏱️  feature_processing:
   Total: 34.507s | Avg: 1.2780s | Calls: 27
   Min: 1.1652s | Max: 1.2984s
⏱️  feature_accumulation:
   Total: 0.000s | Avg: 0.0000s | Calls: 27
   Min: 0.0000s | Max: 0.0000s
⏱️  batch_processing:
   Total: 36.562s | Avg: 1.3541s | Calls: 27
   Min: 1.3032s | Max: 1.8059s
⏱️  feature_combining:
   Total: 0.026s | Avg: 0.0086s | Calls: 3
   Min: 0.0060s | Max: 0.0115s
⏱️  hdf5_writing:
   Total: 0.794s | Avg: 0.2646s | Calls: 3
   Min: 0.0392s | Max: 0.5005s
⏱️  memory_cleanup:
   Total: 0.416s | Avg: 0.1386s | Calls: 3
   Min: 0.1163s | Max: 0.1715s
⏱️  total_computation:
   Total: 127.274s | Avg: 127.2744s | Calls: 1
⏱️  slide_processing:
   Total: 127.275s | Avg: 127.2749s | Calls: 1

🚨 BOTTLENECK ANALYSIS (Total Runtime: 328.478s):
   🔥 slide_processing: 127.275s (38.7%)
   🔥 total_computation: 127.274s (38.7%)
   🔥 batch_processing: 36.562s (11.1%)
   🔥 feature_processing: 34.507s (10.5%)

📊 OPERATION COUNTS:
   hdf5_write_operations: 3
   patches_processed: 13,777
   GPU Memory - Max: 4226.2MB | Avg: 3820.8MB

💡 OPTIMIZATION RECOMMENDATIONS:
================================================================================
📊 Features shape: (13777, 1536), Coords shape: (13777, 2)
💾 Saved features to /nemo/project/proj-tracerx-lung/tctProjects/kilimo/TracerX_WSIs/20X/uni_v2/pt_files/LTX0533_2_SU.pt

🔄 Processing slide 91/121: LTX0536_1C_SU
downsample [1. 1.]
downsampled_level_dim [142080 109824]
level_dim [142080 109824]
name LTX0536_1C_SU
patch_level 0
patch_size 580
save_path /nemo/project/proj-tracerx-lung/tctProjects/kilimo/TracerX_WSIs/20X/patches/patches

feature extraction settings
transformations:  Compose(
    Resize(size=224, interpolation=bilinear, max_size=None, antialias=True)
    CenterCrop(size=(224, 224))
    MaybeToTensor()
    Normalize(mean=tensor([0.4850, 0.4560, 0.4060]), std=tensor([0.2290, 0.2240, 0.2250]))
)
📦 Dataset size: 20253 patches, 40 batches
🔍 Processing a total of 40 batches with profiling enabled
Saving random samples to /nemo/project/proj-tracerx-lung/tctProjects/kilimo/TracerX_WSIs/20X/uni_v2/samples/LTX0536_1C_SU
Saved 10/10 random sample images for slide LTX0536_1C_SU
✅ Features extracted in 199.9s

================================================================================
🔍 PERFORMANCE PROFILING SUMMARY - LTX0536_1C_SU
================================================================================
⏱️  wsi_loading:
   Total: 2.759s | Avg: 2.7587s | Calls: 1
⏱️  dataset_creation:
   Total: 0.136s | Avg: 0.1361s | Calls: 1
⏱️  data_loading:
   Total: 0.006s | Avg: 0.0001s | Calls: 40
   Min: 0.0001s | Max: 0.0004s
⏱️  sample_saving:
   Total: 0.149s | Avg: 0.0149s | Calls: 10
   Min: 0.0029s | Max: 0.1107s
⏱️  data_transfer:
   Total: 0.003s | Avg: 0.0001s | Calls: 40
   Min: 0.0000s | Max: 0.0002s
⏱️  model_inference:
   Total: 0.990s | Avg: 0.0248s | Calls: 40
   Min: 0.0180s | Max: 0.0385s
⏱️  feature_processing:
   Total: 50.868s | Avg: 1.2717s | Calls: 40
   Min: 0.7098s | Max: 1.3068s
⏱️  feature_accumulation:
   Total: 0.000s | Avg: 0.0000s | Calls: 40
   Min: 0.0000s | Max: 0.0000s
⏱️  batch_processing:
   Total: 56.034s | Avg: 1.4009s | Calls: 40
   Min: 1.3036s | Max: 2.5816s
⏱️  feature_combining:
   Total: 0.026s | Avg: 0.0064s | Calls: 4
   Min: 0.0059s | Max: 0.0067s
⏱️  hdf5_writing:
   Total: 3.469s | Avg: 0.8671s | Calls: 4
   Min: 0.4227s | Max: 1.3218s
⏱️  memory_cleanup:
   Total: 0.532s | Avg: 0.1330s | Calls: 4
   Min: 0.1264s | Max: 0.1434s
⏱️  total_computation:
   Total: 197.028s | Avg: 197.0275s | Calls: 1
⏱️  slide_processing:
   Total: 197.028s | Avg: 197.0281s | Calls: 1

🚨 BOTTLENECK ANALYSIS (Total Runtime: 509.026s):
   🔥 slide_processing: 197.028s (38.7%)
   🔥 total_computation: 197.028s (38.7%)
   🔥 batch_processing: 56.034s (11.0%)
   🔥 feature_processing: 50.868s (10.0%)

📊 OPERATION COUNTS:
   hdf5_write_operations: 4
   patches_processed: 20,253
   GPU Memory - Max: 4226.2MB | Avg: 3881.3MB

💡 OPTIMIZATION RECOMMENDATIONS:
================================================================================
📊 Features shape: (20253, 1536), Coords shape: (20253, 2)
💾 Saved features to /nemo/project/proj-tracerx-lung/tctProjects/kilimo/TracerX_WSIs/20X/uni_v2/pt_files/LTX0536_1C_SU.pt

🔄 Processing slide 92/121: LTX0547_A2_SU
downsample [1. 1.]
downsampled_level_dim [145920 101376]
level_dim [145920 101376]
name LTX0547_A2_SU
patch_level 0
patch_size 580
save_path /nemo/project/proj-tracerx-lung/tctProjects/kilimo/TracerX_WSIs/20X/patches/patches

feature extraction settings
transformations:  Compose(
    Resize(size=224, interpolation=bilinear, max_size=None, antialias=True)
    CenterCrop(size=(224, 224))
    MaybeToTensor()
    Normalize(mean=tensor([0.4850, 0.4560, 0.4060]), std=tensor([0.2290, 0.2240, 0.2250]))
)
📦 Dataset size: 24915 patches, 49 batches
🔍 Processing a total of 49 batches with profiling enabled
Saving random samples to /nemo/project/proj-tracerx-lung/tctProjects/kilimo/TracerX_WSIs/20X/uni_v2/samples/LTX0547_A2_SU
Saved 9/10 random sample images for slide LTX0547_A2_SU
✅ Features extracted in 264.7s

================================================================================
🔍 PERFORMANCE PROFILING SUMMARY - LTX0547_A2_SU
================================================================================
⏱️  wsi_loading:
   Total: 5.849s | Avg: 5.8492s | Calls: 1
⏱️  dataset_creation:
   Total: 0.284s | Avg: 0.2841s | Calls: 1
⏱️  data_loading:
   Total: 0.007s | Avg: 0.0001s | Calls: 49
   Min: 0.0001s | Max: 0.0003s
⏱️  sample_saving:
   Total: 0.132s | Avg: 0.0147s | Calls: 9
   Min: 0.0028s | Max: 0.1030s
⏱️  data_transfer:
   Total: 0.004s | Avg: 0.0001s | Calls: 49
   Min: 0.0001s | Max: 0.0003s
⏱️  model_inference:
   Total: 1.231s | Avg: 0.0251s | Calls: 49
   Min: 0.0180s | Max: 0.0390s
⏱️  feature_processing:
   Total: 62.562s | Avg: 1.2768s | Calls: 49
   Min: 0.8463s | Max: 1.3054s
⏱️  feature_accumulation:
   Total: 0.000s | Avg: 0.0000s | Calls: 49
   Min: 0.0000s | Max: 0.0000s
⏱️  batch_processing:
   Total: 67.469s | Avg: 1.3769s | Calls: 49
   Min: 1.3033s | Max: 2.4902s
⏱️  feature_combining:
   Total: 0.051s | Avg: 0.0103s | Calls: 5
   Min: 0.0044s | Max: 0.0284s
⏱️  hdf5_writing:
   Total: 2.813s | Avg: 0.5626s | Calls: 5
   Min: 0.0821s | Max: 0.9276s
⏱️  memory_cleanup:
   Total: 0.697s | Avg: 0.1394s | Calls: 5
   Min: 0.1142s | Max: 0.1676s
⏱️  total_computation:
   Total: 258.519s | Avg: 258.5194s | Calls: 1
⏱️  slide_processing:
   Total: 258.520s | Avg: 258.5203s | Calls: 1

🚨 BOTTLENECK ANALYSIS (Total Runtime: 658.140s):
   🔥 slide_processing: 258.520s (39.3%)
   🔥 total_computation: 258.519s (39.3%)
   🔥 batch_processing: 67.469s (10.3%)
   🔥 feature_processing: 62.562s (9.5%)

📊 OPERATION COUNTS:
   hdf5_write_operations: 5
   patches_processed: 24,915
   GPU Memory - Max: 4226.2MB | Avg: 3943.9MB

💡 OPTIMIZATION RECOMMENDATIONS:
================================================================================
📊 Features shape: (24915, 1536), Coords shape: (24915, 2)
💾 Saved features to /nemo/project/proj-tracerx-lung/tctProjects/kilimo/TracerX_WSIs/20X/uni_v2/pt_files/LTX0547_A2_SU.pt

🔄 Processing slide 93/121: LTX0548_A5_SU
downsample [1. 1.]
downsampled_level_dim [130560 107008]
level_dim [130560 107008]
name LTX0548_A5_SU
patch_level 0
patch_size 580
save_path /nemo/project/proj-tracerx-lung/tctProjects/kilimo/TracerX_WSIs/20X/patches/patches

feature extraction settings
transformations:  Compose(
    Resize(size=224, interpolation=bilinear, max_size=None, antialias=True)
    CenterCrop(size=(224, 224))
    MaybeToTensor()
    Normalize(mean=tensor([0.4850, 0.4560, 0.4060]), std=tensor([0.2290, 0.2240, 0.2250]))
)
📦 Dataset size: 24713 patches, 49 batches
🔍 Processing a total of 49 batches with profiling enabled
Saving random samples to /nemo/project/proj-tracerx-lung/tctProjects/kilimo/TracerX_WSIs/20X/uni_v2/samples/LTX0548_A5_SU
Saved 8/10 random sample images for slide LTX0548_A5_SU
✅ Features extracted in 276.5s

================================================================================
🔍 PERFORMANCE PROFILING SUMMARY - LTX0548_A5_SU
================================================================================
⏱️  wsi_loading:
   Total: 4.855s | Avg: 4.8552s | Calls: 1
⏱️  dataset_creation:
   Total: 0.145s | Avg: 0.1454s | Calls: 1
⏱️  data_loading:
   Total: 0.007s | Avg: 0.0001s | Calls: 49
   Min: 0.0001s | Max: 0.0003s
⏱️  sample_saving:
   Total: 0.071s | Avg: 0.0088s | Calls: 8
   Min: 0.0031s | Max: 0.0431s
⏱️  data_transfer:
   Total: 0.004s | Avg: 0.0001s | Calls: 49
   Min: 0.0000s | Max: 0.0003s
⏱️  model_inference:
   Total: 1.208s | Avg: 0.0246s | Calls: 49
   Min: 0.0205s | Max: 0.0377s
⏱️  feature_processing:
   Total: 62.065s | Avg: 1.2666s | Calls: 49
   Min: 0.3332s | Max: 1.3027s
⏱️  feature_accumulation:
   Total: 0.000s | Avg: 0.0000s | Calls: 49
   Min: 0.0000s | Max: 0.0000s
⏱️  batch_processing:
   Total: 68.008s | Avg: 1.3879s | Calls: 49
   Min: 0.6082s | Max: 2.6844s
⏱️  feature_combining:
   Total: 0.029s | Avg: 0.0058s | Calls: 5
   Min: 0.0045s | Max: 0.0073s
⏱️  hdf5_writing:
   Total: 3.911s | Avg: 0.7822s | Calls: 5
   Min: 0.1044s | Max: 1.2339s
⏱️  memory_cleanup:
   Total: 0.719s | Avg: 0.1437s | Calls: 5
   Min: 0.1352s | Max: 0.1635s
⏱️  total_computation:
   Total: 271.456s | Avg: 271.4564s | Calls: 1
⏱️  slide_processing:
   Total: 271.457s | Avg: 271.4574s | Calls: 1

🚨 BOTTLENECK ANALYSIS (Total Runtime: 683.935s):
   🔥 slide_processing: 271.457s (39.7%)
   🔥 total_computation: 271.456s (39.7%)
   🔥 batch_processing: 68.008s (9.9%)
   🔥 feature_processing: 62.065s (9.1%)

📊 OPERATION COUNTS:
   hdf5_write_operations: 5
   patches_processed: 24,713
   GPU Memory - Max: 4226.2MB | Avg: 3924.3MB

💡 OPTIMIZATION RECOMMENDATIONS:
================================================================================
📊 Features shape: (24713, 1536), Coords shape: (24713, 2)
💾 Saved features to /nemo/project/proj-tracerx-lung/tctProjects/kilimo/TracerX_WSIs/20X/uni_v2/pt_files/LTX0548_A5_SU.pt

🔄 Processing slide 94/121: LTX0569_A2_SU
downsample [1. 1.]
downsampled_level_dim [161280  92928]
level_dim [161280  92928]
name LTX0569_A2_SU
patch_level 0
patch_size 580
save_path /nemo/project/proj-tracerx-lung/tctProjects/kilimo/TracerX_WSIs/20X/patches/patches

feature extraction settings
transformations:  Compose(
    Resize(size=224, interpolation=bilinear, max_size=None, antialias=True)
    CenterCrop(size=(224, 224))
    MaybeToTensor()
    Normalize(mean=tensor([0.4850, 0.4560, 0.4060]), std=tensor([0.2290, 0.2240, 0.2250]))
)
📦 Dataset size: 22472 patches, 44 batches
🔍 Processing a total of 44 batches with profiling enabled
Saving random samples to /nemo/project/proj-tracerx-lung/tctProjects/kilimo/TracerX_WSIs/20X/uni_v2/samples/LTX0569_A2_SU
Saved 9/10 random sample images for slide LTX0569_A2_SU
✅ Features extracted in 244.3s

================================================================================
🔍 PERFORMANCE PROFILING SUMMARY - LTX0569_A2_SU
================================================================================
⏱️  wsi_loading:
   Total: 5.861s | Avg: 5.8613s | Calls: 1
⏱️  dataset_creation:
   Total: 0.157s | Avg: 0.1571s | Calls: 1
⏱️  data_loading:
   Total: 0.006s | Avg: 0.0001s | Calls: 44
   Min: 0.0001s | Max: 0.0003s
⏱️  sample_saving:
   Total: 0.035s | Avg: 0.0039s | Calls: 9
   Min: 0.0031s | Max: 0.0050s
⏱️  data_transfer:
   Total: 0.004s | Avg: 0.0001s | Calls: 44
   Min: 0.0000s | Max: 0.0003s
⏱️  model_inference:
   Total: 1.110s | Avg: 0.0252s | Calls: 44
   Min: 0.0178s | Max: 0.0341s
⏱️  feature_processing:
   Total: 56.363s | Avg: 1.2810s | Calls: 44
   Min: 1.1399s | Max: 1.3061s
⏱️  feature_accumulation:
   Total: 0.000s | Avg: 0.0000s | Calls: 44
   Min: 0.0000s | Max: 0.0000s
⏱️  batch_processing:
   Total: 61.869s | Avg: 1.4061s | Calls: 44
   Min: 1.3005s | Max: 2.7395s
⏱️  feature_combining:
   Total: 0.030s | Avg: 0.0059s | Calls: 5
   Min: 0.0013s | Max: 0.0091s
⏱️  hdf5_writing:
   Total: 3.633s | Avg: 0.7266s | Calls: 5
   Min: 0.0161s | Max: 1.3090s
⏱️  memory_cleanup:
   Total: 0.697s | Avg: 0.1394s | Calls: 5
   Min: 0.1256s | Max: 0.1678s
⏱️  total_computation:
   Total: 238.323s | Avg: 238.3226s | Calls: 1
⏱️  slide_processing:
   Total: 238.323s | Avg: 238.3231s | Calls: 1

🚨 BOTTLENECK ANALYSIS (Total Runtime: 606.410s):
   🔥 slide_processing: 238.323s (39.3%)
   🔥 total_computation: 238.323s (39.3%)
   🔥 batch_processing: 61.869s (10.2%)
   🔥 feature_processing: 56.363s (9.3%)

📊 OPERATION COUNTS:
   hdf5_write_operations: 5
   patches_processed: 22,472
   GPU Memory - Max: 4226.2MB | Avg: 3955.2MB

💡 OPTIMIZATION RECOMMENDATIONS:
================================================================================
📊 Features shape: (22472, 1536), Coords shape: (22472, 2)
💾 Saved features to /nemo/project/proj-tracerx-lung/tctProjects/kilimo/TracerX_WSIs/20X/uni_v2/pt_files/LTX0569_A2_SU.pt

🔄 Processing slide 95/121: LTX0578_A2_SU
downsample [1. 1.]
downsampled_level_dim [119040  73216]
level_dim [119040  73216]
name LTX0578_A2_SU
patch_level 0
patch_size 580
save_path /nemo/project/proj-tracerx-lung/tctProjects/kilimo/TracerX_WSIs/20X/patches/patches

feature extraction settings
transformations:  Compose(
    Resize(size=224, interpolation=bilinear, max_size=None, antialias=True)
    CenterCrop(size=(224, 224))
    MaybeToTensor()
    Normalize(mean=tensor([0.4850, 0.4560, 0.4060]), std=tensor([0.2290, 0.2240, 0.2250]))
)
📦 Dataset size: 6178 patches, 13 batches
🔍 Processing a total of 13 batches with profiling enabled
Saving random samples to /nemo/project/proj-tracerx-lung/tctProjects/kilimo/TracerX_WSIs/20X/uni_v2/samples/LTX0578_A2_SU
Saved 9/10 random sample images for slide LTX0578_A2_SU
✅ Features extracted in 61.9s

================================================================================
🔍 PERFORMANCE PROFILING SUMMARY - LTX0578_A2_SU
================================================================================
⏱️  wsi_loading:
   Total: 1.608s | Avg: 1.6082s | Calls: 1
⏱️  dataset_creation:
   Total: 0.110s | Avg: 0.1100s | Calls: 1
⏱️  data_loading:
   Total: 0.002s | Avg: 0.0001s | Calls: 13
   Min: 0.0001s | Max: 0.0003s
⏱️  sample_saving:
   Total: 0.040s | Avg: 0.0045s | Calls: 9
   Min: 0.0033s | Max: 0.0073s
⏱️  data_transfer:
   Total: 0.001s | Avg: 0.0001s | Calls: 13
   Min: 0.0001s | Max: 0.0002s
⏱️  model_inference:
   Total: 0.342s | Avg: 0.0263s | Calls: 13
   Min: 0.0203s | Max: 0.0338s
⏱️  feature_processing:
   Total: 15.459s | Avg: 1.1892s | Calls: 13
   Min: 0.0773s | Max: 1.3031s
⏱️  feature_accumulation:
   Total: 0.000s | Avg: 0.0000s | Calls: 13
   Min: 0.0000s | Max: 0.0000s
⏱️  batch_processing:
   Total: 17.212s | Avg: 1.3240s | Calls: 13
   Min: 0.2396s | Max: 2.5306s
⏱️  feature_combining:
   Total: 0.008s | Avg: 0.0041s | Calls: 2
   Min: 0.0009s | Max: 0.0074s
⏱️  hdf5_writing:
   Total: 1.125s | Avg: 0.5626s | Calls: 2
   Min: 0.0227s | Max: 1.1026s
⏱️  memory_cleanup:
   Total: 0.236s | Avg: 0.1181s | Calls: 2
   Min: 0.1175s | Max: 0.1187s
⏱️  total_computation:
   Total: 60.225s | Avg: 60.2248s | Calls: 1
⏱️  slide_processing:
   Total: 60.225s | Avg: 60.2249s | Calls: 1

🚨 BOTTLENECK ANALYSIS (Total Runtime: 156.594s):
   🔥 slide_processing: 60.225s (38.5%)
   🔥 total_computation: 60.225s (38.5%)
   🔥 batch_processing: 17.212s (11.0%)
   🔥 feature_processing: 15.459s (9.9%)

📊 OPERATION COUNTS:
   hdf5_write_operations: 2
   patches_processed: 6,178
   GPU Memory - Max: 4226.2MB | Avg: 3603.0MB

💡 OPTIMIZATION RECOMMENDATIONS:
================================================================================
📊 Features shape: (6178, 1536), Coords shape: (6178, 2)
💾 Saved features to /nemo/project/proj-tracerx-lung/tctProjects/kilimo/TracerX_WSIs/20X/uni_v2/pt_files/LTX0578_A2_SU.pt

🔄 Processing slide 96/121: LTX0579_A2_SU
downsample [1. 1.]
downsampled_level_dim [126720 107008]
level_dim [126720 107008]
name LTX0579_A2_SU
patch_level 0
patch_size 580
save_path /nemo/project/proj-tracerx-lung/tctProjects/kilimo/TracerX_WSIs/20X/patches/patches

feature extraction settings
transformations:  Compose(
    Resize(size=224, interpolation=bilinear, max_size=None, antialias=True)
    CenterCrop(size=(224, 224))
    MaybeToTensor()
    Normalize(mean=tensor([0.4850, 0.4560, 0.4060]), std=tensor([0.2290, 0.2240, 0.2250]))
)
📦 Dataset size: 25749 patches, 51 batches
🔍 Processing a total of 51 batches with profiling enabled
Saving random samples to /nemo/project/proj-tracerx-lung/tctProjects/kilimo/TracerX_WSIs/20X/uni_v2/samples/LTX0579_A2_SU
Saved 10/10 random sample images for slide LTX0579_A2_SU
✅ Features extracted in 243.2s

================================================================================
🔍 PERFORMANCE PROFILING SUMMARY - LTX0579_A2_SU
================================================================================
⏱️  wsi_loading:
   Total: 1.454s | Avg: 1.4544s | Calls: 1
⏱️  dataset_creation:
   Total: 0.151s | Avg: 0.1511s | Calls: 1
⏱️  data_loading:
   Total: 0.007s | Avg: 0.0001s | Calls: 51
   Min: 0.0001s | Max: 0.0004s
⏱️  sample_saving:
   Total: 0.037s | Avg: 0.0037s | Calls: 10
   Min: 0.0028s | Max: 0.0051s
⏱️  data_transfer:
   Total: 0.004s | Avg: 0.0001s | Calls: 51
   Min: 0.0001s | Max: 0.0002s
⏱️  model_inference:
   Total: 1.262s | Avg: 0.0248s | Calls: 51
   Min: 0.0181s | Max: 0.0476s
⏱️  feature_processing:
   Total: 64.643s | Avg: 1.2675s | Calls: 51
   Min: 0.3684s | Max: 1.3063s
⏱️  feature_accumulation:
   Total: 0.000s | Avg: 0.0000s | Calls: 51
   Min: 0.0000s | Max: 0.0000s
⏱️  batch_processing:
   Total: 69.488s | Avg: 1.3625s | Calls: 51
   Min: 0.5031s | Max: 2.2767s
⏱️  feature_combining:
   Total: 0.036s | Avg: 0.0060s | Calls: 6
   Min: 0.0001s | Max: 0.0094s
⏱️  hdf5_writing:
   Total: 2.717s | Avg: 0.4529s | Calls: 6
   Min: 0.0055s | Max: 0.8430s
⏱️  memory_cleanup:
   Total: 0.793s | Avg: 0.1322s | Calls: 6
   Min: 0.1066s | Max: 0.1752s
⏱️  total_computation:
   Total: 241.620s | Avg: 241.6200s | Calls: 1
⏱️  slide_processing:
   Total: 241.620s | Avg: 241.6201s | Calls: 1

🚨 BOTTLENECK ANALYSIS (Total Runtime: 623.834s):
   🔥 slide_processing: 241.620s (38.7%)
   🔥 total_computation: 241.620s (38.7%)
   🔥 batch_processing: 69.488s (11.1%)
   🔥 feature_processing: 64.643s (10.4%)

📊 OPERATION COUNTS:
   hdf5_write_operations: 6
   patches_processed: 25,749
   GPU Memory - Max: 4226.2MB | Avg: 3968.6MB

💡 OPTIMIZATION RECOMMENDATIONS:
================================================================================
📊 Features shape: (25749, 1536), Coords shape: (25749, 2)
💾 Saved features to /nemo/project/proj-tracerx-lung/tctProjects/kilimo/TracerX_WSIs/20X/uni_v2/pt_files/LTX0579_A2_SU.pt

🔄 Processing slide 97/121: LTX0599_A5_SU
downsample [1. 1.]
downsampled_level_dim [92160 92928]
level_dim [92160 92928]
name LTX0599_A5_SU
patch_level 0
patch_size 580
save_path /nemo/project/proj-tracerx-lung/tctProjects/kilimo/TracerX_WSIs/20X/patches/patches

feature extraction settings
transformations:  Compose(
    Resize(size=224, interpolation=bilinear, max_size=None, antialias=True)
    CenterCrop(size=(224, 224))
    MaybeToTensor()
    Normalize(mean=tensor([0.4850, 0.4560, 0.4060]), std=tensor([0.2290, 0.2240, 0.2250]))
)
📦 Dataset size: 9997 patches, 20 batches
🔍 Processing a total of 20 batches with profiling enabled
Saving random samples to /nemo/project/proj-tracerx-lung/tctProjects/kilimo/TracerX_WSIs/20X/uni_v2/samples/LTX0599_A5_SU
Saved 9/10 random sample images for slide LTX0599_A5_SU
✅ Features extracted in 105.2s

================================================================================
🔍 PERFORMANCE PROFILING SUMMARY - LTX0599_A5_SU
================================================================================
⏱️  wsi_loading:
   Total: 5.513s | Avg: 5.5125s | Calls: 1
⏱️  dataset_creation:
   Total: 0.201s | Avg: 0.2012s | Calls: 1
⏱️  data_loading:
   Total: 0.003s | Avg: 0.0001s | Calls: 20
   Min: 0.0001s | Max: 0.0003s
⏱️  sample_saving:
   Total: 0.131s | Avg: 0.0146s | Calls: 9
   Min: 0.0030s | Max: 0.1000s
⏱️  data_transfer:
   Total: 0.002s | Avg: 0.0001s | Calls: 20
   Min: 0.0001s | Max: 0.0001s
⏱️  model_inference:
   Total: 0.501s | Avg: 0.0251s | Calls: 20
   Min: 0.0186s | Max: 0.0315s
⏱️  feature_processing:
   Total: 25.151s | Avg: 1.2576s | Calls: 20
   Min: 0.6714s | Max: 1.3067s
⏱️  feature_accumulation:
   Total: 0.000s | Avg: 0.0000s | Calls: 20
   Min: 0.0000s | Max: 0.0000s
⏱️  batch_processing:
   Total: 27.491s | Avg: 1.3745s | Calls: 20
   Min: 1.3031s | Max: 1.9911s
⏱️  feature_combining:
   Total: 0.019s | Avg: 0.0093s | Calls: 2
   Min: 0.0082s | Max: 0.0105s
⏱️  hdf5_writing:
   Total: 1.415s | Avg: 0.7077s | Calls: 2
   Min: 0.2577s | Max: 1.1577s
⏱️  memory_cleanup:
   Total: 0.277s | Avg: 0.1387s | Calls: 2
   Min: 0.1338s | Max: 0.1436s
⏱️  total_computation:
   Total: 99.448s | Avg: 99.4482s | Calls: 1
⏱️  slide_processing:
   Total: 99.450s | Avg: 99.4502s | Calls: 1

🚨 BOTTLENECK ANALYSIS (Total Runtime: 259.602s):
   🔥 slide_processing: 99.450s (38.3%)
   🔥 total_computation: 99.448s (38.3%)
   🔥 batch_processing: 27.491s (10.6%)
   🔥 feature_processing: 25.151s (9.7%)

📊 OPERATION COUNTS:
   hdf5_write_operations: 2
   patches_processed: 9,997
   GPU Memory - Max: 4226.2MB | Avg: 3648.1MB

💡 OPTIMIZATION RECOMMENDATIONS:
================================================================================
📊 Features shape: (9997, 1536), Coords shape: (9997, 2)
💾 Saved features to /nemo/project/proj-tracerx-lung/tctProjects/kilimo/TracerX_WSIs/20X/uni_v2/pt_files/LTX0599_A5_SU.pt

🔄 Processing slide 98/121: LTX0600_A4_SU
downsample [1. 1.]
downsampled_level_dim [168960 104192]
level_dim [168960 104192]
name LTX0600_A4_SU
patch_level 0
patch_size 580
save_path /nemo/project/proj-tracerx-lung/tctProjects/kilimo/TracerX_WSIs/20X/patches/patches

feature extraction settings
transformations:  Compose(
    Resize(size=224, interpolation=bilinear, max_size=None, antialias=True)
    CenterCrop(size=(224, 224))
    MaybeToTensor()
    Normalize(mean=tensor([0.4850, 0.4560, 0.4060]), std=tensor([0.2290, 0.2240, 0.2250]))
)
📦 Dataset size: 29492 patches, 58 batches
🔍 Processing a total of 58 batches with profiling enabled
Saving random samples to /nemo/project/proj-tracerx-lung/tctProjects/kilimo/TracerX_WSIs/20X/uni_v2/samples/LTX0600_A4_SU
Saved 10/10 random sample images for slide LTX0600_A4_SU
✅ Features extracted in 295.2s

================================================================================
🔍 PERFORMANCE PROFILING SUMMARY - LTX0600_A4_SU
================================================================================
⏱️  wsi_loading:
   Total: 3.370s | Avg: 3.3696s | Calls: 1
⏱️  dataset_creation:
   Total: 0.229s | Avg: 0.2290s | Calls: 1
⏱️  data_loading:
   Total: 0.008s | Avg: 0.0001s | Calls: 58
   Min: 0.0001s | Max: 0.0004s
⏱️  sample_saving:
   Total: 0.038s | Avg: 0.0038s | Calls: 10
   Min: 0.0027s | Max: 0.0047s
⏱️  data_transfer:
   Total: 0.005s | Avg: 0.0001s | Calls: 58
   Min: 0.0000s | Max: 0.0002s
⏱️  model_inference:
   Total: 1.414s | Avg: 0.0244s | Calls: 58
   Min: 0.0181s | Max: 0.0368s
⏱️  feature_processing:
   Total: 74.074s | Avg: 1.2771s | Calls: 58
   Min: 0.7835s | Max: 1.3037s
⏱️  feature_accumulation:
   Total: 0.000s | Avg: 0.0000s | Calls: 58
   Min: 0.0000s | Max: 0.0000s
⏱️  batch_processing:
   Total: 79.850s | Avg: 1.3767s | Calls: 58
   Min: 1.0814s | Max: 2.5802s
⏱️  feature_combining:
   Total: 0.041s | Avg: 0.0068s | Calls: 6
   Min: 0.0042s | Max: 0.0103s
⏱️  hdf5_writing:
   Total: 3.490s | Avg: 0.5817s | Calls: 6
   Min: 0.1420s | Max: 1.1449s
⏱️  memory_cleanup:
   Total: 0.795s | Avg: 0.1326s | Calls: 6
   Min: 0.1266s | Max: 0.1434s
⏱️  total_computation:
   Total: 291.571s | Avg: 291.5708s | Calls: 1
⏱️  slide_processing:
   Total: 291.571s | Avg: 291.5714s | Calls: 1

🚨 BOTTLENECK ANALYSIS (Total Runtime: 746.456s):
   🔥 slide_processing: 291.571s (39.1%)
   🔥 total_computation: 291.571s (39.1%)
   🔥 batch_processing: 79.850s (10.7%)
   🔥 feature_processing: 74.074s (9.9%)

📊 OPERATION COUNTS:
   hdf5_write_operations: 6
   patches_processed: 29,492
   GPU Memory - Max: 4226.2MB | Avg: 3981.5MB

💡 OPTIMIZATION RECOMMENDATIONS:
================================================================================
📊 Features shape: (29492, 1536), Coords shape: (29492, 2)
💾 Saved features to /nemo/project/proj-tracerx-lung/tctProjects/kilimo/TracerX_WSIs/20X/uni_v2/pt_files/LTX0600_A4_SU.pt

🔄 Processing slide 99/121: LTX0603_A5_SU
downsample [1. 1.]
downsampled_level_dim [126720  98560]
level_dim [126720  98560]
name LTX0603_A5_SU
patch_level 0
patch_size 580
save_path /nemo/project/proj-tracerx-lung/tctProjects/kilimo/TracerX_WSIs/20X/patches/patches

feature extraction settings
transformations:  Compose(
    Resize(size=224, interpolation=bilinear, max_size=None, antialias=True)
    CenterCrop(size=(224, 224))
    MaybeToTensor()
    Normalize(mean=tensor([0.4850, 0.4560, 0.4060]), std=tensor([0.2290, 0.2240, 0.2250]))
)
📦 Dataset size: 20384 patches, 40 batches
🔍 Processing a total of 40 batches with profiling enabled
Saving random samples to /nemo/project/proj-tracerx-lung/tctProjects/kilimo/TracerX_WSIs/20X/uni_v2/samples/LTX0603_A5_SU
Saved 10/10 random sample images for slide LTX0603_A5_SU
✅ Features extracted in 196.0s

================================================================================
🔍 PERFORMANCE PROFILING SUMMARY - LTX0603_A5_SU
================================================================================
⏱️  wsi_loading:
   Total: 2.978s | Avg: 2.9782s | Calls: 1
⏱️  dataset_creation:
   Total: 0.108s | Avg: 0.1085s | Calls: 1
⏱️  data_loading:
   Total: 0.006s | Avg: 0.0001s | Calls: 40
   Min: 0.0001s | Max: 0.0003s
⏱️  sample_saving:
   Total: 0.037s | Avg: 0.0037s | Calls: 10
   Min: 0.0030s | Max: 0.0043s
⏱️  data_transfer:
   Total: 0.003s | Avg: 0.0001s | Calls: 40
   Min: 0.0000s | Max: 0.0002s
⏱️  model_inference:
   Total: 1.020s | Avg: 0.0255s | Calls: 40
   Min: 0.0178s | Max: 0.0346s
⏱️  feature_processing:
   Total: 51.197s | Avg: 1.2799s | Calls: 40
   Min: 1.0416s | Max: 1.3026s
⏱️  feature_accumulation:
   Total: 0.000s | Avg: 0.0000s | Calls: 40
   Min: 0.0000s | Max: 0.0000s
⏱️  batch_processing:
   Total: 55.401s | Avg: 1.3850s | Calls: 40
   Min: 1.3001s | Max: 2.3477s
⏱️  feature_combining:
   Total: 0.028s | Avg: 0.0070s | Calls: 4
   Min: 0.0040s | Max: 0.0092s
⏱️  hdf5_writing:
   Total: 2.568s | Avg: 0.6421s | Calls: 4
   Min: 0.3671s | Max: 0.8650s
⏱️  memory_cleanup:
   Total: 0.552s | Avg: 0.1379s | Calls: 4
   Min: 0.1198s | Max: 0.1617s
⏱️  total_computation:
   Total: 192.915s | Avg: 192.9150s | Calls: 1
⏱️  slide_processing:
   Total: 192.915s | Avg: 192.9151s | Calls: 1

🚨 BOTTLENECK ANALYSIS (Total Runtime: 499.728s):
   🔥 slide_processing: 192.915s (38.6%)
   🔥 total_computation: 192.915s (38.6%)
   🔥 batch_processing: 55.401s (11.1%)
   🔥 feature_processing: 51.197s (10.2%)

📊 OPERATION COUNTS:
   hdf5_write_operations: 4
   patches_processed: 20,384
   GPU Memory - Max: 4226.2MB | Avg: 3896.1MB

💡 OPTIMIZATION RECOMMENDATIONS:
================================================================================
📊 Features shape: (20384, 1536), Coords shape: (20384, 2)
💾 Saved features to /nemo/project/proj-tracerx-lung/tctProjects/kilimo/TracerX_WSIs/20X/uni_v2/pt_files/LTX0603_A5_SU.pt

🔄 Processing slide 100/121: LTX0624_A2_SU
downsample [1. 1.]
downsampled_level_dim [145920 109824]
level_dim [145920 109824]
name LTX0624_A2_SU
patch_level 0
patch_size 580
save_path /nemo/project/proj-tracerx-lung/tctProjects/kilimo/TracerX_WSIs/20X/patches/patches

feature extraction settings
transformations:  Compose(
    Resize(size=224, interpolation=bilinear, max_size=None, antialias=True)
    CenterCrop(size=(224, 224))
    MaybeToTensor()
    Normalize(mean=tensor([0.4850, 0.4560, 0.4060]), std=tensor([0.2290, 0.2240, 0.2250]))
)
📦 Dataset size: 23460 patches, 46 batches
🔍 Processing a total of 46 batches with profiling enabled
Saving random samples to /nemo/project/proj-tracerx-lung/tctProjects/kilimo/TracerX_WSIs/20X/uni_v2/samples/LTX0624_A2_SU
Saved 10/10 random sample images for slide LTX0624_A2_SU
✅ Features extracted in 225.7s

================================================================================
🔍 PERFORMANCE PROFILING SUMMARY - LTX0624_A2_SU
================================================================================
⏱️  wsi_loading:
   Total: 4.456s | Avg: 4.4561s | Calls: 1
⏱️  dataset_creation:
   Total: 0.131s | Avg: 0.1308s | Calls: 1
⏱️  data_loading:
   Total: 0.007s | Avg: 0.0001s | Calls: 46
   Min: 0.0001s | Max: 0.0004s
⏱️  sample_saving:
   Total: 0.040s | Avg: 0.0040s | Calls: 10
   Min: 0.0024s | Max: 0.0064s
⏱️  data_transfer:
   Total: 0.004s | Avg: 0.0001s | Calls: 46
   Min: 0.0001s | Max: 0.0004s
⏱️  model_inference:
   Total: 1.175s | Avg: 0.0255s | Calls: 46
   Min: 0.0182s | Max: 0.0396s
⏱️  feature_processing:
   Total: 58.970s | Avg: 1.2820s | Calls: 46
   Min: 1.0509s | Max: 1.3046s
⏱️  feature_accumulation:
   Total: 0.000s | Avg: 0.0000s | Calls: 46
   Min: 0.0000s | Max: 0.0000s
⏱️  batch_processing:
   Total: 67.882s | Avg: 1.4757s | Calls: 46
   Min: 1.3014s | Max: 7.1386s
⏱️  feature_combining:
   Total: 0.032s | Avg: 0.0063s | Calls: 5
   Min: 0.0040s | Max: 0.0081s
⏱️  hdf5_writing:
   Total: 6.945s | Avg: 1.3890s | Calls: 5
   Min: 0.2355s | Max: 5.6796s
⏱️  memory_cleanup:
   Total: 0.719s | Avg: 0.1437s | Calls: 5
   Min: 0.1174s | Max: 0.1655s
⏱️  total_computation:
   Total: 221.122s | Avg: 221.1216s | Calls: 1
⏱️  slide_processing:
   Total: 221.122s | Avg: 221.1217s | Calls: 1

🚨 BOTTLENECK ANALYSIS (Total Runtime: 582.604s):
   🔥 slide_processing: 221.122s (38.0%)
   🔥 total_computation: 221.122s (38.0%)
   🔥 batch_processing: 67.882s (11.7%)
   🔥 feature_processing: 58.970s (10.1%)

📊 OPERATION COUNTS:
   hdf5_write_operations: 5
   patches_processed: 23,460
   GPU Memory - Max: 4226.2MB | Avg: 3951.4MB

💡 OPTIMIZATION RECOMMENDATIONS:
================================================================================
📊 Features shape: (23460, 1536), Coords shape: (23460, 2)
💾 Saved features to /nemo/project/proj-tracerx-lung/tctProjects/kilimo/TracerX_WSIs/20X/uni_v2/pt_files/LTX0624_A2_SU.pt

🔄 Processing slide 101/121: LTX0625_A3_SU
downsample [1. 1.]
downsampled_level_dim [122880 112640]
level_dim [122880 112640]
name LTX0625_A3_SU
patch_level 0
patch_size 580
save_path /nemo/project/proj-tracerx-lung/tctProjects/kilimo/TracerX_WSIs/20X/patches/patches

feature extraction settings
transformations:  Compose(
    Resize(size=224, interpolation=bilinear, max_size=None, antialias=True)
    CenterCrop(size=(224, 224))
    MaybeToTensor()
    Normalize(mean=tensor([0.4850, 0.4560, 0.4060]), std=tensor([0.2290, 0.2240, 0.2250]))
)
📦 Dataset size: 18810 patches, 37 batches
🔍 Processing a total of 37 batches with profiling enabled
Saving random samples to /nemo/project/proj-tracerx-lung/tctProjects/kilimo/TracerX_WSIs/20X/uni_v2/samples/LTX0625_A3_SU
Saved 10/10 random sample images for slide LTX0625_A3_SU
✅ Features extracted in 158.6s

================================================================================
🔍 PERFORMANCE PROFILING SUMMARY - LTX0625_A3_SU
================================================================================
⏱️  wsi_loading:
   Total: 2.490s | Avg: 2.4900s | Calls: 1
⏱️  dataset_creation:
   Total: 0.148s | Avg: 0.1479s | Calls: 1
⏱️  data_loading:
   Total: 0.005s | Avg: 0.0001s | Calls: 37
   Min: 0.0001s | Max: 0.0003s
⏱️  sample_saving:
   Total: 0.039s | Avg: 0.0039s | Calls: 10
   Min: 0.0029s | Max: 0.0051s
⏱️  data_transfer:
   Total: 0.004s | Avg: 0.0001s | Calls: 37
   Min: 0.0001s | Max: 0.0005s
⏱️  model_inference:
   Total: 1.054s | Avg: 0.0285s | Calls: 37
   Min: 0.0186s | Max: 0.0414s
⏱️  feature_processing:
   Total: 47.099s | Avg: 1.2730s | Calls: 37
   Min: 0.9474s | Max: 1.3012s
⏱️  feature_accumulation:
   Total: 0.000s | Avg: 0.0000s | Calls: 37
   Min: 0.0000s | Max: 0.0000s
⏱️  batch_processing:
   Total: 51.707s | Avg: 1.3975s | Calls: 37
   Min: 1.3014s | Max: 2.2202s
⏱️  feature_combining:
   Total: 0.027s | Avg: 0.0068s | Calls: 4
   Min: 0.0060s | Max: 0.0078s
⏱️  hdf5_writing:
   Total: 2.878s | Avg: 0.7196s | Calls: 4
   Min: 0.6071s | Max: 0.8946s
⏱️  memory_cleanup:
   Total: 0.608s | Avg: 0.1519s | Calls: 4
   Min: 0.1273s | Max: 0.1654s
⏱️  total_computation:
   Total: 155.919s | Avg: 155.9188s | Calls: 1
⏱️  slide_processing:
   Total: 155.920s | Avg: 155.9202s | Calls: 1

🚨 BOTTLENECK ANALYSIS (Total Runtime: 417.899s):
   🔥 slide_processing: 155.920s (37.3%)
   🔥 total_computation: 155.919s (37.3%)
   🔥 batch_processing: 51.707s (12.4%)
   🔥 feature_processing: 47.099s (11.3%)

📊 OPERATION COUNTS:
   hdf5_write_operations: 4
   patches_processed: 18,810
   GPU Memory - Max: 4226.2MB | Avg: 3891.7MB

💡 OPTIMIZATION RECOMMENDATIONS:
================================================================================
📊 Features shape: (18810, 1536), Coords shape: (18810, 2)
💾 Saved features to /nemo/project/proj-tracerx-lung/tctProjects/kilimo/TracerX_WSIs/20X/uni_v2/pt_files/LTX0625_A3_SU.pt

🔄 Processing slide 102/121: LTX0638_9__SU
downsample [1. 1.]
downsampled_level_dim [111360 104192]
level_dim [111360 104192]
name LTX0638_9__SU
patch_level 0
patch_size 580
save_path /nemo/project/proj-tracerx-lung/tctProjects/kilimo/TracerX_WSIs/20X/patches/patches

feature extraction settings
transformations:  Compose(
    Resize(size=224, interpolation=bilinear, max_size=None, antialias=True)
    CenterCrop(size=(224, 224))
    MaybeToTensor()
    Normalize(mean=tensor([0.4850, 0.4560, 0.4060]), std=tensor([0.2290, 0.2240, 0.2250]))
)
📦 Dataset size: 16896 patches, 33 batches
🔍 Processing a total of 33 batches with profiling enabled
Saving random samples to /nemo/project/proj-tracerx-lung/tctProjects/kilimo/TracerX_WSIs/20X/uni_v2/samples/LTX0638_9__SU
Saved 10/10 random sample images for slide LTX0638_9__SU
✅ Features extracted in 200.6s

================================================================================
🔍 PERFORMANCE PROFILING SUMMARY - LTX0638_9__SU
================================================================================
⏱️  wsi_loading:
   Total: 5.161s | Avg: 5.1614s | Calls: 1
⏱️  dataset_creation:
   Total: 0.155s | Avg: 0.1547s | Calls: 1
⏱️  data_loading:
   Total: 0.005s | Avg: 0.0001s | Calls: 33
   Min: 0.0001s | Max: 0.0004s
⏱️  sample_saving:
   Total: 0.033s | Avg: 0.0033s | Calls: 10
   Min: 0.0027s | Max: 0.0039s
⏱️  data_transfer:
   Total: 0.003s | Avg: 0.0001s | Calls: 33
   Min: 0.0000s | Max: 0.0003s
⏱️  model_inference:
   Total: 0.796s | Avg: 0.0241s | Calls: 33
   Min: 0.0197s | Max: 0.0325s
⏱️  feature_processing:
   Total: 42.394s | Avg: 1.2847s | Calls: 33
   Min: 1.2747s | Max: 1.3046s
⏱️  feature_accumulation:
   Total: 0.000s | Avg: 0.0000s | Calls: 33
   Min: 0.0000s | Max: 0.0000s
⏱️  batch_processing:
   Total: 45.334s | Avg: 1.3738s | Calls: 33
   Min: 1.3036s | Max: 1.9379s
⏱️  feature_combining:
   Total: 0.018s | Avg: 0.0045s | Calls: 4
   Min: 0.0014s | Max: 0.0062s
⏱️  hdf5_writing:
   Total: 1.560s | Avg: 0.3900s | Calls: 4
   Min: 0.2239s | Max: 0.5137s
⏱️  memory_cleanup:
   Total: 0.529s | Avg: 0.1322s | Calls: 4
   Min: 0.1105s | Max: 0.1416s
⏱️  total_computation:
   Total: 195.299s | Avg: 195.2995s | Calls: 1
⏱️  slide_processing:
   Total: 195.301s | Avg: 195.3006s | Calls: 1

🚨 BOTTLENECK ANALYSIS (Total Runtime: 486.588s):
   🔥 slide_processing: 195.301s (40.1%)
   🔥 total_computation: 195.299s (40.1%)
   🔥 batch_processing: 45.334s (9.3%)
   🔥 feature_processing: 42.394s (8.7%)

📊 OPERATION COUNTS:
   hdf5_write_operations: 4
   patches_processed: 16,896
   GPU Memory - Max: 4226.2MB | Avg: 3907.3MB

💡 OPTIMIZATION RECOMMENDATIONS:
================================================================================
📊 Features shape: (16896, 1536), Coords shape: (16896, 2)
💾 Saved features to /nemo/project/proj-tracerx-lung/tctProjects/kilimo/TracerX_WSIs/20X/uni_v2/pt_files/LTX0638_9__SU.pt

🔄 Processing slide 103/121: LTX0653_C1_SU
downsample [1. 1.]
downsampled_level_dim [157440  84480]
level_dim [157440  84480]
name LTX0653_C1_SU
patch_level 0
patch_size 580
save_path /nemo/project/proj-tracerx-lung/tctProjects/kilimo/TracerX_WSIs/20X/patches/patches

feature extraction settings
transformations:  Compose(
    Resize(size=224, interpolation=bilinear, max_size=None, antialias=True)
    CenterCrop(size=(224, 224))
    MaybeToTensor()
    Normalize(mean=tensor([0.4850, 0.4560, 0.4060]), std=tensor([0.2290, 0.2240, 0.2250]))
)
📦 Dataset size: 10136 patches, 20 batches
🔍 Processing a total of 20 batches with profiling enabled
Saving random samples to /nemo/project/proj-tracerx-lung/tctProjects/kilimo/TracerX_WSIs/20X/uni_v2/samples/LTX0653_C1_SU
Saved 10/10 random sample images for slide LTX0653_C1_SU
✅ Features extracted in 114.1s

================================================================================
🔍 PERFORMANCE PROFILING SUMMARY - LTX0653_C1_SU
================================================================================
⏱️  wsi_loading:
   Total: 3.067s | Avg: 3.0667s | Calls: 1
⏱️  dataset_creation:
   Total: 0.160s | Avg: 0.1605s | Calls: 1
⏱️  data_loading:
   Total: 0.003s | Avg: 0.0002s | Calls: 20
   Min: 0.0001s | Max: 0.0003s
⏱️  sample_saving:
   Total: 0.035s | Avg: 0.0035s | Calls: 10
   Min: 0.0030s | Max: 0.0041s
⏱️  data_transfer:
   Total: 0.002s | Avg: 0.0001s | Calls: 20
   Min: 0.0000s | Max: 0.0003s
⏱️  model_inference:
   Total: 0.483s | Avg: 0.0241s | Calls: 20
   Min: 0.0184s | Max: 0.0318s
⏱️  feature_processing:
   Total: 25.490s | Avg: 1.2745s | Calls: 20
   Min: 1.0201s | Max: 1.3047s
⏱️  feature_accumulation:
   Total: 0.000s | Avg: 0.0000s | Calls: 20
   Min: 0.0000s | Max: 0.0000s
⏱️  batch_processing:
   Total: 28.156s | Avg: 1.4078s | Calls: 20
   Min: 1.3046s | Max: 2.3685s
⏱️  feature_combining:
   Total: 0.015s | Avg: 0.0073s | Calls: 2
   Min: 0.0069s | Max: 0.0077s
⏱️  hdf5_writing:
   Total: 1.876s | Avg: 0.9380s | Calls: 2
   Min: 0.9161s | Max: 0.9599s
⏱️  memory_cleanup:
   Total: 0.258s | Avg: 0.1290s | Calls: 2
   Min: 0.1140s | Max: 0.1439s
⏱️  total_computation:
   Total: 110.839s | Avg: 110.8387s | Calls: 1
⏱️  slide_processing:
   Total: 110.839s | Avg: 110.8393s | Calls: 1

🚨 BOTTLENECK ANALYSIS (Total Runtime: 281.222s):
   🔥 slide_processing: 110.839s (39.4%)
   🔥 total_computation: 110.839s (39.4%)
   🔥 batch_processing: 28.156s (10.0%)
   🔥 feature_processing: 25.490s (9.1%)

📊 OPERATION COUNTS:
   hdf5_write_operations: 2
   patches_processed: 10,136
   GPU Memory - Max: 4226.2MB | Avg: 3675.0MB

💡 OPTIMIZATION RECOMMENDATIONS:
================================================================================
📊 Features shape: (10136, 1536), Coords shape: (10136, 2)
💾 Saved features to /nemo/project/proj-tracerx-lung/tctProjects/kilimo/TracerX_WSIs/20X/uni_v2/pt_files/LTX0653_C1_SU.pt

🔄 Processing slide 104/121: LTX0654_A5_SU
downsample [1. 1.]
downsampled_level_dim [142080  90112]
level_dim [142080  90112]
name LTX0654_A5_SU
patch_level 0
patch_size 580
save_path /nemo/project/proj-tracerx-lung/tctProjects/kilimo/TracerX_WSIs/20X/patches/patches

feature extraction settings
transformations:  Compose(
    Resize(size=224, interpolation=bilinear, max_size=None, antialias=True)
    CenterCrop(size=(224, 224))
    MaybeToTensor()
    Normalize(mean=tensor([0.4850, 0.4560, 0.4060]), std=tensor([0.2290, 0.2240, 0.2250]))
)
📦 Dataset size: 12217 patches, 24 batches
🔍 Processing a total of 24 batches with profiling enabled
Saving random samples to /nemo/project/proj-tracerx-lung/tctProjects/kilimo/TracerX_WSIs/20X/uni_v2/samples/LTX0654_A5_SU
Saved 10/10 random sample images for slide LTX0654_A5_SU
✅ Features extracted in 112.9s

================================================================================
🔍 PERFORMANCE PROFILING SUMMARY - LTX0654_A5_SU
================================================================================
⏱️  wsi_loading:
   Total: 2.740s | Avg: 2.7405s | Calls: 1
⏱️  dataset_creation:
   Total: 0.167s | Avg: 0.1672s | Calls: 1
⏱️  data_loading:
   Total: 0.004s | Avg: 0.0001s | Calls: 24
   Min: 0.0001s | Max: 0.0003s
⏱️  sample_saving:
   Total: 0.042s | Avg: 0.0042s | Calls: 10
   Min: 0.0037s | Max: 0.0054s
⏱️  data_transfer:
   Total: 0.002s | Avg: 0.0001s | Calls: 24
   Min: 0.0000s | Max: 0.0002s
⏱️  model_inference:
   Total: 0.701s | Avg: 0.0292s | Calls: 24
   Min: 0.0183s | Max: 0.0343s
⏱️  feature_processing:
   Total: 30.628s | Avg: 1.2762s | Calls: 24
   Min: 1.1038s | Max: 1.2978s
⏱️  feature_accumulation:
   Total: 0.000s | Avg: 0.0000s | Calls: 24
   Min: 0.0000s | Max: 0.0000s
⏱️  batch_processing:
   Total: 34.374s | Avg: 1.4323s | Calls: 24
   Min: 1.3040s | Max: 2.5588s
⏱️  feature_combining:
   Total: 0.020s | Avg: 0.0067s | Calls: 3
   Min: 0.0016s | Max: 0.0100s
⏱️  hdf5_writing:
   Total: 2.561s | Avg: 0.8536s | Calls: 3
   Min: 0.4691s | Max: 1.0919s
⏱️  memory_cleanup:
   Total: 0.424s | Avg: 0.1413s | Calls: 3
   Min: 0.1031s | Max: 0.1606s
⏱️  total_computation:
   Total: 110.012s | Avg: 110.0124s | Calls: 1
⏱️  slide_processing:
   Total: 110.013s | Avg: 110.0134s | Calls: 1

🚨 BOTTLENECK ANALYSIS (Total Runtime: 291.689s):
   🔥 slide_processing: 110.013s (37.7%)
   🔥 total_computation: 110.012s (37.7%)
   🔥 batch_processing: 34.374s (11.8%)
   🔥 feature_processing: 30.628s (10.5%)

📊 OPERATION COUNTS:
   hdf5_write_operations: 3
   patches_processed: 12,217
   GPU Memory - Max: 4226.2MB | Avg: 3817.0MB

💡 OPTIMIZATION RECOMMENDATIONS:
================================================================================
📊 Features shape: (12217, 1536), Coords shape: (12217, 2)
💾 Saved features to /nemo/project/proj-tracerx-lung/tctProjects/kilimo/TracerX_WSIs/20X/uni_v2/pt_files/LTX0654_A5_SU.pt

🔄 Processing slide 105/121: LTX0665_A2_SU
downsample [1. 1.]
downsampled_level_dim [157440  92928]
level_dim [157440  92928]
name LTX0665_A2_SU
patch_level 0
patch_size 580
save_path /nemo/project/proj-tracerx-lung/tctProjects/kilimo/TracerX_WSIs/20X/patches/patches

feature extraction settings
transformations:  Compose(
    Resize(size=224, interpolation=bilinear, max_size=None, antialias=True)
    CenterCrop(size=(224, 224))
    MaybeToTensor()
    Normalize(mean=tensor([0.4850, 0.4560, 0.4060]), std=tensor([0.2290, 0.2240, 0.2250]))
)
📦 Dataset size: 19573 patches, 39 batches
🔍 Processing a total of 39 batches with profiling enabled
Saving random samples to /nemo/project/proj-tracerx-lung/tctProjects/kilimo/TracerX_WSIs/20X/uni_v2/samples/LTX0665_A2_SU
Saved 9/10 random sample images for slide LTX0665_A2_SU
✅ Features extracted in 191.9s

================================================================================
🔍 PERFORMANCE PROFILING SUMMARY - LTX0665_A2_SU
================================================================================
⏱️  wsi_loading:
   Total: 3.735s | Avg: 3.7352s | Calls: 1
⏱️  dataset_creation:
   Total: 0.217s | Avg: 0.2168s | Calls: 1
⏱️  data_loading:
   Total: 0.005s | Avg: 0.0001s | Calls: 39
   Min: 0.0001s | Max: 0.0003s
⏱️  sample_saving:
   Total: 0.040s | Avg: 0.0044s | Calls: 9
   Min: 0.0031s | Max: 0.0071s
⏱️  data_transfer:
   Total: 0.004s | Avg: 0.0001s | Calls: 39
   Min: 0.0000s | Max: 0.0004s
⏱️  model_inference:
   Total: 1.042s | Avg: 0.0267s | Calls: 39
   Min: 0.0182s | Max: 0.0366s
⏱️  feature_processing:
   Total: 49.097s | Avg: 1.2589s | Calls: 39
   Min: 0.2858s | Max: 1.3006s
⏱️  feature_accumulation:
   Total: 0.000s | Avg: 0.0000s | Calls: 39
   Min: 0.0000s | Max: 0.0000s
⏱️  batch_processing:
   Total: 51.124s | Avg: 1.3109s | Calls: 39
   Min: 0.5436s | Max: 1.5699s
⏱️  feature_combining:
   Total: 0.025s | Avg: 0.0063s | Calls: 4
   Min: 0.0050s | Max: 0.0078s
⏱️  hdf5_writing:
   Total: 0.354s | Avg: 0.0886s | Calls: 4
   Min: 0.0520s | Max: 0.1221s
⏱️  memory_cleanup:
   Total: 0.561s | Avg: 0.1401s | Calls: 4
   Min: 0.1278s | Max: 0.1593s
⏱️  total_computation:
   Total: 187.934s | Avg: 187.9341s | Calls: 1
⏱️  slide_processing:
   Total: 187.935s | Avg: 187.9350s | Calls: 1

🚨 BOTTLENECK ANALYSIS (Total Runtime: 482.074s):
   🔥 slide_processing: 187.935s (39.0%)
   🔥 total_computation: 187.934s (39.0%)
   🔥 batch_processing: 51.124s (10.6%)
   🔥 feature_processing: 49.097s (10.2%)

📊 OPERATION COUNTS:
   hdf5_write_operations: 4
   patches_processed: 19,573
   GPU Memory - Max: 4226.2MB | Avg: 3861.9MB

💡 OPTIMIZATION RECOMMENDATIONS:
================================================================================
📊 Features shape: (19573, 1536), Coords shape: (19573, 2)
💾 Saved features to /nemo/project/proj-tracerx-lung/tctProjects/kilimo/TracerX_WSIs/20X/uni_v2/pt_files/LTX0665_A2_SU.pt

🔄 Processing slide 106/121: LTX0666_A4_SU
downsample [1. 1.]
downsampled_level_dim [103680  81664]
level_dim [103680  81664]
name LTX0666_A4_SU
patch_level 0
patch_size 580
save_path /nemo/project/proj-tracerx-lung/tctProjects/kilimo/TracerX_WSIs/20X/patches/patches

feature extraction settings
transformations:  Compose(
    Resize(size=224, interpolation=bilinear, max_size=None, antialias=True)
    CenterCrop(size=(224, 224))
    MaybeToTensor()
    Normalize(mean=tensor([0.4850, 0.4560, 0.4060]), std=tensor([0.2290, 0.2240, 0.2250]))
)
📦 Dataset size: 11784 patches, 24 batches
🔍 Processing a total of 24 batches with profiling enabled
Saving random samples to /nemo/project/proj-tracerx-lung/tctProjects/kilimo/TracerX_WSIs/20X/uni_v2/samples/LTX0666_A4_SU
Saved 10/10 random sample images for slide LTX0666_A4_SU
✅ Features extracted in 107.8s

================================================================================
🔍 PERFORMANCE PROFILING SUMMARY - LTX0666_A4_SU
================================================================================
⏱️  wsi_loading:
   Total: 0.518s | Avg: 0.5182s | Calls: 1
⏱️  dataset_creation:
   Total: 0.131s | Avg: 0.1314s | Calls: 1
⏱️  data_loading:
   Total: 0.004s | Avg: 0.0001s | Calls: 24
   Min: 0.0001s | Max: 0.0003s
⏱️  sample_saving:
   Total: 0.036s | Avg: 0.0036s | Calls: 10
   Min: 0.0027s | Max: 0.0054s
⏱️  data_transfer:
   Total: 0.003s | Avg: 0.0001s | Calls: 24
   Min: 0.0001s | Max: 0.0011s
⏱️  model_inference:
   Total: 0.603s | Avg: 0.0251s | Calls: 24
   Min: 0.0186s | Max: 0.0377s
⏱️  feature_processing:
   Total: 29.556s | Avg: 1.2315s | Calls: 24
   Min: 0.0066s | Max: 1.2987s
⏱️  feature_accumulation:
   Total: 0.000s | Avg: 0.0000s | Calls: 24
   Min: 0.0000s | Max: 0.0000s
⏱️  batch_processing:
   Total: 30.889s | Avg: 1.2871s | Calls: 24
   Min: 0.1572s | Max: 1.6786s
⏱️  feature_combining:
   Total: 0.017s | Avg: 0.0057s | Calls: 3
   Min: 0.0026s | Max: 0.0074s
⏱️  hdf5_writing:
   Total: 0.290s | Avg: 0.0967s | Calls: 3
   Min: 0.0181s | Max: 0.2346s
⏱️  memory_cleanup:
   Total: 0.385s | Avg: 0.1285s | Calls: 3
   Min: 0.1119s | Max: 0.1374s
⏱️  total_computation:
   Total: 107.171s | Avg: 107.1709s | Calls: 1
⏱️  slide_processing:
   Total: 107.171s | Avg: 107.1710s | Calls: 1

🚨 BOTTLENECK ANALYSIS (Total Runtime: 276.776s):
   🔥 slide_processing: 107.171s (38.7%)
   🔥 total_computation: 107.171s (38.7%)
   🔥 batch_processing: 30.889s (11.2%)
   🔥 feature_processing: 29.556s (10.7%)

📊 OPERATION COUNTS:
   hdf5_write_operations: 3
   patches_processed: 11,784
   GPU Memory - Max: 4226.2MB | Avg: 3756.4MB

💡 OPTIMIZATION RECOMMENDATIONS:
================================================================================
📊 Features shape: (11784, 1536), Coords shape: (11784, 2)
💾 Saved features to /nemo/project/proj-tracerx-lung/tctProjects/kilimo/TracerX_WSIs/20X/uni_v2/pt_files/LTX0666_A4_SU.pt

🔄 Processing slide 107/121: LTX0686_A2_SU
downsample [1. 1.]
downsampled_level_dim [161280 115456]
level_dim [161280 115456]
name LTX0686_A2_SU
patch_level 0
patch_size 580
save_path /nemo/project/proj-tracerx-lung/tctProjects/kilimo/TracerX_WSIs/20X/patches/patches

feature extraction settings
transformations:  Compose(
    Resize(size=224, interpolation=bilinear, max_size=None, antialias=True)
    CenterCrop(size=(224, 224))
    MaybeToTensor()
    Normalize(mean=tensor([0.4850, 0.4560, 0.4060]), std=tensor([0.2290, 0.2240, 0.2250]))
)
📦 Dataset size: 38317 patches, 75 batches
🔍 Processing a total of 75 batches with profiling enabled
Saving random samples to /nemo/project/proj-tracerx-lung/tctProjects/kilimo/TracerX_WSIs/20X/uni_v2/samples/LTX0686_A2_SU
Saved 7/10 random sample images for slide LTX0686_A2_SU
✅ Features extracted in 376.0s

================================================================================
🔍 PERFORMANCE PROFILING SUMMARY - LTX0686_A2_SU
================================================================================
⏱️  wsi_loading:
   Total: 0.896s | Avg: 0.8961s | Calls: 1
⏱️  dataset_creation:
   Total: 0.127s | Avg: 0.1272s | Calls: 1
⏱️  data_loading:
   Total: 0.010s | Avg: 0.0001s | Calls: 75
   Min: 0.0001s | Max: 0.0005s
⏱️  sample_saving:
   Total: 0.027s | Avg: 0.0039s | Calls: 7
   Min: 0.0029s | Max: 0.0050s
⏱️  data_transfer:
   Total: 0.006s | Avg: 0.0001s | Calls: 75
   Min: 0.0000s | Max: 0.0002s
⏱️  model_inference:
   Total: 1.791s | Avg: 0.0239s | Calls: 75
   Min: 0.0179s | Max: 0.0340s
⏱️  feature_processing:
   Total: 96.148s | Avg: 1.2820s | Calls: 75
   Min: 1.0765s | Max: 1.3048s
⏱️  feature_accumulation:
   Total: 0.000s | Avg: 0.0000s | Calls: 75
   Min: 0.0000s | Max: 0.0000s
⏱️  batch_processing:
   Total: 102.172s | Avg: 1.3623s | Calls: 75
   Min: 1.2361s | Max: 2.2709s
⏱️  feature_combining:
   Total: 0.043s | Avg: 0.0054s | Calls: 8
   Min: 0.0027s | Max: 0.0080s
⏱️  hdf5_writing:
   Total: 3.079s | Avg: 0.3849s | Calls: 8
   Min: 0.0221s | Max: 0.7976s
⏱️  memory_cleanup:
   Total: 1.074s | Avg: 0.1343s | Calls: 8
   Min: 0.1135s | Max: 0.1713s
⏱️  total_computation:
   Total: 374.945s | Avg: 374.9451s | Calls: 1
⏱️  slide_processing:
   Total: 374.946s | Avg: 374.9460s | Calls: 1

🚨 BOTTLENECK ANALYSIS (Total Runtime: 955.265s):
   🔥 slide_processing: 374.946s (39.3%)
   🔥 total_computation: 374.945s (39.3%)
   🔥 batch_processing: 102.172s (10.7%)
   🔥 feature_processing: 96.148s (10.1%)

📊 OPERATION COUNTS:
   hdf5_write_operations: 8
   patches_processed: 38,317
   GPU Memory - Max: 4226.2MB | Avg: 4043.9MB

💡 OPTIMIZATION RECOMMENDATIONS:
================================================================================
📊 Features shape: (38317, 1536), Coords shape: (38317, 2)
💾 Saved features to /nemo/project/proj-tracerx-lung/tctProjects/kilimo/TracerX_WSIs/20X/uni_v2/pt_files/LTX0686_A2_SU.pt

🔄 Processing slide 108/121: LTX0715_A4_SU
downsample [1. 1.]
downsampled_level_dim [145920 104192]
level_dim [145920 104192]
name LTX0715_A4_SU
patch_level 0
patch_size 580
save_path /nemo/project/proj-tracerx-lung/tctProjects/kilimo/TracerX_WSIs/20X/patches/patches

feature extraction settings
transformations:  Compose(
    Resize(size=224, interpolation=bilinear, max_size=None, antialias=True)
    CenterCrop(size=(224, 224))
    MaybeToTensor()
    Normalize(mean=tensor([0.4850, 0.4560, 0.4060]), std=tensor([0.2290, 0.2240, 0.2250]))
)
📦 Dataset size: 19663 patches, 39 batches
🔍 Processing a total of 39 batches with profiling enabled
Saving random samples to /nemo/project/proj-tracerx-lung/tctProjects/kilimo/TracerX_WSIs/20X/uni_v2/samples/LTX0715_A4_SU
Saved 10/10 random sample images for slide LTX0715_A4_SU
✅ Features extracted in 238.5s

================================================================================
🔍 PERFORMANCE PROFILING SUMMARY - LTX0715_A4_SU
================================================================================
⏱️  wsi_loading:
   Total: 5.543s | Avg: 5.5428s | Calls: 1
⏱️  dataset_creation:
   Total: 0.169s | Avg: 0.1689s | Calls: 1
⏱️  data_loading:
   Total: 0.007s | Avg: 0.0002s | Calls: 39
   Min: 0.0001s | Max: 0.0010s
⏱️  sample_saving:
   Total: 0.041s | Avg: 0.0041s | Calls: 10
   Min: 0.0031s | Max: 0.0053s
⏱️  data_transfer:
   Total: 0.003s | Avg: 0.0001s | Calls: 39
   Min: 0.0001s | Max: 0.0002s
⏱️  model_inference:
   Total: 1.007s | Avg: 0.0258s | Calls: 39
   Min: 0.0200s | Max: 0.0365s
⏱️  feature_processing:
   Total: 49.441s | Avg: 1.2677s | Calls: 39
   Min: 0.5153s | Max: 1.3025s
⏱️  feature_accumulation:
   Total: 0.000s | Avg: 0.0000s | Calls: 39
   Min: 0.0000s | Max: 0.0000s
⏱️  batch_processing:
   Total: 55.547s | Avg: 1.4243s | Calls: 39
   Min: 1.3040s | Max: 2.9266s
⏱️  feature_combining:
   Total: 0.025s | Avg: 0.0063s | Calls: 4
   Min: 0.0054s | Max: 0.0071s
⏱️  hdf5_writing:
   Total: 4.476s | Avg: 1.1191s | Calls: 4
   Min: 0.9522s | Max: 1.4380s
⏱️  memory_cleanup:
   Total: 0.553s | Avg: 0.1383s | Calls: 4
   Min: 0.1271s | Max: 0.1599s
⏱️  total_computation:
   Total: 232.785s | Avg: 232.7850s | Calls: 1
⏱️  slide_processing:
   Total: 232.785s | Avg: 232.7851s | Calls: 1

🚨 BOTTLENECK ANALYSIS (Total Runtime: 582.382s):
   🔥 slide_processing: 232.785s (40.0%)
   🔥 total_computation: 232.785s (40.0%)
   🔥 batch_processing: 55.547s (9.5%)
   🔥 feature_processing: 49.441s (8.5%)

📊 OPERATION COUNTS:
   hdf5_write_operations: 4
   patches_processed: 19,663
   GPU Memory - Max: 4226.2MB | Avg: 3872.1MB

💡 OPTIMIZATION RECOMMENDATIONS:
================================================================================
📊 Features shape: (19663, 1536), Coords shape: (19663, 2)
💾 Saved features to /nemo/project/proj-tracerx-lung/tctProjects/kilimo/TracerX_WSIs/20X/uni_v2/pt_files/LTX0715_A4_SU.pt

🔄 Processing slide 109/121: LTX0715_SU
downsample [1. 1.]
downsampled_level_dim [130560 101376]
level_dim [130560 101376]
name LTX0715_SU
patch_level 0
patch_size 580
save_path /nemo/project/proj-tracerx-lung/tctProjects/kilimo/TracerX_WSIs/20X/patches/patches

feature extraction settings
transformations:  Compose(
    Resize(size=224, interpolation=bilinear, max_size=None, antialias=True)
    CenterCrop(size=(224, 224))
    MaybeToTensor()
    Normalize(mean=tensor([0.4850, 0.4560, 0.4060]), std=tensor([0.2290, 0.2240, 0.2250]))
)
📦 Dataset size: 18486 patches, 37 batches
🔍 Processing a total of 37 batches with profiling enabled
Saving random samples to /nemo/project/proj-tracerx-lung/tctProjects/kilimo/TracerX_WSIs/20X/uni_v2/samples/LTX0715_SU
Saved 10/10 random sample images for slide LTX0715_SU
✅ Features extracted in 219.1s

================================================================================
🔍 PERFORMANCE PROFILING SUMMARY - LTX0715_SU
================================================================================
⏱️  wsi_loading:
   Total: 6.040s | Avg: 6.0402s | Calls: 1
⏱️  dataset_creation:
   Total: 0.208s | Avg: 0.2083s | Calls: 1
⏱️  data_loading:
   Total: 0.006s | Avg: 0.0002s | Calls: 37
   Min: 0.0001s | Max: 0.0005s
⏱️  sample_saving:
   Total: 0.053s | Avg: 0.0053s | Calls: 10
   Min: 0.0029s | Max: 0.0179s
⏱️  data_transfer:
   Total: 0.005s | Avg: 0.0001s | Calls: 37
   Min: 0.0001s | Max: 0.0014s
⏱️  model_inference:
   Total: 0.973s | Avg: 0.0263s | Calls: 37
   Min: 0.0189s | Max: 0.0374s
⏱️  feature_processing:
   Total: 46.462s | Avg: 1.2557s | Calls: 37
   Min: 0.1276s | Max: 1.3061s
⏱️  feature_accumulation:
   Total: 0.000s | Avg: 0.0000s | Calls: 37
   Min: 0.0000s | Max: 0.0000s
⏱️  batch_processing:
   Total: 49.497s | Avg: 1.3378s | Calls: 37
   Min: 0.6914s | Max: 1.8836s
⏱️  feature_combining:
   Total: 0.027s | Avg: 0.0068s | Calls: 4
   Min: 0.0038s | Max: 0.0091s
⏱️  hdf5_writing:
   Total: 1.431s | Avg: 0.3577s | Calls: 4
   Min: 0.2461s | Max: 0.4273s
⏱️  memory_cleanup:
   Total: 0.551s | Avg: 0.1376s | Calls: 4
   Min: 0.1172s | Max: 0.1617s
⏱️  total_computation:
   Total: 212.806s | Avg: 212.8057s | Calls: 1
⏱️  slide_processing:
   Total: 212.806s | Avg: 212.8058s | Calls: 1

🚨 BOTTLENECK ANALYSIS (Total Runtime: 530.864s):
   🔥 slide_processing: 212.806s (40.1%)
   🔥 total_computation: 212.806s (40.1%)
   🔥 batch_processing: 49.497s (9.3%)
   🔥 feature_processing: 46.462s (8.8%)

📊 OPERATION COUNTS:
   hdf5_write_operations: 4
   patches_processed: 18,486
   GPU Memory - Max: 4226.2MB | Avg: 3854.5MB

💡 OPTIMIZATION RECOMMENDATIONS:
================================================================================
📊 Features shape: (18486, 1536), Coords shape: (18486, 2)
💾 Saved features to /nemo/project/proj-tracerx-lung/tctProjects/kilimo/TracerX_WSIs/20X/uni_v2/pt_files/LTX0715_SU.pt

🔄 Processing slide 110/121: LTX0717_A8_SU
downsample [1. 1.]
downsampled_level_dim [215040 112640]
level_dim [215040 112640]
name LTX0717_A8_SU
patch_level 0
patch_size 580
save_path /nemo/project/proj-tracerx-lung/tctProjects/kilimo/TracerX_WSIs/20X/patches/patches

feature extraction settings
transformations:  Compose(
    Resize(size=224, interpolation=bilinear, max_size=None, antialias=True)
    CenterCrop(size=(224, 224))
    MaybeToTensor()
    Normalize(mean=tensor([0.4850, 0.4560, 0.4060]), std=tensor([0.2290, 0.2240, 0.2250]))
)
📦 Dataset size: 18528 patches, 37 batches
🔍 Processing a total of 37 batches with profiling enabled
Saving random samples to /nemo/project/proj-tracerx-lung/tctProjects/kilimo/TracerX_WSIs/20X/uni_v2/samples/LTX0717_A8_SU
Saved 10/10 random sample images for slide LTX0717_A8_SU
✅ Features extracted in 204.7s

================================================================================
🔍 PERFORMANCE PROFILING SUMMARY - LTX0717_A8_SU
================================================================================
⏱️  wsi_loading:
   Total: 2.148s | Avg: 2.1481s | Calls: 1
⏱️  dataset_creation:
   Total: 0.152s | Avg: 0.1524s | Calls: 1
⏱️  data_loading:
   Total: 0.005s | Avg: 0.0001s | Calls: 37
   Min: 0.0001s | Max: 0.0003s
⏱️  sample_saving:
   Total: 0.538s | Avg: 0.0538s | Calls: 10
   Min: 0.0026s | Max: 0.5038s
⏱️  data_transfer:
   Total: 0.003s | Avg: 0.0001s | Calls: 37
   Min: 0.0001s | Max: 0.0002s
⏱️  model_inference:
   Total: 0.956s | Avg: 0.0258s | Calls: 37
   Min: 0.0187s | Max: 0.0349s
⏱️  feature_processing:
   Total: 46.417s | Avg: 1.2545s | Calls: 37
   Min: 0.2351s | Max: 1.3056s
⏱️  feature_accumulation:
   Total: 0.000s | Avg: 0.0000s | Calls: 37
   Min: 0.0000s | Max: 0.0000s
⏱️  batch_processing:
   Total: 51.010s | Avg: 1.3786s | Calls: 37
   Min: 0.4363s | Max: 2.4532s
⏱️  feature_combining:
   Total: 0.022s | Avg: 0.0056s | Calls: 4
   Min: 0.0030s | Max: 0.0074s
⏱️  hdf5_writing:
   Total: 2.544s | Avg: 0.6361s | Calls: 4
   Min: 0.0737s | Max: 1.0087s
⏱️  memory_cleanup:
   Total: 0.528s | Avg: 0.1319s | Calls: 4
   Min: 0.1051s | Max: 0.1442s
⏱️  total_computation:
   Total: 202.406s | Avg: 202.4057s | Calls: 1
⏱️  slide_processing:
   Total: 202.406s | Avg: 202.4064s | Calls: 1

🚨 BOTTLENECK ANALYSIS (Total Runtime: 509.136s):
   🔥 slide_processing: 202.406s (39.8%)
   🔥 total_computation: 202.406s (39.8%)
   🔥 batch_processing: 51.010s (10.0%)
   🔥 feature_processing: 46.417s (9.1%)

📊 OPERATION COUNTS:
   hdf5_write_operations: 4
   patches_processed: 18,528
   GPU Memory - Max: 4226.2MB | Avg: 3859.7MB

💡 OPTIMIZATION RECOMMENDATIONS:
================================================================================
📊 Features shape: (18528, 1536), Coords shape: (18528, 2)
💾 Saved features to /nemo/project/proj-tracerx-lung/tctProjects/kilimo/TracerX_WSIs/20X/uni_v2/pt_files/LTX0717_A8_SU.pt

🔄 Processing slide 111/121: LTX0721_E3_SU
downsample [1. 1.]
downsampled_level_dim [149760 107008]
level_dim [149760 107008]
name LTX0721_E3_SU
patch_level 0
patch_size 580
save_path /nemo/project/proj-tracerx-lung/tctProjects/kilimo/TracerX_WSIs/20X/patches/patches

feature extraction settings
transformations:  Compose(
    Resize(size=224, interpolation=bilinear, max_size=None, antialias=True)
    CenterCrop(size=(224, 224))
    MaybeToTensor()
    Normalize(mean=tensor([0.4850, 0.4560, 0.4060]), std=tensor([0.2290, 0.2240, 0.2250]))
)
📦 Dataset size: 30168 patches, 59 batches
🔍 Processing a total of 59 batches with profiling enabled
Saving random samples to /nemo/project/proj-tracerx-lung/tctProjects/kilimo/TracerX_WSIs/20X/uni_v2/samples/LTX0721_E3_SU
Saved 10/10 random sample images for slide LTX0721_E3_SU
✅ Features extracted in 286.2s

================================================================================
🔍 PERFORMANCE PROFILING SUMMARY - LTX0721_E3_SU
================================================================================
⏱️  wsi_loading:
   Total: 0.837s | Avg: 0.8366s | Calls: 1
⏱️  dataset_creation:
   Total: 0.115s | Avg: 0.1153s | Calls: 1
⏱️  data_loading:
   Total: 0.008s | Avg: 0.0001s | Calls: 59
   Min: 0.0001s | Max: 0.0003s
⏱️  sample_saving:
   Total: 0.040s | Avg: 0.0040s | Calls: 10
   Min: 0.0029s | Max: 0.0051s
⏱️  data_transfer:
   Total: 0.005s | Avg: 0.0001s | Calls: 59
   Min: 0.0001s | Max: 0.0007s
⏱️  model_inference:
   Total: 1.533s | Avg: 0.0260s | Calls: 59
   Min: 0.0188s | Max: 0.0403s
⏱️  feature_processing:
   Total: 75.626s | Avg: 1.2818s | Calls: 59
   Min: 1.1822s | Max: 1.3056s
⏱️  feature_accumulation:
   Total: 0.000s | Avg: 0.0000s | Calls: 59
   Min: 0.0000s | Max: 0.0000s
⏱️  batch_processing:
   Total: 80.365s | Avg: 1.3621s | Calls: 59
   Min: 1.3034s | Max: 2.0434s
⏱️  feature_combining:
   Total: 0.042s | Avg: 0.0071s | Calls: 6
   Min: 0.0050s | Max: 0.0090s
⏱️  hdf5_writing:
   Total: 2.352s | Avg: 0.3920s | Calls: 6
   Min: 0.0624s | Max: 0.6687s
⏱️  memory_cleanup:
   Total: 0.771s | Avg: 0.1285s | Calls: 6
   Min: 0.1085s | Max: 0.1497s
⏱️  total_computation:
   Total: 285.215s | Avg: 285.2153s | Calls: 1
⏱️  slide_processing:
   Total: 285.216s | Avg: 285.2158s | Calls: 1

🚨 BOTTLENECK ANALYSIS (Total Runtime: 732.127s):
   🔥 slide_processing: 285.216s (39.0%)
   🔥 total_computation: 285.215s (39.0%)
   🔥 batch_processing: 80.365s (11.0%)
   🔥 feature_processing: 75.626s (10.3%)

📊 OPERATION COUNTS:
   hdf5_write_operations: 6
   patches_processed: 30,168
   GPU Memory - Max: 4226.2MB | Avg: 3995.2MB

💡 OPTIMIZATION RECOMMENDATIONS:
================================================================================
📊 Features shape: (30168, 1536), Coords shape: (30168, 2)
💾 Saved features to /nemo/project/proj-tracerx-lung/tctProjects/kilimo/TracerX_WSIs/20X/uni_v2/pt_files/LTX0721_E3_SU.pt

🔄 Processing slide 112/121: LTX0721_SU
downsample [1. 1.]
downsampled_level_dim [130560  98560]
level_dim [130560  98560]
name LTX0721_SU
patch_level 0
patch_size 580
save_path /nemo/project/proj-tracerx-lung/tctProjects/kilimo/TracerX_WSIs/20X/patches/patches

feature extraction settings
transformations:  Compose(
    Resize(size=224, interpolation=bilinear, max_size=None, antialias=True)
    CenterCrop(size=(224, 224))
    MaybeToTensor()
    Normalize(mean=tensor([0.4850, 0.4560, 0.4060]), std=tensor([0.2290, 0.2240, 0.2250]))
)
📦 Dataset size: 27751 patches, 55 batches
🔍 Processing a total of 55 batches with profiling enabled
Saving random samples to /nemo/project/proj-tracerx-lung/tctProjects/kilimo/TracerX_WSIs/20X/uni_v2/samples/LTX0721_SU
Saved 10/10 random sample images for slide LTX0721_SU
✅ Features extracted in 251.0s

================================================================================
🔍 PERFORMANCE PROFILING SUMMARY - LTX0721_SU
================================================================================
⏱️  wsi_loading:
   Total: 2.435s | Avg: 2.4350s | Calls: 1
⏱️  dataset_creation:
   Total: 0.120s | Avg: 0.1201s | Calls: 1
⏱️  data_loading:
   Total: 0.008s | Avg: 0.0001s | Calls: 55
   Min: 0.0001s | Max: 0.0003s
⏱️  sample_saving:
   Total: 0.040s | Avg: 0.0040s | Calls: 10
   Min: 0.0029s | Max: 0.0048s
⏱️  data_transfer:
   Total: 0.005s | Avg: 0.0001s | Calls: 55
   Min: 0.0001s | Max: 0.0007s
⏱️  model_inference:
   Total: 1.360s | Avg: 0.0247s | Calls: 55
   Min: 0.0188s | Max: 0.0321s
⏱️  feature_processing:
   Total: 69.691s | Avg: 1.2671s | Calls: 55
   Min: 0.2521s | Max: 1.3066s
⏱️  feature_accumulation:
   Total: 0.000s | Avg: 0.0000s | Calls: 55
   Min: 0.0000s | Max: 0.0000s
⏱️  batch_processing:
   Total: 73.541s | Avg: 1.3371s | Calls: 55
   Min: 0.3918s | Max: 2.3080s
⏱️  feature_combining:
   Total: 0.036s | Avg: 0.0060s | Calls: 6
   Min: 0.0036s | Max: 0.0077s
⏱️  hdf5_writing:
   Total: 1.569s | Avg: 0.2614s | Calls: 6
   Min: 0.0174s | Max: 0.8429s
⏱️  memory_cleanup:
   Total: 0.843s | Avg: 0.1405s | Calls: 6
   Min: 0.1000s | Max: 0.1699s
⏱️  total_computation:
   Total: 248.399s | Avg: 248.3995s | Calls: 1
⏱️  slide_processing:
   Total: 248.400s | Avg: 248.3996s | Calls: 1

🚨 BOTTLENECK ANALYSIS (Total Runtime: 646.447s):
   🔥 slide_processing: 248.400s (38.4%)
   🔥 total_computation: 248.399s (38.4%)
   🔥 batch_processing: 73.541s (11.4%)
   🔥 feature_processing: 69.691s (10.8%)

📊 OPERATION COUNTS:
   hdf5_write_operations: 6
   patches_processed: 27,751
   GPU Memory - Max: 4226.2MB | Avg: 3965.0MB

💡 OPTIMIZATION RECOMMENDATIONS:
================================================================================
📊 Features shape: (27751, 1536), Coords shape: (27751, 2)
💾 Saved features to /nemo/project/proj-tracerx-lung/tctProjects/kilimo/TracerX_WSIs/20X/uni_v2/pt_files/LTX0721_SU.pt

🔄 Processing slide 113/121: LTX0738_A3_SU
downsample [1. 1.]
downsampled_level_dim [134400 112640]
level_dim [134400 112640]
name LTX0738_A3_SU
patch_level 0
patch_size 580
save_path /nemo/project/proj-tracerx-lung/tctProjects/kilimo/TracerX_WSIs/20X/patches/patches

feature extraction settings
transformations:  Compose(
    Resize(size=224, interpolation=bilinear, max_size=None, antialias=True)
    CenterCrop(size=(224, 224))
    MaybeToTensor()
    Normalize(mean=tensor([0.4850, 0.4560, 0.4060]), std=tensor([0.2290, 0.2240, 0.2250]))
)
📦 Dataset size: 28764 patches, 57 batches
🔍 Processing a total of 57 batches with profiling enabled
Saving random samples to /nemo/project/proj-tracerx-lung/tctProjects/kilimo/TracerX_WSIs/20X/uni_v2/samples/LTX0738_A3_SU
Saved 9/10 random sample images for slide LTX0738_A3_SU
✅ Features extracted in 279.1s

================================================================================
🔍 PERFORMANCE PROFILING SUMMARY - LTX0738_A3_SU
================================================================================
⏱️  wsi_loading:
   Total: 0.953s | Avg: 0.9531s | Calls: 1
⏱️  dataset_creation:
   Total: 0.119s | Avg: 0.1188s | Calls: 1
⏱️  data_loading:
   Total: 0.008s | Avg: 0.0001s | Calls: 57
   Min: 0.0001s | Max: 0.0004s
⏱️  sample_saving:
   Total: 0.036s | Avg: 0.0040s | Calls: 9
   Min: 0.0028s | Max: 0.0053s
⏱️  data_transfer:
   Total: 0.005s | Avg: 0.0001s | Calls: 57
   Min: 0.0001s | Max: 0.0003s
⏱️  model_inference:
   Total: 1.402s | Avg: 0.0246s | Calls: 57
   Min: 0.0186s | Max: 0.0369s
⏱️  feature_processing:
   Total: 72.212s | Avg: 1.2669s | Calls: 57
   Min: 0.2253s | Max: 1.3066s
⏱️  feature_accumulation:
   Total: 0.000s | Avg: 0.0000s | Calls: 57
   Min: 0.0000s | Max: 0.0000s
⏱️  batch_processing:
   Total: 76.690s | Avg: 1.3454s | Calls: 57
   Min: 0.3985s | Max: 1.9880s
⏱️  feature_combining:
   Total: 0.038s | Avg: 0.0063s | Calls: 6
   Min: 0.0050s | Max: 0.0094s
⏱️  hdf5_writing:
   Total: 2.223s | Avg: 0.3704s | Calls: 6
   Min: 0.0331s | Max: 0.5366s
⏱️  memory_cleanup:
   Total: 0.778s | Avg: 0.1297s | Calls: 6
   Min: 0.1178s | Max: 0.1447s
⏱️  total_computation:
   Total: 278.049s | Avg: 278.0490s | Calls: 1
⏱️  slide_processing:
   Total: 278.049s | Avg: 278.0492s | Calls: 1

🚨 BOTTLENECK ANALYSIS (Total Runtime: 710.561s):
   🔥 slide_processing: 278.049s (39.1%)
   🔥 total_computation: 278.049s (39.1%)
   🔥 batch_processing: 76.690s (10.8%)
   🔥 feature_processing: 72.212s (10.2%)

📊 OPERATION COUNTS:
   hdf5_write_operations: 6
   patches_processed: 28,764
   GPU Memory - Max: 4226.2MB | Avg: 3964.5MB

💡 OPTIMIZATION RECOMMENDATIONS:
================================================================================
📊 Features shape: (28764, 1536), Coords shape: (28764, 2)
💾 Saved features to /nemo/project/proj-tracerx-lung/tctProjects/kilimo/TracerX_WSIs/20X/uni_v2/pt_files/LTX0738_A3_SU.pt

🔄 Processing slide 114/121: LTX0762_A1_SU
downsample [1. 1.]
downsampled_level_dim [149760  98560]
level_dim [149760  98560]
name LTX0762_A1_SU
patch_level 0
patch_size 580
save_path /nemo/project/proj-tracerx-lung/tctProjects/kilimo/TracerX_WSIs/20X/patches/patches

feature extraction settings
transformations:  Compose(
    Resize(size=224, interpolation=bilinear, max_size=None, antialias=True)
    CenterCrop(size=(224, 224))
    MaybeToTensor()
    Normalize(mean=tensor([0.4850, 0.4560, 0.4060]), std=tensor([0.2290, 0.2240, 0.2250]))
)
📦 Dataset size: 24772 patches, 49 batches
🔍 Processing a total of 49 batches with profiling enabled
Saving random samples to /nemo/project/proj-tracerx-lung/tctProjects/kilimo/TracerX_WSIs/20X/uni_v2/samples/LTX0762_A1_SU
Saved 8/10 random sample images for slide LTX0762_A1_SU
✅ Features extracted in 280.2s

================================================================================
🔍 PERFORMANCE PROFILING SUMMARY - LTX0762_A1_SU
================================================================================
⏱️  wsi_loading:
   Total: 4.312s | Avg: 4.3118s | Calls: 1
⏱️  dataset_creation:
   Total: 0.172s | Avg: 0.1716s | Calls: 1
⏱️  data_loading:
   Total: 0.007s | Avg: 0.0001s | Calls: 49
   Min: 0.0001s | Max: 0.0003s
⏱️  sample_saving:
   Total: 0.038s | Avg: 0.0047s | Calls: 8
   Min: 0.0039s | Max: 0.0061s
⏱️  data_transfer:
   Total: 0.005s | Avg: 0.0001s | Calls: 49
   Min: 0.0000s | Max: 0.0004s
⏱️  model_inference:
   Total: 1.300s | Avg: 0.0265s | Calls: 49
   Min: 0.0208s | Max: 0.0349s
⏱️  feature_processing:
   Total: 62.154s | Avg: 1.2685s | Calls: 49
   Min: 0.4864s | Max: 1.3029s
⏱️  feature_accumulation:
   Total: 0.000s | Avg: 0.0000s | Calls: 49
   Min: 0.0000s | Max: 0.0000s
⏱️  batch_processing:
   Total: 67.465s | Avg: 1.3768s | Calls: 49
   Min: 1.0465s | Max: 3.0490s
⏱️  feature_combining:
   Total: 0.036s | Avg: 0.0073s | Calls: 5
   Min: 0.0045s | Max: 0.0102s
⏱️  hdf5_writing:
   Total: 3.230s | Avg: 0.6461s | Calls: 5
   Min: 0.0651s | Max: 1.5940s
⏱️  memory_cleanup:
   Total: 0.708s | Avg: 0.1415s | Calls: 5
   Min: 0.1235s | Max: 0.1549s
⏱️  total_computation:
   Total: 275.753s | Avg: 275.7526s | Calls: 1
⏱️  slide_processing:
   Total: 275.753s | Avg: 275.7527s | Calls: 1

🚨 BOTTLENECK ANALYSIS (Total Runtime: 690.932s):
   🔥 slide_processing: 275.753s (39.9%)
   🔥 total_computation: 275.753s (39.9%)
   🔥 batch_processing: 67.465s (9.8%)
   🔥 feature_processing: 62.154s (9.0%)

📊 OPERATION COUNTS:
   hdf5_write_operations: 5
   patches_processed: 24,772
   GPU Memory - Max: 4226.2MB | Avg: 3930.1MB

💡 OPTIMIZATION RECOMMENDATIONS:
================================================================================
📊 Features shape: (24772, 1536), Coords shape: (24772, 2)
💾 Saved features to /nemo/project/proj-tracerx-lung/tctProjects/kilimo/TracerX_WSIs/20X/uni_v2/pt_files/LTX0762_A1_SU.pt

🔄 Processing slide 115/121: LTX0771_A1_SU
downsample [1. 1.]
downsampled_level_dim [134400  95744]
level_dim [134400  95744]
name LTX0771_A1_SU
patch_level 0
patch_size 580
save_path /nemo/project/proj-tracerx-lung/tctProjects/kilimo/TracerX_WSIs/20X/patches/patches

feature extraction settings
transformations:  Compose(
    Resize(size=224, interpolation=bilinear, max_size=None, antialias=True)
    CenterCrop(size=(224, 224))
    MaybeToTensor()
    Normalize(mean=tensor([0.4850, 0.4560, 0.4060]), std=tensor([0.2290, 0.2240, 0.2250]))
)
📦 Dataset size: 16375 patches, 32 batches
🔍 Processing a total of 32 batches with profiling enabled
Saving random samples to /nemo/project/proj-tracerx-lung/tctProjects/kilimo/TracerX_WSIs/20X/uni_v2/samples/LTX0771_A1_SU
Saved 10/10 random sample images for slide LTX0771_A1_SU
✅ Features extracted in 192.8s

================================================================================
🔍 PERFORMANCE PROFILING SUMMARY - LTX0771_A1_SU
================================================================================
⏱️  wsi_loading:
   Total: 2.885s | Avg: 2.8847s | Calls: 1
⏱️  dataset_creation:
   Total: 0.189s | Avg: 0.1893s | Calls: 1
⏱️  data_loading:
   Total: 0.004s | Avg: 0.0001s | Calls: 32
   Min: 0.0001s | Max: 0.0003s
⏱️  sample_saving:
   Total: 0.042s | Avg: 0.0042s | Calls: 10
   Min: 0.0028s | Max: 0.0061s
⏱️  data_transfer:
   Total: 0.003s | Avg: 0.0001s | Calls: 32
   Min: 0.0001s | Max: 0.0003s
⏱️  model_inference:
   Total: 0.791s | Avg: 0.0247s | Calls: 32
   Min: 0.0177s | Max: 0.0346s
⏱️  feature_processing:
   Total: 41.117s | Avg: 1.2849s | Calls: 32
   Min: 1.2610s | Max: 1.3028s
⏱️  feature_accumulation:
   Total: 0.000s | Avg: 0.0000s | Calls: 32
   Min: 0.0000s | Max: 0.0000s
⏱️  batch_processing:
   Total: 42.688s | Avg: 1.3340s | Calls: 32
   Min: 1.3000s | Max: 1.5296s
⏱️  feature_combining:
   Total: 0.029s | Avg: 0.0073s | Calls: 4
   Min: 0.0023s | Max: 0.0102s
⏱️  hdf5_writing:
   Total: 0.213s | Avg: 0.0532s | Calls: 4
   Min: 0.0196s | Max: 0.0892s
⏱️  memory_cleanup:
   Total: 0.503s | Avg: 0.1257s | Calls: 4
   Min: 0.1119s | Max: 0.1465s
⏱️  total_computation:
   Total: 189.741s | Avg: 189.7414s | Calls: 1
⏱️  slide_processing:
   Total: 189.741s | Avg: 189.7415s | Calls: 1

🚨 BOTTLENECK ANALYSIS (Total Runtime: 467.947s):
   🔥 slide_processing: 189.741s (40.5%)
   🔥 total_computation: 189.741s (40.5%)
   🔥 batch_processing: 42.688s (9.1%)
   🔥 feature_processing: 41.117s (8.8%)

📊 OPERATION COUNTS:
   hdf5_write_operations: 4
   patches_processed: 16,375
   GPU Memory - Max: 4226.2MB | Avg: 3906.3MB

💡 OPTIMIZATION RECOMMENDATIONS:
================================================================================
📊 Features shape: (16375, 1536), Coords shape: (16375, 2)
💾 Saved features to /nemo/project/proj-tracerx-lung/tctProjects/kilimo/TracerX_WSIs/20X/uni_v2/pt_files/LTX0771_A1_SU.pt

🔄 Processing slide 116/121: LTX0777_D3_SU
downsample [1. 1.]
downsampled_level_dim [168960 104192]
level_dim [168960 104192]
name LTX0777_D3_SU
patch_level 0
patch_size 580
save_path /nemo/project/proj-tracerx-lung/tctProjects/kilimo/TracerX_WSIs/20X/patches/patches

feature extraction settings
transformations:  Compose(
    Resize(size=224, interpolation=bilinear, max_size=None, antialias=True)
    CenterCrop(size=(224, 224))
    MaybeToTensor()
    Normalize(mean=tensor([0.4850, 0.4560, 0.4060]), std=tensor([0.2290, 0.2240, 0.2250]))
)
📦 Dataset size: 32725 patches, 64 batches
🔍 Processing a total of 64 batches with profiling enabled
Saving random samples to /nemo/project/proj-tracerx-lung/tctProjects/kilimo/TracerX_WSIs/20X/uni_v2/samples/LTX0777_D3_SU
Saved 10/10 random sample images for slide LTX0777_D3_SU
✅ Features extracted in 311.8s

================================================================================
🔍 PERFORMANCE PROFILING SUMMARY - LTX0777_D3_SU
================================================================================
⏱️  wsi_loading:
   Total: 0.743s | Avg: 0.7428s | Calls: 1
⏱️  dataset_creation:
   Total: 0.133s | Avg: 0.1330s | Calls: 1
⏱️  data_loading:
   Total: 0.009s | Avg: 0.0001s | Calls: 64
   Min: 0.0001s | Max: 0.0003s
⏱️  sample_saving:
   Total: 0.042s | Avg: 0.0042s | Calls: 10
   Min: 0.0030s | Max: 0.0062s
⏱️  data_transfer:
   Total: 0.006s | Avg: 0.0001s | Calls: 64
   Min: 0.0001s | Max: 0.0003s
⏱️  model_inference:
   Total: 1.620s | Avg: 0.0253s | Calls: 64
   Min: 0.0188s | Max: 0.0339s
⏱️  feature_processing:
   Total: 82.047s | Avg: 1.2820s | Calls: 64
   Min: 1.1731s | Max: 1.3079s
⏱️  feature_accumulation:
   Total: 0.000s | Avg: 0.0000s | Calls: 64
   Min: 0.0000s | Max: 0.0000s
⏱️  batch_processing:
   Total: 84.954s | Avg: 1.3274s | Calls: 64
   Min: 1.3026s | Max: 1.5221s
⏱️  feature_combining:
   Total: 0.037s | Avg: 0.0053s | Calls: 7
   Min: 0.0017s | Max: 0.0077s
⏱️  hdf5_writing:
   Total: 0.282s | Avg: 0.0404s | Calls: 7
   Min: 0.0151s | Max: 0.0607s
⏱️  memory_cleanup:
   Total: 0.916s | Avg: 0.1308s | Calls: 7
   Min: 0.1025s | Max: 0.1463s
⏱️  total_computation:
   Total: 310.951s | Avg: 310.9506s | Calls: 1
⏱️  slide_processing:
   Total: 310.951s | Avg: 310.9507s | Calls: 1

🚨 BOTTLENECK ANALYSIS (Total Runtime: 792.690s):
   🔥 slide_processing: 310.951s (39.2%)
   🔥 total_computation: 310.951s (39.2%)
   🔥 batch_processing: 84.954s (10.7%)
   🔥 feature_processing: 82.047s (10.4%)

📊 OPERATION COUNTS:
   hdf5_write_operations: 7
   patches_processed: 32,725
   GPU Memory - Max: 4226.2MB | Avg: 4023.8MB

💡 OPTIMIZATION RECOMMENDATIONS:
================================================================================
📊 Features shape: (32725, 1536), Coords shape: (32725, 2)
💾 Saved features to /nemo/project/proj-tracerx-lung/tctProjects/kilimo/TracerX_WSIs/20X/uni_v2/pt_files/LTX0777_D3_SU.pt

🔄 Processing slide 117/121: LTX0779_A4_SU
downsample [1. 1.]
downsampled_level_dim [126720 107008]
level_dim [126720 107008]
name LTX0779_A4_SU
patch_level 0
patch_size 580
save_path /nemo/project/proj-tracerx-lung/tctProjects/kilimo/TracerX_WSIs/20X/patches/patches

feature extraction settings
transformations:  Compose(
    Resize(size=224, interpolation=bilinear, max_size=None, antialias=True)
    CenterCrop(size=(224, 224))
    MaybeToTensor()
    Normalize(mean=tensor([0.4850, 0.4560, 0.4060]), std=tensor([0.2290, 0.2240, 0.2250]))
)
📦 Dataset size: 22631 patches, 45 batches
🔍 Processing a total of 45 batches with profiling enabled
Saving random samples to /nemo/project/proj-tracerx-lung/tctProjects/kilimo/TracerX_WSIs/20X/uni_v2/samples/LTX0779_A4_SU
Saved 10/10 random sample images for slide LTX0779_A4_SU
✅ Features extracted in 213.3s

================================================================================
🔍 PERFORMANCE PROFILING SUMMARY - LTX0779_A4_SU
================================================================================
⏱️  wsi_loading:
   Total: 0.850s | Avg: 0.8504s | Calls: 1
⏱️  dataset_creation:
   Total: 0.161s | Avg: 0.1609s | Calls: 1
⏱️  data_loading:
   Total: 0.006s | Avg: 0.0001s | Calls: 45
   Min: 0.0001s | Max: 0.0003s
⏱️  sample_saving:
   Total: 0.043s | Avg: 0.0043s | Calls: 10
   Min: 0.0033s | Max: 0.0053s
⏱️  data_transfer:
   Total: 0.004s | Avg: 0.0001s | Calls: 45
   Min: 0.0000s | Max: 0.0005s
⏱️  model_inference:
   Total: 1.152s | Avg: 0.0256s | Calls: 45
   Min: 0.0183s | Max: 0.0374s
⏱️  feature_processing:
   Total: 56.783s | Avg: 1.2618s | Calls: 45
   Min: 0.2532s | Max: 1.3014s
⏱️  feature_accumulation:
   Total: 0.000s | Avg: 0.0000s | Calls: 45
   Min: 0.0000s | Max: 0.0000s
⏱️  batch_processing:
   Total: 59.654s | Avg: 1.3257s | Calls: 45
   Min: 0.4441s | Max: 1.8864s
⏱️  feature_combining:
   Total: 0.035s | Avg: 0.0070s | Calls: 5
   Min: 0.0031s | Max: 0.0117s
⏱️  hdf5_writing:
   Total: 0.964s | Avg: 0.1928s | Calls: 5
   Min: 0.0376s | Max: 0.4211s
⏱️  memory_cleanup:
   Total: 0.680s | Avg: 0.1361s | Calls: 5
   Min: 0.1239s | Max: 0.1472s
⏱️  total_computation:
   Total: 212.260s | Avg: 212.2597s | Calls: 1
⏱️  slide_processing:
   Total: 212.260s | Avg: 212.2598s | Calls: 1

🚨 BOTTLENECK ANALYSIS (Total Runtime: 544.854s):
   🔥 slide_processing: 212.260s (39.0%)
   🔥 total_computation: 212.260s (39.0%)
   🔥 batch_processing: 59.654s (10.9%)
   🔥 feature_processing: 56.783s (10.4%)

📊 OPERATION COUNTS:
   hdf5_write_operations: 5
   patches_processed: 22,631
   GPU Memory - Max: 4226.2MB | Avg: 3921.5MB

💡 OPTIMIZATION RECOMMENDATIONS:
================================================================================
📊 Features shape: (22631, 1536), Coords shape: (22631, 2)
💾 Saved features to /nemo/project/proj-tracerx-lung/tctProjects/kilimo/TracerX_WSIs/20X/uni_v2/pt_files/LTX0779_A4_SU.pt

🔄 Processing slide 118/121: LTX0795_A6_SU
downsample [1. 1.]
downsampled_level_dim [122880  70400]
level_dim [122880  70400]
name LTX0795_A6_SU
patch_level 0
patch_size 580
save_path /nemo/project/proj-tracerx-lung/tctProjects/kilimo/TracerX_WSIs/20X/patches/patches

feature extraction settings
transformations:  Compose(
    Resize(size=224, interpolation=bilinear, max_size=None, antialias=True)
    CenterCrop(size=(224, 224))
    MaybeToTensor()
    Normalize(mean=tensor([0.4850, 0.4560, 0.4060]), std=tensor([0.2290, 0.2240, 0.2250]))
)
📦 Dataset size: 13269 patches, 26 batches
🔍 Processing a total of 26 batches with profiling enabled
Saving random samples to /nemo/project/proj-tracerx-lung/tctProjects/kilimo/TracerX_WSIs/20X/uni_v2/samples/LTX0795_A6_SU
Saved 10/10 random sample images for slide LTX0795_A6_SU
✅ Features extracted in 148.2s

================================================================================
🔍 PERFORMANCE PROFILING SUMMARY - LTX0795_A6_SU
================================================================================
⏱️  wsi_loading:
   Total: 2.323s | Avg: 2.3228s | Calls: 1
⏱️  dataset_creation:
   Total: 0.120s | Avg: 0.1202s | Calls: 1
⏱️  data_loading:
   Total: 0.004s | Avg: 0.0001s | Calls: 26
   Min: 0.0001s | Max: 0.0003s
⏱️  sample_saving:
   Total: 0.039s | Avg: 0.0039s | Calls: 10
   Min: 0.0029s | Max: 0.0058s
⏱️  data_transfer:
   Total: 0.003s | Avg: 0.0001s | Calls: 26
   Min: 0.0001s | Max: 0.0009s
⏱️  model_inference:
   Total: 0.648s | Avg: 0.0249s | Calls: 26
   Min: 0.0209s | Max: 0.0343s
⏱️  feature_processing:
   Total: 33.328s | Avg: 1.2819s | Calls: 26
   Min: 1.1864s | Max: 1.3047s
⏱️  feature_accumulation:
   Total: 0.000s | Avg: 0.0000s | Calls: 26
   Min: 0.0000s | Max: 0.0000s
⏱️  batch_processing:
   Total: 35.311s | Avg: 1.3581s | Calls: 26
   Min: 1.3040s | Max: 2.1814s
⏱️  feature_combining:
   Total: 0.023s | Avg: 0.0075s | Calls: 3
   Min: 0.0050s | Max: 0.0115s
⏱️  hdf5_writing:
   Total: 0.906s | Avg: 0.3020s | Calls: 3
   Min: 0.0427s | Max: 0.7542s
⏱️  memory_cleanup:
   Total: 0.370s | Avg: 0.1234s | Calls: 3
   Min: 0.1099s | Max: 0.1410s
⏱️  total_computation:
   Total: 145.787s | Avg: 145.7875s | Calls: 1
⏱️  slide_processing:
   Total: 145.788s | Avg: 145.7875s | Calls: 1

🚨 BOTTLENECK ANALYSIS (Total Runtime: 364.651s):
   🔥 slide_processing: 145.788s (40.0%)
   🔥 total_computation: 145.787s (40.0%)
   🔥 batch_processing: 35.311s (9.7%)
   🔥 feature_processing: 33.328s (9.1%)

📊 OPERATION COUNTS:
   hdf5_write_operations: 3
   patches_processed: 13,269
   GPU Memory - Max: 4226.2MB | Avg: 3821.4MB

💡 OPTIMIZATION RECOMMENDATIONS:
================================================================================
📊 Features shape: (13269, 1536), Coords shape: (13269, 2)
💾 Saved features to /nemo/project/proj-tracerx-lung/tctProjects/kilimo/TracerX_WSIs/20X/uni_v2/pt_files/LTX0795_A6_SU.pt

🔄 Processing slide 119/121: LTX0796_A3_SU
downsample [1. 1.]
downsampled_level_dim [157440 115456]
level_dim [157440 115456]
name LTX0796_A3_SU
patch_level 0
patch_size 580
save_path /nemo/project/proj-tracerx-lung/tctProjects/kilimo/TracerX_WSIs/20X/patches/patches

feature extraction settings
transformations:  Compose(
    Resize(size=224, interpolation=bilinear, max_size=None, antialias=True)
    CenterCrop(size=(224, 224))
    MaybeToTensor()
    Normalize(mean=tensor([0.4850, 0.4560, 0.4060]), std=tensor([0.2290, 0.2240, 0.2250]))
)
📦 Dataset size: 32541 patches, 64 batches
🔍 Processing a total of 64 batches with profiling enabled
Saving random samples to /nemo/project/proj-tracerx-lung/tctProjects/kilimo/TracerX_WSIs/20X/uni_v2/samples/LTX0796_A3_SU
Saved 10/10 random sample images for slide LTX0796_A3_SU
✅ Features extracted in 393.2s

================================================================================
🔍 PERFORMANCE PROFILING SUMMARY - LTX0796_A3_SU
================================================================================
⏱️  wsi_loading:
   Total: 2.123s | Avg: 2.1228s | Calls: 1
⏱️  dataset_creation:
   Total: 0.193s | Avg: 0.1932s | Calls: 1
⏱️  data_loading:
   Total: 0.009s | Avg: 0.0001s | Calls: 64
   Min: 0.0001s | Max: 0.0004s
⏱️  sample_saving:
   Total: 0.041s | Avg: 0.0041s | Calls: 10
   Min: 0.0031s | Max: 0.0052s
⏱️  data_transfer:
   Total: 0.005s | Avg: 0.0001s | Calls: 64
   Min: 0.0000s | Max: 0.0003s
⏱️  model_inference:
   Total: 1.571s | Avg: 0.0245s | Calls: 64
   Min: 0.0186s | Max: 0.0348s
⏱️  feature_processing:
   Total: 81.749s | Avg: 1.2773s | Calls: 64
   Min: 0.7091s | Max: 1.3071s
⏱️  feature_accumulation:
   Total: 0.000s | Avg: 0.0000s | Calls: 64
   Min: 0.0000s | Max: 0.0000s
⏱️  batch_processing:
   Total: 87.418s | Avg: 1.3659s | Calls: 64
   Min: 1.3025s | Max: 2.1042s
⏱️  feature_combining:
   Total: 0.051s | Avg: 0.0073s | Calls: 7
   Min: 0.0040s | Max: 0.0111s
⏱️  hdf5_writing:
   Total: 3.045s | Avg: 0.4350s | Calls: 7
   Min: 0.0631s | Max: 0.6748s
⏱️  memory_cleanup:
   Total: 0.967s | Avg: 0.1381s | Calls: 7
   Min: 0.1139s | Max: 0.1892s
⏱️  total_computation:
   Total: 390.854s | Avg: 390.8536s | Calls: 1
⏱️  slide_processing:
   Total: 390.854s | Avg: 390.8537s | Calls: 1

🚨 BOTTLENECK ANALYSIS (Total Runtime: 958.881s):
   🔥 slide_processing: 390.854s (40.8%)
   🔥 total_computation: 390.854s (40.8%)
   🔥 batch_processing: 87.418s (9.1%)
   🔥 feature_processing: 81.749s (8.5%)

📊 OPERATION COUNTS:
   hdf5_write_operations: 7
   patches_processed: 32,541
   GPU Memory - Max: 4226.2MB | Avg: 4010.6MB

💡 OPTIMIZATION RECOMMENDATIONS:
================================================================================
📊 Features shape: (32541, 1536), Coords shape: (32541, 2)
💾 Saved features to /nemo/project/proj-tracerx-lung/tctProjects/kilimo/TracerX_WSIs/20X/uni_v2/pt_files/LTX0796_A3_SU.pt

🔄 Processing slide 120/121: LTX0804_1B_SU
downsample [1. 1.]
downsampled_level_dim [69120 70400]
level_dim [69120 70400]
name LTX0804_1B_SU
patch_level 0
patch_size 580
save_path /nemo/project/proj-tracerx-lung/tctProjects/kilimo/TracerX_WSIs/20X/patches/patches

feature extraction settings
transformations:  Compose(
    Resize(size=224, interpolation=bilinear, max_size=None, antialias=True)
    CenterCrop(size=(224, 224))
    MaybeToTensor()
    Normalize(mean=tensor([0.4850, 0.4560, 0.4060]), std=tensor([0.2290, 0.2240, 0.2250]))
)
📦 Dataset size: 4487 patches, 9 batches
🔍 Processing a total of 9 batches with profiling enabled
Saving random samples to /nemo/project/proj-tracerx-lung/tctProjects/kilimo/TracerX_WSIs/20X/uni_v2/samples/LTX0804_1B_SU
Saved 9/10 random sample images for slide LTX0804_1B_SU
✅ Features extracted in 49.7s

================================================================================
🔍 PERFORMANCE PROFILING SUMMARY - LTX0804_1B_SU
================================================================================
⏱️  wsi_loading:
   Total: 4.422s | Avg: 4.4223s | Calls: 1
⏱️  dataset_creation:
   Total: 0.188s | Avg: 0.1884s | Calls: 1
⏱️  data_loading:
   Total: 0.001s | Avg: 0.0002s | Calls: 9
   Min: 0.0001s | Max: 0.0003s
⏱️  sample_saving:
   Total: 0.320s | Avg: 0.0355s | Calls: 9
   Min: 0.0027s | Max: 0.2910s
⏱️  data_transfer:
   Total: 0.001s | Avg: 0.0001s | Calls: 9
   Min: 0.0001s | Max: 0.0001s
⏱️  model_inference:
   Total: 0.228s | Avg: 0.0253s | Calls: 9
   Min: 0.0207s | Max: 0.0315s
⏱️  feature_processing:
   Total: 11.303s | Avg: 1.2559s | Calls: 9
   Min: 0.9790s | Max: 1.3045s
⏱️  feature_accumulation:
   Total: 0.000s | Avg: 0.0000s | Calls: 9
   Min: 0.0000s | Max: 0.0000s
⏱️  batch_processing:
   Total: 12.047s | Avg: 1.3386s | Calls: 9
   Min: 1.1954s | Max: 1.6165s
⏱️  feature_combining:
   Total: 0.009s | Avg: 0.0089s | Calls: 1
⏱️  hdf5_writing:
   Total: 0.073s | Avg: 0.0728s | Calls: 1
⏱️  memory_cleanup:
   Total: 0.117s | Avg: 0.1174s | Calls: 1
⏱️  total_computation:
   Total: 45.139s | Avg: 45.1387s | Calls: 1
⏱️  slide_processing:
   Total: 45.139s | Avg: 45.1388s | Calls: 1

🚨 BOTTLENECK ANALYSIS (Total Runtime: 118.987s):
   🔥 slide_processing: 45.139s (37.9%)
   🔥 total_computation: 45.139s (37.9%)
   🔥 batch_processing: 12.047s (10.1%)
   🔥 feature_processing: 11.303s (9.5%)

📊 OPERATION COUNTS:
   hdf5_write_operations: 1
   patches_processed: 4,487
   GPU Memory - Max: 4156.1MB | Avg: 3394.0MB

💡 OPTIMIZATION RECOMMENDATIONS:
================================================================================
📊 Features shape: (4487, 1536), Coords shape: (4487, 2)
💾 Saved features to /nemo/project/proj-tracerx-lung/tctProjects/kilimo/TracerX_WSIs/20X/uni_v2/pt_files/LTX0804_1B_SU.pt

🔄 Processing slide 121/121: LTX0804_SU
downsample [1. 1.]
downsampled_level_dim [72960 67584]
level_dim [72960 67584]
name LTX0804_SU
patch_level 0
patch_size 580
save_path /nemo/project/proj-tracerx-lung/tctProjects/kilimo/TracerX_WSIs/20X/patches/patches

feature extraction settings
transformations:  Compose(
    Resize(size=224, interpolation=bilinear, max_size=None, antialias=True)
    CenterCrop(size=(224, 224))
    MaybeToTensor()
    Normalize(mean=tensor([0.4850, 0.4560, 0.4060]), std=tensor([0.2290, 0.2240, 0.2250]))
)
📦 Dataset size: 4634 patches, 10 batches
🔍 Processing a total of 10 batches with profiling enabled
Saving random samples to /nemo/project/proj-tracerx-lung/tctProjects/kilimo/TracerX_WSIs/20X/uni_v2/samples/LTX0804_SU
Saved 10/10 random sample images for slide LTX0804_SU
✅ Features extracted in 55.0s

================================================================================
🔍 PERFORMANCE PROFILING SUMMARY - LTX0804_SU
================================================================================
⏱️  wsi_loading:
   Total: 1.280s | Avg: 1.2802s | Calls: 1
⏱️  dataset_creation:
   Total: 0.228s | Avg: 0.2278s | Calls: 1
⏱️  data_loading:
   Total: 0.001s | Avg: 0.0001s | Calls: 10
   Min: 0.0001s | Max: 0.0003s
⏱️  sample_saving:
   Total: 0.035s | Avg: 0.0035s | Calls: 10
   Min: 0.0027s | Max: 0.0050s
⏱️  data_transfer:
   Total: 0.001s | Avg: 0.0001s | Calls: 10
   Min: 0.0001s | Max: 0.0001s
⏱️  model_inference:
   Total: 0.233s | Avg: 0.0233s | Calls: 10
   Min: 0.0205s | Max: 0.0350s
⏱️  feature_processing:
   Total: 11.649s | Avg: 1.1649s | Calls: 10
   Min: 0.0564s | Max: 1.3024s
⏱️  feature_accumulation:
   Total: 0.000s | Avg: 0.0000s | Calls: 10
   Min: 0.0000s | Max: 0.0000s
⏱️  batch_processing:
   Total: 12.216s | Avg: 1.2216s | Calls: 10
   Min: 0.3723s | Max: 1.3307s
⏱️  feature_combining:
   Total: 0.006s | Avg: 0.0059s | Calls: 1
⏱️  hdf5_writing:
   Total: 0.175s | Avg: 0.1753s | Calls: 1
⏱️  memory_cleanup:
   Total: 0.116s | Avg: 0.1159s | Calls: 1
⏱️  total_computation:
   Total: 53.459s | Avg: 53.4594s | Calls: 1
⏱️  slide_processing:
   Total: 53.459s | Avg: 53.4595s | Calls: 1

🚨 BOTTLENECK ANALYSIS (Total Runtime: 132.859s):
   🔥 slide_processing: 53.459s (40.2%)
   🔥 total_computation: 53.459s (40.2%)
   🔥 batch_processing: 12.216s (9.2%)
   🔥 feature_processing: 11.649s (8.8%)

📊 OPERATION COUNTS:
   hdf5_write_operations: 1
   patches_processed: 4,634
   GPU Memory - Max: 3947.1MB | Avg: 3289.5MB

💡 OPTIMIZATION RECOMMENDATIONS:
================================================================================
📊 Features shape: (4634, 1536), Coords shape: (4634, 2)
💾 Saved features to /nemo/project/proj-tracerx-lung/tctProjects/kilimo/TracerX_WSIs/20X/uni_v2/pt_files/LTX0804_SU.pt

🎉 Feature extraction completed!
📈 Processed: 120/121 slides
⏱️  Total time: 18306.3s
⚡ Average time per slide: 152.6s
🚀 Throughput: 23.6 slides/hour
✅ Completed optimized pipeline for slides in: /nemo/project/proj-tracerx-lung/tctProjects/kilimo/slides/to_transfer
============================================
Job completed at: Sat  5 Jul 03:02:02 BST 2025
============================================
