============================================
Job ID: 24694783
Job name: TracerX_embed
Node: ga121
Start time: Tue  1 Jul 17:45:08 BST 2025
Working directory: /nemo/project/proj-tracerx-lung/tctProjects/kilimo/SlideCrush
============================================
GPU Information:
Tue Jul  1 17:45:08 2025       
+-----------------------------------------------------------------------------------------+
| NVIDIA-SMI 560.28.03              Driver Version: 560.28.03      CUDA Version: 12.6     |
|-----------------------------------------+------------------------+----------------------+
| GPU  Name                 Persistence-M | Bus-Id          Disp.A | Volatile Uncorr. ECC |
| Fan  Temp   Perf          Pwr:Usage/Cap |           Memory-Usage | GPU-Util  Compute M. |
|                                         |                        |               MIG M. |
|=========================================+========================+======================|
|   0  NVIDIA A100-SXM4-80GB          On  |   00000000:81:00.0 Off |                    0 |
| N/A   32C    P0             63W /  500W |       1MiB /  81920MiB |      0%      Default |
|                                         |                        |             Disabled |
+-----------------------------------------+------------------------+----------------------+
                                                                                         
+-----------------------------------------------------------------------------------------+
| Processes:                                                                              |
|  GPU   GI   CI        PID   Type   Process name                              GPU Memory |
|        ID   ID                                                               Usage      |
|=========================================================================================|
|  No running processes found                                                             |
+-----------------------------------------------------------------------------------------+
============================================
Working directory: /nemo/project/proj-tracerx-lung/tctProjects/kilimo/SlideCrush
Starting embed.sh with TracerX configuration...
🚀 Starting OPTIMIZED CLAM pipeline with:
   Model: uni_v2
   Batch size: 512
   Write batch size: 10
   Sample images: 10
Running pipeline for slides in: /nemo/project/proj-tracerx-lung/tctProjects/rubicon/tracerx/tx421/he/ndpi
source:  /nemo/project/proj-tracerx-lung/tctProjects/rubicon/tracerx/tx421/he/ndpi
patch_save_dir:  /nemo/project/proj-tracerx-lung/tctProjects/kilimo/TracerX_WSIs/20X/patches/patches
mask_save_dir:  /nemo/project/proj-tracerx-lung/tctProjects/kilimo/TracerX_WSIs/20X/patches/masks
stitch_save_dir:  /nemo/project/proj-tracerx-lung/tctProjects/kilimo/TracerX_WSIs/20X/patches/stitches
source : /nemo/project/proj-tracerx-lung/tctProjects/rubicon/tracerx/tx421/he/ndpi
save_dir : /nemo/project/proj-tracerx-lung/tctProjects/kilimo/TracerX_WSIs/20X/patches
patch_save_dir : /nemo/project/proj-tracerx-lung/tctProjects/kilimo/TracerX_WSIs/20X/patches/patches
mask_save_dir : /nemo/project/proj-tracerx-lung/tctProjects/kilimo/TracerX_WSIs/20X/patches/masks
stitch_save_dir : /nemo/project/proj-tracerx-lung/tctProjects/kilimo/TracerX_WSIs/20X/patches/stitches


progress: 0.00, 0/71
processing Tx421_TMA001.ndpi
Tx421_TMA001 already exist in destination location, skipped


progress: 0.01, 1/71
processing Tx421_TMA001.ndpi.ndpa
An error occurred while saving the process list or accessing the index: cannot identify image file '/nemo/project/proj-tracerx-lung/tctProjects/rubicon/tracerx/tx421/he/ndpi/Tx421_TMA001.ndpi.ndpa'


progress: 0.03, 2/71
processing Tx421_TMA002.ndpi
Tx421_TMA002 already exist in destination location, skipped


progress: 0.04, 3/71
processing Tx421_TMA002.ndpi.ndpa
An error occurred while saving the process list or accessing the index: cannot identify image file '/nemo/project/proj-tracerx-lung/tctProjects/rubicon/tracerx/tx421/he/ndpi/Tx421_TMA002.ndpi.ndpa'


progress: 0.06, 4/71
processing Tx421_TMA004.ndpi
Tx421_TMA004 already exist in destination location, skipped


progress: 0.07, 5/71
processing Tx421_TMA004.ndpi.ndpa
An error occurred while saving the process list or accessing the index: cannot identify image file '/nemo/project/proj-tracerx-lung/tctProjects/rubicon/tracerx/tx421/he/ndpi/Tx421_TMA004.ndpi.ndpa'


progress: 0.08, 6/71
processing Tx421_TMA006.ndpi
Tx421_TMA006 already exist in destination location, skipped


progress: 0.10, 7/71
processing Tx421_TMA006.ndpi.ndpa
An error occurred while saving the process list or accessing the index: cannot identify image file '/nemo/project/proj-tracerx-lung/tctProjects/rubicon/tracerx/tx421/he/ndpi/Tx421_TMA006.ndpi.ndpa'


progress: 0.11, 8/71
processing Tx421_TMA007.ndpi
Tx421_TMA007 already exist in destination location, skipped


progress: 0.13, 9/71
processing Tx421_TMA007.ndpi.ndpa
An error occurred while saving the process list or accessing the index: cannot identify image file '/nemo/project/proj-tracerx-lung/tctProjects/rubicon/tracerx/tx421/he/ndpi/Tx421_TMA007.ndpi.ndpa'


progress: 0.14, 10/71
processing Tx421_TMA009.ndpi
Tx421_TMA009 already exist in destination location, skipped


progress: 0.15, 11/71
processing Tx421_TMA009.ndpi.ndpa
An error occurred while saving the process list or accessing the index: cannot identify image file '/nemo/project/proj-tracerx-lung/tctProjects/rubicon/tracerx/tx421/he/ndpi/Tx421_TMA009.ndpi.ndpa'


progress: 0.17, 12/71
processing Tx421_TMA011.ndpi
Tx421_TMA011 already exist in destination location, skipped


progress: 0.18, 13/71
processing Tx421_TMA011.ndpi.ndpa
An error occurred while saving the process list or accessing the index: cannot identify image file '/nemo/project/proj-tracerx-lung/tctProjects/rubicon/tracerx/tx421/he/ndpi/Tx421_TMA011.ndpi.ndpa'


progress: 0.20, 14/71
processing Tx421_TMA012.ndpi
Tx421_TMA012 already exist in destination location, skipped


progress: 0.21, 15/71
processing Tx421_TMA012.ndpi.ndpa
An error occurred while saving the process list or accessing the index: cannot identify image file '/nemo/project/proj-tracerx-lung/tctProjects/rubicon/tracerx/tx421/he/ndpi/Tx421_TMA012.ndpi.ndpa'


progress: 0.23, 16/71
processing Tx421_TMA013.ndpi
Tx421_TMA013 already exist in destination location, skipped


progress: 0.24, 17/71
processing Tx421_TMA013.ndpi.ndpa
An error occurred while saving the process list or accessing the index: cannot identify image file '/nemo/project/proj-tracerx-lung/tctProjects/rubicon/tracerx/tx421/he/ndpi/Tx421_TMA013.ndpi.ndpa'


progress: 0.25, 18/71
processing Tx421_TMA014.ndpi
Tx421_TMA014 already exist in destination location, skipped


progress: 0.27, 19/71
processing Tx421_TMA014.ndpi.ndpa
An error occurred while saving the process list or accessing the index: cannot identify image file '/nemo/project/proj-tracerx-lung/tctProjects/rubicon/tracerx/tx421/he/ndpi/Tx421_TMA014.ndpi.ndpa'


progress: 0.28, 20/71
processing Tx421_TMA015.ndpi
Tx421_TMA015 already exist in destination location, skipped


progress: 0.30, 21/71
processing Tx421_TMA015.ndpi.ndpa
An error occurred while saving the process list or accessing the index: cannot identify image file '/nemo/project/proj-tracerx-lung/tctProjects/rubicon/tracerx/tx421/he/ndpi/Tx421_TMA015.ndpi.ndpa'


progress: 0.31, 22/71
processing Tx421_TMA016.ndpi
Tx421_TMA016 already exist in destination location, skipped


progress: 0.32, 23/71
processing Tx421_TMA016.ndpi.ndpa
An error occurred while saving the process list or accessing the index: cannot identify image file '/nemo/project/proj-tracerx-lung/tctProjects/rubicon/tracerx/tx421/he/ndpi/Tx421_TMA016.ndpi.ndpa'


progress: 0.34, 24/71
processing Tx421_TMA017.ndpi
Tx421_TMA017 already exist in destination location, skipped


progress: 0.35, 25/71
processing Tx421_TMA017.ndpi.ndpa
An error occurred while saving the process list or accessing the index: cannot identify image file '/nemo/project/proj-tracerx-lung/tctProjects/rubicon/tracerx/tx421/he/ndpi/Tx421_TMA017.ndpi.ndpa'


progress: 0.37, 26/71
processing Tx421_TMA018.ndpi
Tx421_TMA018 already exist in destination location, skipped


progress: 0.38, 27/71
processing Tx421_TMA018.ndpi.ndpa
An error occurred while saving the process list or accessing the index: cannot identify image file '/nemo/project/proj-tracerx-lung/tctProjects/rubicon/tracerx/tx421/he/ndpi/Tx421_TMA018.ndpi.ndpa'


progress: 0.39, 28/71
processing Tx421_TMA019.ndpi
Tx421_TMA019 already exist in destination location, skipped


progress: 0.41, 29/71
processing Tx421_TMA019.ndpi.ndpa
An error occurred while saving the process list or accessing the index: cannot identify image file '/nemo/project/proj-tracerx-lung/tctProjects/rubicon/tracerx/tx421/he/ndpi/Tx421_TMA019.ndpi.ndpa'


progress: 0.42, 30/71
processing Tx421_TMA020.ndpi
Tx421_TMA020 already exist in destination location, skipped


progress: 0.44, 31/71
processing Tx421_TMA020.ndpi.ndpa
An error occurred while saving the process list or accessing the index: cannot identify image file '/nemo/project/proj-tracerx-lung/tctProjects/rubicon/tracerx/tx421/he/ndpi/Tx421_TMA020.ndpi.ndpa'


progress: 0.45, 32/71
processing Tx421_TMA021.ndpi
Tx421_TMA021 already exist in destination location, skipped


progress: 0.46, 33/71
processing Tx421_TMA021.ndpi.ndpa
An error occurred while saving the process list or accessing the index: cannot identify image file '/nemo/project/proj-tracerx-lung/tctProjects/rubicon/tracerx/tx421/he/ndpi/Tx421_TMA021.ndpi.ndpa'


progress: 0.48, 34/71
processing Tx421_TMA022.ndpi
Tx421_TMA022 already exist in destination location, skipped


progress: 0.49, 35/71
processing Tx421_TMA022.ndpi.ndpa
An error occurred while saving the process list or accessing the index: cannot identify image file '/nemo/project/proj-tracerx-lung/tctProjects/rubicon/tracerx/tx421/he/ndpi/Tx421_TMA022.ndpi.ndpa'


progress: 0.51, 36/71
processing Tx421_TMA023.ndpi
Tx421_TMA023 already exist in destination location, skipped


progress: 0.52, 37/71
processing Tx421_TMA023.ndpi.ndpa
An error occurred while saving the process list or accessing the index: cannot identify image file '/nemo/project/proj-tracerx-lung/tctProjects/rubicon/tracerx/tx421/he/ndpi/Tx421_TMA023.ndpi.ndpa'


progress: 0.54, 38/71
processing Tx421_TMA024.ndpi
Tx421_TMA024 already exist in destination location, skipped


progress: 0.55, 39/71
processing Tx421_TMA024.ndpi.ndpa
An error occurred while saving the process list or accessing the index: cannot identify image file '/nemo/project/proj-tracerx-lung/tctProjects/rubicon/tracerx/tx421/he/ndpi/Tx421_TMA024.ndpi.ndpa'


progress: 0.56, 40/71
processing Tx421_TMA025.ndpi
Tx421_TMA025 already exist in destination location, skipped


progress: 0.58, 41/71
processing Tx421_TMA025.ndpi.ndpa
An error occurred while saving the process list or accessing the index: cannot identify image file '/nemo/project/proj-tracerx-lung/tctProjects/rubicon/tracerx/tx421/he/ndpi/Tx421_TMA025.ndpi.ndpa'


progress: 0.59, 42/71
processing Tx421_TMA027.ndpi
Tx421_TMA027 already exist in destination location, skipped


progress: 0.61, 43/71
processing Tx421_TMA027.ndpi.ndpa
An error occurred while saving the process list or accessing the index: cannot identify image file '/nemo/project/proj-tracerx-lung/tctProjects/rubicon/tracerx/tx421/he/ndpi/Tx421_TMA027.ndpi.ndpa'


progress: 0.62, 44/71
processing Tx421_TMA028.ndpi
Tx421_TMA028 already exist in destination location, skipped


progress: 0.63, 45/71
processing Tx421_TMA028.ndpi.ndpa
An error occurred while saving the process list or accessing the index: cannot identify image file '/nemo/project/proj-tracerx-lung/tctProjects/rubicon/tracerx/tx421/he/ndpi/Tx421_TMA028.ndpi.ndpa'


progress: 0.65, 46/71
processing Tx421_TMA029.ndpi
Tx421_TMA029 already exist in destination location, skipped


progress: 0.66, 47/71
processing Tx421_TMA029.ndpi.ndpa
An error occurred while saving the process list or accessing the index: cannot identify image file '/nemo/project/proj-tracerx-lung/tctProjects/rubicon/tracerx/tx421/he/ndpi/Tx421_TMA029.ndpi.ndpa'


progress: 0.68, 48/71
processing Tx421_TMA030.ndpi
Tx421_TMA030 already exist in destination location, skipped


progress: 0.69, 49/71
processing Tx421_TMA030.ndpi.ndpa
An error occurred while saving the process list or accessing the index: cannot identify image file '/nemo/project/proj-tracerx-lung/tctProjects/rubicon/tracerx/tx421/he/ndpi/Tx421_TMA030.ndpi.ndpa'


progress: 0.70, 50/71
processing Tx421_TMA031.ndpi
Tx421_TMA031 already exist in destination location, skipped


progress: 0.72, 51/71
processing Tx421_TMA031.ndpi.ndpa
An error occurred while saving the process list or accessing the index: cannot identify image file '/nemo/project/proj-tracerx-lung/tctProjects/rubicon/tracerx/tx421/he/ndpi/Tx421_TMA031.ndpi.ndpa'


progress: 0.73, 52/71
processing Tx421_TMA032.ndpi
Tx421_TMA032 already exist in destination location, skipped


progress: 0.75, 53/71
processing Tx421_TMA032.ndpi.ndpa
An error occurred while saving the process list or accessing the index: cannot identify image file '/nemo/project/proj-tracerx-lung/tctProjects/rubicon/tracerx/tx421/he/ndpi/Tx421_TMA032.ndpi.ndpa'


progress: 0.76, 54/71
processing Tx421_TMA034.ndpi
Tx421_TMA034 already exist in destination location, skipped


progress: 0.77, 55/71
processing Tx421_TMA034.ndpi.ndpa
An error occurred while saving the process list or accessing the index: cannot identify image file '/nemo/project/proj-tracerx-lung/tctProjects/rubicon/tracerx/tx421/he/ndpi/Tx421_TMA034.ndpi.ndpa'


progress: 0.79, 56/71
processing Tx421_TMA038.ndpi
Tx421_TMA038 already exist in destination location, skipped


progress: 0.80, 57/71
processing Tx421_TMA038.ndpi.ndpa
An error occurred while saving the process list or accessing the index: cannot identify image file '/nemo/project/proj-tracerx-lung/tctProjects/rubicon/tracerx/tx421/he/ndpi/Tx421_TMA038.ndpi.ndpa'


progress: 0.82, 58/71
processing Tx421_TMA039.ndpi
Tx421_TMA039 already exist in destination location, skipped


progress: 0.83, 59/71
processing Tx421_TMA039.ndpi.ndpa
An error occurred while saving the process list or accessing the index: cannot identify image file '/nemo/project/proj-tracerx-lung/tctProjects/rubicon/tracerx/tx421/he/ndpi/Tx421_TMA039.ndpi.ndpa'


progress: 0.85, 60/71
processing Tx421_TMA056.ndpi
Tx421_TMA056 already exist in destination location, skipped


progress: 0.86, 61/71
processing Tx421_TMA056.ndpi.ndpa
An error occurred while saving the process list or accessing the index: cannot identify image file '/nemo/project/proj-tracerx-lung/tctProjects/rubicon/tracerx/tx421/he/ndpi/Tx421_TMA056.ndpi.ndpa'


progress: 0.87, 62/71
processing Tx421_TMA056_02.ndpi
Tx421_TMA056_02 already exist in destination location, skipped


progress: 0.89, 63/71
processing Tx421_TMA063.ndpi
Tx421_TMA063 already exist in destination location, skipped


progress: 0.90, 64/71
processing Tx421_TMA063.ndpi.ndpa
An error occurred while saving the process list or accessing the index: cannot identify image file '/nemo/project/proj-tracerx-lung/tctProjects/rubicon/tracerx/tx421/he/ndpi/Tx421_TMA063.ndpi.ndpa'


progress: 0.92, 65/71
processing Tx421_TMA064.ndpi
Tx421_TMA064 already exist in destination location, skipped


progress: 0.93, 66/71
processing Tx421_TMA064.ndpi.ndpa
An error occurred while saving the process list or accessing the index: cannot identify image file '/nemo/project/proj-tracerx-lung/tctProjects/rubicon/tracerx/tx421/he/ndpi/Tx421_TMA064.ndpi.ndpa'


progress: 0.94, 67/71
processing Tx421_TMA064_02.ndpi
Tx421_TMA064_02 already exist in destination location, skipped


progress: 0.96, 68/71
processing Tx421_TMA065.ndpi
Tx421_TMA065 already exist in destination location, skipped


progress: 0.97, 69/71
processing Tx421_TMA065.ndpi.ndpa
An error occurred while saving the process list or accessing the index: cannot identify image file '/nemo/project/proj-tracerx-lung/tctProjects/rubicon/tracerx/tx421/he/ndpi/Tx421_TMA065.ndpi.ndpa'


progress: 0.99, 70/71
processing Tx421_TMA065_02.ndpi
Tx421_TMA065_02 already exist in destination location, skipped
average segmentation time in s per slide: 0.0
average patching time in s per slide: 0.0
average stiching time in s per slide: 0.0
🚀 Starting optimized feature extraction...
🚀 Initializing optimized feature extraction...
📋 Loading model: uni_v2
loading model checkpoint
⚠️  TorchScript optimization not available for this model
📊 Using specified batch size: 512
📁 Processing 71 slides
⚙️  DataLoader settings: {'num_workers': 4, 'pin_memory': True, 'prefetch_factor': 2, 'persistent_workers': True, 'drop_last': False}

🔄 Processing slide 1/71: Tx421_TMA001
downsample [1. 1.]
downsampled_level_dim [61440 61952]
level_dim [61440 61952]
name Tx421_TMA001
patch_level 0
patch_size 580
save_path /nemo/project/proj-tracerx-lung/tctProjects/kilimo/TracerX_WSIs/20X/patches/patches

feature extraction settings
transformations:  Compose(
    Resize(size=224, interpolation=bilinear, max_size=None, antialias=True)
    CenterCrop(size=(224, 224))
    MaybeToTensor()
    Normalize(mean=tensor([0.4850, 0.4560, 0.4060]), std=tensor([0.2290, 0.2240, 0.2250]))
)
📦 Dataset size: 2796 patches, 6 batches
🔍 Processing a total of 6 batches with profiling enabled
Saving random samples to /nemo/project/proj-tracerx-lung/tctProjects/kilimo/TracerX_WSIs/20X/uni_v2/samples/Tx421_TMA001
Saved 6/10 random sample images for slide Tx421_TMA001
✅ Features extracted in 31.2s

================================================================================
🔍 PERFORMANCE PROFILING SUMMARY - Tx421_TMA001
================================================================================
⏱️  model_loading:
   Total: 14.723s | Avg: 14.7233s | Calls: 1
⏱️  wsi_loading:
   Total: 0.553s | Avg: 0.5527s | Calls: 1
⏱️  dataset_creation:
   Total: 0.058s | Avg: 0.0578s | Calls: 1
⏱️  data_loading:
   Total: 0.001s | Avg: 0.0002s | Calls: 6
   Min: 0.0001s | Max: 0.0005s
⏱️  sample_saving:
   Total: 4.387s | Avg: 0.7312s | Calls: 6
   Min: 0.0027s | Max: 4.3718s
⏱️  data_transfer:
   Total: 0.001s | Avg: 0.0002s | Calls: 6
   Min: 0.0000s | Max: 0.0007s
⏱️  model_inference:
   Total: 2.132s | Avg: 0.3553s | Calls: 6
   Min: 0.0208s | Max: 2.0266s
⏱️  feature_processing:
   Total: 6.976s | Avg: 1.1627s | Calls: 6
   Min: 0.5884s | Max: 1.3000s
⏱️  feature_accumulation:
   Total: 0.000s | Avg: 0.0000s | Calls: 6
   Min: 0.0000s | Max: 0.0000s
⏱️  batch_processing:
   Total: 13.703s | Avg: 2.2838s | Calls: 6
   Min: 0.8156s | Max: 7.6259s
⏱️  feature_combining:
   Total: 0.004s | Avg: 0.0036s | Calls: 1
⏱️  hdf5_writing:
   Total: 0.075s | Avg: 0.0755s | Calls: 1
⏱️  memory_cleanup:
   Total: 0.127s | Avg: 0.1273s | Calls: 1
⏱️  total_computation:
   Total: 30.601s | Avg: 30.6009s | Calls: 1
⏱️  slide_processing:
   Total: 30.601s | Avg: 30.6010s | Calls: 1

🚨 BOTTLENECK ANALYSIS (Total Runtime: 103.943s):
   🔥 slide_processing: 30.601s (29.4%)
   🔥 total_computation: 30.601s (29.4%)
   🔥 model_loading: 14.723s (14.2%)
   🔥 batch_processing: 13.703s (13.2%)
   🔥 feature_processing: 6.976s (6.7%)

📊 OPERATION COUNTS:
   hdf5_write_operations: 1
   patches_processed: 2,796
   GPU Memory - Max: 4067.9MB | Avg: 3345.9MB

💡 OPTIMIZATION RECOMMENDATIONS:
================================================================================
📊 Features shape: (2796, 1536), Coords shape: (2796, 2)
💾 Saved features to /nemo/project/proj-tracerx-lung/tctProjects/kilimo/TracerX_WSIs/20X/uni_v2/pt_files/Tx421_TMA001.pt

🔄 Processing slide 2/71: Tx421_TMA001
downsample [1. 1.]
downsampled_level_dim [61440 61952]
level_dim [61440 61952]
name Tx421_TMA001
patch_level 0
patch_size 580
save_path /nemo/project/proj-tracerx-lung/tctProjects/kilimo/TracerX_WSIs/20X/patches/patches

feature extraction settings
transformations:  Compose(
    Resize(size=224, interpolation=bilinear, max_size=None, antialias=True)
    CenterCrop(size=(224, 224))
    MaybeToTensor()
    Normalize(mean=tensor([0.4850, 0.4560, 0.4060]), std=tensor([0.2290, 0.2240, 0.2250]))
)
📦 Dataset size: 2796 patches, 6 batches
🔍 Processing a total of 6 batches with profiling enabled
Saving random samples to /nemo/project/proj-tracerx-lung/tctProjects/kilimo/TracerX_WSIs/20X/uni_v2/samples/Tx421_TMA001
Saved 6/10 random sample images for slide Tx421_TMA001
✅ Features extracted in 29.5s

================================================================================
🔍 PERFORMANCE PROFILING SUMMARY - Tx421_TMA001
================================================================================
⏱️  wsi_loading:
   Total: 0.003s | Avg: 0.0030s | Calls: 1
⏱️  dataset_creation:
   Total: 0.048s | Avg: 0.0485s | Calls: 1
⏱️  data_loading:
   Total: 0.001s | Avg: 0.0001s | Calls: 6
   Min: 0.0001s | Max: 0.0002s
⏱️  sample_saving:
   Total: 2.329s | Avg: 0.3882s | Calls: 6
   Min: 0.0027s | Max: 1.1131s
⏱️  data_transfer:
   Total: 0.001s | Avg: 0.0001s | Calls: 6
   Min: 0.0000s | Max: 0.0002s
⏱️  model_inference:
   Total: 0.131s | Avg: 0.0218s | Calls: 6
   Min: 0.0177s | Max: 0.0256s
⏱️  feature_processing:
   Total: 7.061s | Avg: 1.1768s | Calls: 6
   Min: 0.5918s | Max: 1.3022s
⏱️  feature_accumulation:
   Total: 0.000s | Avg: 0.0000s | Calls: 6
   Min: 0.0000s | Max: 0.0000s
⏱️  batch_processing:
   Total: 9.668s | Avg: 1.6113s | Calls: 6
   Min: 0.7566s | Max: 2.4197s
⏱️  feature_combining:
   Total: 0.003s | Avg: 0.0031s | Calls: 1
⏱️  hdf5_writing:
   Total: 0.032s | Avg: 0.0316s | Calls: 1
⏱️  memory_cleanup:
   Total: 0.111s | Avg: 0.1112s | Calls: 1
⏱️  total_computation:
   Total: 29.491s | Avg: 29.4905s | Calls: 1
⏱️  slide_processing:
   Total: 29.491s | Avg: 29.4906s | Calls: 1

🚨 BOTTLENECK ANALYSIS (Total Runtime: 78.369s):
   🔥 slide_processing: 29.491s (37.6%)
   🔥 total_computation: 29.491s (37.6%)
   🔥 batch_processing: 9.668s (12.3%)
   🔥 feature_processing: 7.061s (9.0%)

📊 OPERATION COUNTS:
   hdf5_write_operations: 1
   patches_processed: 2,796
   GPU Memory - Max: 4067.9MB | Avg: 3349.9MB

💡 OPTIMIZATION RECOMMENDATIONS:
================================================================================
📊 Features shape: (2796, 1536), Coords shape: (2796, 2)
💾 Saved features to /nemo/project/proj-tracerx-lung/tctProjects/kilimo/TracerX_WSIs/20X/uni_v2/pt_files/Tx421_TMA001.pt

🔄 Processing slide 3/71: Tx421_TMA002
downsample [1. 1.]
downsampled_level_dim [69120 61952]
level_dim [69120 61952]
name Tx421_TMA002
patch_level 0
patch_size 580
save_path /nemo/project/proj-tracerx-lung/tctProjects/kilimo/TracerX_WSIs/20X/patches/patches

feature extraction settings
transformations:  Compose(
    Resize(size=224, interpolation=bilinear, max_size=None, antialias=True)
    CenterCrop(size=(224, 224))
    MaybeToTensor()
    Normalize(mean=tensor([0.4850, 0.4560, 0.4060]), std=tensor([0.2290, 0.2240, 0.2250]))
)
📦 Dataset size: 3329 patches, 7 batches
🔍 Processing a total of 7 batches with profiling enabled
Saving random samples to /nemo/project/proj-tracerx-lung/tctProjects/kilimo/TracerX_WSIs/20X/uni_v2/samples/Tx421_TMA002
Saved 7/10 random sample images for slide Tx421_TMA002
✅ Features extracted in 32.2s

================================================================================
🔍 PERFORMANCE PROFILING SUMMARY - Tx421_TMA002
================================================================================
⏱️  wsi_loading:
   Total: 0.422s | Avg: 0.4222s | Calls: 1
⏱️  dataset_creation:
   Total: 0.061s | Avg: 0.0610s | Calls: 1
⏱️  data_loading:
   Total: 0.001s | Avg: 0.0001s | Calls: 7
   Min: 0.0001s | Max: 0.0003s
⏱️  sample_saving:
   Total: 0.024s | Avg: 0.0034s | Calls: 7
   Min: 0.0028s | Max: 0.0050s
⏱️  data_transfer:
   Total: 0.001s | Avg: 0.0001s | Calls: 7
   Min: 0.0001s | Max: 0.0002s
⏱️  model_inference:
   Total: 0.162s | Avg: 0.0231s | Calls: 7
   Min: 0.0188s | Max: 0.0352s
⏱️  feature_processing:
   Total: 8.403s | Avg: 1.2004s | Calls: 7
   Min: 0.6434s | Max: 1.3058s
⏱️  feature_accumulation:
   Total: 0.000s | Avg: 0.0000s | Calls: 7
   Min: 0.0000s | Max: 0.0000s
⏱️  batch_processing:
   Total: 8.733s | Avg: 1.2476s | Calls: 7
   Min: 0.8099s | Max: 1.3331s
⏱️  feature_combining:
   Total: 0.005s | Avg: 0.0046s | Calls: 1
⏱️  hdf5_writing:
   Total: 0.032s | Avg: 0.0323s | Calls: 1
⏱️  memory_cleanup:
   Total: 0.108s | Avg: 0.1082s | Calls: 1
⏱️  total_computation:
   Total: 31.704s | Avg: 31.7039s | Calls: 1
⏱️  slide_processing:
   Total: 31.704s | Avg: 31.7039s | Calls: 1

🚨 BOTTLENECK ANALYSIS (Total Runtime: 81.360s):
   🔥 slide_processing: 31.704s (39.0%)
   🔥 total_computation: 31.704s (39.0%)
   🔥 batch_processing: 8.733s (10.7%)
   🔥 feature_processing: 8.403s (10.3%)

📊 OPERATION COUNTS:
   hdf5_write_operations: 1
   patches_processed: 3,329
   GPU Memory - Max: 4079.6MB | Avg: 3355.7MB

💡 OPTIMIZATION RECOMMENDATIONS:
================================================================================
📊 Features shape: (3329, 1536), Coords shape: (3329, 2)
💾 Saved features to /nemo/project/proj-tracerx-lung/tctProjects/kilimo/TracerX_WSIs/20X/uni_v2/pt_files/Tx421_TMA002.pt

🔄 Processing slide 4/71: Tx421_TMA002
downsample [1. 1.]
downsampled_level_dim [69120 61952]
level_dim [69120 61952]
name Tx421_TMA002
patch_level 0
patch_size 580
save_path /nemo/project/proj-tracerx-lung/tctProjects/kilimo/TracerX_WSIs/20X/patches/patches

feature extraction settings
transformations:  Compose(
    Resize(size=224, interpolation=bilinear, max_size=None, antialias=True)
    CenterCrop(size=(224, 224))
    MaybeToTensor()
    Normalize(mean=tensor([0.4850, 0.4560, 0.4060]), std=tensor([0.2290, 0.2240, 0.2250]))
)
📦 Dataset size: 3329 patches, 7 batches
🔍 Processing a total of 7 batches with profiling enabled
Saving random samples to /nemo/project/proj-tracerx-lung/tctProjects/kilimo/TracerX_WSIs/20X/uni_v2/samples/Tx421_TMA002
Saved 7/10 random sample images for slide Tx421_TMA002
✅ Features extracted in 31.4s

================================================================================
🔍 PERFORMANCE PROFILING SUMMARY - Tx421_TMA002
================================================================================
⏱️  wsi_loading:
   Total: 0.003s | Avg: 0.0034s | Calls: 1
⏱️  dataset_creation:
   Total: 0.047s | Avg: 0.0468s | Calls: 1
⏱️  data_loading:
   Total: 0.001s | Avg: 0.0001s | Calls: 7
   Min: 0.0001s | Max: 0.0003s
⏱️  sample_saving:
   Total: 0.038s | Avg: 0.0054s | Calls: 7
   Min: 0.0026s | Max: 0.0179s
⏱️  data_transfer:
   Total: 0.001s | Avg: 0.0001s | Calls: 7
   Min: 0.0000s | Max: 0.0002s
⏱️  model_inference:
   Total: 0.155s | Avg: 0.0221s | Calls: 7
   Min: 0.0176s | Max: 0.0355s
⏱️  feature_processing:
   Total: 8.405s | Avg: 1.2008s | Calls: 7
   Min: 0.6453s | Max: 1.3096s
⏱️  feature_accumulation:
   Total: 0.000s | Avg: 0.0000s | Calls: 7
   Min: 0.0000s | Max: 0.0000s
⏱️  batch_processing:
   Total: 8.737s | Avg: 1.2481s | Calls: 7
   Min: 0.8006s | Max: 1.3318s
⏱️  feature_combining:
   Total: 0.003s | Avg: 0.0028s | Calls: 1
⏱️  hdf5_writing:
   Total: 0.024s | Avg: 0.0241s | Calls: 1
⏱️  memory_cleanup:
   Total: 0.110s | Avg: 0.1100s | Calls: 1
⏱️  total_computation:
   Total: 31.346s | Avg: 31.3458s | Calls: 1
⏱️  slide_processing:
   Total: 31.346s | Avg: 31.3459s | Calls: 1

🚨 BOTTLENECK ANALYSIS (Total Runtime: 80.215s):
   🔥 slide_processing: 31.346s (39.1%)
   🔥 total_computation: 31.346s (39.1%)
   🔥 batch_processing: 8.737s (10.9%)
   🔥 feature_processing: 8.405s (10.5%)

📊 OPERATION COUNTS:
   hdf5_write_operations: 1
   patches_processed: 3,329
   GPU Memory - Max: 4079.6MB | Avg: 3355.7MB

💡 OPTIMIZATION RECOMMENDATIONS:
================================================================================
📊 Features shape: (3329, 1536), Coords shape: (3329, 2)
💾 Saved features to /nemo/project/proj-tracerx-lung/tctProjects/kilimo/TracerX_WSIs/20X/uni_v2/pt_files/Tx421_TMA002.pt

🔄 Processing slide 5/71: Tx421_TMA004
downsample [1. 1.]
downsampled_level_dim [65280 59136]
level_dim [65280 59136]
name Tx421_TMA004
patch_level 0
patch_size 580
save_path /nemo/project/proj-tracerx-lung/tctProjects/kilimo/TracerX_WSIs/20X/patches/patches

feature extraction settings
transformations:  Compose(
    Resize(size=224, interpolation=bilinear, max_size=None, antialias=True)
    CenterCrop(size=(224, 224))
    MaybeToTensor()
    Normalize(mean=tensor([0.4850, 0.4560, 0.4060]), std=tensor([0.2290, 0.2240, 0.2250]))
)
📦 Dataset size: 2433 patches, 5 batches
🔍 Processing a total of 5 batches with profiling enabled
Saving random samples to /nemo/project/proj-tracerx-lung/tctProjects/kilimo/TracerX_WSIs/20X/uni_v2/samples/Tx421_TMA004
Saved 5/10 random sample images for slide Tx421_TMA004
✅ Features extracted in 26.9s

================================================================================
🔍 PERFORMANCE PROFILING SUMMARY - Tx421_TMA004
================================================================================
⏱️  wsi_loading:
   Total: 0.865s | Avg: 0.8648s | Calls: 1
⏱️  dataset_creation:
   Total: 0.069s | Avg: 0.0687s | Calls: 1
⏱️  data_loading:
   Total: 0.001s | Avg: 0.0001s | Calls: 5
   Min: 0.0001s | Max: 0.0003s
⏱️  sample_saving:
   Total: 0.016s | Avg: 0.0031s | Calls: 5
   Min: 0.0028s | Max: 0.0035s
⏱️  data_transfer:
   Total: 0.000s | Avg: 0.0001s | Calls: 5
   Min: 0.0001s | Max: 0.0002s
⏱️  model_inference:
   Total: 0.110s | Avg: 0.0220s | Calls: 5
   Min: 0.0206s | Max: 0.0250s
⏱️  feature_processing:
   Total: 6.153s | Avg: 1.2306s | Calls: 5
   Min: 0.9823s | Max: 1.2956s
⏱️  feature_accumulation:
   Total: 0.000s | Avg: 0.0000s | Calls: 5
   Min: 0.0000s | Max: 0.0000s
⏱️  batch_processing:
   Total: 6.411s | Avg: 1.2821s | Calls: 5
   Min: 1.1379s | Max: 1.3213s
⏱️  feature_combining:
   Total: 0.002s | Avg: 0.0024s | Calls: 1
⏱️  hdf5_writing:
   Total: 0.024s | Avg: 0.0240s | Calls: 1
⏱️  memory_cleanup:
   Total: 0.104s | Avg: 0.1044s | Calls: 1
⏱️  total_computation:
   Total: 25.972s | Avg: 25.9715s | Calls: 1
⏱️  slide_processing:
   Total: 25.972s | Avg: 25.9716s | Calls: 1

🚨 BOTTLENECK ANALYSIS (Total Runtime: 65.698s):
   🔥 slide_processing: 25.972s (39.5%)
   🔥 total_computation: 25.972s (39.5%)
   🔥 batch_processing: 6.411s (9.8%)
   🔥 feature_processing: 6.153s (9.4%)

📊 OPERATION COUNTS:
   hdf5_write_operations: 1
   patches_processed: 2,433
   GPU Memory - Max: 4153.0MB | Avg: 3392.5MB

💡 OPTIMIZATION RECOMMENDATIONS:
================================================================================
📊 Features shape: (2433, 1536), Coords shape: (2433, 2)
💾 Saved features to /nemo/project/proj-tracerx-lung/tctProjects/kilimo/TracerX_WSIs/20X/uni_v2/pt_files/Tx421_TMA004.pt

🔄 Processing slide 6/71: Tx421_TMA004
downsample [1. 1.]
downsampled_level_dim [65280 59136]
level_dim [65280 59136]
name Tx421_TMA004
patch_level 0
patch_size 580
save_path /nemo/project/proj-tracerx-lung/tctProjects/kilimo/TracerX_WSIs/20X/patches/patches

feature extraction settings
transformations:  Compose(
    Resize(size=224, interpolation=bilinear, max_size=None, antialias=True)
    CenterCrop(size=(224, 224))
    MaybeToTensor()
    Normalize(mean=tensor([0.4850, 0.4560, 0.4060]), std=tensor([0.2290, 0.2240, 0.2250]))
)
📦 Dataset size: 2433 patches, 5 batches
🔍 Processing a total of 5 batches with profiling enabled
Saving random samples to /nemo/project/proj-tracerx-lung/tctProjects/kilimo/TracerX_WSIs/20X/uni_v2/samples/Tx421_TMA004
Saved 5/10 random sample images for slide Tx421_TMA004
✅ Features extracted in 24.3s

================================================================================
🔍 PERFORMANCE PROFILING SUMMARY - Tx421_TMA004
================================================================================
⏱️  wsi_loading:
   Total: 0.005s | Avg: 0.0052s | Calls: 1
⏱️  dataset_creation:
   Total: 0.051s | Avg: 0.0509s | Calls: 1
⏱️  data_loading:
   Total: 0.001s | Avg: 0.0001s | Calls: 5
   Min: 0.0001s | Max: 0.0002s
⏱️  sample_saving:
   Total: 0.023s | Avg: 0.0046s | Calls: 5
   Min: 0.0037s | Max: 0.0063s
⏱️  data_transfer:
   Total: 0.000s | Avg: 0.0001s | Calls: 5
   Min: 0.0001s | Max: 0.0002s
⏱️  model_inference:
   Total: 0.110s | Avg: 0.0220s | Calls: 5
   Min: 0.0207s | Max: 0.0258s
⏱️  feature_processing:
   Total: 6.160s | Avg: 1.2320s | Calls: 5
   Min: 0.9803s | Max: 1.3020s
⏱️  feature_accumulation:
   Total: 0.000s | Avg: 0.0000s | Calls: 5
   Min: 0.0000s | Max: 0.0000s
⏱️  batch_processing:
   Total: 6.449s | Avg: 1.2898s | Calls: 5
   Min: 1.1591s | Max: 1.3349s
⏱️  feature_combining:
   Total: 0.004s | Avg: 0.0036s | Calls: 1
⏱️  hdf5_writing:
   Total: 0.048s | Avg: 0.0476s | Calls: 1
⏱️  memory_cleanup:
   Total: 0.105s | Avg: 0.1054s | Calls: 1
⏱️  total_computation:
   Total: 24.290s | Avg: 24.2904s | Calls: 1
⏱️  slide_processing:
   Total: 24.290s | Avg: 24.2904s | Calls: 1

🚨 BOTTLENECK ANALYSIS (Total Runtime: 61.537s):
   🔥 slide_processing: 24.290s (39.5%)
   🔥 total_computation: 24.290s (39.5%)
   🔥 batch_processing: 6.449s (10.5%)
   🔥 feature_processing: 6.160s (10.0%)

📊 OPERATION COUNTS:
   hdf5_write_operations: 1
   patches_processed: 2,433
   GPU Memory - Max: 4153.0MB | Avg: 3392.5MB

💡 OPTIMIZATION RECOMMENDATIONS:
================================================================================
📊 Features shape: (2433, 1536), Coords shape: (2433, 2)
💾 Saved features to /nemo/project/proj-tracerx-lung/tctProjects/kilimo/TracerX_WSIs/20X/uni_v2/pt_files/Tx421_TMA004.pt

🔄 Processing slide 7/71: Tx421_TMA006
downsample [1. 1.]
downsampled_level_dim [65280 64768]
level_dim [65280 64768]
name Tx421_TMA006
patch_level 0
patch_size 580
save_path /nemo/project/proj-tracerx-lung/tctProjects/kilimo/TracerX_WSIs/20X/patches/patches

feature extraction settings
transformations:  Compose(
    Resize(size=224, interpolation=bilinear, max_size=None, antialias=True)
    CenterCrop(size=(224, 224))
    MaybeToTensor()
    Normalize(mean=tensor([0.4850, 0.4560, 0.4060]), std=tensor([0.2290, 0.2240, 0.2250]))
)
📦 Dataset size: 2928 patches, 6 batches
🔍 Processing a total of 6 batches with profiling enabled
Saving random samples to /nemo/project/proj-tracerx-lung/tctProjects/kilimo/TracerX_WSIs/20X/uni_v2/samples/Tx421_TMA006
Saved 6/10 random sample images for slide Tx421_TMA006
✅ Features extracted in 31.7s

================================================================================
🔍 PERFORMANCE PROFILING SUMMARY - Tx421_TMA006
================================================================================
⏱️  wsi_loading:
   Total: 0.466s | Avg: 0.4656s | Calls: 1
⏱️  dataset_creation:
   Total: 0.068s | Avg: 0.0681s | Calls: 1
⏱️  data_loading:
   Total: 0.001s | Avg: 0.0001s | Calls: 6
   Min: 0.0001s | Max: 0.0002s
⏱️  sample_saving:
   Total: 0.019s | Avg: 0.0032s | Calls: 6
   Min: 0.0027s | Max: 0.0043s
⏱️  data_transfer:
   Total: 0.000s | Avg: 0.0001s | Calls: 6
   Min: 0.0000s | Max: 0.0002s
⏱️  model_inference:
   Total: 0.132s | Avg: 0.0221s | Calls: 6
   Min: 0.0210s | Max: 0.0255s
⏱️  feature_processing:
   Total: 7.404s | Avg: 1.2340s | Calls: 6
   Min: 0.9236s | Max: 1.3057s
⏱️  feature_accumulation:
   Total: 0.000s | Avg: 0.0000s | Calls: 6
   Min: 0.0000s | Max: 0.0000s
⏱️  batch_processing:
   Total: 7.701s | Avg: 1.2834s | Calls: 6
   Min: 1.0898s | Max: 1.3362s
⏱️  feature_combining:
   Total: 0.003s | Avg: 0.0031s | Calls: 1
⏱️  hdf5_writing:
   Total: 0.036s | Avg: 0.0361s | Calls: 1
⏱️  memory_cleanup:
   Total: 0.105s | Avg: 0.1053s | Calls: 1
⏱️  total_computation:
   Total: 31.187s | Avg: 31.1869s | Calls: 1
⏱️  slide_processing:
   Total: 31.187s | Avg: 31.1870s | Calls: 1

🚨 BOTTLENECK ANALYSIS (Total Runtime: 78.309s):
   🔥 slide_processing: 31.187s (39.8%)
   🔥 total_computation: 31.187s (39.8%)
   🔥 batch_processing: 7.701s (9.8%)
   🔥 feature_processing: 7.404s (9.5%)

📊 OPERATION COUNTS:
   hdf5_write_operations: 1
   patches_processed: 2,928
   GPU Memory - Max: 4142.1MB | Avg: 3387.0MB

💡 OPTIMIZATION RECOMMENDATIONS:
================================================================================
📊 Features shape: (2928, 1536), Coords shape: (2928, 2)
💾 Saved features to /nemo/project/proj-tracerx-lung/tctProjects/kilimo/TracerX_WSIs/20X/uni_v2/pt_files/Tx421_TMA006.pt

🔄 Processing slide 8/71: Tx421_TMA006
downsample [1. 1.]
downsampled_level_dim [65280 64768]
level_dim [65280 64768]
name Tx421_TMA006
patch_level 0
patch_size 580
save_path /nemo/project/proj-tracerx-lung/tctProjects/kilimo/TracerX_WSIs/20X/patches/patches

feature extraction settings
transformations:  Compose(
    Resize(size=224, interpolation=bilinear, max_size=None, antialias=True)
    CenterCrop(size=(224, 224))
    MaybeToTensor()
    Normalize(mean=tensor([0.4850, 0.4560, 0.4060]), std=tensor([0.2290, 0.2240, 0.2250]))
)
📦 Dataset size: 2928 patches, 6 batches
🔍 Processing a total of 6 batches with profiling enabled
Saving random samples to /nemo/project/proj-tracerx-lung/tctProjects/kilimo/TracerX_WSIs/20X/uni_v2/samples/Tx421_TMA006
Saved 6/10 random sample images for slide Tx421_TMA006
✅ Features extracted in 30.8s

================================================================================
🔍 PERFORMANCE PROFILING SUMMARY - Tx421_TMA006
================================================================================
⏱️  wsi_loading:
   Total: 0.005s | Avg: 0.0054s | Calls: 1
⏱️  dataset_creation:
   Total: 0.049s | Avg: 0.0493s | Calls: 1
⏱️  data_loading:
   Total: 0.001s | Avg: 0.0001s | Calls: 6
   Min: 0.0001s | Max: 0.0003s
⏱️  sample_saving:
   Total: 0.020s | Avg: 0.0034s | Calls: 6
   Min: 0.0027s | Max: 0.0057s
⏱️  data_transfer:
   Total: 0.001s | Avg: 0.0001s | Calls: 6
   Min: 0.0001s | Max: 0.0002s
⏱️  model_inference:
   Total: 0.139s | Avg: 0.0231s | Calls: 6
   Min: 0.0182s | Max: 0.0346s
⏱️  feature_processing:
   Total: 7.401s | Avg: 1.2336s | Calls: 6
   Min: 0.9271s | Max: 1.3059s
⏱️  feature_accumulation:
   Total: 0.000s | Avg: 0.0000s | Calls: 6
   Min: 0.0000s | Max: 0.0000s
⏱️  batch_processing:
   Total: 7.727s | Avg: 1.2878s | Calls: 6
   Min: 1.1120s | Max: 1.3310s
⏱️  feature_combining:
   Total: 0.005s | Avg: 0.0048s | Calls: 1
⏱️  hdf5_writing:
   Total: 0.052s | Avg: 0.0524s | Calls: 1
⏱️  memory_cleanup:
   Total: 0.111s | Avg: 0.1106s | Calls: 1
⏱️  total_computation:
   Total: 30.741s | Avg: 30.7413s | Calls: 1
⏱️  slide_processing:
   Total: 30.741s | Avg: 30.7414s | Calls: 1

🚨 BOTTLENECK ANALYSIS (Total Runtime: 76.994s):
   🔥 slide_processing: 30.741s (39.9%)
   🔥 total_computation: 30.741s (39.9%)
   🔥 batch_processing: 7.727s (10.0%)
   🔥 feature_processing: 7.401s (9.6%)

📊 OPERATION COUNTS:
   hdf5_write_operations: 1
   patches_processed: 2,928
   GPU Memory - Max: 4142.1MB | Avg: 3387.0MB

💡 OPTIMIZATION RECOMMENDATIONS:
================================================================================
📊 Features shape: (2928, 1536), Coords shape: (2928, 2)
💾 Saved features to /nemo/project/proj-tracerx-lung/tctProjects/kilimo/TracerX_WSIs/20X/uni_v2/pt_files/Tx421_TMA006.pt

🔄 Processing slide 9/71: Tx421_TMA007
downsample [1. 1.]
downsampled_level_dim [80640 64768]
level_dim [80640 64768]
name Tx421_TMA007
patch_level 0
patch_size 580
save_path /nemo/project/proj-tracerx-lung/tctProjects/kilimo/TracerX_WSIs/20X/patches/patches

feature extraction settings
transformations:  Compose(
    Resize(size=224, interpolation=bilinear, max_size=None, antialias=True)
    CenterCrop(size=(224, 224))
    MaybeToTensor()
    Normalize(mean=tensor([0.4850, 0.4560, 0.4060]), std=tensor([0.2290, 0.2240, 0.2250]))
)
📦 Dataset size: 3383 patches, 7 batches
🔍 Processing a total of 7 batches with profiling enabled
Saving random samples to /nemo/project/proj-tracerx-lung/tctProjects/kilimo/TracerX_WSIs/20X/uni_v2/samples/Tx421_TMA007
Saved 7/10 random sample images for slide Tx421_TMA007
✅ Features extracted in 33.1s

================================================================================
🔍 PERFORMANCE PROFILING SUMMARY - Tx421_TMA007
================================================================================
⏱️  wsi_loading:
   Total: 0.481s | Avg: 0.4813s | Calls: 1
⏱️  dataset_creation:
   Total: 0.080s | Avg: 0.0798s | Calls: 1
⏱️  data_loading:
   Total: 0.001s | Avg: 0.0001s | Calls: 7
   Min: 0.0001s | Max: 0.0003s
⏱️  sample_saving:
   Total: 0.022s | Avg: 0.0032s | Calls: 7
   Min: 0.0027s | Max: 0.0045s
⏱️  data_transfer:
   Total: 0.001s | Avg: 0.0001s | Calls: 7
   Min: 0.0001s | Max: 0.0002s
⏱️  model_inference:
   Total: 0.151s | Avg: 0.0215s | Calls: 7
   Min: 0.0204s | Max: 0.0244s
⏱️  feature_processing:
   Total: 8.562s | Avg: 1.2231s | Calls: 7
   Min: 0.7817s | Max: 1.3063s
⏱️  feature_accumulation:
   Total: 0.000s | Avg: 0.0000s | Calls: 7
   Min: 0.0000s | Max: 0.0000s
⏱️  batch_processing:
   Total: 8.917s | Avg: 1.2739s | Calls: 7
   Min: 0.9851s | Max: 1.3349s
⏱️  feature_combining:
   Total: 0.004s | Avg: 0.0037s | Calls: 1
⏱️  hdf5_writing:
   Total: 0.069s | Avg: 0.0691s | Calls: 1
⏱️  memory_cleanup:
   Total: 0.109s | Avg: 0.1092s | Calls: 1
⏱️  total_computation:
   Total: 32.518s | Avg: 32.5181s | Calls: 1
⏱️  slide_processing:
   Total: 32.518s | Avg: 32.5182s | Calls: 1

🚨 BOTTLENECK ANALYSIS (Total Runtime: 83.432s):
   🔥 slide_processing: 32.518s (39.0%)
   🔥 total_computation: 32.518s (39.0%)
   🔥 batch_processing: 8.917s (10.7%)
   🔥 feature_processing: 8.562s (10.3%)

📊 OPERATION COUNTS:
   hdf5_write_operations: 1
   patches_processed: 3,383
   GPU Memory - Max: 4110.1MB | Avg: 3371.0MB

💡 OPTIMIZATION RECOMMENDATIONS:
================================================================================
📊 Features shape: (3383, 1536), Coords shape: (3383, 2)
💾 Saved features to /nemo/project/proj-tracerx-lung/tctProjects/kilimo/TracerX_WSIs/20X/uni_v2/pt_files/Tx421_TMA007.pt

🔄 Processing slide 10/71: Tx421_TMA007
downsample [1. 1.]
downsampled_level_dim [80640 64768]
level_dim [80640 64768]
name Tx421_TMA007
patch_level 0
patch_size 580
save_path /nemo/project/proj-tracerx-lung/tctProjects/kilimo/TracerX_WSIs/20X/patches/patches

feature extraction settings
transformations:  Compose(
    Resize(size=224, interpolation=bilinear, max_size=None, antialias=True)
    CenterCrop(size=(224, 224))
    MaybeToTensor()
    Normalize(mean=tensor([0.4850, 0.4560, 0.4060]), std=tensor([0.2290, 0.2240, 0.2250]))
)
📦 Dataset size: 3383 patches, 7 batches
🔍 Processing a total of 7 batches with profiling enabled
Saving random samples to /nemo/project/proj-tracerx-lung/tctProjects/kilimo/TracerX_WSIs/20X/uni_v2/samples/Tx421_TMA007
Saved 7/10 random sample images for slide Tx421_TMA007
✅ Features extracted in 29.6s

================================================================================
🔍 PERFORMANCE PROFILING SUMMARY - Tx421_TMA007
================================================================================
⏱️  wsi_loading:
   Total: 0.006s | Avg: 0.0060s | Calls: 1
⏱️  dataset_creation:
   Total: 0.042s | Avg: 0.0421s | Calls: 1
⏱️  data_loading:
   Total: 0.001s | Avg: 0.0001s | Calls: 7
   Min: 0.0001s | Max: 0.0003s
⏱️  sample_saving:
   Total: 0.026s | Avg: 0.0037s | Calls: 7
   Min: 0.0028s | Max: 0.0061s
⏱️  data_transfer:
   Total: 0.001s | Avg: 0.0001s | Calls: 7
   Min: 0.0000s | Max: 0.0002s
⏱️  model_inference:
   Total: 0.162s | Avg: 0.0232s | Calls: 7
   Min: 0.0181s | Max: 0.0364s
⏱️  feature_processing:
   Total: 8.551s | Avg: 1.2216s | Calls: 7
   Min: 0.7842s | Max: 1.3090s
⏱️  feature_accumulation:
   Total: 0.000s | Avg: 0.0000s | Calls: 7
   Min: 0.0000s | Max: 0.0000s
⏱️  batch_processing:
   Total: 8.917s | Avg: 1.2739s | Calls: 7
   Min: 0.9789s | Max: 1.3334s
⏱️  feature_combining:
   Total: 0.005s | Avg: 0.0046s | Calls: 1
⏱️  hdf5_writing:
   Total: 0.065s | Avg: 0.0651s | Calls: 1
⏱️  memory_cleanup:
   Total: 0.108s | Avg: 0.1077s | Calls: 1
⏱️  total_computation:
   Total: 29.548s | Avg: 29.5477s | Calls: 1
⏱️  slide_processing:
   Total: 29.548s | Avg: 29.5478s | Calls: 1

🚨 BOTTLENECK ANALYSIS (Total Runtime: 76.979s):
   🔥 slide_processing: 29.548s (38.4%)
   🔥 total_computation: 29.548s (38.4%)
   🔥 batch_processing: 8.917s (11.6%)
   🔥 feature_processing: 8.551s (11.1%)

📊 OPERATION COUNTS:
   hdf5_write_operations: 1
   patches_processed: 3,383
   GPU Memory - Max: 4110.1MB | Avg: 3371.0MB

💡 OPTIMIZATION RECOMMENDATIONS:
================================================================================
📊 Features shape: (3383, 1536), Coords shape: (3383, 2)
💾 Saved features to /nemo/project/proj-tracerx-lung/tctProjects/kilimo/TracerX_WSIs/20X/uni_v2/pt_files/Tx421_TMA007.pt

🔄 Processing slide 11/71: Tx421_TMA009
downsample [1. 1.]
downsampled_level_dim [69120 67584]
level_dim [69120 67584]
name Tx421_TMA009
patch_level 0
patch_size 580
save_path /nemo/project/proj-tracerx-lung/tctProjects/kilimo/TracerX_WSIs/20X/patches/patches

feature extraction settings
transformations:  Compose(
    Resize(size=224, interpolation=bilinear, max_size=None, antialias=True)
    CenterCrop(size=(224, 224))
    MaybeToTensor()
    Normalize(mean=tensor([0.4850, 0.4560, 0.4060]), std=tensor([0.2290, 0.2240, 0.2250]))
)
📦 Dataset size: 3064 patches, 6 batches
🔍 Processing a total of 6 batches with profiling enabled
Saving random samples to /nemo/project/proj-tracerx-lung/tctProjects/kilimo/TracerX_WSIs/20X/uni_v2/samples/Tx421_TMA009
Saved 6/10 random sample images for slide Tx421_TMA009
✅ Features extracted in 32.6s

================================================================================
🔍 PERFORMANCE PROFILING SUMMARY - Tx421_TMA009
================================================================================
⏱️  wsi_loading:
   Total: 0.446s | Avg: 0.4464s | Calls: 1
⏱️  dataset_creation:
   Total: 0.080s | Avg: 0.0799s | Calls: 1
⏱️  data_loading:
   Total: 0.001s | Avg: 0.0001s | Calls: 6
   Min: 0.0001s | Max: 0.0002s
⏱️  sample_saving:
   Total: 0.023s | Avg: 0.0039s | Calls: 6
   Min: 0.0027s | Max: 0.0063s
⏱️  data_transfer:
   Total: 0.001s | Avg: 0.0001s | Calls: 6
   Min: 0.0001s | Max: 0.0002s
⏱️  model_inference:
   Total: 0.134s | Avg: 0.0223s | Calls: 6
   Min: 0.0208s | Max: 0.0270s
⏱️  feature_processing:
   Total: 7.758s | Avg: 1.2930s | Calls: 6
   Min: 1.2722s | Max: 1.3081s
⏱️  feature_accumulation:
   Total: 0.000s | Avg: 0.0000s | Calls: 6
   Min: 0.0000s | Max: 0.0000s
⏱️  batch_processing:
   Total: 8.194s | Avg: 1.3657s | Calls: 6
   Min: 1.3141s | Max: 1.5740s
⏱️  feature_combining:
   Total: 0.003s | Avg: 0.0031s | Calls: 1
⏱️  hdf5_writing:
   Total: 0.094s | Avg: 0.0942s | Calls: 1
⏱️  memory_cleanup:
   Total: 0.110s | Avg: 0.1098s | Calls: 1
⏱️  total_computation:
   Total: 32.038s | Avg: 32.0384s | Calls: 1
⏱️  slide_processing:
   Total: 32.038s | Avg: 32.0385s | Calls: 1

🚨 BOTTLENECK ANALYSIS (Total Runtime: 80.921s):
   🔥 slide_processing: 32.038s (39.6%)
   🔥 total_computation: 32.038s (39.6%)
   🔥 batch_processing: 8.194s (10.1%)
   🔥 feature_processing: 7.758s (9.6%)

📊 OPERATION COUNTS:
   hdf5_write_operations: 1
   patches_processed: 3,064
   GPU Memory - Max: 4220.4MB | Avg: 3426.2MB

💡 OPTIMIZATION RECOMMENDATIONS:
================================================================================
📊 Features shape: (3064, 1536), Coords shape: (3064, 2)
💾 Saved features to /nemo/project/proj-tracerx-lung/tctProjects/kilimo/TracerX_WSIs/20X/uni_v2/pt_files/Tx421_TMA009.pt

🔄 Processing slide 12/71: Tx421_TMA009
downsample [1. 1.]
downsampled_level_dim [69120 67584]
level_dim [69120 67584]
name Tx421_TMA009
patch_level 0
patch_size 580
save_path /nemo/project/proj-tracerx-lung/tctProjects/kilimo/TracerX_WSIs/20X/patches/patches

feature extraction settings
transformations:  Compose(
    Resize(size=224, interpolation=bilinear, max_size=None, antialias=True)
    CenterCrop(size=(224, 224))
    MaybeToTensor()
    Normalize(mean=tensor([0.4850, 0.4560, 0.4060]), std=tensor([0.2290, 0.2240, 0.2250]))
)
📦 Dataset size: 3064 patches, 6 batches
🔍 Processing a total of 6 batches with profiling enabled
Saving random samples to /nemo/project/proj-tracerx-lung/tctProjects/kilimo/TracerX_WSIs/20X/uni_v2/samples/Tx421_TMA009
Saved 6/10 random sample images for slide Tx421_TMA009
✅ Features extracted in 30.5s

================================================================================
🔍 PERFORMANCE PROFILING SUMMARY - Tx421_TMA009
================================================================================
⏱️  wsi_loading:
   Total: 0.004s | Avg: 0.0038s | Calls: 1
⏱️  dataset_creation:
   Total: 0.039s | Avg: 0.0393s | Calls: 1
⏱️  data_loading:
   Total: 0.001s | Avg: 0.0001s | Calls: 6
   Min: 0.0001s | Max: 0.0003s
⏱️  sample_saving:
   Total: 0.063s | Avg: 0.0105s | Calls: 6
   Min: 0.0029s | Max: 0.0461s
⏱️  data_transfer:
   Total: 0.001s | Avg: 0.0001s | Calls: 6
   Min: 0.0001s | Max: 0.0002s
⏱️  model_inference:
   Total: 0.141s | Avg: 0.0235s | Calls: 6
   Min: 0.0196s | Max: 0.0348s
⏱️  feature_processing:
   Total: 7.729s | Avg: 1.2881s | Calls: 6
   Min: 1.2741s | Max: 1.2972s
⏱️  feature_accumulation:
   Total: 0.000s | Avg: 0.0000s | Calls: 6
   Min: 0.0000s | Max: 0.0000s
⏱️  batch_processing:
   Total: 8.166s | Avg: 1.3611s | Calls: 6
   Min: 1.3146s | Max: 1.5705s
⏱️  feature_combining:
   Total: 0.005s | Avg: 0.0046s | Calls: 1
⏱️  hdf5_writing:
   Total: 0.119s | Avg: 0.1190s | Calls: 1
⏱️  memory_cleanup:
   Total: 0.110s | Avg: 0.1102s | Calls: 1
⏱️  total_computation:
   Total: 30.441s | Avg: 30.4407s | Calls: 1
⏱️  slide_processing:
   Total: 30.441s | Avg: 30.4407s | Calls: 1

🚨 BOTTLENECK ANALYSIS (Total Runtime: 77.259s):
   🔥 slide_processing: 30.441s (39.4%)
   🔥 total_computation: 30.441s (39.4%)
   🔥 batch_processing: 8.166s (10.6%)
   🔥 feature_processing: 7.729s (10.0%)

📊 OPERATION COUNTS:
   hdf5_write_operations: 1
   patches_processed: 3,064
   GPU Memory - Max: 4220.4MB | Avg: 3426.2MB

💡 OPTIMIZATION RECOMMENDATIONS:
================================================================================
📊 Features shape: (3064, 1536), Coords shape: (3064, 2)
💾 Saved features to /nemo/project/proj-tracerx-lung/tctProjects/kilimo/TracerX_WSIs/20X/uni_v2/pt_files/Tx421_TMA009.pt

🔄 Processing slide 13/71: Tx421_TMA011
downsample [1. 1.]
downsampled_level_dim [61440 61952]
level_dim [61440 61952]
name Tx421_TMA011
patch_level 0
patch_size 580
save_path /nemo/project/proj-tracerx-lung/tctProjects/kilimo/TracerX_WSIs/20X/patches/patches

feature extraction settings
transformations:  Compose(
    Resize(size=224, interpolation=bilinear, max_size=None, antialias=True)
    CenterCrop(size=(224, 224))
    MaybeToTensor()
    Normalize(mean=tensor([0.4850, 0.4560, 0.4060]), std=tensor([0.2290, 0.2240, 0.2250]))
)
📦 Dataset size: 3640 patches, 8 batches
🔍 Processing a total of 8 batches with profiling enabled
Saving random samples to /nemo/project/proj-tracerx-lung/tctProjects/kilimo/TracerX_WSIs/20X/uni_v2/samples/Tx421_TMA011
Saved 8/10 random sample images for slide Tx421_TMA011
✅ Features extracted in 32.2s

================================================================================
🔍 PERFORMANCE PROFILING SUMMARY - Tx421_TMA011
================================================================================
⏱️  wsi_loading:
   Total: 0.438s | Avg: 0.4383s | Calls: 1
⏱️  dataset_creation:
   Total: 0.075s | Avg: 0.0748s | Calls: 1
⏱️  data_loading:
   Total: 0.001s | Avg: 0.0001s | Calls: 8
   Min: 0.0001s | Max: 0.0003s
⏱️  sample_saving:
   Total: 0.057s | Avg: 0.0071s | Calls: 8
   Min: 0.0025s | Max: 0.0295s
⏱️  data_transfer:
   Total: 0.001s | Avg: 0.0001s | Calls: 8
   Min: 0.0000s | Max: 0.0002s
⏱️  model_inference:
   Total: 0.194s | Avg: 0.0243s | Calls: 8
   Min: 0.0196s | Max: 0.0354s
⏱️  feature_processing:
   Total: 9.167s | Avg: 1.1458s | Calls: 8
   Min: 0.1350s | Max: 1.2986s
⏱️  feature_accumulation:
   Total: 0.000s | Avg: 0.0000s | Calls: 8
   Min: 0.0000s | Max: 0.0000s
⏱️  batch_processing:
   Total: 9.648s | Avg: 1.2060s | Calls: 8
   Min: 0.3833s | Max: 1.3466s
⏱️  feature_combining:
   Total: 0.003s | Avg: 0.0034s | Calls: 1
⏱️  hdf5_writing:
   Total: 0.113s | Avg: 0.1135s | Calls: 1
⏱️  memory_cleanup:
   Total: 0.108s | Avg: 0.1077s | Calls: 1
⏱️  total_computation:
   Total: 31.657s | Avg: 31.6568s | Calls: 1
⏱️  slide_processing:
   Total: 31.657s | Avg: 31.6569s | Calls: 1

🚨 BOTTLENECK ANALYSIS (Total Runtime: 83.119s):
   🔥 slide_processing: 31.657s (38.1%)
   🔥 total_computation: 31.657s (38.1%)
   🔥 batch_processing: 9.648s (11.6%)
   🔥 feature_processing: 9.167s (11.0%)

📊 OPERATION COUNTS:
   hdf5_write_operations: 1
   patches_processed: 3,640
   GPU Memory - Max: 3963.1MB | Avg: 3297.5MB

💡 OPTIMIZATION RECOMMENDATIONS:
================================================================================
📊 Features shape: (3640, 1536), Coords shape: (3640, 2)
💾 Saved features to /nemo/project/proj-tracerx-lung/tctProjects/kilimo/TracerX_WSIs/20X/uni_v2/pt_files/Tx421_TMA011.pt

🔄 Processing slide 14/71: Tx421_TMA011
downsample [1. 1.]
downsampled_level_dim [61440 61952]
level_dim [61440 61952]
name Tx421_TMA011
patch_level 0
patch_size 580
save_path /nemo/project/proj-tracerx-lung/tctProjects/kilimo/TracerX_WSIs/20X/patches/patches

feature extraction settings
transformations:  Compose(
    Resize(size=224, interpolation=bilinear, max_size=None, antialias=True)
    CenterCrop(size=(224, 224))
    MaybeToTensor()
    Normalize(mean=tensor([0.4850, 0.4560, 0.4060]), std=tensor([0.2290, 0.2240, 0.2250]))
)
📦 Dataset size: 3640 patches, 8 batches
🔍 Processing a total of 8 batches with profiling enabled
Saving random samples to /nemo/project/proj-tracerx-lung/tctProjects/kilimo/TracerX_WSIs/20X/uni_v2/samples/Tx421_TMA011
Saved 8/10 random sample images for slide Tx421_TMA011
✅ Features extracted in 32.1s

================================================================================
🔍 PERFORMANCE PROFILING SUMMARY - Tx421_TMA011
================================================================================
⏱️  wsi_loading:
   Total: 0.003s | Avg: 0.0033s | Calls: 1
⏱️  dataset_creation:
   Total: 0.051s | Avg: 0.0512s | Calls: 1
⏱️  data_loading:
   Total: 0.001s | Avg: 0.0001s | Calls: 8
   Min: 0.0001s | Max: 0.0004s
⏱️  sample_saving:
   Total: 0.088s | Avg: 0.0111s | Calls: 8
   Min: 0.0026s | Max: 0.0594s
⏱️  data_transfer:
   Total: 0.001s | Avg: 0.0001s | Calls: 8
   Min: 0.0000s | Max: 0.0003s
⏱️  model_inference:
   Total: 0.192s | Avg: 0.0240s | Calls: 8
   Min: 0.0160s | Max: 0.0375s
⏱️  feature_processing:
   Total: 9.184s | Avg: 1.1480s | Calls: 8
   Min: 0.1390s | Max: 1.2975s
⏱️  feature_accumulation:
   Total: 0.000s | Avg: 0.0000s | Calls: 8
   Min: 0.0000s | Max: 0.0000s
⏱️  batch_processing:
   Total: 9.830s | Avg: 1.2287s | Calls: 8
   Min: 0.5196s | Max: 1.3794s
⏱️  feature_combining:
   Total: 0.004s | Avg: 0.0039s | Calls: 1
⏱️  hdf5_writing:
   Total: 0.203s | Avg: 0.2033s | Calls: 1
⏱️  memory_cleanup:
   Total: 0.109s | Avg: 0.1093s | Calls: 1
⏱️  total_computation:
   Total: 32.060s | Avg: 32.0602s | Calls: 1
⏱️  slide_processing:
   Total: 32.060s | Avg: 32.0603s | Calls: 1

🚨 BOTTLENECK ANALYSIS (Total Runtime: 83.787s):
   🔥 slide_processing: 32.060s (38.3%)
   🔥 total_computation: 32.060s (38.3%)
   🔥 batch_processing: 9.830s (11.7%)
   🔥 feature_processing: 9.184s (11.0%)

📊 OPERATION COUNTS:
   hdf5_write_operations: 1
   patches_processed: 3,640
   GPU Memory - Max: 3963.1MB | Avg: 3297.5MB

💡 OPTIMIZATION RECOMMENDATIONS:
================================================================================
📊 Features shape: (3640, 1536), Coords shape: (3640, 2)
💾 Saved features to /nemo/project/proj-tracerx-lung/tctProjects/kilimo/TracerX_WSIs/20X/uni_v2/pt_files/Tx421_TMA011.pt

🔄 Processing slide 15/71: Tx421_TMA012
downsample [1. 1.]
downsampled_level_dim [65280 67584]
level_dim [65280 67584]
name Tx421_TMA012
patch_level 0
patch_size 580
save_path /nemo/project/proj-tracerx-lung/tctProjects/kilimo/TracerX_WSIs/20X/patches/patches

feature extraction settings
transformations:  Compose(
    Resize(size=224, interpolation=bilinear, max_size=None, antialias=True)
    CenterCrop(size=(224, 224))
    MaybeToTensor()
    Normalize(mean=tensor([0.4850, 0.4560, 0.4060]), std=tensor([0.2290, 0.2240, 0.2250]))
)
📦 Dataset size: 3481 patches, 7 batches
🔍 Processing a total of 7 batches with profiling enabled
Saving random samples to /nemo/project/proj-tracerx-lung/tctProjects/kilimo/TracerX_WSIs/20X/uni_v2/samples/Tx421_TMA012
Saved 7/10 random sample images for slide Tx421_TMA012
✅ Features extracted in 34.8s

================================================================================
🔍 PERFORMANCE PROFILING SUMMARY - Tx421_TMA012
================================================================================
⏱️  wsi_loading:
   Total: 0.636s | Avg: 0.6360s | Calls: 1
⏱️  dataset_creation:
   Total: 0.086s | Avg: 0.0859s | Calls: 1
⏱️  data_loading:
   Total: 0.001s | Avg: 0.0001s | Calls: 7
   Min: 0.0001s | Max: 0.0002s
⏱️  sample_saving:
   Total: 0.035s | Avg: 0.0050s | Calls: 7
   Min: 0.0028s | Max: 0.0152s
⏱️  data_transfer:
   Total: 0.001s | Avg: 0.0001s | Calls: 7
   Min: 0.0000s | Max: 0.0002s
⏱️  model_inference:
   Total: 0.152s | Avg: 0.0218s | Calls: 7
   Min: 0.0207s | Max: 0.0234s
⏱️  feature_processing:
   Total: 8.810s | Avg: 1.2586s | Calls: 7
   Min: 1.0295s | Max: 1.3056s
⏱️  feature_accumulation:
   Total: 0.000s | Avg: 0.0000s | Calls: 7
   Min: 0.0000s | Max: 0.0000s
⏱️  batch_processing:
   Total: 9.752s | Avg: 1.3931s | Calls: 7
   Min: 1.3160s | Max: 1.8050s
⏱️  feature_combining:
   Total: 0.004s | Avg: 0.0036s | Calls: 1
⏱️  hdf5_writing:
   Total: 0.547s | Avg: 0.5467s | Calls: 1
⏱️  memory_cleanup:
   Total: 0.110s | Avg: 0.1097s | Calls: 1
⏱️  total_computation:
   Total: 34.084s | Avg: 34.0836s | Calls: 1
⏱️  slide_processing:
   Total: 34.084s | Avg: 34.0836s | Calls: 1

🚨 BOTTLENECK ANALYSIS (Total Runtime: 88.300s):
   🔥 slide_processing: 34.084s (38.6%)
   🔥 total_computation: 34.084s (38.6%)
   🔥 batch_processing: 9.752s (11.0%)
   🔥 feature_processing: 8.810s (10.0%)

📊 OPERATION COUNTS:
   hdf5_write_operations: 1
   patches_processed: 3,481
   GPU Memory - Max: 4166.4MB | Avg: 3399.2MB

💡 OPTIMIZATION RECOMMENDATIONS:
================================================================================
📊 Features shape: (3481, 1536), Coords shape: (3481, 2)
💾 Saved features to /nemo/project/proj-tracerx-lung/tctProjects/kilimo/TracerX_WSIs/20X/uni_v2/pt_files/Tx421_TMA012.pt

🔄 Processing slide 16/71: Tx421_TMA012
downsample [1. 1.]
downsampled_level_dim [65280 67584]
level_dim [65280 67584]
name Tx421_TMA012
patch_level 0
patch_size 580
save_path /nemo/project/proj-tracerx-lung/tctProjects/kilimo/TracerX_WSIs/20X/patches/patches

feature extraction settings
transformations:  Compose(
    Resize(size=224, interpolation=bilinear, max_size=None, antialias=True)
    CenterCrop(size=(224, 224))
    MaybeToTensor()
    Normalize(mean=tensor([0.4850, 0.4560, 0.4060]), std=tensor([0.2290, 0.2240, 0.2250]))
)
📦 Dataset size: 3481 patches, 7 batches
🔍 Processing a total of 7 batches with profiling enabled
Saving random samples to /nemo/project/proj-tracerx-lung/tctProjects/kilimo/TracerX_WSIs/20X/uni_v2/samples/Tx421_TMA012
Saved 7/10 random sample images for slide Tx421_TMA012
✅ Features extracted in 32.3s

================================================================================
🔍 PERFORMANCE PROFILING SUMMARY - Tx421_TMA012
================================================================================
⏱️  wsi_loading:
   Total: 0.006s | Avg: 0.0058s | Calls: 1
⏱️  dataset_creation:
   Total: 0.054s | Avg: 0.0543s | Calls: 1
⏱️  data_loading:
   Total: 0.001s | Avg: 0.0001s | Calls: 7
   Min: 0.0001s | Max: 0.0003s
⏱️  sample_saving:
   Total: 0.025s | Avg: 0.0035s | Calls: 7
   Min: 0.0027s | Max: 0.0057s
⏱️  data_transfer:
   Total: 0.001s | Avg: 0.0001s | Calls: 7
   Min: 0.0000s | Max: 0.0002s
⏱️  model_inference:
   Total: 0.162s | Avg: 0.0232s | Calls: 7
   Min: 0.0185s | Max: 0.0352s
⏱️  feature_processing:
   Total: 8.789s | Avg: 1.2556s | Calls: 7
   Min: 1.0346s | Max: 1.3031s
⏱️  feature_accumulation:
   Total: 0.000s | Avg: 0.0000s | Calls: 7
   Min: 0.0000s | Max: 0.0000s
⏱️  batch_processing:
   Total: 9.711s | Avg: 1.3873s | Calls: 7
   Min: 1.3165s | Max: 1.7878s
⏱️  feature_combining:
   Total: 0.003s | Avg: 0.0030s | Calls: 1
⏱️  hdf5_writing:
   Total: 0.524s | Avg: 0.5245s | Calls: 1
⏱️  memory_cleanup:
   Total: 0.109s | Avg: 0.1094s | Calls: 1
⏱️  total_computation:
   Total: 32.196s | Avg: 32.1958s | Calls: 1
⏱️  slide_processing:
   Total: 32.196s | Avg: 32.1959s | Calls: 1

🚨 BOTTLENECK ANALYSIS (Total Runtime: 83.777s):
   🔥 slide_processing: 32.196s (38.4%)
   🔥 total_computation: 32.196s (38.4%)
   🔥 batch_processing: 9.711s (11.6%)
   🔥 feature_processing: 8.789s (10.5%)

📊 OPERATION COUNTS:
   hdf5_write_operations: 1
   patches_processed: 3,481
   GPU Memory - Max: 4166.4MB | Avg: 3399.2MB

💡 OPTIMIZATION RECOMMENDATIONS:
================================================================================
📊 Features shape: (3481, 1536), Coords shape: (3481, 2)
💾 Saved features to /nemo/project/proj-tracerx-lung/tctProjects/kilimo/TracerX_WSIs/20X/uni_v2/pt_files/Tx421_TMA012.pt

🔄 Processing slide 17/71: Tx421_TMA013
downsample [1. 1.]
downsampled_level_dim [72960 67584]
level_dim [72960 67584]
name Tx421_TMA013
patch_level 0
patch_size 580
save_path /nemo/project/proj-tracerx-lung/tctProjects/kilimo/TracerX_WSIs/20X/patches/patches

feature extraction settings
transformations:  Compose(
    Resize(size=224, interpolation=bilinear, max_size=None, antialias=True)
    CenterCrop(size=(224, 224))
    MaybeToTensor()
    Normalize(mean=tensor([0.4850, 0.4560, 0.4060]), std=tensor([0.2290, 0.2240, 0.2250]))
)
📦 Dataset size: 3435 patches, 7 batches
🔍 Processing a total of 7 batches with profiling enabled
Saving random samples to /nemo/project/proj-tracerx-lung/tctProjects/kilimo/TracerX_WSIs/20X/uni_v2/samples/Tx421_TMA013
Saved 7/10 random sample images for slide Tx421_TMA013
✅ Features extracted in 34.7s

================================================================================
🔍 PERFORMANCE PROFILING SUMMARY - Tx421_TMA013
================================================================================
⏱️  wsi_loading:
   Total: 1.175s | Avg: 1.1752s | Calls: 1
⏱️  dataset_creation:
   Total: 0.095s | Avg: 0.0953s | Calls: 1
⏱️  data_loading:
   Total: 0.001s | Avg: 0.0001s | Calls: 7
   Min: 0.0001s | Max: 0.0002s
⏱️  sample_saving:
   Total: 0.023s | Avg: 0.0033s | Calls: 7
   Min: 0.0027s | Max: 0.0056s
⏱️  data_transfer:
   Total: 0.001s | Avg: 0.0001s | Calls: 7
   Min: 0.0000s | Max: 0.0002s
⏱️  model_inference:
   Total: 0.158s | Avg: 0.0225s | Calls: 7
   Min: 0.0213s | Max: 0.0250s
⏱️  feature_processing:
   Total: 8.685s | Avg: 1.2407s | Calls: 7
   Min: 0.9123s | Max: 1.3112s
⏱️  feature_accumulation:
   Total: 0.000s | Avg: 0.0000s | Calls: 7
   Min: 0.0000s | Max: 0.0000s
⏱️  batch_processing:
   Total: 9.079s | Avg: 1.2970s | Calls: 7
   Min: 1.1466s | Max: 1.3364s
⏱️  feature_combining:
   Total: 0.002s | Avg: 0.0024s | Calls: 1
⏱️  hdf5_writing:
   Total: 0.098s | Avg: 0.0977s | Calls: 1
⏱️  memory_cleanup:
   Total: 0.111s | Avg: 0.1109s | Calls: 1
⏱️  total_computation:
   Total: 33.427s | Avg: 33.4274s | Calls: 1
⏱️  slide_processing:
   Total: 33.427s | Avg: 33.4275s | Calls: 1

🚨 BOTTLENECK ANALYSIS (Total Runtime: 86.283s):
   🔥 slide_processing: 33.427s (38.7%)
   🔥 total_computation: 33.427s (38.7%)
   🔥 batch_processing: 9.079s (10.5%)
   🔥 feature_processing: 8.685s (10.1%)

📊 OPERATION COUNTS:
   hdf5_write_operations: 1
   patches_processed: 3,435
   GPU Memory - Max: 4139.5MB | Avg: 3385.7MB

💡 OPTIMIZATION RECOMMENDATIONS:
================================================================================
📊 Features shape: (3435, 1536), Coords shape: (3435, 2)
💾 Saved features to /nemo/project/proj-tracerx-lung/tctProjects/kilimo/TracerX_WSIs/20X/uni_v2/pt_files/Tx421_TMA013.pt

🔄 Processing slide 18/71: Tx421_TMA013
downsample [1. 1.]
downsampled_level_dim [72960 67584]
level_dim [72960 67584]
name Tx421_TMA013
patch_level 0
patch_size 580
save_path /nemo/project/proj-tracerx-lung/tctProjects/kilimo/TracerX_WSIs/20X/patches/patches

feature extraction settings
transformations:  Compose(
    Resize(size=224, interpolation=bilinear, max_size=None, antialias=True)
    CenterCrop(size=(224, 224))
    MaybeToTensor()
    Normalize(mean=tensor([0.4850, 0.4560, 0.4060]), std=tensor([0.2290, 0.2240, 0.2250]))
)
📦 Dataset size: 3435 patches, 7 batches
🔍 Processing a total of 7 batches with profiling enabled
Saving random samples to /nemo/project/proj-tracerx-lung/tctProjects/kilimo/TracerX_WSIs/20X/uni_v2/samples/Tx421_TMA013
Saved 7/10 random sample images for slide Tx421_TMA013
✅ Features extracted in 32.0s

================================================================================
🔍 PERFORMANCE PROFILING SUMMARY - Tx421_TMA013
================================================================================
⏱️  wsi_loading:
   Total: 0.007s | Avg: 0.0068s | Calls: 1
⏱️  dataset_creation:
   Total: 0.050s | Avg: 0.0501s | Calls: 1
⏱️  data_loading:
   Total: 0.001s | Avg: 0.0001s | Calls: 7
   Min: 0.0001s | Max: 0.0003s
⏱️  sample_saving:
   Total: 0.024s | Avg: 0.0034s | Calls: 7
   Min: 0.0026s | Max: 0.0052s
⏱️  data_transfer:
   Total: 0.001s | Avg: 0.0001s | Calls: 7
   Min: 0.0000s | Max: 0.0005s
⏱️  model_inference:
   Total: 0.160s | Avg: 0.0228s | Calls: 7
   Min: 0.0183s | Max: 0.0356s
⏱️  feature_processing:
   Total: 8.676s | Avg: 1.2394s | Calls: 7
   Min: 0.9165s | Max: 1.3018s
⏱️  feature_accumulation:
   Total: 0.000s | Avg: 0.0000s | Calls: 7
   Min: 0.0000s | Max: 0.0000s
⏱️  batch_processing:
   Total: 9.010s | Avg: 1.2871s | Calls: 7
   Min: 1.0844s | Max: 1.3272s
⏱️  feature_combining:
   Total: 0.004s | Avg: 0.0043s | Calls: 1
⏱️  hdf5_writing:
   Total: 0.036s | Avg: 0.0360s | Calls: 1
⏱️  memory_cleanup:
   Total: 0.110s | Avg: 0.1097s | Calls: 1
⏱️  total_computation:
   Total: 31.903s | Avg: 31.9025s | Calls: 1
⏱️  slide_processing:
   Total: 31.903s | Avg: 31.9026s | Calls: 1

🚨 BOTTLENECK ANALYSIS (Total Runtime: 81.883s):
   🔥 slide_processing: 31.903s (39.0%)
   🔥 total_computation: 31.903s (39.0%)
   🔥 batch_processing: 9.010s (11.0%)
   🔥 feature_processing: 8.676s (10.6%)

📊 OPERATION COUNTS:
   hdf5_write_operations: 1
   patches_processed: 3,435
   GPU Memory - Max: 4139.5MB | Avg: 3385.7MB

💡 OPTIMIZATION RECOMMENDATIONS:
================================================================================
📊 Features shape: (3435, 1536), Coords shape: (3435, 2)
💾 Saved features to /nemo/project/proj-tracerx-lung/tctProjects/kilimo/TracerX_WSIs/20X/uni_v2/pt_files/Tx421_TMA013.pt

🔄 Processing slide 19/71: Tx421_TMA014
downsample [1. 1.]
downsampled_level_dim [80640 67584]
level_dim [80640 67584]
name Tx421_TMA014
patch_level 0
patch_size 580
save_path /nemo/project/proj-tracerx-lung/tctProjects/kilimo/TracerX_WSIs/20X/patches/patches

feature extraction settings
transformations:  Compose(
    Resize(size=224, interpolation=bilinear, max_size=None, antialias=True)
    CenterCrop(size=(224, 224))
    MaybeToTensor()
    Normalize(mean=tensor([0.4850, 0.4560, 0.4060]), std=tensor([0.2290, 0.2240, 0.2250]))
)
📦 Dataset size: 3697 patches, 8 batches
🔍 Processing a total of 8 batches with profiling enabled
Saving random samples to /nemo/project/proj-tracerx-lung/tctProjects/kilimo/TracerX_WSIs/20X/uni_v2/samples/Tx421_TMA014
Saved 8/10 random sample images for slide Tx421_TMA014
✅ Features extracted in 37.3s

================================================================================
🔍 PERFORMANCE PROFILING SUMMARY - Tx421_TMA014
================================================================================
⏱️  wsi_loading:
   Total: 0.628s | Avg: 0.6284s | Calls: 1
⏱️  dataset_creation:
   Total: 0.082s | Avg: 0.0820s | Calls: 1
⏱️  data_loading:
   Total: 0.001s | Avg: 0.0001s | Calls: 8
   Min: 0.0001s | Max: 0.0003s
⏱️  sample_saving:
   Total: 0.156s | Avg: 0.0194s | Calls: 8
   Min: 0.0029s | Max: 0.1231s
⏱️  data_transfer:
   Total: 0.001s | Avg: 0.0001s | Calls: 8
   Min: 0.0001s | Max: 0.0002s
⏱️  model_inference:
   Total: 0.183s | Avg: 0.0228s | Calls: 8
   Min: 0.0198s | Max: 0.0370s
⏱️  feature_processing:
   Total: 9.329s | Avg: 1.1661s | Calls: 8
   Min: 0.2771s | Max: 1.3080s
⏱️  feature_accumulation:
   Total: 0.000s | Avg: 0.0000s | Calls: 8
   Min: 0.0000s | Max: 0.0000s
⏱️  batch_processing:
   Total: 10.624s | Avg: 1.3281s | Calls: 8
   Min: 1.2531s | Max: 1.4366s
⏱️  feature_combining:
   Total: 0.004s | Avg: 0.0040s | Calls: 1
⏱️  hdf5_writing:
   Total: 0.842s | Avg: 0.8422s | Calls: 1
⏱️  memory_cleanup:
   Total: 0.110s | Avg: 0.1099s | Calls: 1
⏱️  total_computation:
   Total: 36.607s | Avg: 36.6071s | Calls: 1
⏱️  slide_processing:
   Total: 36.607s | Avg: 36.6072s | Calls: 1

🚨 BOTTLENECK ANALYSIS (Total Runtime: 95.174s):
   🔥 slide_processing: 36.607s (38.5%)
   🔥 total_computation: 36.607s (38.5%)
   🔥 batch_processing: 10.624s (11.2%)
   🔥 feature_processing: 9.329s (9.8%)

📊 OPERATION COUNTS:
   hdf5_write_operations: 1
   patches_processed: 3,697
   GPU Memory - Max: 3998.2MB | Avg: 3315.1MB

💡 OPTIMIZATION RECOMMENDATIONS:
================================================================================
📊 Features shape: (3697, 1536), Coords shape: (3697, 2)
💾 Saved features to /nemo/project/proj-tracerx-lung/tctProjects/kilimo/TracerX_WSIs/20X/uni_v2/pt_files/Tx421_TMA014.pt

🔄 Processing slide 20/71: Tx421_TMA014
downsample [1. 1.]
downsampled_level_dim [80640 67584]
level_dim [80640 67584]
name Tx421_TMA014
patch_level 0
patch_size 580
save_path /nemo/project/proj-tracerx-lung/tctProjects/kilimo/TracerX_WSIs/20X/patches/patches

feature extraction settings
transformations:  Compose(
    Resize(size=224, interpolation=bilinear, max_size=None, antialias=True)
    CenterCrop(size=(224, 224))
    MaybeToTensor()
    Normalize(mean=tensor([0.4850, 0.4560, 0.4060]), std=tensor([0.2290, 0.2240, 0.2250]))
)
📦 Dataset size: 3697 patches, 8 batches
🔍 Processing a total of 8 batches with profiling enabled
Saving random samples to /nemo/project/proj-tracerx-lung/tctProjects/kilimo/TracerX_WSIs/20X/uni_v2/samples/Tx421_TMA014
Saved 8/10 random sample images for slide Tx421_TMA014
✅ Features extracted in 32.2s

================================================================================
🔍 PERFORMANCE PROFILING SUMMARY - Tx421_TMA014
================================================================================
⏱️  wsi_loading:
   Total: 0.007s | Avg: 0.0074s | Calls: 1
⏱️  dataset_creation:
   Total: 0.057s | Avg: 0.0573s | Calls: 1
⏱️  data_loading:
   Total: 0.001s | Avg: 0.0001s | Calls: 8
   Min: 0.0001s | Max: 0.0003s
⏱️  sample_saving:
   Total: 0.028s | Avg: 0.0035s | Calls: 8
   Min: 0.0027s | Max: 0.0048s
⏱️  data_transfer:
   Total: 0.001s | Avg: 0.0001s | Calls: 8
   Min: 0.0001s | Max: 0.0002s
⏱️  model_inference:
   Total: 0.178s | Avg: 0.0222s | Calls: 8
   Min: 0.0167s | Max: 0.0311s
⏱️  feature_processing:
   Total: 9.351s | Avg: 1.1689s | Calls: 8
   Min: 0.2826s | Max: 1.3065s
⏱️  feature_accumulation:
   Total: 0.000s | Avg: 0.0000s | Calls: 8
   Min: 0.0000s | Max: 0.0000s
⏱️  batch_processing:
   Total: 10.249s | Avg: 1.2811s | Calls: 8
   Min: 0.9895s | Max: 1.3331s
⏱️  feature_combining:
   Total: 0.004s | Avg: 0.0039s | Calls: 1
⏱️  hdf5_writing:
   Total: 0.577s | Avg: 0.5770s | Calls: 1
⏱️  memory_cleanup:
   Total: 0.110s | Avg: 0.1095s | Calls: 1
⏱️  total_computation:
   Total: 32.097s | Avg: 32.0966s | Calls: 1
⏱️  slide_processing:
   Total: 32.097s | Avg: 32.0967s | Calls: 1

🚨 BOTTLENECK ANALYSIS (Total Runtime: 84.755s):
   🔥 slide_processing: 32.097s (37.9%)
   🔥 total_computation: 32.097s (37.9%)
   🔥 batch_processing: 10.249s (12.1%)
   🔥 feature_processing: 9.351s (11.0%)

📊 OPERATION COUNTS:
   hdf5_write_operations: 1
   patches_processed: 3,697
   GPU Memory - Max: 3998.2MB | Avg: 3315.1MB

💡 OPTIMIZATION RECOMMENDATIONS:
================================================================================
📊 Features shape: (3697, 1536), Coords shape: (3697, 2)
💾 Saved features to /nemo/project/proj-tracerx-lung/tctProjects/kilimo/TracerX_WSIs/20X/uni_v2/pt_files/Tx421_TMA014.pt

🔄 Processing slide 21/71: Tx421_TMA015
downsample [1. 1.]
downsampled_level_dim [65280 61952]
level_dim [65280 61952]
name Tx421_TMA015
patch_level 0
patch_size 580
save_path /nemo/project/proj-tracerx-lung/tctProjects/kilimo/TracerX_WSIs/20X/patches/patches

feature extraction settings
transformations:  Compose(
    Resize(size=224, interpolation=bilinear, max_size=None, antialias=True)
    CenterCrop(size=(224, 224))
    MaybeToTensor()
    Normalize(mean=tensor([0.4850, 0.4560, 0.4060]), std=tensor([0.2290, 0.2240, 0.2250]))
)
📦 Dataset size: 3842 patches, 8 batches
🔍 Processing a total of 8 batches with profiling enabled
Saving random samples to /nemo/project/proj-tracerx-lung/tctProjects/kilimo/TracerX_WSIs/20X/uni_v2/samples/Tx421_TMA015
Saved 8/10 random sample images for slide Tx421_TMA015
✅ Features extracted in 36.0s

================================================================================
🔍 PERFORMANCE PROFILING SUMMARY - Tx421_TMA015
================================================================================
⏱️  wsi_loading:
   Total: 1.850s | Avg: 1.8500s | Calls: 1
⏱️  dataset_creation:
   Total: 0.086s | Avg: 0.0862s | Calls: 1
⏱️  data_loading:
   Total: 0.001s | Avg: 0.0001s | Calls: 8
   Min: 0.0001s | Max: 0.0003s
⏱️  sample_saving:
   Total: 0.382s | Avg: 0.0478s | Calls: 8
   Min: 0.0028s | Max: 0.3450s
⏱️  data_transfer:
   Total: 0.001s | Avg: 0.0001s | Calls: 8
   Min: 0.0001s | Max: 0.0002s
⏱️  model_inference:
   Total: 0.198s | Avg: 0.0247s | Calls: 8
   Min: 0.0210s | Max: 0.0356s
⏱️  feature_processing:
   Total: 9.684s | Avg: 1.2106s | Calls: 8
   Min: 0.6492s | Max: 1.2957s
⏱️  feature_accumulation:
   Total: 0.000s | Avg: 0.0000s | Calls: 8
   Min: 0.0000s | Max: 0.0000s
⏱️  batch_processing:
   Total: 10.409s | Avg: 1.3012s | Calls: 8
   Min: 0.8139s | Max: 1.6640s
⏱️  feature_combining:
   Total: 0.005s | Avg: 0.0048s | Calls: 1
⏱️  hdf5_writing:
   Total: 0.031s | Avg: 0.0312s | Calls: 1
⏱️  memory_cleanup:
   Total: 0.108s | Avg: 0.1080s | Calls: 1
⏱️  total_computation:
   Total: 34.058s | Avg: 34.0579s | Calls: 1
⏱️  slide_processing:
   Total: 34.058s | Avg: 34.0580s | Calls: 1

🚨 BOTTLENECK ANALYSIS (Total Runtime: 90.872s):
   🔥 slide_processing: 34.058s (37.5%)
   🔥 total_computation: 34.058s (37.5%)
   🔥 batch_processing: 10.409s (11.5%)
   🔥 feature_processing: 9.684s (10.7%)

📊 OPERATION COUNTS:
   hdf5_write_operations: 1
   patches_processed: 3,842
   GPU Memory - Max: 4079.2MB | Avg: 3355.6MB

💡 OPTIMIZATION RECOMMENDATIONS:
================================================================================
📊 Features shape: (3842, 1536), Coords shape: (3842, 2)
💾 Saved features to /nemo/project/proj-tracerx-lung/tctProjects/kilimo/TracerX_WSIs/20X/uni_v2/pt_files/Tx421_TMA015.pt

🔄 Processing slide 22/71: Tx421_TMA015
downsample [1. 1.]
downsampled_level_dim [65280 61952]
level_dim [65280 61952]
name Tx421_TMA015
patch_level 0
patch_size 580
save_path /nemo/project/proj-tracerx-lung/tctProjects/kilimo/TracerX_WSIs/20X/patches/patches

feature extraction settings
transformations:  Compose(
    Resize(size=224, interpolation=bilinear, max_size=None, antialias=True)
    CenterCrop(size=(224, 224))
    MaybeToTensor()
    Normalize(mean=tensor([0.4850, 0.4560, 0.4060]), std=tensor([0.2290, 0.2240, 0.2250]))
)
📦 Dataset size: 3842 patches, 8 batches
🔍 Processing a total of 8 batches with profiling enabled
Saving random samples to /nemo/project/proj-tracerx-lung/tctProjects/kilimo/TracerX_WSIs/20X/uni_v2/samples/Tx421_TMA015
Saved 8/10 random sample images for slide Tx421_TMA015
✅ Features extracted in 32.8s

================================================================================
🔍 PERFORMANCE PROFILING SUMMARY - Tx421_TMA015
================================================================================
⏱️  wsi_loading:
   Total: 0.006s | Avg: 0.0060s | Calls: 1
⏱️  dataset_creation:
   Total: 0.062s | Avg: 0.0624s | Calls: 1
⏱️  data_loading:
   Total: 0.001s | Avg: 0.0001s | Calls: 8
   Min: 0.0001s | Max: 0.0003s
⏱️  sample_saving:
   Total: 0.038s | Avg: 0.0047s | Calls: 8
   Min: 0.0027s | Max: 0.0131s
⏱️  data_transfer:
   Total: 0.001s | Avg: 0.0001s | Calls: 8
   Min: 0.0001s | Max: 0.0004s
⏱️  model_inference:
   Total: 0.180s | Avg: 0.0225s | Calls: 8
   Min: 0.0180s | Max: 0.0321s
⏱️  feature_processing:
   Total: 9.711s | Avg: 1.2138s | Calls: 8
   Min: 0.6516s | Max: 1.3010s
⏱️  feature_accumulation:
   Total: 0.000s | Avg: 0.0000s | Calls: 8
   Min: 0.0000s | Max: 0.0000s
⏱️  batch_processing:
   Total: 10.074s | Avg: 1.2592s | Calls: 8
   Min: 0.8236s | Max: 1.3360s
⏱️  feature_combining:
   Total: 0.003s | Avg: 0.0033s | Calls: 1
⏱️  hdf5_writing:
   Total: 0.031s | Avg: 0.0315s | Calls: 1
⏱️  memory_cleanup:
   Total: 0.108s | Avg: 0.1083s | Calls: 1
⏱️  total_computation:
   Total: 32.727s | Avg: 32.7267s | Calls: 1
⏱️  slide_processing:
   Total: 32.727s | Avg: 32.7268s | Calls: 1

🚨 BOTTLENECK ANALYSIS (Total Runtime: 85.669s):
   🔥 slide_processing: 32.727s (38.2%)
   🔥 total_computation: 32.727s (38.2%)
   🔥 batch_processing: 10.074s (11.8%)
   🔥 feature_processing: 9.711s (11.3%)

📊 OPERATION COUNTS:
   hdf5_write_operations: 1
   patches_processed: 3,842
   GPU Memory - Max: 4079.2MB | Avg: 3355.6MB

💡 OPTIMIZATION RECOMMENDATIONS:
================================================================================
📊 Features shape: (3842, 1536), Coords shape: (3842, 2)
💾 Saved features to /nemo/project/proj-tracerx-lung/tctProjects/kilimo/TracerX_WSIs/20X/uni_v2/pt_files/Tx421_TMA015.pt

🔄 Processing slide 23/71: Tx421_TMA016
downsample [1. 1.]
downsampled_level_dim [99840 90112]
level_dim [99840 90112]
name Tx421_TMA016
patch_level 0
patch_size 580
save_path /nemo/project/proj-tracerx-lung/tctProjects/kilimo/TracerX_WSIs/20X/patches/patches

feature extraction settings
transformations:  Compose(
    Resize(size=224, interpolation=bilinear, max_size=None, antialias=True)
    CenterCrop(size=(224, 224))
    MaybeToTensor()
    Normalize(mean=tensor([0.4850, 0.4560, 0.4060]), std=tensor([0.2290, 0.2240, 0.2250]))
)
📦 Dataset size: 4182 patches, 9 batches
🔍 Processing a total of 9 batches with profiling enabled
Saving random samples to /nemo/project/proj-tracerx-lung/tctProjects/kilimo/TracerX_WSIs/20X/uni_v2/samples/Tx421_TMA016
Saved 9/10 random sample images for slide Tx421_TMA016
✅ Features extracted in 34.3s

================================================================================
🔍 PERFORMANCE PROFILING SUMMARY - Tx421_TMA016
================================================================================
⏱️  wsi_loading:
   Total: 0.605s | Avg: 0.6048s | Calls: 1
⏱️  dataset_creation:
   Total: 0.114s | Avg: 0.1141s | Calls: 1
⏱️  data_loading:
   Total: 0.001s | Avg: 0.0001s | Calls: 9
   Min: 0.0001s | Max: 0.0003s
⏱️  sample_saving:
   Total: 0.034s | Avg: 0.0038s | Calls: 9
   Min: 0.0027s | Max: 0.0058s
⏱️  data_transfer:
   Total: 0.001s | Avg: 0.0001s | Calls: 9
   Min: 0.0000s | Max: 0.0002s
⏱️  model_inference:
   Total: 0.225s | Avg: 0.0250s | Calls: 9
   Min: 0.0200s | Max: 0.0358s
⏱️  feature_processing:
   Total: 10.549s | Avg: 1.1721s | Calls: 9
   Min: 0.2114s | Max: 1.3013s
⏱️  feature_accumulation:
   Total: 0.000s | Avg: 0.0000s | Calls: 9
   Min: 0.0000s | Max: 0.0000s
⏱️  batch_processing:
   Total: 10.957s | Avg: 1.2175s | Calls: 9
   Min: 0.3780s | Max: 1.3331s
⏱️  feature_combining:
   Total: 0.004s | Avg: 0.0036s | Calls: 1
⏱️  hdf5_writing:
   Total: 0.033s | Avg: 0.0327s | Calls: 1
⏱️  memory_cleanup:
   Total: 0.110s | Avg: 0.1102s | Calls: 1
⏱️  total_computation:
   Total: 33.552s | Avg: 33.5518s | Calls: 1
⏱️  slide_processing:
   Total: 33.552s | Avg: 33.5519s | Calls: 1

🚨 BOTTLENECK ANALYSIS (Total Runtime: 89.736s):
   🔥 slide_processing: 33.552s (37.4%)
   🔥 total_computation: 33.552s (37.4%)
   🔥 batch_processing: 10.957s (12.2%)
   🔥 feature_processing: 10.549s (11.8%)

📊 OPERATION COUNTS:
   hdf5_write_operations: 1
   patches_processed: 4,182
   GPU Memory - Max: 3980.6MB | Avg: 3306.3MB

💡 OPTIMIZATION RECOMMENDATIONS:
================================================================================
📊 Features shape: (4182, 1536), Coords shape: (4182, 2)
💾 Saved features to /nemo/project/proj-tracerx-lung/tctProjects/kilimo/TracerX_WSIs/20X/uni_v2/pt_files/Tx421_TMA016.pt

🔄 Processing slide 24/71: Tx421_TMA016
downsample [1. 1.]
downsampled_level_dim [99840 90112]
level_dim [99840 90112]
name Tx421_TMA016
patch_level 0
patch_size 580
save_path /nemo/project/proj-tracerx-lung/tctProjects/kilimo/TracerX_WSIs/20X/patches/patches

feature extraction settings
transformations:  Compose(
    Resize(size=224, interpolation=bilinear, max_size=None, antialias=True)
    CenterCrop(size=(224, 224))
    MaybeToTensor()
    Normalize(mean=tensor([0.4850, 0.4560, 0.4060]), std=tensor([0.2290, 0.2240, 0.2250]))
)
📦 Dataset size: 4182 patches, 9 batches
🔍 Processing a total of 9 batches with profiling enabled
Saving random samples to /nemo/project/proj-tracerx-lung/tctProjects/kilimo/TracerX_WSIs/20X/uni_v2/samples/Tx421_TMA016
Saved 9/10 random sample images for slide Tx421_TMA016
✅ Features extracted in 33.9s

================================================================================
🔍 PERFORMANCE PROFILING SUMMARY - Tx421_TMA016
================================================================================
⏱️  wsi_loading:
   Total: 0.006s | Avg: 0.0058s | Calls: 1
⏱️  dataset_creation:
   Total: 0.051s | Avg: 0.0509s | Calls: 1
⏱️  data_loading:
   Total: 0.002s | Avg: 0.0002s | Calls: 9
   Min: 0.0001s | Max: 0.0003s
⏱️  sample_saving:
   Total: 0.036s | Avg: 0.0040s | Calls: 9
   Min: 0.0028s | Max: 0.0065s
⏱️  data_transfer:
   Total: 0.001s | Avg: 0.0001s | Calls: 9
   Min: 0.0001s | Max: 0.0002s
⏱️  model_inference:
   Total: 0.223s | Avg: 0.0248s | Calls: 9
   Min: 0.0182s | Max: 0.0357s
⏱️  feature_processing:
   Total: 10.550s | Avg: 1.1723s | Calls: 9
   Min: 0.2141s | Max: 1.2994s
⏱️  feature_accumulation:
   Total: 0.000s | Avg: 0.0000s | Calls: 9
   Min: 0.0000s | Max: 0.0000s
⏱️  batch_processing:
   Total: 10.966s | Avg: 1.2184s | Calls: 9
   Min: 0.3873s | Max: 1.3320s
⏱️  feature_combining:
   Total: 0.005s | Avg: 0.0050s | Calls: 1
⏱️  hdf5_writing:
   Total: 0.038s | Avg: 0.0383s | Calls: 1
⏱️  memory_cleanup:
   Total: 0.112s | Avg: 0.1124s | Calls: 1
⏱️  total_computation:
   Total: 33.838s | Avg: 33.8384s | Calls: 1
⏱️  slide_processing:
   Total: 33.839s | Avg: 33.8385s | Calls: 1

🚨 BOTTLENECK ANALYSIS (Total Runtime: 89.667s):
   🔥 slide_processing: 33.839s (37.7%)
   🔥 total_computation: 33.838s (37.7%)
   🔥 batch_processing: 10.966s (12.2%)
   🔥 feature_processing: 10.550s (11.8%)

📊 OPERATION COUNTS:
   hdf5_write_operations: 1
   patches_processed: 4,182
   GPU Memory - Max: 3980.6MB | Avg: 3306.3MB

💡 OPTIMIZATION RECOMMENDATIONS:
================================================================================
📊 Features shape: (4182, 1536), Coords shape: (4182, 2)
💾 Saved features to /nemo/project/proj-tracerx-lung/tctProjects/kilimo/TracerX_WSIs/20X/uni_v2/pt_files/Tx421_TMA016.pt

🔄 Processing slide 25/71: Tx421_TMA017
downsample [1. 1.]
downsampled_level_dim [61440 64768]
level_dim [61440 64768]
name Tx421_TMA017
patch_level 0
patch_size 580
save_path /nemo/project/proj-tracerx-lung/tctProjects/kilimo/TracerX_WSIs/20X/patches/patches

feature extraction settings
transformations:  Compose(
    Resize(size=224, interpolation=bilinear, max_size=None, antialias=True)
    CenterCrop(size=(224, 224))
    MaybeToTensor()
    Normalize(mean=tensor([0.4850, 0.4560, 0.4060]), std=tensor([0.2290, 0.2240, 0.2250]))
)
📦 Dataset size: 3247 patches, 7 batches
🔍 Processing a total of 7 batches with profiling enabled
Saving random samples to /nemo/project/proj-tracerx-lung/tctProjects/kilimo/TracerX_WSIs/20X/uni_v2/samples/Tx421_TMA017
Saved 7/10 random sample images for slide Tx421_TMA017
✅ Features extracted in 32.2s

================================================================================
🔍 PERFORMANCE PROFILING SUMMARY - Tx421_TMA017
================================================================================
⏱️  wsi_loading:
   Total: 0.493s | Avg: 0.4926s | Calls: 1
⏱️  dataset_creation:
   Total: 0.095s | Avg: 0.0954s | Calls: 1
⏱️  data_loading:
   Total: 0.001s | Avg: 0.0001s | Calls: 7
   Min: 0.0001s | Max: 0.0003s
⏱️  sample_saving:
   Total: 0.024s | Avg: 0.0034s | Calls: 7
   Min: 0.0028s | Max: 0.0051s
⏱️  data_transfer:
   Total: 0.001s | Avg: 0.0001s | Calls: 7
   Min: 0.0000s | Max: 0.0003s
⏱️  model_inference:
   Total: 0.171s | Avg: 0.0245s | Calls: 7
   Min: 0.0186s | Max: 0.0357s
⏱️  feature_processing:
   Total: 8.194s | Avg: 1.1706s | Calls: 7
   Min: 0.4357s | Max: 1.2965s
⏱️  feature_accumulation:
   Total: 0.000s | Avg: 0.0000s | Calls: 7
   Min: 0.0000s | Max: 0.0000s
⏱️  batch_processing:
   Total: 8.540s | Avg: 1.2200s | Calls: 7
   Min: 0.6058s | Max: 1.3368s
⏱️  feature_combining:
   Total: 0.003s | Avg: 0.0028s | Calls: 1
⏱️  hdf5_writing:
   Total: 0.036s | Avg: 0.0361s | Calls: 1
⏱️  memory_cleanup:
   Total: 0.110s | Avg: 0.1097s | Calls: 1
⏱️  total_computation:
   Total: 31.618s | Avg: 31.6180s | Calls: 1
⏱️  slide_processing:
   Total: 31.618s | Avg: 31.6181s | Calls: 1

🚨 BOTTLENECK ANALYSIS (Total Runtime: 80.904s):
   🔥 slide_processing: 31.618s (39.1%)
   🔥 total_computation: 31.618s (39.1%)
   🔥 batch_processing: 8.540s (10.6%)
   🔥 feature_processing: 8.194s (10.1%)

📊 OPERATION COUNTS:
   hdf5_write_operations: 1
   patches_processed: 3,247
   GPU Memory - Max: 4035.2MB | Avg: 3333.6MB

💡 OPTIMIZATION RECOMMENDATIONS:
================================================================================
📊 Features shape: (3247, 1536), Coords shape: (3247, 2)
💾 Saved features to /nemo/project/proj-tracerx-lung/tctProjects/kilimo/TracerX_WSIs/20X/uni_v2/pt_files/Tx421_TMA017.pt

🔄 Processing slide 26/71: Tx421_TMA017
downsample [1. 1.]
downsampled_level_dim [61440 64768]
level_dim [61440 64768]
name Tx421_TMA017
patch_level 0
patch_size 580
save_path /nemo/project/proj-tracerx-lung/tctProjects/kilimo/TracerX_WSIs/20X/patches/patches

feature extraction settings
transformations:  Compose(
    Resize(size=224, interpolation=bilinear, max_size=None, antialias=True)
    CenterCrop(size=(224, 224))
    MaybeToTensor()
    Normalize(mean=tensor([0.4850, 0.4560, 0.4060]), std=tensor([0.2290, 0.2240, 0.2250]))
)
📦 Dataset size: 3247 patches, 7 batches
🔍 Processing a total of 7 batches with profiling enabled
Saving random samples to /nemo/project/proj-tracerx-lung/tctProjects/kilimo/TracerX_WSIs/20X/uni_v2/samples/Tx421_TMA017
Saved 7/10 random sample images for slide Tx421_TMA017
✅ Features extracted in 31.3s

================================================================================
🔍 PERFORMANCE PROFILING SUMMARY - Tx421_TMA017
================================================================================
⏱️  wsi_loading:
   Total: 0.005s | Avg: 0.0054s | Calls: 1
⏱️  dataset_creation:
   Total: 0.045s | Avg: 0.0450s | Calls: 1
⏱️  data_loading:
   Total: 0.001s | Avg: 0.0001s | Calls: 7
   Min: 0.0001s | Max: 0.0003s
⏱️  sample_saving:
   Total: 0.023s | Avg: 0.0032s | Calls: 7
   Min: 0.0026s | Max: 0.0046s
⏱️  data_transfer:
   Total: 0.001s | Avg: 0.0001s | Calls: 7
   Min: 0.0000s | Max: 0.0002s
⏱️  model_inference:
   Total: 0.159s | Avg: 0.0227s | Calls: 7
   Min: 0.0173s | Max: 0.0360s
⏱️  feature_processing:
   Total: 8.212s | Avg: 1.1732s | Calls: 7
   Min: 0.4388s | Max: 1.3084s
⏱️  feature_accumulation:
   Total: 0.000s | Avg: 0.0000s | Calls: 7
   Min: 0.0000s | Max: 0.0000s
⏱️  batch_processing:
   Total: 8.543s | Avg: 1.2204s | Calls: 7
   Min: 0.6047s | Max: 1.3337s
⏱️  feature_combining:
   Total: 0.004s | Avg: 0.0041s | Calls: 1
⏱️  hdf5_writing:
   Total: 0.035s | Avg: 0.0349s | Calls: 1
⏱️  memory_cleanup:
   Total: 0.109s | Avg: 0.1094s | Calls: 1
⏱️  total_computation:
   Total: 31.232s | Avg: 31.2325s | Calls: 1
⏱️  slide_processing:
   Total: 31.233s | Avg: 31.2325s | Calls: 1

🚨 BOTTLENECK ANALYSIS (Total Runtime: 79.602s):
   🔥 slide_processing: 31.233s (39.2%)
   🔥 total_computation: 31.232s (39.2%)
   🔥 batch_processing: 8.543s (10.7%)
   🔥 feature_processing: 8.212s (10.3%)

📊 OPERATION COUNTS:
   hdf5_write_operations: 1
   patches_processed: 3,247
   GPU Memory - Max: 4035.2MB | Avg: 3333.6MB

💡 OPTIMIZATION RECOMMENDATIONS:
================================================================================
📊 Features shape: (3247, 1536), Coords shape: (3247, 2)
💾 Saved features to /nemo/project/proj-tracerx-lung/tctProjects/kilimo/TracerX_WSIs/20X/uni_v2/pt_files/Tx421_TMA017.pt

🔄 Processing slide 27/71: Tx421_TMA018
downsample [1. 1.]
downsampled_level_dim [69120 64768]
level_dim [69120 64768]
name Tx421_TMA018
patch_level 0
patch_size 580
save_path /nemo/project/proj-tracerx-lung/tctProjects/kilimo/TracerX_WSIs/20X/patches/patches

feature extraction settings
transformations:  Compose(
    Resize(size=224, interpolation=bilinear, max_size=None, antialias=True)
    CenterCrop(size=(224, 224))
    MaybeToTensor()
    Normalize(mean=tensor([0.4850, 0.4560, 0.4060]), std=tensor([0.2290, 0.2240, 0.2250]))
)
📦 Dataset size: 3164 patches, 7 batches
🔍 Processing a total of 7 batches with profiling enabled
Saving random samples to /nemo/project/proj-tracerx-lung/tctProjects/kilimo/TracerX_WSIs/20X/uni_v2/samples/Tx421_TMA018
Saved 7/10 random sample images for slide Tx421_TMA018
✅ Features extracted in 32.3s

================================================================================
🔍 PERFORMANCE PROFILING SUMMARY - Tx421_TMA018
================================================================================
⏱️  wsi_loading:
   Total: 0.410s | Avg: 0.4101s | Calls: 1
⏱️  dataset_creation:
   Total: 0.084s | Avg: 0.0841s | Calls: 1
⏱️  data_loading:
   Total: 0.001s | Avg: 0.0001s | Calls: 7
   Min: 0.0001s | Max: 0.0003s
⏱️  sample_saving:
   Total: 0.045s | Avg: 0.0064s | Calls: 7
   Min: 0.0027s | Max: 0.0217s
⏱️  data_transfer:
   Total: 0.001s | Avg: 0.0001s | Calls: 7
   Min: 0.0000s | Max: 0.0003s
⏱️  model_inference:
   Total: 0.170s | Avg: 0.0243s | Calls: 7
   Min: 0.0198s | Max: 0.0452s
⏱️  feature_processing:
   Total: 7.982s | Avg: 1.1403s | Calls: 7
   Min: 0.2262s | Max: 1.3055s
⏱️  feature_accumulation:
   Total: 0.000s | Avg: 0.0000s | Calls: 7
   Min: 0.0000s | Max: 0.0000s
⏱️  batch_processing:
   Total: 8.353s | Avg: 1.1932s | Calls: 7
   Min: 0.3999s | Max: 1.3350s
⏱️  feature_combining:
   Total: 0.003s | Avg: 0.0033s | Calls: 1
⏱️  hdf5_writing:
   Total: 0.041s | Avg: 0.0411s | Calls: 1
⏱️  memory_cleanup:
   Total: 0.109s | Avg: 0.1091s | Calls: 1
⏱️  total_computation:
   Total: 31.839s | Avg: 31.8389s | Calls: 1
⏱️  slide_processing:
   Total: 31.839s | Avg: 31.8390s | Calls: 1

🚨 BOTTLENECK ANALYSIS (Total Runtime: 80.877s):
   🔥 slide_processing: 31.839s (39.4%)
   🔥 total_computation: 31.839s (39.4%)
   🔥 batch_processing: 8.353s (10.3%)
   🔥 feature_processing: 7.982s (9.9%)

📊 OPERATION COUNTS:
   hdf5_write_operations: 1
   patches_processed: 3,164
   GPU Memory - Max: 3988.7MB | Avg: 3310.3MB

💡 OPTIMIZATION RECOMMENDATIONS:
================================================================================
📊 Features shape: (3164, 1536), Coords shape: (3164, 2)
💾 Saved features to /nemo/project/proj-tracerx-lung/tctProjects/kilimo/TracerX_WSIs/20X/uni_v2/pt_files/Tx421_TMA018.pt

🔄 Processing slide 28/71: Tx421_TMA018
downsample [1. 1.]
downsampled_level_dim [69120 64768]
level_dim [69120 64768]
name Tx421_TMA018
patch_level 0
patch_size 580
save_path /nemo/project/proj-tracerx-lung/tctProjects/kilimo/TracerX_WSIs/20X/patches/patches

feature extraction settings
transformations:  Compose(
    Resize(size=224, interpolation=bilinear, max_size=None, antialias=True)
    CenterCrop(size=(224, 224))
    MaybeToTensor()
    Normalize(mean=tensor([0.4850, 0.4560, 0.4060]), std=tensor([0.2290, 0.2240, 0.2250]))
)
📦 Dataset size: 3164 patches, 7 batches
🔍 Processing a total of 7 batches with profiling enabled
Saving random samples to /nemo/project/proj-tracerx-lung/tctProjects/kilimo/TracerX_WSIs/20X/uni_v2/samples/Tx421_TMA018
Saved 7/10 random sample images for slide Tx421_TMA018
✅ Features extracted in 30.8s

================================================================================
🔍 PERFORMANCE PROFILING SUMMARY - Tx421_TMA018
================================================================================
⏱️  wsi_loading:
   Total: 0.006s | Avg: 0.0060s | Calls: 1
⏱️  dataset_creation:
   Total: 0.052s | Avg: 0.0522s | Calls: 1
⏱️  data_loading:
   Total: 0.001s | Avg: 0.0001s | Calls: 7
   Min: 0.0001s | Max: 0.0003s
⏱️  sample_saving:
   Total: 0.027s | Avg: 0.0039s | Calls: 7
   Min: 0.0026s | Max: 0.0072s
⏱️  data_transfer:
   Total: 0.001s | Avg: 0.0001s | Calls: 7
   Min: 0.0000s | Max: 0.0003s
⏱️  model_inference:
   Total: 0.160s | Avg: 0.0228s | Calls: 7
   Min: 0.0165s | Max: 0.0376s
⏱️  feature_processing:
   Total: 7.996s | Avg: 1.1423s | Calls: 7
   Min: 0.2298s | Max: 1.3003s
⏱️  feature_accumulation:
   Total: 0.000s | Avg: 0.0000s | Calls: 7
   Min: 0.0000s | Max: 0.0000s
⏱️  batch_processing:
   Total: 8.331s | Avg: 1.1902s | Calls: 7
   Min: 0.3938s | Max: 1.3348s
⏱️  feature_combining:
   Total: 0.004s | Avg: 0.0041s | Calls: 1
⏱️  hdf5_writing:
   Total: 0.034s | Avg: 0.0342s | Calls: 1
⏱️  memory_cleanup:
   Total: 0.110s | Avg: 0.1096s | Calls: 1
⏱️  total_computation:
   Total: 30.774s | Avg: 30.7737s | Calls: 1
⏱️  slide_processing:
   Total: 30.774s | Avg: 30.7738s | Calls: 1

🚨 BOTTLENECK ANALYSIS (Total Runtime: 78.269s):
   🔥 slide_processing: 30.774s (39.3%)
   🔥 total_computation: 30.774s (39.3%)
   🔥 batch_processing: 8.331s (10.6%)
   🔥 feature_processing: 7.996s (10.2%)

📊 OPERATION COUNTS:
   hdf5_write_operations: 1
   patches_processed: 3,164
   GPU Memory - Max: 3988.7MB | Avg: 3310.3MB

💡 OPTIMIZATION RECOMMENDATIONS:
================================================================================
📊 Features shape: (3164, 1536), Coords shape: (3164, 2)
💾 Saved features to /nemo/project/proj-tracerx-lung/tctProjects/kilimo/TracerX_WSIs/20X/uni_v2/pt_files/Tx421_TMA018.pt

🔄 Processing slide 29/71: Tx421_TMA019
downsample [1. 1.]
downsampled_level_dim [61440 61952]
level_dim [61440 61952]
name Tx421_TMA019
patch_level 0
patch_size 580
save_path /nemo/project/proj-tracerx-lung/tctProjects/kilimo/TracerX_WSIs/20X/patches/patches

feature extraction settings
transformations:  Compose(
    Resize(size=224, interpolation=bilinear, max_size=None, antialias=True)
    CenterCrop(size=(224, 224))
    MaybeToTensor()
    Normalize(mean=tensor([0.4850, 0.4560, 0.4060]), std=tensor([0.2290, 0.2240, 0.2250]))
)
📦 Dataset size: 3222 patches, 7 batches
🔍 Processing a total of 7 batches with profiling enabled
Saving random samples to /nemo/project/proj-tracerx-lung/tctProjects/kilimo/TracerX_WSIs/20X/uni_v2/samples/Tx421_TMA019
Saved 7/10 random sample images for slide Tx421_TMA019
✅ Features extracted in 31.7s

================================================================================
🔍 PERFORMANCE PROFILING SUMMARY - Tx421_TMA019
================================================================================
⏱️  wsi_loading:
   Total: 0.421s | Avg: 0.4208s | Calls: 1
⏱️  dataset_creation:
   Total: 0.109s | Avg: 0.1091s | Calls: 1
⏱️  data_loading:
   Total: 0.001s | Avg: 0.0001s | Calls: 7
   Min: 0.0001s | Max: 0.0003s
⏱️  sample_saving:
   Total: 0.025s | Avg: 0.0035s | Calls: 7
   Min: 0.0027s | Max: 0.0051s
⏱️  data_transfer:
   Total: 0.001s | Avg: 0.0001s | Calls: 7
   Min: 0.0000s | Max: 0.0003s
⏱️  model_inference:
   Total: 0.165s | Avg: 0.0235s | Calls: 7
   Min: 0.0198s | Max: 0.0373s
⏱️  feature_processing:
   Total: 8.126s | Avg: 1.1609s | Calls: 7
   Min: 0.3739s | Max: 1.2947s
⏱️  feature_accumulation:
   Total: 0.000s | Avg: 0.0000s | Calls: 7
   Min: 0.0000s | Max: 0.0000s
⏱️  batch_processing:
   Total: 8.464s | Avg: 1.2092s | Calls: 7
   Min: 0.5412s | Max: 1.3310s
⏱️  feature_combining:
   Total: 0.005s | Avg: 0.0050s | Calls: 1
⏱️  hdf5_writing:
   Total: 0.032s | Avg: 0.0322s | Calls: 1
⏱️  memory_cleanup:
   Total: 0.112s | Avg: 0.1116s | Calls: 1
⏱️  total_computation:
   Total: 31.167s | Avg: 31.1670s | Calls: 1
⏱️  slide_processing:
   Total: 31.167s | Avg: 31.1670s | Calls: 1

🚨 BOTTLENECK ANALYSIS (Total Runtime: 79.794s):
   🔥 slide_processing: 31.167s (39.1%)
   🔥 total_computation: 31.167s (39.1%)
   🔥 batch_processing: 8.464s (10.6%)
   🔥 feature_processing: 8.126s (10.2%)

📊 OPERATION COUNTS:
   hdf5_write_operations: 1
   patches_processed: 3,222
   GPU Memory - Max: 4020.0MB | Avg: 3326.0MB

💡 OPTIMIZATION RECOMMENDATIONS:
================================================================================
📊 Features shape: (3222, 1536), Coords shape: (3222, 2)
💾 Saved features to /nemo/project/proj-tracerx-lung/tctProjects/kilimo/TracerX_WSIs/20X/uni_v2/pt_files/Tx421_TMA019.pt

🔄 Processing slide 30/71: Tx421_TMA019
downsample [1. 1.]
downsampled_level_dim [61440 61952]
level_dim [61440 61952]
name Tx421_TMA019
patch_level 0
patch_size 580
save_path /nemo/project/proj-tracerx-lung/tctProjects/kilimo/TracerX_WSIs/20X/patches/patches

feature extraction settings
transformations:  Compose(
    Resize(size=224, interpolation=bilinear, max_size=None, antialias=True)
    CenterCrop(size=(224, 224))
    MaybeToTensor()
    Normalize(mean=tensor([0.4850, 0.4560, 0.4060]), std=tensor([0.2290, 0.2240, 0.2250]))
)
📦 Dataset size: 3222 patches, 7 batches
🔍 Processing a total of 7 batches with profiling enabled
Saving random samples to /nemo/project/proj-tracerx-lung/tctProjects/kilimo/TracerX_WSIs/20X/uni_v2/samples/Tx421_TMA019
Saved 7/10 random sample images for slide Tx421_TMA019
✅ Features extracted in 30.6s

================================================================================
🔍 PERFORMANCE PROFILING SUMMARY - Tx421_TMA019
================================================================================
⏱️  wsi_loading:
   Total: 0.004s | Avg: 0.0037s | Calls: 1
⏱️  dataset_creation:
   Total: 0.051s | Avg: 0.0511s | Calls: 1
⏱️  data_loading:
   Total: 0.001s | Avg: 0.0001s | Calls: 7
   Min: 0.0001s | Max: 0.0003s
⏱️  sample_saving:
   Total: 0.026s | Avg: 0.0037s | Calls: 7
   Min: 0.0027s | Max: 0.0061s
⏱️  data_transfer:
   Total: 0.001s | Avg: 0.0001s | Calls: 7
   Min: 0.0001s | Max: 0.0002s
⏱️  model_inference:
   Total: 0.169s | Avg: 0.0242s | Calls: 7
   Min: 0.0176s | Max: 0.0329s
⏱️  feature_processing:
   Total: 8.126s | Avg: 1.1609s | Calls: 7
   Min: 0.3760s | Max: 1.2973s
⏱️  feature_accumulation:
   Total: 0.000s | Avg: 0.0000s | Calls: 7
   Min: 0.0000s | Max: 0.0000s
⏱️  batch_processing:
   Total: 8.471s | Avg: 1.2101s | Calls: 7
   Min: 0.5420s | Max: 1.3330s
⏱️  feature_combining:
   Total: 0.004s | Avg: 0.0036s | Calls: 1
⏱️  hdf5_writing:
   Total: 0.035s | Avg: 0.0352s | Calls: 1
⏱️  memory_cleanup:
   Total: 0.110s | Avg: 0.1097s | Calls: 1
⏱️  total_computation:
   Total: 30.519s | Avg: 30.5194s | Calls: 1
⏱️  slide_processing:
   Total: 30.519s | Avg: 30.5194s | Calls: 1

🚨 BOTTLENECK ANALYSIS (Total Runtime: 78.036s):
   🔥 slide_processing: 30.519s (39.1%)
   🔥 total_computation: 30.519s (39.1%)
   🔥 batch_processing: 8.471s (10.9%)
   🔥 feature_processing: 8.126s (10.4%)

📊 OPERATION COUNTS:
   hdf5_write_operations: 1
   patches_processed: 3,222
   GPU Memory - Max: 4020.0MB | Avg: 3326.0MB

💡 OPTIMIZATION RECOMMENDATIONS:
================================================================================
📊 Features shape: (3222, 1536), Coords shape: (3222, 2)
💾 Saved features to /nemo/project/proj-tracerx-lung/tctProjects/kilimo/TracerX_WSIs/20X/uni_v2/pt_files/Tx421_TMA019.pt

🔄 Processing slide 31/71: Tx421_TMA020
downsample [1. 1.]
downsampled_level_dim [65280 70400]
level_dim [65280 70400]
name Tx421_TMA020
patch_level 0
patch_size 580
save_path /nemo/project/proj-tracerx-lung/tctProjects/kilimo/TracerX_WSIs/20X/patches/patches

feature extraction settings
transformations:  Compose(
    Resize(size=224, interpolation=bilinear, max_size=None, antialias=True)
    CenterCrop(size=(224, 224))
    MaybeToTensor()
    Normalize(mean=tensor([0.4850, 0.4560, 0.4060]), std=tensor([0.2290, 0.2240, 0.2250]))
)
📦 Dataset size: 3655 patches, 8 batches
🔍 Processing a total of 8 batches with profiling enabled
Saving random samples to /nemo/project/proj-tracerx-lung/tctProjects/kilimo/TracerX_WSIs/20X/uni_v2/samples/Tx421_TMA020
Saved 8/10 random sample images for slide Tx421_TMA020
✅ Features extracted in 32.5s

================================================================================
🔍 PERFORMANCE PROFILING SUMMARY - Tx421_TMA020
================================================================================
⏱️  wsi_loading:
   Total: 0.372s | Avg: 0.3719s | Calls: 1
⏱️  dataset_creation:
   Total: 0.082s | Avg: 0.0822s | Calls: 1
⏱️  data_loading:
   Total: 0.001s | Avg: 0.0001s | Calls: 8
   Min: 0.0001s | Max: 0.0003s
⏱️  sample_saving:
   Total: 0.046s | Avg: 0.0058s | Calls: 8
   Min: 0.0027s | Max: 0.0207s
⏱️  data_transfer:
   Total: 0.001s | Avg: 0.0001s | Calls: 8
   Min: 0.0001s | Max: 0.0002s
⏱️  model_inference:
   Total: 0.201s | Avg: 0.0251s | Calls: 8
   Min: 0.0196s | Max: 0.0342s
⏱️  feature_processing:
   Total: 9.215s | Avg: 1.1519s | Calls: 8
   Min: 0.1742s | Max: 1.3088s
⏱️  feature_accumulation:
   Total: 0.000s | Avg: 0.0000s | Calls: 8
   Min: 0.0000s | Max: 0.0000s
⏱️  batch_processing:
   Total: 9.612s | Avg: 1.2016s | Calls: 8
   Min: 0.3431s | Max: 1.3352s
⏱️  feature_combining:
   Total: 0.005s | Avg: 0.0050s | Calls: 1
⏱️  hdf5_writing:
   Total: 0.035s | Avg: 0.0354s | Calls: 1
⏱️  memory_cleanup:
   Total: 0.110s | Avg: 0.1101s | Calls: 1
⏱️  total_computation:
   Total: 32.072s | Avg: 32.0716s | Calls: 1
⏱️  slide_processing:
   Total: 32.072s | Avg: 32.0717s | Calls: 1

🚨 BOTTLENECK ANALYSIS (Total Runtime: 83.824s):
   🔥 slide_processing: 32.072s (38.3%)
   🔥 total_computation: 32.072s (38.3%)
   🔥 batch_processing: 9.612s (11.5%)
   🔥 feature_processing: 9.215s (11.0%)

📊 OPERATION COUNTS:
   hdf5_write_operations: 1
   patches_processed: 3,655
   GPU Memory - Max: 3972.2MB | Avg: 3302.1MB

💡 OPTIMIZATION RECOMMENDATIONS:
================================================================================
📊 Features shape: (3655, 1536), Coords shape: (3655, 2)
💾 Saved features to /nemo/project/proj-tracerx-lung/tctProjects/kilimo/TracerX_WSIs/20X/uni_v2/pt_files/Tx421_TMA020.pt

🔄 Processing slide 32/71: Tx421_TMA020
downsample [1. 1.]
downsampled_level_dim [65280 70400]
level_dim [65280 70400]
name Tx421_TMA020
patch_level 0
patch_size 580
save_path /nemo/project/proj-tracerx-lung/tctProjects/kilimo/TracerX_WSIs/20X/patches/patches

feature extraction settings
transformations:  Compose(
    Resize(size=224, interpolation=bilinear, max_size=None, antialias=True)
    CenterCrop(size=(224, 224))
    MaybeToTensor()
    Normalize(mean=tensor([0.4850, 0.4560, 0.4060]), std=tensor([0.2290, 0.2240, 0.2250]))
)
📦 Dataset size: 3655 patches, 8 batches
🔍 Processing a total of 8 batches with profiling enabled
Saving random samples to /nemo/project/proj-tracerx-lung/tctProjects/kilimo/TracerX_WSIs/20X/uni_v2/samples/Tx421_TMA020
Saved 8/10 random sample images for slide Tx421_TMA020
✅ Features extracted in 31.1s

================================================================================
🔍 PERFORMANCE PROFILING SUMMARY - Tx421_TMA020
================================================================================
⏱️  wsi_loading:
   Total: 0.007s | Avg: 0.0066s | Calls: 1
⏱️  dataset_creation:
   Total: 0.056s | Avg: 0.0562s | Calls: 1
⏱️  data_loading:
   Total: 0.001s | Avg: 0.0001s | Calls: 8
   Min: 0.0001s | Max: 0.0003s
⏱️  sample_saving:
   Total: 0.050s | Avg: 0.0063s | Calls: 8
   Min: 0.0029s | Max: 0.0280s
⏱️  data_transfer:
   Total: 0.001s | Avg: 0.0001s | Calls: 8
   Min: 0.0001s | Max: 0.0002s
⏱️  model_inference:
   Total: 0.179s | Avg: 0.0224s | Calls: 8
   Min: 0.0176s | Max: 0.0350s
⏱️  feature_processing:
   Total: 9.239s | Avg: 1.1549s | Calls: 8
   Min: 0.1758s | Max: 1.3031s
⏱️  feature_accumulation:
   Total: 0.000s | Avg: 0.0000s | Calls: 8
   Min: 0.0000s | Max: 0.0000s
⏱️  batch_processing:
   Total: 9.618s | Avg: 1.2022s | Calls: 8
   Min: 0.3416s | Max: 1.3442s
⏱️  feature_combining:
   Total: 0.003s | Avg: 0.0034s | Calls: 1
⏱️  hdf5_writing:
   Total: 0.033s | Avg: 0.0335s | Calls: 1
⏱️  memory_cleanup:
   Total: 0.111s | Avg: 0.1107s | Calls: 1
⏱️  total_computation:
   Total: 31.041s | Avg: 31.0410s | Calls: 1
⏱️  slide_processing:
   Total: 31.041s | Avg: 31.0411s | Calls: 1

🚨 BOTTLENECK ANALYSIS (Total Runtime: 81.380s):
   🔥 slide_processing: 31.041s (38.1%)
   🔥 total_computation: 31.041s (38.1%)
   🔥 batch_processing: 9.618s (11.8%)
   🔥 feature_processing: 9.239s (11.4%)

📊 OPERATION COUNTS:
   hdf5_write_operations: 1
   patches_processed: 3,655
   GPU Memory - Max: 3972.2MB | Avg: 3302.1MB

💡 OPTIMIZATION RECOMMENDATIONS:
================================================================================
📊 Features shape: (3655, 1536), Coords shape: (3655, 2)
💾 Saved features to /nemo/project/proj-tracerx-lung/tctProjects/kilimo/TracerX_WSIs/20X/uni_v2/pt_files/Tx421_TMA020.pt

🔄 Processing slide 33/71: Tx421_TMA021
downsample [1. 1.]
downsampled_level_dim [69120 70400]
level_dim [69120 70400]
name Tx421_TMA021
patch_level 0
patch_size 580
save_path /nemo/project/proj-tracerx-lung/tctProjects/kilimo/TracerX_WSIs/20X/patches/patches

feature extraction settings
transformations:  Compose(
    Resize(size=224, interpolation=bilinear, max_size=None, antialias=True)
    CenterCrop(size=(224, 224))
    MaybeToTensor()
    Normalize(mean=tensor([0.4850, 0.4560, 0.4060]), std=tensor([0.2290, 0.2240, 0.2250]))
)
📦 Dataset size: 3328 patches, 7 batches
🔍 Processing a total of 7 batches with profiling enabled
Saving random samples to /nemo/project/proj-tracerx-lung/tctProjects/kilimo/TracerX_WSIs/20X/uni_v2/samples/Tx421_TMA021
Saved 7/10 random sample images for slide Tx421_TMA021
✅ Features extracted in 32.3s

================================================================================
🔍 PERFORMANCE PROFILING SUMMARY - Tx421_TMA021
================================================================================
⏱️  wsi_loading:
   Total: 0.438s | Avg: 0.4382s | Calls: 1
⏱️  dataset_creation:
   Total: 0.067s | Avg: 0.0673s | Calls: 1
⏱️  data_loading:
   Total: 0.001s | Avg: 0.0001s | Calls: 7
   Min: 0.0001s | Max: 0.0003s
⏱️  sample_saving:
   Total: 0.023s | Avg: 0.0033s | Calls: 7
   Min: 0.0028s | Max: 0.0048s
⏱️  data_transfer:
   Total: 0.001s | Avg: 0.0001s | Calls: 7
   Min: 0.0001s | Max: 0.0003s
⏱️  model_inference:
   Total: 0.157s | Avg: 0.0224s | Calls: 7
   Min: 0.0209s | Max: 0.0275s
⏱️  feature_processing:
   Total: 8.416s | Avg: 1.2023s | Calls: 7
   Min: 0.6426s | Max: 1.3100s
⏱️  feature_accumulation:
   Total: 0.000s | Avg: 0.0000s | Calls: 7
   Min: 0.0000s | Max: 0.0000s
⏱️  batch_processing:
   Total: 8.746s | Avg: 1.2494s | Calls: 7
   Min: 0.8122s | Max: 1.3344s
⏱️  feature_combining:
   Total: 0.004s | Avg: 0.0041s | Calls: 1
⏱️  hdf5_writing:
   Total: 0.035s | Avg: 0.0347s | Calls: 1
⏱️  memory_cleanup:
   Total: 0.110s | Avg: 0.1101s | Calls: 1
⏱️  total_computation:
   Total: 31.811s | Avg: 31.8109s | Calls: 1
⏱️  slide_processing:
   Total: 31.811s | Avg: 31.8109s | Calls: 1

🚨 BOTTLENECK ANALYSIS (Total Runtime: 81.620s):
   🔥 slide_processing: 31.811s (39.0%)
   🔥 total_computation: 31.811s (39.0%)
   🔥 batch_processing: 8.746s (10.7%)
   🔥 feature_processing: 8.416s (10.3%)

📊 OPERATION COUNTS:
   hdf5_write_operations: 1
   patches_processed: 3,328
   GPU Memory - Max: 4079.4MB | Avg: 3355.7MB

💡 OPTIMIZATION RECOMMENDATIONS:
================================================================================
📊 Features shape: (3328, 1536), Coords shape: (3328, 2)
💾 Saved features to /nemo/project/proj-tracerx-lung/tctProjects/kilimo/TracerX_WSIs/20X/uni_v2/pt_files/Tx421_TMA021.pt

🔄 Processing slide 34/71: Tx421_TMA021
downsample [1. 1.]
downsampled_level_dim [69120 70400]
level_dim [69120 70400]
name Tx421_TMA021
patch_level 0
patch_size 580
save_path /nemo/project/proj-tracerx-lung/tctProjects/kilimo/TracerX_WSIs/20X/patches/patches

feature extraction settings
transformations:  Compose(
    Resize(size=224, interpolation=bilinear, max_size=None, antialias=True)
    CenterCrop(size=(224, 224))
    MaybeToTensor()
    Normalize(mean=tensor([0.4850, 0.4560, 0.4060]), std=tensor([0.2290, 0.2240, 0.2250]))
)
📦 Dataset size: 3328 patches, 7 batches
🔍 Processing a total of 7 batches with profiling enabled
Saving random samples to /nemo/project/proj-tracerx-lung/tctProjects/kilimo/TracerX_WSIs/20X/uni_v2/samples/Tx421_TMA021
Saved 7/10 random sample images for slide Tx421_TMA021
✅ Features extracted in 30.9s

================================================================================
🔍 PERFORMANCE PROFILING SUMMARY - Tx421_TMA021
================================================================================
⏱️  wsi_loading:
   Total: 0.006s | Avg: 0.0061s | Calls: 1
⏱️  dataset_creation:
   Total: 0.058s | Avg: 0.0581s | Calls: 1
⏱️  data_loading:
   Total: 0.001s | Avg: 0.0001s | Calls: 7
   Min: 0.0001s | Max: 0.0003s
⏱️  sample_saving:
   Total: 0.028s | Avg: 0.0041s | Calls: 7
   Min: 0.0029s | Max: 0.0082s
⏱️  data_transfer:
   Total: 0.001s | Avg: 0.0001s | Calls: 7
   Min: 0.0000s | Max: 0.0002s
⏱️  model_inference:
   Total: 0.155s | Avg: 0.0221s | Calls: 7
   Min: 0.0181s | Max: 0.0295s
⏱️  feature_processing:
   Total: 8.416s | Avg: 1.2024s | Calls: 7
   Min: 0.6457s | Max: 1.3076s
⏱️  feature_accumulation:
   Total: 0.000s | Avg: 0.0000s | Calls: 7
   Min: 0.0000s | Max: 0.0000s
⏱️  batch_processing:
   Total: 8.763s | Avg: 1.2518s | Calls: 7
   Min: 0.8263s | Max: 1.3328s
⏱️  feature_combining:
   Total: 0.004s | Avg: 0.0036s | Calls: 1
⏱️  hdf5_writing:
   Total: 0.050s | Avg: 0.0498s | Calls: 1
⏱️  memory_cleanup:
   Total: 0.109s | Avg: 0.1087s | Calls: 1
⏱️  total_computation:
   Total: 30.848s | Avg: 30.8483s | Calls: 1
⏱️  slide_processing:
   Total: 30.848s | Avg: 30.8484s | Calls: 1

🚨 BOTTLENECK ANALYSIS (Total Runtime: 79.288s):
   🔥 slide_processing: 30.848s (38.9%)
   🔥 total_computation: 30.848s (38.9%)
   🔥 batch_processing: 8.763s (11.1%)
   🔥 feature_processing: 8.416s (10.6%)

📊 OPERATION COUNTS:
   hdf5_write_operations: 1
   patches_processed: 3,328
   GPU Memory - Max: 4079.4MB | Avg: 3355.7MB

💡 OPTIMIZATION RECOMMENDATIONS:
================================================================================
📊 Features shape: (3328, 1536), Coords shape: (3328, 2)
💾 Saved features to /nemo/project/proj-tracerx-lung/tctProjects/kilimo/TracerX_WSIs/20X/uni_v2/pt_files/Tx421_TMA021.pt

🔄 Processing slide 35/71: Tx421_TMA022
downsample [1. 1.]
downsampled_level_dim [65280 70400]
level_dim [65280 70400]
name Tx421_TMA022
patch_level 0
patch_size 580
save_path /nemo/project/proj-tracerx-lung/tctProjects/kilimo/TracerX_WSIs/20X/patches/patches

feature extraction settings
transformations:  Compose(
    Resize(size=224, interpolation=bilinear, max_size=None, antialias=True)
    CenterCrop(size=(224, 224))
    MaybeToTensor()
    Normalize(mean=tensor([0.4850, 0.4560, 0.4060]), std=tensor([0.2290, 0.2240, 0.2250]))
)
📦 Dataset size: 3481 patches, 7 batches
🔍 Processing a total of 7 batches with profiling enabled
Saving random samples to /nemo/project/proj-tracerx-lung/tctProjects/kilimo/TracerX_WSIs/20X/uni_v2/samples/Tx421_TMA022
Saved 7/10 random sample images for slide Tx421_TMA022
✅ Features extracted in 32.8s

================================================================================
🔍 PERFORMANCE PROFILING SUMMARY - Tx421_TMA022
================================================================================
⏱️  wsi_loading:
   Total: 0.499s | Avg: 0.4994s | Calls: 1
⏱️  dataset_creation:
   Total: 0.084s | Avg: 0.0838s | Calls: 1
⏱️  data_loading:
   Total: 0.001s | Avg: 0.0001s | Calls: 7
   Min: 0.0001s | Max: 0.0002s
⏱️  sample_saving:
   Total: 0.024s | Avg: 0.0034s | Calls: 7
   Min: 0.0027s | Max: 0.0045s
⏱️  data_transfer:
   Total: 0.001s | Avg: 0.0001s | Calls: 7
   Min: 0.0001s | Max: 0.0002s
⏱️  model_inference:
   Total: 0.161s | Avg: 0.0231s | Calls: 7
   Min: 0.0186s | Max: 0.0304s
⏱️  feature_processing:
   Total: 8.802s | Avg: 1.2574s | Calls: 7
   Min: 1.0342s | Max: 1.3009s
⏱️  feature_accumulation:
   Total: 0.000s | Avg: 0.0000s | Calls: 7
   Min: 0.0000s | Max: 0.0000s
⏱️  batch_processing:
   Total: 9.130s | Avg: 1.3042s | Calls: 7
   Min: 1.1951s | Max: 1.3359s
⏱️  feature_combining:
   Total: 0.004s | Avg: 0.0040s | Calls: 1
⏱️  hdf5_writing:
   Total: 0.031s | Avg: 0.0311s | Calls: 1
⏱️  memory_cleanup:
   Total: 0.107s | Avg: 0.1075s | Calls: 1
⏱️  total_computation:
   Total: 32.199s | Avg: 32.1994s | Calls: 1
⏱️  slide_processing:
   Total: 32.199s | Avg: 32.1994s | Calls: 1

🚨 BOTTLENECK ANALYSIS (Total Runtime: 83.243s):
   🔥 slide_processing: 32.199s (38.7%)
   🔥 total_computation: 32.199s (38.7%)
   🔥 batch_processing: 9.130s (11.0%)
   🔥 feature_processing: 8.802s (10.6%)

📊 OPERATION COUNTS:
   hdf5_write_operations: 1
   patches_processed: 3,481
   GPU Memory - Max: 4166.4MB | Avg: 3399.2MB

💡 OPTIMIZATION RECOMMENDATIONS:
================================================================================
📊 Features shape: (3481, 1536), Coords shape: (3481, 2)
💾 Saved features to /nemo/project/proj-tracerx-lung/tctProjects/kilimo/TracerX_WSIs/20X/uni_v2/pt_files/Tx421_TMA022.pt

🔄 Processing slide 36/71: Tx421_TMA022
downsample [1. 1.]
downsampled_level_dim [65280 70400]
level_dim [65280 70400]
name Tx421_TMA022
patch_level 0
patch_size 580
save_path /nemo/project/proj-tracerx-lung/tctProjects/kilimo/TracerX_WSIs/20X/patches/patches

feature extraction settings
transformations:  Compose(
    Resize(size=224, interpolation=bilinear, max_size=None, antialias=True)
    CenterCrop(size=(224, 224))
    MaybeToTensor()
    Normalize(mean=tensor([0.4850, 0.4560, 0.4060]), std=tensor([0.2290, 0.2240, 0.2250]))
)
📦 Dataset size: 3481 patches, 7 batches
🔍 Processing a total of 7 batches with profiling enabled
Saving random samples to /nemo/project/proj-tracerx-lung/tctProjects/kilimo/TracerX_WSIs/20X/uni_v2/samples/Tx421_TMA022
Saved 7/10 random sample images for slide Tx421_TMA022
✅ Features extracted in 31.8s

================================================================================
🔍 PERFORMANCE PROFILING SUMMARY - Tx421_TMA022
================================================================================
⏱️  wsi_loading:
   Total: 0.006s | Avg: 0.0060s | Calls: 1
⏱️  dataset_creation:
   Total: 0.054s | Avg: 0.0539s | Calls: 1
⏱️  data_loading:
   Total: 0.001s | Avg: 0.0001s | Calls: 7
   Min: 0.0001s | Max: 0.0003s
⏱️  sample_saving:
   Total: 0.023s | Avg: 0.0033s | Calls: 7
   Min: 0.0026s | Max: 0.0045s
⏱️  data_transfer:
   Total: 0.001s | Avg: 0.0001s | Calls: 7
   Min: 0.0000s | Max: 0.0002s
⏱️  model_inference:
   Total: 0.159s | Avg: 0.0228s | Calls: 7
   Min: 0.0184s | Max: 0.0354s
⏱️  feature_processing:
   Total: 8.793s | Avg: 1.2561s | Calls: 7
   Min: 1.0364s | Max: 1.2963s
⏱️  feature_accumulation:
   Total: 0.000s | Avg: 0.0000s | Calls: 7
   Min: 0.0000s | Max: 0.0000s
⏱️  batch_processing:
   Total: 9.127s | Avg: 1.3038s | Calls: 7
   Min: 1.2055s | Max: 1.3268s
⏱️  feature_combining:
   Total: 0.007s | Avg: 0.0073s | Calls: 1
⏱️  hdf5_writing:
   Total: 0.037s | Avg: 0.0374s | Calls: 1
⏱️  memory_cleanup:
   Total: 0.110s | Avg: 0.1097s | Calls: 1
⏱️  total_computation:
   Total: 31.744s | Avg: 31.7441s | Calls: 1
⏱️  slide_processing:
   Total: 31.744s | Avg: 31.7442s | Calls: 1

🚨 BOTTLENECK ANALYSIS (Total Runtime: 81.806s):
   🔥 slide_processing: 31.744s (38.8%)
   🔥 total_computation: 31.744s (38.8%)
   🔥 batch_processing: 9.127s (11.2%)
   🔥 feature_processing: 8.793s (10.7%)

📊 OPERATION COUNTS:
   hdf5_write_operations: 1
   patches_processed: 3,481
   GPU Memory - Max: 4166.4MB | Avg: 3399.2MB

💡 OPTIMIZATION RECOMMENDATIONS:
================================================================================
📊 Features shape: (3481, 1536), Coords shape: (3481, 2)
💾 Saved features to /nemo/project/proj-tracerx-lung/tctProjects/kilimo/TracerX_WSIs/20X/uni_v2/pt_files/Tx421_TMA022.pt

🔄 Processing slide 37/71: Tx421_TMA023
downsample [1. 1.]
downsampled_level_dim [65280 64768]
level_dim [65280 64768]
name Tx421_TMA023
patch_level 0
patch_size 580
save_path /nemo/project/proj-tracerx-lung/tctProjects/kilimo/TracerX_WSIs/20X/patches/patches

feature extraction settings
transformations:  Compose(
    Resize(size=224, interpolation=bilinear, max_size=None, antialias=True)
    CenterCrop(size=(224, 224))
    MaybeToTensor()
    Normalize(mean=tensor([0.4850, 0.4560, 0.4060]), std=tensor([0.2290, 0.2240, 0.2250]))
)
📦 Dataset size: 3782 patches, 8 batches
🔍 Processing a total of 8 batches with profiling enabled
Saving random samples to /nemo/project/proj-tracerx-lung/tctProjects/kilimo/TracerX_WSIs/20X/uni_v2/samples/Tx421_TMA023
Saved 8/10 random sample images for slide Tx421_TMA023
✅ Features extracted in 33.5s

================================================================================
🔍 PERFORMANCE PROFILING SUMMARY - Tx421_TMA023
================================================================================
⏱️  wsi_loading:
   Total: 0.521s | Avg: 0.5208s | Calls: 1
⏱️  dataset_creation:
   Total: 0.082s | Avg: 0.0823s | Calls: 1
⏱️  data_loading:
   Total: 0.001s | Avg: 0.0001s | Calls: 8
   Min: 0.0001s | Max: 0.0004s
⏱️  sample_saving:
   Total: 0.030s | Avg: 0.0038s | Calls: 8
   Min: 0.0027s | Max: 0.0054s
⏱️  data_transfer:
   Total: 0.001s | Avg: 0.0001s | Calls: 8
   Min: 0.0000s | Max: 0.0002s
⏱️  model_inference:
   Total: 0.202s | Avg: 0.0252s | Calls: 8
   Min: 0.0194s | Max: 0.0360s
⏱️  feature_processing:
   Total: 9.541s | Avg: 1.1926s | Calls: 8
   Min: 0.4967s | Max: 1.3006s
⏱️  feature_accumulation:
   Total: 0.000s | Avg: 0.0000s | Calls: 8
   Min: 0.0000s | Max: 0.0000s
⏱️  batch_processing:
   Total: 9.921s | Avg: 1.2401s | Calls: 8
   Min: 0.6643s | Max: 1.3313s
⏱️  feature_combining:
   Total: 0.004s | Avg: 0.0035s | Calls: 1
⏱️  hdf5_writing:
   Total: 0.034s | Avg: 0.0337s | Calls: 1
⏱️  memory_cleanup:
   Total: 0.109s | Avg: 0.1091s | Calls: 1
⏱️  total_computation:
   Total: 32.937s | Avg: 32.9370s | Calls: 1
⏱️  slide_processing:
   Total: 32.937s | Avg: 32.9370s | Calls: 1

🚨 BOTTLENECK ANALYSIS (Total Runtime: 86.319s):
   🔥 slide_processing: 32.937s (38.2%)
   🔥 total_computation: 32.937s (38.2%)
   🔥 batch_processing: 9.921s (11.5%)
   🔥 feature_processing: 9.541s (11.1%)

📊 OPERATION COUNTS:
   hdf5_write_operations: 1
   patches_processed: 3,782
   GPU Memory - Max: 4045.2MB | Avg: 3338.6MB

💡 OPTIMIZATION RECOMMENDATIONS:
================================================================================
📊 Features shape: (3782, 1536), Coords shape: (3782, 2)
💾 Saved features to /nemo/project/proj-tracerx-lung/tctProjects/kilimo/TracerX_WSIs/20X/uni_v2/pt_files/Tx421_TMA023.pt

🔄 Processing slide 38/71: Tx421_TMA023
downsample [1. 1.]
downsampled_level_dim [65280 64768]
level_dim [65280 64768]
name Tx421_TMA023
patch_level 0
patch_size 580
save_path /nemo/project/proj-tracerx-lung/tctProjects/kilimo/TracerX_WSIs/20X/patches/patches

feature extraction settings
transformations:  Compose(
    Resize(size=224, interpolation=bilinear, max_size=None, antialias=True)
    CenterCrop(size=(224, 224))
    MaybeToTensor()
    Normalize(mean=tensor([0.4850, 0.4560, 0.4060]), std=tensor([0.2290, 0.2240, 0.2250]))
)
📦 Dataset size: 3782 patches, 8 batches
🔍 Processing a total of 8 batches with profiling enabled
Saving random samples to /nemo/project/proj-tracerx-lung/tctProjects/kilimo/TracerX_WSIs/20X/uni_v2/samples/Tx421_TMA023
Saved 8/10 random sample images for slide Tx421_TMA023
✅ Features extracted in 32.1s

================================================================================
🔍 PERFORMANCE PROFILING SUMMARY - Tx421_TMA023
================================================================================
⏱️  wsi_loading:
   Total: 0.006s | Avg: 0.0059s | Calls: 1
⏱️  dataset_creation:
   Total: 0.043s | Avg: 0.0426s | Calls: 1
⏱️  data_loading:
   Total: 0.001s | Avg: 0.0001s | Calls: 8
   Min: 0.0001s | Max: 0.0003s
⏱️  sample_saving:
   Total: 0.028s | Avg: 0.0035s | Calls: 8
   Min: 0.0027s | Max: 0.0048s
⏱️  data_transfer:
   Total: 0.001s | Avg: 0.0001s | Calls: 8
   Min: 0.0000s | Max: 0.0002s
⏱️  model_inference:
   Total: 0.193s | Avg: 0.0242s | Calls: 8
   Min: 0.0175s | Max: 0.0319s
⏱️  feature_processing:
   Total: 9.560s | Avg: 1.1950s | Calls: 8
   Min: 0.4999s | Max: 1.3034s
⏱️  feature_accumulation:
   Total: 0.000s | Avg: 0.0000s | Calls: 8
   Min: 0.0000s | Max: 0.0000s
⏱️  batch_processing:
   Total: 9.934s | Avg: 1.2418s | Calls: 8
   Min: 0.6687s | Max: 1.3342s
⏱️  feature_combining:
   Total: 0.005s | Avg: 0.0050s | Calls: 1
⏱️  hdf5_writing:
   Total: 0.036s | Avg: 0.0361s | Calls: 1
⏱️  memory_cleanup:
   Total: 0.111s | Avg: 0.1115s | Calls: 1
⏱️  total_computation:
   Total: 32.039s | Avg: 32.0391s | Calls: 1
⏱️  slide_processing:
   Total: 32.039s | Avg: 32.0392s | Calls: 1

🚨 BOTTLENECK ANALYSIS (Total Runtime: 83.996s):
   🔥 slide_processing: 32.039s (38.1%)
   🔥 total_computation: 32.039s (38.1%)
   🔥 batch_processing: 9.934s (11.8%)
   🔥 feature_processing: 9.560s (11.4%)

📊 OPERATION COUNTS:
   hdf5_write_operations: 1
   patches_processed: 3,782
   GPU Memory - Max: 4045.2MB | Avg: 3338.6MB

💡 OPTIMIZATION RECOMMENDATIONS:
================================================================================
📊 Features shape: (3782, 1536), Coords shape: (3782, 2)
💾 Saved features to /nemo/project/proj-tracerx-lung/tctProjects/kilimo/TracerX_WSIs/20X/uni_v2/pt_files/Tx421_TMA023.pt

🔄 Processing slide 39/71: Tx421_TMA024
downsample [1. 1.]
downsampled_level_dim [61440 61952]
level_dim [61440 61952]
name Tx421_TMA024
patch_level 0
patch_size 580
save_path /nemo/project/proj-tracerx-lung/tctProjects/kilimo/TracerX_WSIs/20X/patches/patches

feature extraction settings
transformations:  Compose(
    Resize(size=224, interpolation=bilinear, max_size=None, antialias=True)
    CenterCrop(size=(224, 224))
    MaybeToTensor()
    Normalize(mean=tensor([0.4850, 0.4560, 0.4060]), std=tensor([0.2290, 0.2240, 0.2250]))
)
📦 Dataset size: 3808 patches, 8 batches
🔍 Processing a total of 8 batches with profiling enabled
Saving random samples to /nemo/project/proj-tracerx-lung/tctProjects/kilimo/TracerX_WSIs/20X/uni_v2/samples/Tx421_TMA024
Saved 8/10 random sample images for slide Tx421_TMA024
✅ Features extracted in 33.6s

================================================================================
🔍 PERFORMANCE PROFILING SUMMARY - Tx421_TMA024
================================================================================
⏱️  wsi_loading:
   Total: 0.513s | Avg: 0.5135s | Calls: 1
⏱️  dataset_creation:
   Total: 0.066s | Avg: 0.0663s | Calls: 1
⏱️  data_loading:
   Total: 0.001s | Avg: 0.0001s | Calls: 8
   Min: 0.0001s | Max: 0.0003s
⏱️  sample_saving:
   Total: 0.024s | Avg: 0.0029s | Calls: 8
   Min: 0.0027s | Max: 0.0035s
⏱️  data_transfer:
   Total: 0.001s | Avg: 0.0001s | Calls: 8
   Min: 0.0000s | Max: 0.0002s
⏱️  model_inference:
   Total: 0.174s | Avg: 0.0217s | Calls: 8
   Min: 0.0194s | Max: 0.0259s
⏱️  feature_processing:
   Total: 9.645s | Avg: 1.2056s | Calls: 8
   Min: 0.5615s | Max: 1.3095s
⏱️  feature_accumulation:
   Total: 0.000s | Avg: 0.0000s | Calls: 8
   Min: 0.0000s | Max: 0.0000s
⏱️  batch_processing:
   Total: 9.992s | Avg: 1.2490s | Calls: 8
   Min: 0.7304s | Max: 1.3348s
⏱️  feature_combining:
   Total: 0.003s | Avg: 0.0034s | Calls: 1
⏱️  hdf5_writing:
   Total: 0.035s | Avg: 0.0346s | Calls: 1
⏱️  memory_cleanup:
   Total: 0.110s | Avg: 0.1098s | Calls: 1
⏱️  total_computation:
   Total: 33.067s | Avg: 33.0670s | Calls: 1
⏱️  slide_processing:
   Total: 33.067s | Avg: 33.0670s | Calls: 1

🚨 BOTTLENECK ANALYSIS (Total Runtime: 86.697s):
   🔥 slide_processing: 33.067s (38.1%)
   🔥 total_computation: 33.067s (38.1%)
   🔥 batch_processing: 9.992s (11.5%)
   🔥 feature_processing: 9.645s (11.1%)

📊 OPERATION COUNTS:
   hdf5_write_operations: 1
   patches_processed: 3,808
   GPU Memory - Max: 4060.9MB | Avg: 3346.4MB

💡 OPTIMIZATION RECOMMENDATIONS:
================================================================================
📊 Features shape: (3808, 1536), Coords shape: (3808, 2)
💾 Saved features to /nemo/project/proj-tracerx-lung/tctProjects/kilimo/TracerX_WSIs/20X/uni_v2/pt_files/Tx421_TMA024.pt

🔄 Processing slide 40/71: Tx421_TMA024
downsample [1. 1.]
downsampled_level_dim [61440 61952]
level_dim [61440 61952]
name Tx421_TMA024
patch_level 0
patch_size 580
save_path /nemo/project/proj-tracerx-lung/tctProjects/kilimo/TracerX_WSIs/20X/patches/patches

feature extraction settings
transformations:  Compose(
    Resize(size=224, interpolation=bilinear, max_size=None, antialias=True)
    CenterCrop(size=(224, 224))
    MaybeToTensor()
    Normalize(mean=tensor([0.4850, 0.4560, 0.4060]), std=tensor([0.2290, 0.2240, 0.2250]))
)
📦 Dataset size: 3808 patches, 8 batches
🔍 Processing a total of 8 batches with profiling enabled
Saving random samples to /nemo/project/proj-tracerx-lung/tctProjects/kilimo/TracerX_WSIs/20X/uni_v2/samples/Tx421_TMA024
Saved 8/10 random sample images for slide Tx421_TMA024
✅ Features extracted in 32.3s

================================================================================
🔍 PERFORMANCE PROFILING SUMMARY - Tx421_TMA024
================================================================================
⏱️  wsi_loading:
   Total: 0.004s | Avg: 0.0037s | Calls: 1
⏱️  dataset_creation:
   Total: 0.053s | Avg: 0.0531s | Calls: 1
⏱️  data_loading:
   Total: 0.001s | Avg: 0.0001s | Calls: 8
   Min: 0.0001s | Max: 0.0003s
⏱️  sample_saving:
   Total: 0.028s | Avg: 0.0035s | Calls: 8
   Min: 0.0026s | Max: 0.0047s
⏱️  data_transfer:
   Total: 0.001s | Avg: 0.0001s | Calls: 8
   Min: 0.0000s | Max: 0.0002s
⏱️  model_inference:
   Total: 0.191s | Avg: 0.0239s | Calls: 8
   Min: 0.0170s | Max: 0.0359s
⏱️  feature_processing:
   Total: 9.624s | Avg: 1.2030s | Calls: 8
   Min: 0.5650s | Max: 1.2981s
⏱️  feature_accumulation:
   Total: 0.000s | Avg: 0.0000s | Calls: 8
   Min: 0.0000s | Max: 0.0000s
⏱️  batch_processing:
   Total: 9.993s | Avg: 1.2491s | Calls: 8
   Min: 0.7306s | Max: 1.3356s
⏱️  feature_combining:
   Total: 0.004s | Avg: 0.0039s | Calls: 1
⏱️  hdf5_writing:
   Total: 0.033s | Avg: 0.0335s | Calls: 1
⏱️  memory_cleanup:
   Total: 0.111s | Avg: 0.1113s | Calls: 1
⏱️  total_computation:
   Total: 32.293s | Avg: 32.2927s | Calls: 1
⏱️  slide_processing:
   Total: 32.293s | Avg: 32.2928s | Calls: 1

🚨 BOTTLENECK ANALYSIS (Total Runtime: 84.629s):
   🔥 slide_processing: 32.293s (38.2%)
   🔥 total_computation: 32.293s (38.2%)
   🔥 batch_processing: 9.993s (11.8%)
   🔥 feature_processing: 9.624s (11.4%)

📊 OPERATION COUNTS:
   hdf5_write_operations: 1
   patches_processed: 3,808
   GPU Memory - Max: 4060.9MB | Avg: 3346.4MB

💡 OPTIMIZATION RECOMMENDATIONS:
================================================================================
📊 Features shape: (3808, 1536), Coords shape: (3808, 2)
💾 Saved features to /nemo/project/proj-tracerx-lung/tctProjects/kilimo/TracerX_WSIs/20X/uni_v2/pt_files/Tx421_TMA024.pt

🔄 Processing slide 41/71: Tx421_TMA025
downsample [1. 1.]
downsampled_level_dim [65280 64768]
level_dim [65280 64768]
name Tx421_TMA025
patch_level 0
patch_size 580
save_path /nemo/project/proj-tracerx-lung/tctProjects/kilimo/TracerX_WSIs/20X/patches/patches

feature extraction settings
transformations:  Compose(
    Resize(size=224, interpolation=bilinear, max_size=None, antialias=True)
    CenterCrop(size=(224, 224))
    MaybeToTensor()
    Normalize(mean=tensor([0.4850, 0.4560, 0.4060]), std=tensor([0.2290, 0.2240, 0.2250]))
)
📦 Dataset size: 3434 patches, 7 batches
🔍 Processing a total of 7 batches with profiling enabled
Saving random samples to /nemo/project/proj-tracerx-lung/tctProjects/kilimo/TracerX_WSIs/20X/uni_v2/samples/Tx421_TMA025
Saved 7/10 random sample images for slide Tx421_TMA025
✅ Features extracted in 32.6s

================================================================================
🔍 PERFORMANCE PROFILING SUMMARY - Tx421_TMA025
================================================================================
⏱️  wsi_loading:
   Total: 0.487s | Avg: 0.4869s | Calls: 1
⏱️  dataset_creation:
   Total: 0.062s | Avg: 0.0616s | Calls: 1
⏱️  data_loading:
   Total: 0.001s | Avg: 0.0001s | Calls: 7
   Min: 0.0001s | Max: 0.0003s
⏱️  sample_saving:
   Total: 0.023s | Avg: 0.0033s | Calls: 7
   Min: 0.0027s | Max: 0.0040s
⏱️  data_transfer:
   Total: 0.001s | Avg: 0.0001s | Calls: 7
   Min: 0.0001s | Max: 0.0002s
⏱️  model_inference:
   Total: 0.153s | Avg: 0.0218s | Calls: 7
   Min: 0.0202s | Max: 0.0255s
⏱️  feature_processing:
   Total: 8.685s | Avg: 1.2407s | Calls: 7
   Min: 0.9115s | Max: 1.2990s
⏱️  feature_accumulation:
   Total: 0.000s | Avg: 0.0000s | Calls: 7
   Min: 0.0000s | Max: 0.0000s
⏱️  batch_processing:
   Total: 9.010s | Avg: 1.2871s | Calls: 7
   Min: 1.0835s | Max: 1.3240s
⏱️  feature_combining:
   Total: 0.006s | Avg: 0.0059s | Calls: 1
⏱️  hdf5_writing:
   Total: 0.034s | Avg: 0.0344s | Calls: 1
⏱️  memory_cleanup:
   Total: 0.110s | Avg: 0.1101s | Calls: 1
⏱️  total_computation:
   Total: 32.006s | Avg: 32.0061s | Calls: 1
⏱️  slide_processing:
   Total: 32.006s | Avg: 32.0062s | Calls: 1

🚨 BOTTLENECK ANALYSIS (Total Runtime: 82.583s):
   🔥 slide_processing: 32.006s (38.8%)
   🔥 total_computation: 32.006s (38.8%)
   🔥 batch_processing: 9.010s (10.9%)
   🔥 feature_processing: 8.685s (10.5%)

📊 OPERATION COUNTS:
   hdf5_write_operations: 1
   patches_processed: 3,434
   GPU Memory - Max: 4139.4MB | Avg: 3385.7MB

💡 OPTIMIZATION RECOMMENDATIONS:
================================================================================
📊 Features shape: (3434, 1536), Coords shape: (3434, 2)
💾 Saved features to /nemo/project/proj-tracerx-lung/tctProjects/kilimo/TracerX_WSIs/20X/uni_v2/pt_files/Tx421_TMA025.pt

🔄 Processing slide 42/71: Tx421_TMA025
downsample [1. 1.]
downsampled_level_dim [65280 64768]
level_dim [65280 64768]
name Tx421_TMA025
patch_level 0
patch_size 580
save_path /nemo/project/proj-tracerx-lung/tctProjects/kilimo/TracerX_WSIs/20X/patches/patches

feature extraction settings
transformations:  Compose(
    Resize(size=224, interpolation=bilinear, max_size=None, antialias=True)
    CenterCrop(size=(224, 224))
    MaybeToTensor()
    Normalize(mean=tensor([0.4850, 0.4560, 0.4060]), std=tensor([0.2290, 0.2240, 0.2250]))
)
📦 Dataset size: 3434 patches, 7 batches
🔍 Processing a total of 7 batches with profiling enabled
Saving random samples to /nemo/project/proj-tracerx-lung/tctProjects/kilimo/TracerX_WSIs/20X/uni_v2/samples/Tx421_TMA025
Saved 7/10 random sample images for slide Tx421_TMA025
✅ Features extracted in 30.7s

================================================================================
🔍 PERFORMANCE PROFILING SUMMARY - Tx421_TMA025
================================================================================
⏱️  wsi_loading:
   Total: 0.006s | Avg: 0.0061s | Calls: 1
⏱️  dataset_creation:
   Total: 0.050s | Avg: 0.0503s | Calls: 1
⏱️  data_loading:
   Total: 0.001s | Avg: 0.0002s | Calls: 7
   Min: 0.0001s | Max: 0.0003s
⏱️  sample_saving:
   Total: 0.025s | Avg: 0.0035s | Calls: 7
   Min: 0.0028s | Max: 0.0050s
⏱️  data_transfer:
   Total: 0.001s | Avg: 0.0001s | Calls: 7
   Min: 0.0001s | Max: 0.0002s
⏱️  model_inference:
   Total: 0.162s | Avg: 0.0232s | Calls: 7
   Min: 0.0174s | Max: 0.0365s
⏱️  feature_processing:
   Total: 8.699s | Avg: 1.2426s | Calls: 7
   Min: 0.9161s | Max: 1.3118s
⏱️  feature_accumulation:
   Total: 0.000s | Avg: 0.0000s | Calls: 7
   Min: 0.0000s | Max: 0.0000s
⏱️  batch_processing:
   Total: 9.034s | Avg: 1.2906s | Calls: 7
   Min: 1.0816s | Max: 1.3390s
⏱️  feature_combining:
   Total: 0.005s | Avg: 0.0045s | Calls: 1
⏱️  hdf5_writing:
   Total: 0.034s | Avg: 0.0341s | Calls: 1
⏱️  memory_cleanup:
   Total: 0.110s | Avg: 0.1096s | Calls: 1
⏱️  total_computation:
   Total: 30.628s | Avg: 30.6279s | Calls: 1
⏱️  slide_processing:
   Total: 30.628s | Avg: 30.6280s | Calls: 1

🚨 BOTTLENECK ANALYSIS (Total Runtime: 79.382s):
   🔥 slide_processing: 30.628s (38.6%)
   🔥 total_computation: 30.628s (38.6%)
   🔥 batch_processing: 9.034s (11.4%)
   🔥 feature_processing: 8.699s (11.0%)

📊 OPERATION COUNTS:
   hdf5_write_operations: 1
   patches_processed: 3,434
   GPU Memory - Max: 4139.4MB | Avg: 3385.7MB

💡 OPTIMIZATION RECOMMENDATIONS:
================================================================================
📊 Features shape: (3434, 1536), Coords shape: (3434, 2)
💾 Saved features to /nemo/project/proj-tracerx-lung/tctProjects/kilimo/TracerX_WSIs/20X/uni_v2/pt_files/Tx421_TMA025.pt

🔄 Processing slide 43/71: Tx421_TMA027
downsample [1. 1.]
downsampled_level_dim [69120 67584]
level_dim [69120 67584]
name Tx421_TMA027
patch_level 0
patch_size 580
save_path /nemo/project/proj-tracerx-lung/tctProjects/kilimo/TracerX_WSIs/20X/patches/patches

feature extraction settings
transformations:  Compose(
    Resize(size=224, interpolation=bilinear, max_size=None, antialias=True)
    CenterCrop(size=(224, 224))
    MaybeToTensor()
    Normalize(mean=tensor([0.4850, 0.4560, 0.4060]), std=tensor([0.2290, 0.2240, 0.2250]))
)
📦 Dataset size: 4078 patches, 8 batches
🔍 Processing a total of 8 batches with profiling enabled
Saving random samples to /nemo/project/proj-tracerx-lung/tctProjects/kilimo/TracerX_WSIs/20X/uni_v2/samples/Tx421_TMA027
Saved 8/10 random sample images for slide Tx421_TMA027
✅ Features extracted in 35.6s

================================================================================
🔍 PERFORMANCE PROFILING SUMMARY - Tx421_TMA027
================================================================================
⏱️  wsi_loading:
   Total: 0.435s | Avg: 0.4353s | Calls: 1
⏱️  dataset_creation:
   Total: 0.104s | Avg: 0.1038s | Calls: 1
⏱️  data_loading:
   Total: 0.001s | Avg: 0.0001s | Calls: 8
   Min: 0.0001s | Max: 0.0003s
⏱️  sample_saving:
   Total: 0.026s | Avg: 0.0033s | Calls: 8
   Min: 0.0027s | Max: 0.0055s
⏱️  data_transfer:
   Total: 0.001s | Avg: 0.0001s | Calls: 8
   Min: 0.0000s | Max: 0.0002s
⏱️  model_inference:
   Total: 0.185s | Avg: 0.0231s | Calls: 8
   Min: 0.0196s | Max: 0.0340s
⏱️  feature_processing:
   Total: 10.315s | Avg: 1.2894s | Calls: 8
   Min: 1.2499s | Max: 1.2985s
⏱️  feature_accumulation:
   Total: 0.000s | Avg: 0.0000s | Calls: 8
   Min: 0.0000s | Max: 0.0000s
⏱️  batch_processing:
   Total: 10.675s | Avg: 1.3344s | Calls: 8
   Min: 1.3162s | Max: 1.4209s
⏱️  feature_combining:
   Total: 0.006s | Avg: 0.0056s | Calls: 1
⏱️  hdf5_writing:
   Total: 0.036s | Avg: 0.0359s | Calls: 1
⏱️  memory_cleanup:
   Total: 0.108s | Avg: 0.1084s | Calls: 1
⏱️  total_computation:
   Total: 35.090s | Avg: 35.0898s | Calls: 1
⏱️  slide_processing:
   Total: 35.090s | Avg: 35.0898s | Calls: 1

🚨 BOTTLENECK ANALYSIS (Total Runtime: 92.072s):
   🔥 slide_processing: 35.090s (38.1%)
   🔥 total_computation: 35.090s (38.1%)
   🔥 batch_processing: 10.675s (11.6%)
   🔥 feature_processing: 10.315s (11.2%)

📊 OPERATION COUNTS:
   hdf5_write_operations: 1
   patches_processed: 4,078
   GPU Memory - Max: 4216.8MB | Avg: 3424.3MB

💡 OPTIMIZATION RECOMMENDATIONS:
================================================================================
📊 Features shape: (4078, 1536), Coords shape: (4078, 2)
💾 Saved features to /nemo/project/proj-tracerx-lung/tctProjects/kilimo/TracerX_WSIs/20X/uni_v2/pt_files/Tx421_TMA027.pt

🔄 Processing slide 44/71: Tx421_TMA027
downsample [1. 1.]
downsampled_level_dim [69120 67584]
level_dim [69120 67584]
name Tx421_TMA027
patch_level 0
patch_size 580
save_path /nemo/project/proj-tracerx-lung/tctProjects/kilimo/TracerX_WSIs/20X/patches/patches

feature extraction settings
transformations:  Compose(
    Resize(size=224, interpolation=bilinear, max_size=None, antialias=True)
    CenterCrop(size=(224, 224))
    MaybeToTensor()
    Normalize(mean=tensor([0.4850, 0.4560, 0.4060]), std=tensor([0.2290, 0.2240, 0.2250]))
)
📦 Dataset size: 4078 patches, 8 batches
🔍 Processing a total of 8 batches with profiling enabled
Saving random samples to /nemo/project/proj-tracerx-lung/tctProjects/kilimo/TracerX_WSIs/20X/uni_v2/samples/Tx421_TMA027
Saved 8/10 random sample images for slide Tx421_TMA027
✅ Features extracted in 32.5s

================================================================================
🔍 PERFORMANCE PROFILING SUMMARY - Tx421_TMA027
================================================================================
⏱️  wsi_loading:
   Total: 0.004s | Avg: 0.0038s | Calls: 1
⏱️  dataset_creation:
   Total: 0.042s | Avg: 0.0418s | Calls: 1
⏱️  data_loading:
   Total: 0.001s | Avg: 0.0001s | Calls: 8
   Min: 0.0001s | Max: 0.0003s
⏱️  sample_saving:
   Total: 2.023s | Avg: 0.2529s | Calls: 8
   Min: 0.0027s | Max: 1.9949s
⏱️  data_transfer:
   Total: 0.001s | Avg: 0.0001s | Calls: 8
   Min: 0.0000s | Max: 0.0002s
⏱️  model_inference:
   Total: 0.206s | Avg: 0.0258s | Calls: 8
   Min: 0.0188s | Max: 0.0352s
⏱️  feature_processing:
   Total: 10.296s | Avg: 1.2871s | Calls: 8
   Min: 1.2537s | Max: 1.2990s
⏱️  feature_accumulation:
   Total: 0.000s | Avg: 0.0000s | Calls: 8
   Min: 0.0000s | Max: 0.0000s
⏱️  batch_processing:
   Total: 12.689s | Avg: 1.5861s | Calls: 8
   Min: 1.3185s | Max: 3.3159s
⏱️  feature_combining:
   Total: 0.004s | Avg: 0.0043s | Calls: 1
⏱️  hdf5_writing:
   Total: 0.041s | Avg: 0.0407s | Calls: 1
⏱️  memory_cleanup:
   Total: 0.117s | Avg: 0.1171s | Calls: 1
⏱️  total_computation:
   Total: 32.444s | Avg: 32.4438s | Calls: 1
⏱️  slide_processing:
   Total: 32.444s | Avg: 32.4439s | Calls: 1

🚨 BOTTLENECK ANALYSIS (Total Runtime: 90.312s):
   🔥 slide_processing: 32.444s (35.9%)
   🔥 total_computation: 32.444s (35.9%)
   🔥 batch_processing: 12.689s (14.1%)
   🔥 feature_processing: 10.296s (11.4%)

📊 OPERATION COUNTS:
   hdf5_write_operations: 1
   patches_processed: 4,078
   GPU Memory - Max: 4216.8MB | Avg: 3424.3MB

💡 OPTIMIZATION RECOMMENDATIONS:
================================================================================
📊 Features shape: (4078, 1536), Coords shape: (4078, 2)
💾 Saved features to /nemo/project/proj-tracerx-lung/tctProjects/kilimo/TracerX_WSIs/20X/uni_v2/pt_files/Tx421_TMA027.pt

🔄 Processing slide 45/71: Tx421_TMA028
downsample [1. 1.]
downsampled_level_dim [69120 70400]
level_dim [69120 70400]
name Tx421_TMA028
patch_level 0
patch_size 580
save_path /nemo/project/proj-tracerx-lung/tctProjects/kilimo/TracerX_WSIs/20X/patches/patches

feature extraction settings
transformations:  Compose(
    Resize(size=224, interpolation=bilinear, max_size=None, antialias=True)
    CenterCrop(size=(224, 224))
    MaybeToTensor()
    Normalize(mean=tensor([0.4850, 0.4560, 0.4060]), std=tensor([0.2290, 0.2240, 0.2250]))
)
📦 Dataset size: 3926 patches, 8 batches
🔍 Processing a total of 8 batches with profiling enabled
Saving random samples to /nemo/project/proj-tracerx-lung/tctProjects/kilimo/TracerX_WSIs/20X/uni_v2/samples/Tx421_TMA028
Saved 8/10 random sample images for slide Tx421_TMA028
✅ Features extracted in 34.2s

================================================================================
🔍 PERFORMANCE PROFILING SUMMARY - Tx421_TMA028
================================================================================
⏱️  wsi_loading:
   Total: 0.495s | Avg: 0.4946s | Calls: 1
⏱️  dataset_creation:
   Total: 0.092s | Avg: 0.0922s | Calls: 1
⏱️  data_loading:
   Total: 0.001s | Avg: 0.0001s | Calls: 8
   Min: 0.0001s | Max: 0.0003s
⏱️  sample_saving:
   Total: 0.028s | Avg: 0.0035s | Calls: 8
   Min: 0.0028s | Max: 0.0061s
⏱️  data_transfer:
   Total: 0.001s | Avg: 0.0001s | Calls: 8
   Min: 0.0001s | Max: 0.0002s
⏱️  model_inference:
   Total: 0.201s | Avg: 0.0251s | Calls: 8
   Min: 0.0200s | Max: 0.0351s
⏱️  feature_processing:
   Total: 9.910s | Avg: 1.2387s | Calls: 8
   Min: 0.8628s | Max: 1.2969s
⏱️  feature_accumulation:
   Total: 0.000s | Avg: 0.0000s | Calls: 8
   Min: 0.0000s | Max: 0.0000s
⏱️  batch_processing:
   Total: 10.284s | Avg: 1.2855s | Calls: 8
   Min: 1.0286s | Max: 1.3320s
⏱️  feature_combining:
   Total: 0.004s | Avg: 0.0039s | Calls: 1
⏱️  hdf5_writing:
   Total: 0.032s | Avg: 0.0323s | Calls: 1
⏱️  memory_cleanup:
   Total: 0.108s | Avg: 0.1085s | Calls: 1
⏱️  total_computation:
   Total: 33.617s | Avg: 33.6171s | Calls: 1
⏱️  slide_processing:
   Total: 33.617s | Avg: 33.6172s | Calls: 1

🚨 BOTTLENECK ANALYSIS (Total Runtime: 88.390s):
   🔥 slide_processing: 33.617s (38.0%)
   🔥 total_computation: 33.617s (38.0%)
   🔥 batch_processing: 10.284s (11.6%)
   🔥 feature_processing: 9.910s (11.2%)

📊 OPERATION COUNTS:
   hdf5_write_operations: 1
   patches_processed: 3,926
   GPU Memory - Max: 4127.0MB | Avg: 3379.5MB

💡 OPTIMIZATION RECOMMENDATIONS:
================================================================================
📊 Features shape: (3926, 1536), Coords shape: (3926, 2)
💾 Saved features to /nemo/project/proj-tracerx-lung/tctProjects/kilimo/TracerX_WSIs/20X/uni_v2/pt_files/Tx421_TMA028.pt

🔄 Processing slide 46/71: Tx421_TMA028
downsample [1. 1.]
downsampled_level_dim [69120 70400]
level_dim [69120 70400]
name Tx421_TMA028
patch_level 0
patch_size 580
save_path /nemo/project/proj-tracerx-lung/tctProjects/kilimo/TracerX_WSIs/20X/patches/patches

feature extraction settings
transformations:  Compose(
    Resize(size=224, interpolation=bilinear, max_size=None, antialias=True)
    CenterCrop(size=(224, 224))
    MaybeToTensor()
    Normalize(mean=tensor([0.4850, 0.4560, 0.4060]), std=tensor([0.2290, 0.2240, 0.2250]))
)
📦 Dataset size: 3926 patches, 8 batches
🔍 Processing a total of 8 batches with profiling enabled
Saving random samples to /nemo/project/proj-tracerx-lung/tctProjects/kilimo/TracerX_WSIs/20X/uni_v2/samples/Tx421_TMA028
Saved 8/10 random sample images for slide Tx421_TMA028
✅ Features extracted in 34.4s

================================================================================
🔍 PERFORMANCE PROFILING SUMMARY - Tx421_TMA028
================================================================================
⏱️  wsi_loading:
   Total: 0.006s | Avg: 0.0060s | Calls: 1
⏱️  dataset_creation:
   Total: 0.057s | Avg: 0.0567s | Calls: 1
⏱️  data_loading:
   Total: 0.001s | Avg: 0.0001s | Calls: 8
   Min: 0.0001s | Max: 0.0003s
⏱️  sample_saving:
   Total: 0.032s | Avg: 0.0040s | Calls: 8
   Min: 0.0027s | Max: 0.0060s
⏱️  data_transfer:
   Total: 0.001s | Avg: 0.0001s | Calls: 8
   Min: 0.0000s | Max: 0.0002s
⏱️  model_inference:
   Total: 0.193s | Avg: 0.0241s | Calls: 8
   Min: 0.0176s | Max: 0.0318s
⏱️  feature_processing:
   Total: 9.927s | Avg: 1.2408s | Calls: 8
   Min: 0.8671s | Max: 1.3034s
⏱️  feature_accumulation:
   Total: 0.000s | Avg: 0.0000s | Calls: 8
   Min: 0.0000s | Max: 0.0000s
⏱️  batch_processing:
   Total: 10.303s | Avg: 1.2879s | Calls: 8
   Min: 1.0358s | Max: 1.3369s
⏱️  feature_combining:
   Total: 0.006s | Avg: 0.0058s | Calls: 1
⏱️  hdf5_writing:
   Total: 0.037s | Avg: 0.0369s | Calls: 1
⏱️  memory_cleanup:
   Total: 0.110s | Avg: 0.1103s | Calls: 1
⏱️  total_computation:
   Total: 34.326s | Avg: 34.3264s | Calls: 1
⏱️  slide_processing:
   Total: 34.326s | Avg: 34.3265s | Calls: 1

🚨 BOTTLENECK ANALYSIS (Total Runtime: 89.325s):
   🔥 slide_processing: 34.326s (38.4%)
   🔥 total_computation: 34.326s (38.4%)
   🔥 batch_processing: 10.303s (11.5%)
   🔥 feature_processing: 9.927s (11.1%)

📊 OPERATION COUNTS:
   hdf5_write_operations: 1
   patches_processed: 3,926
   GPU Memory - Max: 4127.0MB | Avg: 3379.5MB

💡 OPTIMIZATION RECOMMENDATIONS:
================================================================================
📊 Features shape: (3926, 1536), Coords shape: (3926, 2)
💾 Saved features to /nemo/project/proj-tracerx-lung/tctProjects/kilimo/TracerX_WSIs/20X/uni_v2/pt_files/Tx421_TMA028.pt

🔄 Processing slide 47/71: Tx421_TMA029
downsample [1. 1.]
downsampled_level_dim [61440 61952]
level_dim [61440 61952]
name Tx421_TMA029
patch_level 0
patch_size 580
save_path /nemo/project/proj-tracerx-lung/tctProjects/kilimo/TracerX_WSIs/20X/patches/patches

feature extraction settings
transformations:  Compose(
    Resize(size=224, interpolation=bilinear, max_size=None, antialias=True)
    CenterCrop(size=(224, 224))
    MaybeToTensor()
    Normalize(mean=tensor([0.4850, 0.4560, 0.4060]), std=tensor([0.2290, 0.2240, 0.2250]))
)
📦 Dataset size: 3930 patches, 8 batches
🔍 Processing a total of 8 batches with profiling enabled
Saving random samples to /nemo/project/proj-tracerx-lung/tctProjects/kilimo/TracerX_WSIs/20X/uni_v2/samples/Tx421_TMA029
Saved 8/10 random sample images for slide Tx421_TMA029
✅ Features extracted in 35.6s

================================================================================
🔍 PERFORMANCE PROFILING SUMMARY - Tx421_TMA029
================================================================================
⏱️  wsi_loading:
   Total: 0.458s | Avg: 0.4575s | Calls: 1
⏱️  dataset_creation:
   Total: 0.072s | Avg: 0.0715s | Calls: 1
⏱️  data_loading:
   Total: 0.001s | Avg: 0.0001s | Calls: 8
   Min: 0.0001s | Max: 0.0003s
⏱️  sample_saving:
   Total: 0.027s | Avg: 0.0034s | Calls: 8
   Min: 0.0025s | Max: 0.0051s
⏱️  data_transfer:
   Total: 0.001s | Avg: 0.0001s | Calls: 8
   Min: 0.0000s | Max: 0.0001s
⏱️  model_inference:
   Total: 0.189s | Avg: 0.0236s | Calls: 8
   Min: 0.0187s | Max: 0.0317s
⏱️  feature_processing:
   Total: 9.933s | Avg: 1.2416s | Calls: 8
   Min: 0.8731s | Max: 1.3034s
⏱️  feature_accumulation:
   Total: 0.000s | Avg: 0.0000s | Calls: 8
   Min: 0.0000s | Max: 0.0000s
⏱️  batch_processing:
   Total: 10.311s | Avg: 1.2889s | Calls: 8
   Min: 1.0554s | Max: 1.3299s
⏱️  feature_combining:
   Total: 0.004s | Avg: 0.0036s | Calls: 1
⏱️  hdf5_writing:
   Total: 0.049s | Avg: 0.0495s | Calls: 1
⏱️  memory_cleanup:
   Total: 0.108s | Avg: 0.1079s | Calls: 1
⏱️  total_computation:
   Total: 35.039s | Avg: 35.0395s | Calls: 1
⏱️  slide_processing:
   Total: 35.040s | Avg: 35.0396s | Calls: 1

🚨 BOTTLENECK ANALYSIS (Total Runtime: 91.231s):
   🔥 slide_processing: 35.040s (38.4%)
   🔥 total_computation: 35.039s (38.4%)
   🔥 batch_processing: 10.311s (11.3%)
   🔥 feature_processing: 9.933s (10.9%)

📊 OPERATION COUNTS:
   hdf5_write_operations: 1
   patches_processed: 3,930
   GPU Memory - Max: 4130.9MB | Avg: 3381.4MB

💡 OPTIMIZATION RECOMMENDATIONS:
================================================================================
📊 Features shape: (3930, 1536), Coords shape: (3930, 2)
💾 Saved features to /nemo/project/proj-tracerx-lung/tctProjects/kilimo/TracerX_WSIs/20X/uni_v2/pt_files/Tx421_TMA029.pt

🔄 Processing slide 48/71: Tx421_TMA029
downsample [1. 1.]
downsampled_level_dim [61440 61952]
level_dim [61440 61952]
name Tx421_TMA029
patch_level 0
patch_size 580
save_path /nemo/project/proj-tracerx-lung/tctProjects/kilimo/TracerX_WSIs/20X/patches/patches

feature extraction settings
transformations:  Compose(
    Resize(size=224, interpolation=bilinear, max_size=None, antialias=True)
    CenterCrop(size=(224, 224))
    MaybeToTensor()
    Normalize(mean=tensor([0.4850, 0.4560, 0.4060]), std=tensor([0.2290, 0.2240, 0.2250]))
)
📦 Dataset size: 3930 patches, 8 batches
🔍 Processing a total of 8 batches with profiling enabled
Saving random samples to /nemo/project/proj-tracerx-lung/tctProjects/kilimo/TracerX_WSIs/20X/uni_v2/samples/Tx421_TMA029
Saved 8/10 random sample images for slide Tx421_TMA029
✅ Features extracted in 34.8s

================================================================================
🔍 PERFORMANCE PROFILING SUMMARY - Tx421_TMA029
================================================================================
⏱️  wsi_loading:
   Total: 0.004s | Avg: 0.0037s | Calls: 1
⏱️  dataset_creation:
   Total: 0.053s | Avg: 0.0530s | Calls: 1
⏱️  data_loading:
   Total: 0.001s | Avg: 0.0001s | Calls: 8
   Min: 0.0001s | Max: 0.0003s
⏱️  sample_saving:
   Total: 0.030s | Avg: 0.0037s | Calls: 8
   Min: 0.0027s | Max: 0.0061s
⏱️  data_transfer:
   Total: 0.001s | Avg: 0.0001s | Calls: 8
   Min: 0.0000s | Max: 0.0002s
⏱️  model_inference:
   Total: 0.184s | Avg: 0.0230s | Calls: 8
   Min: 0.0195s | Max: 0.0363s
⏱️  feature_processing:
   Total: 9.935s | Avg: 1.2418s | Calls: 8
   Min: 0.8758s | Max: 1.2971s
⏱️  feature_accumulation:
   Total: 0.000s | Avg: 0.0000s | Calls: 8
   Min: 0.0000s | Max: 0.0000s
⏱️  batch_processing:
   Total: 10.351s | Avg: 1.2938s | Calls: 8
   Min: 1.0996s | Max: 1.3301s
⏱️  feature_combining:
   Total: 0.004s | Avg: 0.0039s | Calls: 1
⏱️  hdf5_writing:
   Total: 0.086s | Avg: 0.0858s | Calls: 1
⏱️  memory_cleanup:
   Total: 0.111s | Avg: 0.1108s | Calls: 1
⏱️  total_computation:
   Total: 34.746s | Avg: 34.7458s | Calls: 1
⏱️  slide_processing:
   Total: 34.746s | Avg: 34.7459s | Calls: 1

🚨 BOTTLENECK ANALYSIS (Total Runtime: 90.250s):
   🔥 slide_processing: 34.746s (38.5%)
   🔥 total_computation: 34.746s (38.5%)
   🔥 batch_processing: 10.351s (11.5%)
   🔥 feature_processing: 9.935s (11.0%)

📊 OPERATION COUNTS:
   hdf5_write_operations: 1
   patches_processed: 3,930
   GPU Memory - Max: 4130.9MB | Avg: 3381.4MB

💡 OPTIMIZATION RECOMMENDATIONS:
================================================================================
📊 Features shape: (3930, 1536), Coords shape: (3930, 2)
💾 Saved features to /nemo/project/proj-tracerx-lung/tctProjects/kilimo/TracerX_WSIs/20X/uni_v2/pt_files/Tx421_TMA029.pt

🔄 Processing slide 49/71: Tx421_TMA030
downsample [1. 1.]
downsampled_level_dim [69120 70400]
level_dim [69120 70400]
name Tx421_TMA030
patch_level 0
patch_size 580
save_path /nemo/project/proj-tracerx-lung/tctProjects/kilimo/TracerX_WSIs/20X/patches/patches

feature extraction settings
transformations:  Compose(
    Resize(size=224, interpolation=bilinear, max_size=None, antialias=True)
    CenterCrop(size=(224, 224))
    MaybeToTensor()
    Normalize(mean=tensor([0.4850, 0.4560, 0.4060]), std=tensor([0.2290, 0.2240, 0.2250]))
)
📦 Dataset size: 3906 patches, 8 batches
🔍 Processing a total of 8 batches with profiling enabled
Saving random samples to /nemo/project/proj-tracerx-lung/tctProjects/kilimo/TracerX_WSIs/20X/uni_v2/samples/Tx421_TMA030
Saved 8/10 random sample images for slide Tx421_TMA030
✅ Features extracted in 35.0s

================================================================================
🔍 PERFORMANCE PROFILING SUMMARY - Tx421_TMA030
================================================================================
⏱️  wsi_loading:
   Total: 0.428s | Avg: 0.4284s | Calls: 1
⏱️  dataset_creation:
   Total: 0.096s | Avg: 0.0964s | Calls: 1
⏱️  data_loading:
   Total: 0.001s | Avg: 0.0001s | Calls: 8
   Min: 0.0001s | Max: 0.0003s
⏱️  sample_saving:
   Total: 0.029s | Avg: 0.0036s | Calls: 8
   Min: 0.0026s | Max: 0.0055s
⏱️  data_transfer:
   Total: 0.001s | Avg: 0.0001s | Calls: 8
   Min: 0.0000s | Max: 0.0003s
⏱️  model_inference:
   Total: 0.182s | Avg: 0.0227s | Calls: 8
   Min: 0.0184s | Max: 0.0353s
⏱️  feature_processing:
   Total: 9.870s | Avg: 1.2337s | Calls: 8
   Min: 0.8119s | Max: 1.3081s
⏱️  feature_accumulation:
   Total: 0.000s | Avg: 0.0000s | Calls: 8
   Min: 0.0000s | Max: 0.0000s
⏱️  batch_processing:
   Total: 10.225s | Avg: 1.2782s | Calls: 8
   Min: 0.9761s | Max: 1.3332s
⏱️  feature_combining:
   Total: 0.005s | Avg: 0.0054s | Calls: 1
⏱️  hdf5_writing:
   Total: 0.031s | Avg: 0.0307s | Calls: 1
⏱️  memory_cleanup:
   Total: 0.109s | Avg: 0.1093s | Calls: 1
⏱️  total_computation:
   Total: 34.495s | Avg: 34.4948s | Calls: 1
⏱️  slide_processing:
   Total: 34.495s | Avg: 34.4949s | Calls: 1

🚨 BOTTLENECK ANALYSIS (Total Runtime: 89.967s):
   🔥 slide_processing: 34.495s (38.3%)
   🔥 total_computation: 34.495s (38.3%)
   🔥 batch_processing: 10.225s (11.4%)
   🔥 feature_processing: 9.870s (11.0%)

📊 OPERATION COUNTS:
   hdf5_write_operations: 1
   patches_processed: 3,906
   GPU Memory - Max: 4117.6MB | Avg: 3374.8MB

💡 OPTIMIZATION RECOMMENDATIONS:
================================================================================
📊 Features shape: (3906, 1536), Coords shape: (3906, 2)
💾 Saved features to /nemo/project/proj-tracerx-lung/tctProjects/kilimo/TracerX_WSIs/20X/uni_v2/pt_files/Tx421_TMA030.pt

🔄 Processing slide 50/71: Tx421_TMA030
downsample [1. 1.]
downsampled_level_dim [69120 70400]
level_dim [69120 70400]
name Tx421_TMA030
patch_level 0
patch_size 580
save_path /nemo/project/proj-tracerx-lung/tctProjects/kilimo/TracerX_WSIs/20X/patches/patches

feature extraction settings
transformations:  Compose(
    Resize(size=224, interpolation=bilinear, max_size=None, antialias=True)
    CenterCrop(size=(224, 224))
    MaybeToTensor()
    Normalize(mean=tensor([0.4850, 0.4560, 0.4060]), std=tensor([0.2290, 0.2240, 0.2250]))
)
📦 Dataset size: 3906 patches, 8 batches
🔍 Processing a total of 8 batches with profiling enabled
Saving random samples to /nemo/project/proj-tracerx-lung/tctProjects/kilimo/TracerX_WSIs/20X/uni_v2/samples/Tx421_TMA030
Saved 8/10 random sample images for slide Tx421_TMA030
✅ Features extracted in 33.8s

================================================================================
🔍 PERFORMANCE PROFILING SUMMARY - Tx421_TMA030
================================================================================
⏱️  wsi_loading:
   Total: 0.006s | Avg: 0.0065s | Calls: 1
⏱️  dataset_creation:
   Total: 0.058s | Avg: 0.0575s | Calls: 1
⏱️  data_loading:
   Total: 0.001s | Avg: 0.0001s | Calls: 8
   Min: 0.0001s | Max: 0.0003s
⏱️  sample_saving:
   Total: 0.026s | Avg: 0.0033s | Calls: 8
   Min: 0.0025s | Max: 0.0049s
⏱️  data_transfer:
   Total: 0.001s | Avg: 0.0001s | Calls: 8
   Min: 0.0000s | Max: 0.0002s
⏱️  model_inference:
   Total: 0.172s | Avg: 0.0215s | Calls: 8
   Min: 0.0176s | Max: 0.0301s
⏱️  feature_processing:
   Total: 9.888s | Avg: 1.2359s | Calls: 8
   Min: 0.8152s | Max: 1.3096s
⏱️  feature_accumulation:
   Total: 0.000s | Avg: 0.0000s | Calls: 8
   Min: 0.0000s | Max: 0.0000s
⏱️  batch_processing:
   Total: 10.228s | Avg: 1.2785s | Calls: 8
   Min: 0.9725s | Max: 1.3354s
⏱️  feature_combining:
   Total: 0.005s | Avg: 0.0049s | Calls: 1
⏱️  hdf5_writing:
   Total: 0.029s | Avg: 0.0288s | Calls: 1
⏱️  memory_cleanup:
   Total: 0.107s | Avg: 0.1074s | Calls: 1
⏱️  total_computation:
   Total: 33.776s | Avg: 33.7759s | Calls: 1
⏱️  slide_processing:
   Total: 33.776s | Avg: 33.7760s | Calls: 1

🚨 BOTTLENECK ANALYSIS (Total Runtime: 88.073s):
   🔥 slide_processing: 33.776s (38.4%)
   🔥 total_computation: 33.776s (38.4%)
   🔥 batch_processing: 10.228s (11.6%)
   🔥 feature_processing: 9.888s (11.2%)

📊 OPERATION COUNTS:
   hdf5_write_operations: 1
   patches_processed: 3,906
   GPU Memory - Max: 4117.6MB | Avg: 3374.8MB

💡 OPTIMIZATION RECOMMENDATIONS:
================================================================================
📊 Features shape: (3906, 1536), Coords shape: (3906, 2)
💾 Saved features to /nemo/project/proj-tracerx-lung/tctProjects/kilimo/TracerX_WSIs/20X/uni_v2/pt_files/Tx421_TMA030.pt

🔄 Processing slide 51/71: Tx421_TMA031
downsample [1. 1.]
downsampled_level_dim [65280 61952]
level_dim [65280 61952]
name Tx421_TMA031
patch_level 0
patch_size 580
save_path /nemo/project/proj-tracerx-lung/tctProjects/kilimo/TracerX_WSIs/20X/patches/patches

feature extraction settings
transformations:  Compose(
    Resize(size=224, interpolation=bilinear, max_size=None, antialias=True)
    CenterCrop(size=(224, 224))
    MaybeToTensor()
    Normalize(mean=tensor([0.4850, 0.4560, 0.4060]), std=tensor([0.2290, 0.2240, 0.2250]))
)
📦 Dataset size: 3780 patches, 8 batches
🔍 Processing a total of 8 batches with profiling enabled
Saving random samples to /nemo/project/proj-tracerx-lung/tctProjects/kilimo/TracerX_WSIs/20X/uni_v2/samples/Tx421_TMA031
Saved 8/10 random sample images for slide Tx421_TMA031
✅ Features extracted in 33.5s

================================================================================
🔍 PERFORMANCE PROFILING SUMMARY - Tx421_TMA031
================================================================================
⏱️  wsi_loading:
   Total: 0.447s | Avg: 0.4472s | Calls: 1
⏱️  dataset_creation:
   Total: 0.095s | Avg: 0.0949s | Calls: 1
⏱️  data_loading:
   Total: 0.001s | Avg: 0.0001s | Calls: 8
   Min: 0.0001s | Max: 0.0003s
⏱️  sample_saving:
   Total: 0.034s | Avg: 0.0043s | Calls: 8
   Min: 0.0026s | Max: 0.0087s
⏱️  data_transfer:
   Total: 0.001s | Avg: 0.0001s | Calls: 8
   Min: 0.0000s | Max: 0.0002s
⏱️  model_inference:
   Total: 0.192s | Avg: 0.0241s | Calls: 8
   Min: 0.0185s | Max: 0.0360s
⏱️  feature_processing:
   Total: 9.537s | Avg: 1.1922s | Calls: 8
   Min: 0.4899s | Max: 1.2997s
⏱️  feature_accumulation:
   Total: 0.000s | Avg: 0.0000s | Calls: 8
   Min: 0.0000s | Max: 0.0000s
⏱️  batch_processing:
   Total: 9.915s | Avg: 1.2394s | Calls: 8
   Min: 0.6615s | Max: 1.3307s
⏱️  feature_combining:
   Total: 0.005s | Avg: 0.0054s | Calls: 1
⏱️  hdf5_writing:
   Total: 0.034s | Avg: 0.0337s | Calls: 1
⏱️  memory_cleanup:
   Total: 0.112s | Avg: 0.1121s | Calls: 1
⏱️  total_computation:
   Total: 32.926s | Avg: 32.9263s | Calls: 1
⏱️  slide_processing:
   Total: 32.926s | Avg: 32.9264s | Calls: 1

🚨 BOTTLENECK ANALYSIS (Total Runtime: 86.227s):
   🔥 slide_processing: 32.926s (38.2%)
   🔥 total_computation: 32.926s (38.2%)
   🔥 batch_processing: 9.915s (11.5%)
   🔥 feature_processing: 9.537s (11.1%)

📊 OPERATION COUNTS:
   hdf5_write_operations: 1
   patches_processed: 3,780
   GPU Memory - Max: 4044.2MB | Avg: 3338.1MB

💡 OPTIMIZATION RECOMMENDATIONS:
================================================================================
📊 Features shape: (3780, 1536), Coords shape: (3780, 2)
💾 Saved features to /nemo/project/proj-tracerx-lung/tctProjects/kilimo/TracerX_WSIs/20X/uni_v2/pt_files/Tx421_TMA031.pt

🔄 Processing slide 52/71: Tx421_TMA031
downsample [1. 1.]
downsampled_level_dim [65280 61952]
level_dim [65280 61952]
name Tx421_TMA031
patch_level 0
patch_size 580
save_path /nemo/project/proj-tracerx-lung/tctProjects/kilimo/TracerX_WSIs/20X/patches/patches

feature extraction settings
transformations:  Compose(
    Resize(size=224, interpolation=bilinear, max_size=None, antialias=True)
    CenterCrop(size=(224, 224))
    MaybeToTensor()
    Normalize(mean=tensor([0.4850, 0.4560, 0.4060]), std=tensor([0.2290, 0.2240, 0.2250]))
)
📦 Dataset size: 3780 patches, 8 batches
🔍 Processing a total of 8 batches with profiling enabled
Saving random samples to /nemo/project/proj-tracerx-lung/tctProjects/kilimo/TracerX_WSIs/20X/uni_v2/samples/Tx421_TMA031
Saved 8/10 random sample images for slide Tx421_TMA031
✅ Features extracted in 32.0s

================================================================================
🔍 PERFORMANCE PROFILING SUMMARY - Tx421_TMA031
================================================================================
⏱️  wsi_loading:
   Total: 0.006s | Avg: 0.0064s | Calls: 1
⏱️  dataset_creation:
   Total: 0.054s | Avg: 0.0542s | Calls: 1
⏱️  data_loading:
   Total: 0.001s | Avg: 0.0001s | Calls: 8
   Min: 0.0001s | Max: 0.0003s
⏱️  sample_saving:
   Total: 0.030s | Avg: 0.0037s | Calls: 8
   Min: 0.0025s | Max: 0.0051s
⏱️  data_transfer:
   Total: 0.001s | Avg: 0.0001s | Calls: 8
   Min: 0.0000s | Max: 0.0002s
⏱️  model_inference:
   Total: 0.190s | Avg: 0.0238s | Calls: 8
   Min: 0.0168s | Max: 0.0356s
⏱️  feature_processing:
   Total: 9.565s | Avg: 1.1956s | Calls: 8
   Min: 0.4940s | Max: 1.3083s
⏱️  feature_accumulation:
   Total: 0.000s | Avg: 0.0000s | Calls: 8
   Min: 0.0000s | Max: 0.0000s
⏱️  batch_processing:
   Total: 9.943s | Avg: 1.2429s | Calls: 8
   Min: 0.6685s | Max: 1.3369s
⏱️  feature_combining:
   Total: 0.008s | Avg: 0.0080s | Calls: 1
⏱️  hdf5_writing:
   Total: 0.041s | Avg: 0.0413s | Calls: 1
⏱️  memory_cleanup:
   Total: 0.112s | Avg: 0.1119s | Calls: 1
⏱️  total_computation:
   Total: 31.929s | Avg: 31.9293s | Calls: 1
⏱️  slide_processing:
   Total: 31.929s | Avg: 31.9294s | Calls: 1

🚨 BOTTLENECK ANALYSIS (Total Runtime: 83.810s):
   🔥 slide_processing: 31.929s (38.1%)
   🔥 total_computation: 31.929s (38.1%)
   🔥 batch_processing: 9.943s (11.9%)
   🔥 feature_processing: 9.565s (11.4%)

📊 OPERATION COUNTS:
   hdf5_write_operations: 1
   patches_processed: 3,780
   GPU Memory - Max: 4044.2MB | Avg: 3338.1MB

💡 OPTIMIZATION RECOMMENDATIONS:
================================================================================
📊 Features shape: (3780, 1536), Coords shape: (3780, 2)
💾 Saved features to /nemo/project/proj-tracerx-lung/tctProjects/kilimo/TracerX_WSIs/20X/uni_v2/pt_files/Tx421_TMA031.pt

🔄 Processing slide 53/71: Tx421_TMA032
downsample [1. 1.]
downsampled_level_dim [69120 67584]
level_dim [69120 67584]
name Tx421_TMA032
patch_level 0
patch_size 580
save_path /nemo/project/proj-tracerx-lung/tctProjects/kilimo/TracerX_WSIs/20X/patches/patches

feature extraction settings
transformations:  Compose(
    Resize(size=224, interpolation=bilinear, max_size=None, antialias=True)
    CenterCrop(size=(224, 224))
    MaybeToTensor()
    Normalize(mean=tensor([0.4850, 0.4560, 0.4060]), std=tensor([0.2290, 0.2240, 0.2250]))
)
📦 Dataset size: 3909 patches, 8 batches
🔍 Processing a total of 8 batches with profiling enabled
Saving random samples to /nemo/project/proj-tracerx-lung/tctProjects/kilimo/TracerX_WSIs/20X/uni_v2/samples/Tx421_TMA032
Saved 8/10 random sample images for slide Tx421_TMA032
✅ Features extracted in 32.2s

================================================================================
🔍 PERFORMANCE PROFILING SUMMARY - Tx421_TMA032
================================================================================
⏱️  wsi_loading:
   Total: 0.379s | Avg: 0.3785s | Calls: 1
⏱️  dataset_creation:
   Total: 0.100s | Avg: 0.1003s | Calls: 1
⏱️  data_loading:
   Total: 0.001s | Avg: 0.0001s | Calls: 8
   Min: 0.0001s | Max: 0.0003s
⏱️  sample_saving:
   Total: 0.028s | Avg: 0.0035s | Calls: 8
   Min: 0.0027s | Max: 0.0048s
⏱️  data_transfer:
   Total: 0.001s | Avg: 0.0001s | Calls: 8
   Min: 0.0000s | Max: 0.0003s
⏱️  model_inference:
   Total: 0.199s | Avg: 0.0248s | Calls: 8
   Min: 0.0186s | Max: 0.0318s
⏱️  feature_processing:
   Total: 9.879s | Avg: 1.2349s | Calls: 8
   Min: 0.8203s | Max: 1.3064s
⏱️  feature_accumulation:
   Total: 0.000s | Avg: 0.0000s | Calls: 8
   Min: 0.0000s | Max: 0.0000s
⏱️  batch_processing:
   Total: 10.252s | Avg: 1.2815s | Calls: 8
   Min: 0.9870s | Max: 1.3360s
⏱️  feature_combining:
   Total: 0.004s | Avg: 0.0036s | Calls: 1
⏱️  hdf5_writing:
   Total: 0.033s | Avg: 0.0329s | Calls: 1
⏱️  memory_cleanup:
   Total: 0.109s | Avg: 0.1091s | Calls: 1
⏱️  total_computation:
   Total: 31.721s | Avg: 31.7213s | Calls: 1
⏱️  slide_processing:
   Total: 31.721s | Avg: 31.7214s | Calls: 1

🚨 BOTTLENECK ANALYSIS (Total Runtime: 84.426s):
   🔥 slide_processing: 31.721s (37.6%)
   🔥 total_computation: 31.721s (37.6%)
   🔥 batch_processing: 10.252s (12.1%)
   🔥 feature_processing: 9.879s (11.7%)

📊 OPERATION COUNTS:
   hdf5_write_operations: 1
   patches_processed: 3,909
   GPU Memory - Max: 4118.3MB | Avg: 3375.1MB

💡 OPTIMIZATION RECOMMENDATIONS:
================================================================================
📊 Features shape: (3909, 1536), Coords shape: (3909, 2)
💾 Saved features to /nemo/project/proj-tracerx-lung/tctProjects/kilimo/TracerX_WSIs/20X/uni_v2/pt_files/Tx421_TMA032.pt

🔄 Processing slide 54/71: Tx421_TMA032
downsample [1. 1.]
downsampled_level_dim [69120 67584]
level_dim [69120 67584]
name Tx421_TMA032
patch_level 0
patch_size 580
save_path /nemo/project/proj-tracerx-lung/tctProjects/kilimo/TracerX_WSIs/20X/patches/patches

feature extraction settings
transformations:  Compose(
    Resize(size=224, interpolation=bilinear, max_size=None, antialias=True)
    CenterCrop(size=(224, 224))
    MaybeToTensor()
    Normalize(mean=tensor([0.4850, 0.4560, 0.4060]), std=tensor([0.2290, 0.2240, 0.2250]))
)
📦 Dataset size: 3909 patches, 8 batches
🔍 Processing a total of 8 batches with profiling enabled
Saving random samples to /nemo/project/proj-tracerx-lung/tctProjects/kilimo/TracerX_WSIs/20X/uni_v2/samples/Tx421_TMA032
Saved 8/10 random sample images for slide Tx421_TMA032
✅ Features extracted in 32.5s

================================================================================
🔍 PERFORMANCE PROFILING SUMMARY - Tx421_TMA032
================================================================================
⏱️  wsi_loading:
   Total: 0.003s | Avg: 0.0034s | Calls: 1
⏱️  dataset_creation:
   Total: 0.055s | Avg: 0.0548s | Calls: 1
⏱️  data_loading:
   Total: 0.001s | Avg: 0.0001s | Calls: 8
   Min: 0.0001s | Max: 0.0003s
⏱️  sample_saving:
   Total: 0.030s | Avg: 0.0038s | Calls: 8
   Min: 0.0028s | Max: 0.0057s
⏱️  data_transfer:
   Total: 0.001s | Avg: 0.0001s | Calls: 8
   Min: 0.0000s | Max: 0.0002s
⏱️  model_inference:
   Total: 0.211s | Avg: 0.0263s | Calls: 8
   Min: 0.0176s | Max: 0.0358s
⏱️  feature_processing:
   Total: 9.862s | Avg: 1.2327s | Calls: 8
   Min: 0.8230s | Max: 1.2973s
⏱️  feature_accumulation:
   Total: 0.000s | Avg: 0.0000s | Calls: 8
   Min: 0.0000s | Max: 0.0000s
⏱️  batch_processing:
   Total: 10.247s | Avg: 1.2808s | Calls: 8
   Min: 0.9829s | Max: 1.3347s
⏱️  feature_combining:
   Total: 0.005s | Avg: 0.0047s | Calls: 1
⏱️  hdf5_writing:
   Total: 0.031s | Avg: 0.0309s | Calls: 1
⏱️  memory_cleanup:
   Total: 0.107s | Avg: 0.1074s | Calls: 1
⏱️  total_computation:
   Total: 32.398s | Avg: 32.3976s | Calls: 1
⏱️  slide_processing:
   Total: 32.398s | Avg: 32.3976s | Calls: 1

🚨 BOTTLENECK ANALYSIS (Total Runtime: 85.348s):
   🔥 slide_processing: 32.398s (38.0%)
   🔥 total_computation: 32.398s (38.0%)
   🔥 batch_processing: 10.247s (12.0%)
   🔥 feature_processing: 9.862s (11.6%)

📊 OPERATION COUNTS:
   hdf5_write_operations: 1
   patches_processed: 3,909
   GPU Memory - Max: 4118.3MB | Avg: 3375.1MB

💡 OPTIMIZATION RECOMMENDATIONS:
================================================================================
📊 Features shape: (3909, 1536), Coords shape: (3909, 2)
💾 Saved features to /nemo/project/proj-tracerx-lung/tctProjects/kilimo/TracerX_WSIs/20X/uni_v2/pt_files/Tx421_TMA032.pt

🔄 Processing slide 55/71: Tx421_TMA034
downsample [1. 1.]
downsampled_level_dim [61440 61952]
level_dim [61440 61952]
name Tx421_TMA034
patch_level 0
patch_size 580
save_path /nemo/project/proj-tracerx-lung/tctProjects/kilimo/TracerX_WSIs/20X/patches/patches

feature extraction settings
transformations:  Compose(
    Resize(size=224, interpolation=bilinear, max_size=None, antialias=True)
    CenterCrop(size=(224, 224))
    MaybeToTensor()
    Normalize(mean=tensor([0.4850, 0.4560, 0.4060]), std=tensor([0.2290, 0.2240, 0.2250]))
)
📦 Dataset size: 2705 patches, 6 batches
🔍 Processing a total of 6 batches with profiling enabled
Saving random samples to /nemo/project/proj-tracerx-lung/tctProjects/kilimo/TracerX_WSIs/20X/uni_v2/samples/Tx421_TMA034
Saved 6/10 random sample images for slide Tx421_TMA034
✅ Features extracted in 30.3s

================================================================================
🔍 PERFORMANCE PROFILING SUMMARY - Tx421_TMA034
================================================================================
⏱️  wsi_loading:
   Total: 0.384s | Avg: 0.3836s | Calls: 1
⏱️  dataset_creation:
   Total: 0.080s | Avg: 0.0804s | Calls: 1
⏱️  data_loading:
   Total: 0.001s | Avg: 0.0001s | Calls: 6
   Min: 0.0001s | Max: 0.0003s
⏱️  sample_saving:
   Total: 0.019s | Avg: 0.0031s | Calls: 6
   Min: 0.0028s | Max: 0.0035s
⏱️  data_transfer:
   Total: 0.001s | Avg: 0.0001s | Calls: 6
   Min: 0.0001s | Max: 0.0002s
⏱️  model_inference:
   Total: 0.131s | Avg: 0.0218s | Calls: 6
   Min: 0.0206s | Max: 0.0255s
⏱️  feature_processing:
   Total: 6.844s | Avg: 1.1407s | Calls: 6
   Min: 0.3592s | Max: 1.3052s
⏱️  feature_accumulation:
   Total: 0.000s | Avg: 0.0000s | Calls: 6
   Min: 0.0000s | Max: 0.0000s
⏱️  batch_processing:
   Total: 7.170s | Avg: 1.1950s | Calls: 6
   Min: 0.5560s | Max: 1.3301s
⏱️  feature_combining:
   Total: 0.003s | Avg: 0.0026s | Calls: 1
⏱️  hdf5_writing:
   Total: 0.065s | Avg: 0.0646s | Calls: 1
⏱️  memory_cleanup:
   Total: 0.108s | Avg: 0.1077s | Calls: 1
⏱️  total_computation:
   Total: 29.873s | Avg: 29.8734s | Calls: 1
⏱️  slide_processing:
   Total: 29.873s | Avg: 29.8735s | Calls: 1

🚨 BOTTLENECK ANALYSIS (Total Runtime: 74.550s):
   🔥 slide_processing: 29.873s (40.1%)
   🔥 total_computation: 29.873s (40.1%)
   🔥 batch_processing: 7.170s (9.6%)
   🔥 feature_processing: 6.844s (9.2%)

📊 OPERATION COUNTS:
   hdf5_write_operations: 1
   patches_processed: 2,705
   GPU Memory - Max: 4014.5MB | Avg: 3323.2MB

💡 OPTIMIZATION RECOMMENDATIONS:
================================================================================
📊 Features shape: (2705, 1536), Coords shape: (2705, 2)
💾 Saved features to /nemo/project/proj-tracerx-lung/tctProjects/kilimo/TracerX_WSIs/20X/uni_v2/pt_files/Tx421_TMA034.pt

🔄 Processing slide 56/71: Tx421_TMA034
downsample [1. 1.]
downsampled_level_dim [61440 61952]
level_dim [61440 61952]
name Tx421_TMA034
patch_level 0
patch_size 580
save_path /nemo/project/proj-tracerx-lung/tctProjects/kilimo/TracerX_WSIs/20X/patches/patches

feature extraction settings
transformations:  Compose(
    Resize(size=224, interpolation=bilinear, max_size=None, antialias=True)
    CenterCrop(size=(224, 224))
    MaybeToTensor()
    Normalize(mean=tensor([0.4850, 0.4560, 0.4060]), std=tensor([0.2290, 0.2240, 0.2250]))
)
📦 Dataset size: 2705 patches, 6 batches
🔍 Processing a total of 6 batches with profiling enabled
Saving random samples to /nemo/project/proj-tracerx-lung/tctProjects/kilimo/TracerX_WSIs/20X/uni_v2/samples/Tx421_TMA034
Saved 6/10 random sample images for slide Tx421_TMA034
✅ Features extracted in 29.1s

================================================================================
🔍 PERFORMANCE PROFILING SUMMARY - Tx421_TMA034
================================================================================
⏱️  wsi_loading:
   Total: 0.003s | Avg: 0.0030s | Calls: 1
⏱️  dataset_creation:
   Total: 0.043s | Avg: 0.0429s | Calls: 1
⏱️  data_loading:
   Total: 0.001s | Avg: 0.0001s | Calls: 6
   Min: 0.0001s | Max: 0.0003s
⏱️  sample_saving:
   Total: 0.022s | Avg: 0.0037s | Calls: 6
   Min: 0.0028s | Max: 0.0049s
⏱️  data_transfer:
   Total: 0.001s | Avg: 0.0001s | Calls: 6
   Min: 0.0001s | Max: 0.0002s
⏱️  model_inference:
   Total: 0.138s | Avg: 0.0230s | Calls: 6
   Min: 0.0173s | Max: 0.0350s
⏱️  feature_processing:
   Total: 6.826s | Avg: 1.1377s | Calls: 6
   Min: 0.3630s | Max: 1.2983s
⏱️  feature_accumulation:
   Total: 0.000s | Avg: 0.0000s | Calls: 6
   Min: 0.0000s | Max: 0.0000s
⏱️  batch_processing:
   Total: 7.121s | Avg: 1.1869s | Calls: 6
   Min: 0.5149s | Max: 1.3244s
⏱️  feature_combining:
   Total: 0.004s | Avg: 0.0045s | Calls: 1
⏱️  hdf5_writing:
   Total: 0.023s | Avg: 0.0229s | Calls: 1
⏱️  memory_cleanup:
   Total: 0.108s | Avg: 0.1079s | Calls: 1
⏱️  total_computation:
   Total: 29.037s | Avg: 29.0374s | Calls: 1
⏱️  slide_processing:
   Total: 29.037s | Avg: 29.0375s | Calls: 1

🚨 BOTTLENECK ANALYSIS (Total Runtime: 72.366s):
   🔥 slide_processing: 29.037s (40.1%)
   🔥 total_computation: 29.037s (40.1%)
   🔥 batch_processing: 7.121s (9.8%)
   🔥 feature_processing: 6.826s (9.4%)

📊 OPERATION COUNTS:
   hdf5_write_operations: 1
   patches_processed: 2,705
   GPU Memory - Max: 4014.5MB | Avg: 3323.2MB

💡 OPTIMIZATION RECOMMENDATIONS:
================================================================================
📊 Features shape: (2705, 1536), Coords shape: (2705, 2)
💾 Saved features to /nemo/project/proj-tracerx-lung/tctProjects/kilimo/TracerX_WSIs/20X/uni_v2/pt_files/Tx421_TMA034.pt

🔄 Processing slide 57/71: Tx421_TMA038
downsample [1. 1.]
downsampled_level_dim [65280 61952]
level_dim [65280 61952]
name Tx421_TMA038
patch_level 0
patch_size 580
save_path /nemo/project/proj-tracerx-lung/tctProjects/kilimo/TracerX_WSIs/20X/patches/patches

feature extraction settings
transformations:  Compose(
    Resize(size=224, interpolation=bilinear, max_size=None, antialias=True)
    CenterCrop(size=(224, 224))
    MaybeToTensor()
    Normalize(mean=tensor([0.4850, 0.4560, 0.4060]), std=tensor([0.2290, 0.2240, 0.2250]))
)
📦 Dataset size: 1899 patches, 4 batches
🔍 Processing a total of 4 batches with profiling enabled
Saving random samples to /nemo/project/proj-tracerx-lung/tctProjects/kilimo/TracerX_WSIs/20X/uni_v2/samples/Tx421_TMA038
Saved 4/10 random sample images for slide Tx421_TMA038
✅ Features extracted in 20.0s

================================================================================
🔍 PERFORMANCE PROFILING SUMMARY - Tx421_TMA038
================================================================================
⏱️  wsi_loading:
   Total: 0.451s | Avg: 0.4513s | Calls: 1
⏱️  dataset_creation:
   Total: 0.082s | Avg: 0.0819s | Calls: 1
⏱️  data_loading:
   Total: 0.001s | Avg: 0.0001s | Calls: 4
   Min: 0.0001s | Max: 0.0003s
⏱️  sample_saving:
   Total: 0.013s | Avg: 0.0033s | Calls: 4
   Min: 0.0026s | Max: 0.0048s
⏱️  data_transfer:
   Total: 0.000s | Avg: 0.0001s | Calls: 4
   Min: 0.0000s | Max: 0.0002s
⏱️  model_inference:
   Total: 0.094s | Avg: 0.0236s | Calls: 4
   Min: 0.0185s | Max: 0.0347s
⏱️  feature_processing:
   Total: 4.793s | Avg: 1.1983s | Calls: 4
   Min: 0.9179s | Max: 1.2948s
⏱️  feature_accumulation:
   Total: 0.000s | Avg: 0.0000s | Calls: 4
   Min: 0.0000s | Max: 0.0000s
⏱️  batch_processing:
   Total: 5.083s | Avg: 1.2709s | Calls: 4
   Min: 1.1200s | Max: 1.3315s
⏱️  feature_combining:
   Total: 0.003s | Avg: 0.0030s | Calls: 1
⏱️  hdf5_writing:
   Total: 0.071s | Avg: 0.0706s | Calls: 1
⏱️  memory_cleanup:
   Total: 0.109s | Avg: 0.1091s | Calls: 1
⏱️  total_computation:
   Total: 19.427s | Avg: 19.4269s | Calls: 1
⏱️  slide_processing:
   Total: 19.427s | Avg: 19.4269s | Calls: 1

🚨 BOTTLENECK ANALYSIS (Total Runtime: 49.555s):
   🔥 slide_processing: 19.427s (39.2%)
   🔥 total_computation: 19.427s (39.2%)
   🔥 batch_processing: 5.083s (10.3%)
   🔥 feature_processing: 4.793s (9.7%)

📊 OPERATION COUNTS:
   hdf5_write_operations: 1
   patches_processed: 1,899
   GPU Memory - Max: 4139.5MB | Avg: 3385.7MB

💡 OPTIMIZATION RECOMMENDATIONS:
================================================================================
📊 Features shape: (1899, 1536), Coords shape: (1899, 2)
💾 Saved features to /nemo/project/proj-tracerx-lung/tctProjects/kilimo/TracerX_WSIs/20X/uni_v2/pt_files/Tx421_TMA038.pt

🔄 Processing slide 58/71: Tx421_TMA038
downsample [1. 1.]
downsampled_level_dim [65280 61952]
level_dim [65280 61952]
name Tx421_TMA038
patch_level 0
patch_size 580
save_path /nemo/project/proj-tracerx-lung/tctProjects/kilimo/TracerX_WSIs/20X/patches/patches

feature extraction settings
transformations:  Compose(
    Resize(size=224, interpolation=bilinear, max_size=None, antialias=True)
    CenterCrop(size=(224, 224))
    MaybeToTensor()
    Normalize(mean=tensor([0.4850, 0.4560, 0.4060]), std=tensor([0.2290, 0.2240, 0.2250]))
)
📦 Dataset size: 1899 patches, 4 batches
🔍 Processing a total of 4 batches with profiling enabled
Saving random samples to /nemo/project/proj-tracerx-lung/tctProjects/kilimo/TracerX_WSIs/20X/uni_v2/samples/Tx421_TMA038
Saved 4/10 random sample images for slide Tx421_TMA038
✅ Features extracted in 19.4s

================================================================================
🔍 PERFORMANCE PROFILING SUMMARY - Tx421_TMA038
================================================================================
⏱️  wsi_loading:
   Total: 0.005s | Avg: 0.0048s | Calls: 1
⏱️  dataset_creation:
   Total: 0.042s | Avg: 0.0415s | Calls: 1
⏱️  data_loading:
   Total: 0.000s | Avg: 0.0001s | Calls: 4
   Min: 0.0001s | Max: 0.0002s
⏱️  sample_saving:
   Total: 0.012s | Avg: 0.0029s | Calls: 4
   Min: 0.0025s | Max: 0.0038s
⏱️  data_transfer:
   Total: 0.000s | Avg: 0.0001s | Calls: 4
   Min: 0.0000s | Max: 0.0002s
⏱️  model_inference:
   Total: 0.079s | Avg: 0.0197s | Calls: 4
   Min: 0.0175s | Max: 0.0246s
⏱️  feature_processing:
   Total: 4.812s | Avg: 1.2030s | Calls: 4
   Min: 0.9191s | Max: 1.3013s
⏱️  feature_accumulation:
   Total: 0.000s | Avg: 0.0000s | Calls: 4
   Min: 0.0000s | Max: 0.0000s
⏱️  batch_processing:
   Total: 5.068s | Avg: 1.2671s | Calls: 4
   Min: 1.1038s | Max: 1.3305s
⏱️  feature_combining:
   Total: 0.003s | Avg: 0.0026s | Calls: 1
⏱️  hdf5_writing:
   Total: 0.055s | Avg: 0.0552s | Calls: 1
⏱️  memory_cleanup:
   Total: 0.109s | Avg: 0.1085s | Calls: 1
⏱️  total_computation:
   Total: 19.345s | Avg: 19.3450s | Calls: 1
⏱️  slide_processing:
   Total: 19.345s | Avg: 19.3450s | Calls: 1

🚨 BOTTLENECK ANALYSIS (Total Runtime: 48.874s):
   🔥 slide_processing: 19.345s (39.6%)
   🔥 total_computation: 19.345s (39.6%)
   🔥 batch_processing: 5.068s (10.4%)
   🔥 feature_processing: 4.812s (9.8%)

📊 OPERATION COUNTS:
   hdf5_write_operations: 1
   patches_processed: 1,899
   GPU Memory - Max: 4139.5MB | Avg: 3385.7MB

💡 OPTIMIZATION RECOMMENDATIONS:
================================================================================
📊 Features shape: (1899, 1536), Coords shape: (1899, 2)
💾 Saved features to /nemo/project/proj-tracerx-lung/tctProjects/kilimo/TracerX_WSIs/20X/uni_v2/pt_files/Tx421_TMA038.pt

🔄 Processing slide 59/71: Tx421_TMA039
downsample [1. 1.]
downsampled_level_dim [69120 67584]
level_dim [69120 67584]
name Tx421_TMA039
patch_level 0
patch_size 580
save_path /nemo/project/proj-tracerx-lung/tctProjects/kilimo/TracerX_WSIs/20X/patches/patches

feature extraction settings
transformations:  Compose(
    Resize(size=224, interpolation=bilinear, max_size=None, antialias=True)
    CenterCrop(size=(224, 224))
    MaybeToTensor()
    Normalize(mean=tensor([0.4850, 0.4560, 0.4060]), std=tensor([0.2290, 0.2240, 0.2250]))
)
📦 Dataset size: 2496 patches, 5 batches
🔍 Processing a total of 5 batches with profiling enabled
Saving random samples to /nemo/project/proj-tracerx-lung/tctProjects/kilimo/TracerX_WSIs/20X/uni_v2/samples/Tx421_TMA039
Saved 5/10 random sample images for slide Tx421_TMA039
✅ Features extracted in 27.5s

================================================================================
🔍 PERFORMANCE PROFILING SUMMARY - Tx421_TMA039
================================================================================
⏱️  wsi_loading:
   Total: 0.604s | Avg: 0.6042s | Calls: 1
⏱️  dataset_creation:
   Total: 0.071s | Avg: 0.0709s | Calls: 1
⏱️  data_loading:
   Total: 0.001s | Avg: 0.0002s | Calls: 5
   Min: 0.0001s | Max: 0.0003s
⏱️  sample_saving:
   Total: 0.019s | Avg: 0.0039s | Calls: 5
   Min: 0.0028s | Max: 0.0057s
⏱️  data_transfer:
   Total: 0.001s | Avg: 0.0001s | Calls: 5
   Min: 0.0001s | Max: 0.0002s
⏱️  model_inference:
   Total: 0.118s | Avg: 0.0236s | Calls: 5
   Min: 0.0208s | Max: 0.0292s
⏱️  feature_processing:
   Total: 6.307s | Avg: 1.2615s | Calls: 5
   Min: 1.1478s | Max: 1.2965s
⏱️  feature_accumulation:
   Total: 0.000s | Avg: 0.0000s | Calls: 5
   Min: 0.0000s | Max: 0.0000s
⏱️  batch_processing:
   Total: 6.592s | Avg: 1.3183s | Calls: 5
   Min: 1.3142s | Max: 1.3207s
⏱️  feature_combining:
   Total: 0.003s | Avg: 0.0029s | Calls: 1
⏱️  hdf5_writing:
   Total: 0.035s | Avg: 0.0348s | Calls: 1
⏱️  memory_cleanup:
   Total: 0.108s | Avg: 0.1081s | Calls: 1
⏱️  total_computation:
   Total: 26.779s | Avg: 26.7787s | Calls: 1
⏱️  slide_processing:
   Total: 26.779s | Avg: 26.7787s | Calls: 1

🚨 BOTTLENECK ANALYSIS (Total Runtime: 67.416s):
   🔥 slide_processing: 26.779s (39.7%)
   🔥 total_computation: 26.779s (39.7%)
   🔥 batch_processing: 6.592s (9.8%)
   🔥 feature_processing: 6.307s (9.4%)

📊 OPERATION COUNTS:
   hdf5_write_operations: 1
   patches_processed: 2,496
   GPU Memory - Max: 4188.5MB | Avg: 3410.2MB

💡 OPTIMIZATION RECOMMENDATIONS:
================================================================================
📊 Features shape: (2496, 1536), Coords shape: (2496, 2)
💾 Saved features to /nemo/project/proj-tracerx-lung/tctProjects/kilimo/TracerX_WSIs/20X/uni_v2/pt_files/Tx421_TMA039.pt

🔄 Processing slide 60/71: Tx421_TMA039
downsample [1. 1.]
downsampled_level_dim [69120 67584]
level_dim [69120 67584]
name Tx421_TMA039
patch_level 0
patch_size 580
save_path /nemo/project/proj-tracerx-lung/tctProjects/kilimo/TracerX_WSIs/20X/patches/patches

feature extraction settings
transformations:  Compose(
    Resize(size=224, interpolation=bilinear, max_size=None, antialias=True)
    CenterCrop(size=(224, 224))
    MaybeToTensor()
    Normalize(mean=tensor([0.4850, 0.4560, 0.4060]), std=tensor([0.2290, 0.2240, 0.2250]))
)
📦 Dataset size: 2496 patches, 5 batches
🔍 Processing a total of 5 batches with profiling enabled
Saving random samples to /nemo/project/proj-tracerx-lung/tctProjects/kilimo/TracerX_WSIs/20X/uni_v2/samples/Tx421_TMA039
Saved 5/10 random sample images for slide Tx421_TMA039
✅ Features extracted in 26.2s

================================================================================
🔍 PERFORMANCE PROFILING SUMMARY - Tx421_TMA039
================================================================================
⏱️  wsi_loading:
   Total: 0.005s | Avg: 0.0051s | Calls: 1
⏱️  dataset_creation:
   Total: 0.046s | Avg: 0.0464s | Calls: 1
⏱️  data_loading:
   Total: 0.001s | Avg: 0.0001s | Calls: 5
   Min: 0.0001s | Max: 0.0003s
⏱️  sample_saving:
   Total: 0.018s | Avg: 0.0036s | Calls: 5
   Min: 0.0027s | Max: 0.0048s
⏱️  data_transfer:
   Total: 0.001s | Avg: 0.0001s | Calls: 5
   Min: 0.0001s | Max: 0.0002s
⏱️  model_inference:
   Total: 0.120s | Avg: 0.0240s | Calls: 5
   Min: 0.0204s | Max: 0.0358s
⏱️  feature_processing:
   Total: 6.307s | Avg: 1.2614s | Calls: 5
   Min: 1.1441s | Max: 1.2954s
⏱️  feature_accumulation:
   Total: 0.000s | Avg: 0.0000s | Calls: 5
   Min: 0.0000s | Max: 0.0000s
⏱️  batch_processing:
   Total: 6.608s | Avg: 1.3217s | Calls: 5
   Min: 1.3161s | Max: 1.3284s
⏱️  feature_combining:
   Total: 0.002s | Avg: 0.0022s | Calls: 1
⏱️  hdf5_writing:
   Total: 0.048s | Avg: 0.0477s | Calls: 1
⏱️  memory_cleanup:
   Total: 0.112s | Avg: 0.1119s | Calls: 1
⏱️  total_computation:
   Total: 26.172s | Avg: 26.1723s | Calls: 1
⏱️  slide_processing:
   Total: 26.172s | Avg: 26.1724s | Calls: 1

🚨 BOTTLENECK ANALYSIS (Total Runtime: 65.613s):
   🔥 slide_processing: 26.172s (39.9%)
   🔥 total_computation: 26.172s (39.9%)
   🔥 batch_processing: 6.608s (10.1%)
   🔥 feature_processing: 6.307s (9.6%)

📊 OPERATION COUNTS:
   hdf5_write_operations: 1
   patches_processed: 2,496
   GPU Memory - Max: 4188.5MB | Avg: 3410.2MB

💡 OPTIMIZATION RECOMMENDATIONS:
================================================================================
📊 Features shape: (2496, 1536), Coords shape: (2496, 2)
💾 Saved features to /nemo/project/proj-tracerx-lung/tctProjects/kilimo/TracerX_WSIs/20X/uni_v2/pt_files/Tx421_TMA039.pt

🔄 Processing slide 61/71: Tx421_TMA056
downsample [1. 1.]
downsampled_level_dim [69120 67584]
level_dim [69120 67584]
name Tx421_TMA056
patch_level 0
patch_size 580
save_path /nemo/project/proj-tracerx-lung/tctProjects/kilimo/TracerX_WSIs/20X/patches/patches

feature extraction settings
transformations:  Compose(
    Resize(size=224, interpolation=bilinear, max_size=None, antialias=True)
    CenterCrop(size=(224, 224))
    MaybeToTensor()
    Normalize(mean=tensor([0.4850, 0.4560, 0.4060]), std=tensor([0.2290, 0.2240, 0.2250]))
)
📦 Dataset size: 3812 patches, 8 batches
🔍 Processing a total of 8 batches with profiling enabled
Saving random samples to /nemo/project/proj-tracerx-lung/tctProjects/kilimo/TracerX_WSIs/20X/uni_v2/samples/Tx421_TMA056
Saved 8/10 random sample images for slide Tx421_TMA056
✅ Features extracted in 36.7s

================================================================================
🔍 PERFORMANCE PROFILING SUMMARY - Tx421_TMA056
================================================================================
⏱️  wsi_loading:
   Total: 0.970s | Avg: 0.9696s | Calls: 1
⏱️  dataset_creation:
   Total: 0.124s | Avg: 0.1243s | Calls: 1
⏱️  data_loading:
   Total: 0.001s | Avg: 0.0001s | Calls: 8
   Min: 0.0001s | Max: 0.0003s
⏱️  sample_saving:
   Total: 0.030s | Avg: 0.0038s | Calls: 8
   Min: 0.0030s | Max: 0.0049s
⏱️  data_transfer:
   Total: 0.001s | Avg: 0.0001s | Calls: 8
   Min: 0.0001s | Max: 0.0002s
⏱️  model_inference:
   Total: 0.204s | Avg: 0.0255s | Calls: 8
   Min: 0.0193s | Max: 0.0367s
⏱️  feature_processing:
   Total: 9.615s | Avg: 1.2019s | Calls: 8
   Min: 0.5731s | Max: 1.3039s
⏱️  feature_accumulation:
   Total: 0.000s | Avg: 0.0000s | Calls: 8
   Min: 0.0000s | Max: 0.0000s
⏱️  batch_processing:
   Total: 10.018s | Avg: 1.2522s | Calls: 8
   Min: 0.7625s | Max: 1.3356s
⏱️  feature_combining:
   Total: 0.005s | Avg: 0.0050s | Calls: 1
⏱️  hdf5_writing:
   Total: 0.051s | Avg: 0.0509s | Calls: 1
⏱️  memory_cleanup:
   Total: 0.113s | Avg: 0.1125s | Calls: 1
⏱️  total_computation:
   Total: 35.611s | Avg: 35.6108s | Calls: 1
⏱️  slide_processing:
   Total: 35.611s | Avg: 35.6109s | Calls: 1

🚨 BOTTLENECK ANALYSIS (Total Runtime: 92.353s):
   🔥 slide_processing: 35.611s (38.6%)
   🔥 total_computation: 35.611s (38.6%)
   🔥 batch_processing: 10.018s (10.8%)
   🔥 feature_processing: 9.615s (10.4%)

📊 OPERATION COUNTS:
   hdf5_write_operations: 1
   patches_processed: 3,812
   GPU Memory - Max: 4062.5MB | Avg: 3347.2MB

💡 OPTIMIZATION RECOMMENDATIONS:
================================================================================
📊 Features shape: (3812, 1536), Coords shape: (3812, 2)
💾 Saved features to /nemo/project/proj-tracerx-lung/tctProjects/kilimo/TracerX_WSIs/20X/uni_v2/pt_files/Tx421_TMA056.pt

🔄 Processing slide 62/71: Tx421_TMA056
downsample [1. 1.]
downsampled_level_dim [69120 67584]
level_dim [69120 67584]
name Tx421_TMA056
patch_level 0
patch_size 580
save_path /nemo/project/proj-tracerx-lung/tctProjects/kilimo/TracerX_WSIs/20X/patches/patches

feature extraction settings
transformations:  Compose(
    Resize(size=224, interpolation=bilinear, max_size=None, antialias=True)
    CenterCrop(size=(224, 224))
    MaybeToTensor()
    Normalize(mean=tensor([0.4850, 0.4560, 0.4060]), std=tensor([0.2290, 0.2240, 0.2250]))
)
📦 Dataset size: 3812 patches, 8 batches
🔍 Processing a total of 8 batches with profiling enabled
Saving random samples to /nemo/project/proj-tracerx-lung/tctProjects/kilimo/TracerX_WSIs/20X/uni_v2/samples/Tx421_TMA056
Saved 8/10 random sample images for slide Tx421_TMA056
✅ Features extracted in 32.0s

================================================================================
🔍 PERFORMANCE PROFILING SUMMARY - Tx421_TMA056
================================================================================
⏱️  wsi_loading:
   Total: 0.005s | Avg: 0.0047s | Calls: 1
⏱️  dataset_creation:
   Total: 0.060s | Avg: 0.0597s | Calls: 1
⏱️  data_loading:
   Total: 0.001s | Avg: 0.0001s | Calls: 8
   Min: 0.0001s | Max: 0.0003s
⏱️  sample_saving:
   Total: 0.031s | Avg: 0.0039s | Calls: 8
   Min: 0.0028s | Max: 0.0051s
⏱️  data_transfer:
   Total: 0.001s | Avg: 0.0001s | Calls: 8
   Min: 0.0001s | Max: 0.0002s
⏱️  model_inference:
   Total: 0.203s | Avg: 0.0253s | Calls: 8
   Min: 0.0182s | Max: 0.0371s
⏱️  feature_processing:
   Total: 9.600s | Avg: 1.1999s | Calls: 8
   Min: 0.5755s | Max: 1.2957s
⏱️  feature_accumulation:
   Total: 0.000s | Avg: 0.0000s | Calls: 8
   Min: 0.0000s | Max: 0.0000s
⏱️  batch_processing:
   Total: 10.036s | Avg: 1.2545s | Calls: 8
   Min: 0.7946s | Max: 1.3227s
⏱️  feature_combining:
   Total: 0.007s | Avg: 0.0067s | Calls: 1
⏱️  hdf5_writing:
   Total: 0.087s | Avg: 0.0874s | Calls: 1
⏱️  memory_cleanup:
   Total: 0.109s | Avg: 0.1094s | Calls: 1
⏱️  total_computation:
   Total: 31.945s | Avg: 31.9449s | Calls: 1
⏱️  slide_processing:
   Total: 31.945s | Avg: 31.9449s | Calls: 1

🚨 BOTTLENECK ANALYSIS (Total Runtime: 84.028s):
   🔥 slide_processing: 31.945s (38.0%)
   🔥 total_computation: 31.945s (38.0%)
   🔥 batch_processing: 10.036s (11.9%)
   🔥 feature_processing: 9.600s (11.4%)

📊 OPERATION COUNTS:
   hdf5_write_operations: 1
   patches_processed: 3,812
   GPU Memory - Max: 4062.5MB | Avg: 3347.2MB

💡 OPTIMIZATION RECOMMENDATIONS:
================================================================================
📊 Features shape: (3812, 1536), Coords shape: (3812, 2)
💾 Saved features to /nemo/project/proj-tracerx-lung/tctProjects/kilimo/TracerX_WSIs/20X/uni_v2/pt_files/Tx421_TMA056.pt

🔄 Processing slide 63/71: Tx421_TMA056_02
downsample [1. 1.]
downsampled_level_dim [76800 73216]
level_dim [76800 73216]
name Tx421_TMA056_02
patch_level 0
patch_size 580
save_path /nemo/project/proj-tracerx-lung/tctProjects/kilimo/TracerX_WSIs/20X/patches/patches

feature extraction settings
transformations:  Compose(
    Resize(size=224, interpolation=bilinear, max_size=None, antialias=True)
    CenterCrop(size=(224, 224))
    MaybeToTensor()
    Normalize(mean=tensor([0.4850, 0.4560, 0.4060]), std=tensor([0.2290, 0.2240, 0.2250]))
)
📦 Dataset size: 3240 patches, 7 batches
🔍 Processing a total of 7 batches with profiling enabled
Saving random samples to /nemo/project/proj-tracerx-lung/tctProjects/kilimo/TracerX_WSIs/20X/uni_v2/samples/Tx421_TMA056_02
Saved 7/10 random sample images for slide Tx421_TMA056_02
✅ Features extracted in 33.3s

================================================================================
🔍 PERFORMANCE PROFILING SUMMARY - Tx421_TMA056_02
================================================================================
⏱️  wsi_loading:
   Total: 0.999s | Avg: 0.9989s | Calls: 1
⏱️  dataset_creation:
   Total: 0.096s | Avg: 0.0956s | Calls: 1
⏱️  data_loading:
   Total: 0.001s | Avg: 0.0001s | Calls: 7
   Min: 0.0001s | Max: 0.0003s
⏱️  sample_saving:
   Total: 0.025s | Avg: 0.0036s | Calls: 7
   Min: 0.0027s | Max: 0.0047s
⏱️  data_transfer:
   Total: 0.001s | Avg: 0.0001s | Calls: 7
   Min: 0.0001s | Max: 0.0002s
⏱️  model_inference:
   Total: 0.164s | Avg: 0.0235s | Calls: 7
   Min: 0.0209s | Max: 0.0360s
⏱️  feature_processing:
   Total: 8.180s | Avg: 1.1686s | Calls: 7
   Min: 0.4186s | Max: 1.2986s
⏱️  feature_accumulation:
   Total: 0.000s | Avg: 0.0000s | Calls: 7
   Min: 0.0000s | Max: 0.0000s
⏱️  batch_processing:
   Total: 8.532s | Avg: 1.2188s | Calls: 7
   Min: 0.6016s | Max: 1.3304s
⏱️  feature_combining:
   Total: 0.004s | Avg: 0.0044s | Calls: 1
⏱️  hdf5_writing:
   Total: 0.051s | Avg: 0.0505s | Calls: 1
⏱️  memory_cleanup:
   Total: 0.108s | Avg: 0.1076s | Calls: 1
⏱️  total_computation:
   Total: 32.218s | Avg: 32.2176s | Calls: 1
⏱️  slide_processing:
   Total: 32.218s | Avg: 32.2177s | Calls: 1

🚨 BOTTLENECK ANALYSIS (Total Runtime: 82.595s):
   🔥 slide_processing: 32.218s (39.0%)
   🔥 total_computation: 32.218s (39.0%)
   🔥 batch_processing: 8.532s (10.3%)
   🔥 feature_processing: 8.180s (9.9%)

📊 OPERATION COUNTS:
   hdf5_write_operations: 1
   patches_processed: 3,240
   GPU Memory - Max: 4027.1MB | Avg: 3329.5MB

💡 OPTIMIZATION RECOMMENDATIONS:
================================================================================
📊 Features shape: (3240, 1536), Coords shape: (3240, 2)
💾 Saved features to /nemo/project/proj-tracerx-lung/tctProjects/kilimo/TracerX_WSIs/20X/uni_v2/pt_files/Tx421_TMA056_02.pt

🔄 Processing slide 64/71: Tx421_TMA063
downsample [1. 1.]
downsampled_level_dim [65280 61952]
level_dim [65280 61952]
name Tx421_TMA063
patch_level 0
patch_size 580
save_path /nemo/project/proj-tracerx-lung/tctProjects/kilimo/TracerX_WSIs/20X/patches/patches

feature extraction settings
transformations:  Compose(
    Resize(size=224, interpolation=bilinear, max_size=None, antialias=True)
    CenterCrop(size=(224, 224))
    MaybeToTensor()
    Normalize(mean=tensor([0.4850, 0.4560, 0.4060]), std=tensor([0.2290, 0.2240, 0.2250]))
)
📦 Dataset size: 3038 patches, 6 batches
🔍 Processing a total of 6 batches with profiling enabled
Saving random samples to /nemo/project/proj-tracerx-lung/tctProjects/kilimo/TracerX_WSIs/20X/uni_v2/samples/Tx421_TMA063
Saved 6/10 random sample images for slide Tx421_TMA063
✅ Features extracted in 31.2s

================================================================================
🔍 PERFORMANCE PROFILING SUMMARY - Tx421_TMA063
================================================================================
⏱️  wsi_loading:
   Total: 0.814s | Avg: 0.8139s | Calls: 1
⏱️  dataset_creation:
   Total: 0.080s | Avg: 0.0800s | Calls: 1
⏱️  data_loading:
   Total: 0.001s | Avg: 0.0001s | Calls: 6
   Min: 0.0001s | Max: 0.0003s
⏱️  sample_saving:
   Total: 0.023s | Avg: 0.0038s | Calls: 6
   Min: 0.0029s | Max: 0.0049s
⏱️  data_transfer:
   Total: 0.001s | Avg: 0.0001s | Calls: 6
   Min: 0.0001s | Max: 0.0002s
⏱️  model_inference:
   Total: 0.139s | Avg: 0.0232s | Calls: 6
   Min: 0.0207s | Max: 0.0317s
⏱️  feature_processing:
   Total: 7.688s | Avg: 1.2814s | Calls: 6
   Min: 1.2018s | Max: 1.3061s
⏱️  feature_accumulation:
   Total: 0.000s | Avg: 0.0000s | Calls: 6
   Min: 0.0000s | Max: 0.0000s
⏱️  batch_processing:
   Total: 8.034s | Avg: 1.3390s | Calls: 6
   Min: 1.3160s | Max: 1.4093s
⏱️  feature_combining:
   Total: 0.005s | Avg: 0.0048s | Calls: 1
⏱️  hdf5_writing:
   Total: 0.069s | Avg: 0.0692s | Calls: 1
⏱️  memory_cleanup:
   Total: 0.110s | Avg: 0.1105s | Calls: 1
⏱️  total_computation:
   Total: 30.258s | Avg: 30.2583s | Calls: 1
⏱️  slide_processing:
   Total: 30.258s | Avg: 30.2584s | Calls: 1

🚨 BOTTLENECK ANALYSIS (Total Runtime: 77.481s):
   🔥 slide_processing: 30.258s (39.1%)
   🔥 total_computation: 30.258s (39.1%)
   🔥 batch_processing: 8.034s (10.4%)
   🔥 feature_processing: 7.688s (9.9%)

📊 OPERATION COUNTS:
   hdf5_write_operations: 1
   patches_processed: 3,038
   GPU Memory - Max: 4206.1MB | Avg: 3419.0MB

💡 OPTIMIZATION RECOMMENDATIONS:
================================================================================
📊 Features shape: (3038, 1536), Coords shape: (3038, 2)
💾 Saved features to /nemo/project/proj-tracerx-lung/tctProjects/kilimo/TracerX_WSIs/20X/uni_v2/pt_files/Tx421_TMA063.pt

🔄 Processing slide 65/71: Tx421_TMA063
downsample [1. 1.]
downsampled_level_dim [65280 61952]
level_dim [65280 61952]
name Tx421_TMA063
patch_level 0
patch_size 580
save_path /nemo/project/proj-tracerx-lung/tctProjects/kilimo/TracerX_WSIs/20X/patches/patches

feature extraction settings
transformations:  Compose(
    Resize(size=224, interpolation=bilinear, max_size=None, antialias=True)
    CenterCrop(size=(224, 224))
    MaybeToTensor()
    Normalize(mean=tensor([0.4850, 0.4560, 0.4060]), std=tensor([0.2290, 0.2240, 0.2250]))
)
📦 Dataset size: 3038 patches, 6 batches
🔍 Processing a total of 6 batches with profiling enabled
Saving random samples to /nemo/project/proj-tracerx-lung/tctProjects/kilimo/TracerX_WSIs/20X/uni_v2/samples/Tx421_TMA063
Saved 6/10 random sample images for slide Tx421_TMA063
✅ Features extracted in 30.8s

================================================================================
🔍 PERFORMANCE PROFILING SUMMARY - Tx421_TMA063
================================================================================
⏱️  wsi_loading:
   Total: 0.006s | Avg: 0.0057s | Calls: 1
⏱️  dataset_creation:
   Total: 0.049s | Avg: 0.0493s | Calls: 1
⏱️  data_loading:
   Total: 0.001s | Avg: 0.0001s | Calls: 6
   Min: 0.0001s | Max: 0.0003s
⏱️  sample_saving:
   Total: 0.020s | Avg: 0.0034s | Calls: 6
   Min: 0.0027s | Max: 0.0053s
⏱️  data_transfer:
   Total: 0.001s | Avg: 0.0001s | Calls: 6
   Min: 0.0001s | Max: 0.0002s
⏱️  model_inference:
   Total: 0.136s | Avg: 0.0226s | Calls: 6
   Min: 0.0185s | Max: 0.0339s
⏱️  feature_processing:
   Total: 7.692s | Avg: 1.2820s | Calls: 6
   Min: 1.2084s | Max: 1.3090s
⏱️  feature_accumulation:
   Total: 0.000s | Avg: 0.0000s | Calls: 6
   Min: 0.0000s | Max: 0.0000s
⏱️  batch_processing:
   Total: 8.014s | Avg: 1.3356s | Calls: 6
   Min: 1.3163s | Max: 1.3919s
⏱️  feature_combining:
   Total: 0.005s | Avg: 0.0050s | Calls: 1
⏱️  hdf5_writing:
   Total: 0.051s | Avg: 0.0511s | Calls: 1
⏱️  memory_cleanup:
   Total: 0.110s | Avg: 0.1101s | Calls: 1
⏱️  total_computation:
   Total: 30.702s | Avg: 30.7019s | Calls: 1
⏱️  slide_processing:
   Total: 30.702s | Avg: 30.7020s | Calls: 1

🚨 BOTTLENECK ANALYSIS (Total Runtime: 77.488s):
   🔥 slide_processing: 30.702s (39.6%)
   🔥 total_computation: 30.702s (39.6%)
   🔥 batch_processing: 8.014s (10.3%)
   🔥 feature_processing: 7.692s (9.9%)

📊 OPERATION COUNTS:
   hdf5_write_operations: 1
   patches_processed: 3,038
   GPU Memory - Max: 4206.1MB | Avg: 3419.0MB

💡 OPTIMIZATION RECOMMENDATIONS:
================================================================================
📊 Features shape: (3038, 1536), Coords shape: (3038, 2)
💾 Saved features to /nemo/project/proj-tracerx-lung/tctProjects/kilimo/TracerX_WSIs/20X/uni_v2/pt_files/Tx421_TMA063.pt

🔄 Processing slide 66/71: Tx421_TMA064
downsample [1. 1.]
downsampled_level_dim [65280 64768]
level_dim [65280 64768]
name Tx421_TMA064
patch_level 0
patch_size 580
save_path /nemo/project/proj-tracerx-lung/tctProjects/kilimo/TracerX_WSIs/20X/patches/patches

feature extraction settings
transformations:  Compose(
    Resize(size=224, interpolation=bilinear, max_size=None, antialias=True)
    CenterCrop(size=(224, 224))
    MaybeToTensor()
    Normalize(mean=tensor([0.4850, 0.4560, 0.4060]), std=tensor([0.2290, 0.2240, 0.2250]))
)
📦 Dataset size: 2984 patches, 6 batches
🔍 Processing a total of 6 batches with profiling enabled
Saving random samples to /nemo/project/proj-tracerx-lung/tctProjects/kilimo/TracerX_WSIs/20X/uni_v2/samples/Tx421_TMA064
Saved 6/10 random sample images for slide Tx421_TMA064
✅ Features extracted in 31.0s

================================================================================
🔍 PERFORMANCE PROFILING SUMMARY - Tx421_TMA064
================================================================================
⏱️  wsi_loading:
   Total: 0.590s | Avg: 0.5903s | Calls: 1
⏱️  dataset_creation:
   Total: 0.118s | Avg: 0.1179s | Calls: 1
⏱️  data_loading:
   Total: 0.001s | Avg: 0.0001s | Calls: 6
   Min: 0.0001s | Max: 0.0003s
⏱️  sample_saving:
   Total: 0.022s | Avg: 0.0037s | Calls: 6
   Min: 0.0029s | Max: 0.0050s
⏱️  data_transfer:
   Total: 0.001s | Avg: 0.0001s | Calls: 6
   Min: 0.0001s | Max: 0.0002s
⏱️  model_inference:
   Total: 0.145s | Avg: 0.0242s | Calls: 6
   Min: 0.0207s | Max: 0.0365s
⏱️  feature_processing:
   Total: 7.530s | Avg: 1.2551s | Calls: 6
   Min: 1.0675s | Max: 1.2956s
⏱️  feature_accumulation:
   Total: 0.000s | Avg: 0.0000s | Calls: 6
   Min: 0.0000s | Max: 0.0000s
⏱️  batch_processing:
   Total: 7.847s | Avg: 1.3079s | Calls: 6
   Min: 1.2408s | Max: 1.3305s
⏱️  feature_combining:
   Total: 0.004s | Avg: 0.0043s | Calls: 1
⏱️  hdf5_writing:
   Total: 0.035s | Avg: 0.0350s | Calls: 1
⏱️  memory_cleanup:
   Total: 0.111s | Avg: 0.1106s | Calls: 1
⏱️  total_computation:
   Total: 30.265s | Avg: 30.2646s | Calls: 1
⏱️  slide_processing:
   Total: 30.265s | Avg: 30.2646s | Calls: 1

🚨 BOTTLENECK ANALYSIS (Total Runtime: 76.934s):
   🔥 slide_processing: 30.265s (39.3%)
   🔥 total_computation: 30.265s (39.3%)
   🔥 batch_processing: 7.847s (10.2%)
   🔥 feature_processing: 7.530s (9.8%)

📊 OPERATION COUNTS:
   hdf5_write_operations: 1
   patches_processed: 2,984
   GPU Memory - Max: 4175.1MB | Avg: 3403.5MB

💡 OPTIMIZATION RECOMMENDATIONS:
================================================================================
📊 Features shape: (2984, 1536), Coords shape: (2984, 2)
💾 Saved features to /nemo/project/proj-tracerx-lung/tctProjects/kilimo/TracerX_WSIs/20X/uni_v2/pt_files/Tx421_TMA064.pt

🔄 Processing slide 67/71: Tx421_TMA064
downsample [1. 1.]
downsampled_level_dim [65280 64768]
level_dim [65280 64768]
name Tx421_TMA064
patch_level 0
patch_size 580
save_path /nemo/project/proj-tracerx-lung/tctProjects/kilimo/TracerX_WSIs/20X/patches/patches

feature extraction settings
transformations:  Compose(
    Resize(size=224, interpolation=bilinear, max_size=None, antialias=True)
    CenterCrop(size=(224, 224))
    MaybeToTensor()
    Normalize(mean=tensor([0.4850, 0.4560, 0.4060]), std=tensor([0.2290, 0.2240, 0.2250]))
)
📦 Dataset size: 2984 patches, 6 batches
🔍 Processing a total of 6 batches with profiling enabled
Saving random samples to /nemo/project/proj-tracerx-lung/tctProjects/kilimo/TracerX_WSIs/20X/uni_v2/samples/Tx421_TMA064
Saved 6/10 random sample images for slide Tx421_TMA064
✅ Features extracted in 29.8s

================================================================================
🔍 PERFORMANCE PROFILING SUMMARY - Tx421_TMA064
================================================================================
⏱️  wsi_loading:
   Total: 0.006s | Avg: 0.0057s | Calls: 1
⏱️  dataset_creation:
   Total: 0.048s | Avg: 0.0483s | Calls: 1
⏱️  data_loading:
   Total: 0.001s | Avg: 0.0001s | Calls: 6
   Min: 0.0001s | Max: 0.0002s
⏱️  sample_saving:
   Total: 0.021s | Avg: 0.0035s | Calls: 6
   Min: 0.0028s | Max: 0.0046s
⏱️  data_transfer:
   Total: 0.001s | Avg: 0.0001s | Calls: 6
   Min: 0.0001s | Max: 0.0002s
⏱️  model_inference:
   Total: 0.131s | Avg: 0.0218s | Calls: 6
   Min: 0.0202s | Max: 0.0253s
⏱️  feature_processing:
   Total: 7.562s | Avg: 1.2604s | Calls: 6
   Min: 1.0705s | Max: 1.3061s
⏱️  feature_accumulation:
   Total: 0.000s | Avg: 0.0000s | Calls: 6
   Min: 0.0000s | Max: 0.0000s
⏱️  batch_processing:
   Total: 7.868s | Avg: 1.3113s | Calls: 6
   Min: 1.2442s | Max: 1.3357s
⏱️  feature_combining:
   Total: 0.005s | Avg: 0.0048s | Calls: 1
⏱️  hdf5_writing:
   Total: 0.041s | Avg: 0.0412s | Calls: 1
⏱️  memory_cleanup:
   Total: 0.108s | Avg: 0.1082s | Calls: 1
⏱️  total_computation:
   Total: 29.727s | Avg: 29.7270s | Calls: 1
⏱️  slide_processing:
   Total: 29.727s | Avg: 29.7270s | Calls: 1

🚨 BOTTLENECK ANALYSIS (Total Runtime: 75.245s):
   🔥 slide_processing: 29.727s (39.5%)
   🔥 total_computation: 29.727s (39.5%)
   🔥 batch_processing: 7.868s (10.5%)
   🔥 feature_processing: 7.562s (10.1%)

📊 OPERATION COUNTS:
   hdf5_write_operations: 1
   patches_processed: 2,984
   GPU Memory - Max: 4175.1MB | Avg: 3403.5MB

💡 OPTIMIZATION RECOMMENDATIONS:
================================================================================
📊 Features shape: (2984, 1536), Coords shape: (2984, 2)
💾 Saved features to /nemo/project/proj-tracerx-lung/tctProjects/kilimo/TracerX_WSIs/20X/uni_v2/pt_files/Tx421_TMA064.pt

🔄 Processing slide 68/71: Tx421_TMA064_02
downsample [1. 1.]
downsampled_level_dim [76800 73216]
level_dim [76800 73216]
name Tx421_TMA064_02
patch_level 0
patch_size 580
save_path /nemo/project/proj-tracerx-lung/tctProjects/kilimo/TracerX_WSIs/20X/patches/patches

feature extraction settings
transformations:  Compose(
    Resize(size=224, interpolation=bilinear, max_size=None, antialias=True)
    CenterCrop(size=(224, 224))
    MaybeToTensor()
    Normalize(mean=tensor([0.4850, 0.4560, 0.4060]), std=tensor([0.2290, 0.2240, 0.2250]))
)
📦 Dataset size: 3462 patches, 7 batches
🔍 Processing a total of 7 batches with profiling enabled
Saving random samples to /nemo/project/proj-tracerx-lung/tctProjects/kilimo/TracerX_WSIs/20X/uni_v2/samples/Tx421_TMA064_02
Saved 7/10 random sample images for slide Tx421_TMA064_02
✅ Features extracted in 34.3s

================================================================================
🔍 PERFORMANCE PROFILING SUMMARY - Tx421_TMA064_02
================================================================================
⏱️  wsi_loading:
   Total: 0.667s | Avg: 0.6666s | Calls: 1
⏱️  dataset_creation:
   Total: 0.097s | Avg: 0.0969s | Calls: 1
⏱️  data_loading:
   Total: 0.001s | Avg: 0.0001s | Calls: 7
   Min: 0.0001s | Max: 0.0002s
⏱️  sample_saving:
   Total: 0.043s | Avg: 0.0061s | Calls: 7
   Min: 0.0028s | Max: 0.0226s
⏱️  data_transfer:
   Total: 0.001s | Avg: 0.0001s | Calls: 7
   Min: 0.0001s | Max: 0.0002s
⏱️  model_inference:
   Total: 0.164s | Avg: 0.0234s | Calls: 7
   Min: 0.0211s | Max: 0.0296s
⏱️  feature_processing:
   Total: 8.740s | Avg: 1.2486s | Calls: 7
   Min: 0.9812s | Max: 1.3022s
⏱️  feature_accumulation:
   Total: 0.000s | Avg: 0.0000s | Calls: 7
   Min: 0.0000s | Max: 0.0000s
⏱️  batch_processing:
   Total: 9.144s | Avg: 1.3063s | Calls: 7
   Min: 1.2195s | Max: 1.3297s
⏱️  feature_combining:
   Total: 0.006s | Avg: 0.0059s | Calls: 1
⏱️  hdf5_writing:
   Total: 0.080s | Avg: 0.0799s | Calls: 1
⏱️  memory_cleanup:
   Total: 0.112s | Avg: 0.1125s | Calls: 1
⏱️  total_computation:
   Total: 33.529s | Avg: 33.5290s | Calls: 1
⏱️  slide_processing:
   Total: 33.529s | Avg: 33.5291s | Calls: 1

🚨 BOTTLENECK ANALYSIS (Total Runtime: 86.112s):
   🔥 slide_processing: 33.529s (38.9%)
   🔥 total_computation: 33.529s (38.9%)
   🔥 batch_processing: 9.144s (10.6%)
   🔥 feature_processing: 8.740s (10.1%)

📊 OPERATION COUNTS:
   hdf5_write_operations: 1
   patches_processed: 3,462
   GPU Memory - Max: 4155.8MB | Avg: 3393.9MB

💡 OPTIMIZATION RECOMMENDATIONS:
================================================================================
📊 Features shape: (3462, 1536), Coords shape: (3462, 2)
💾 Saved features to /nemo/project/proj-tracerx-lung/tctProjects/kilimo/TracerX_WSIs/20X/uni_v2/pt_files/Tx421_TMA064_02.pt

🔄 Processing slide 69/71: Tx421_TMA065
downsample [1. 1.]
downsampled_level_dim [65280 61952]
level_dim [65280 61952]
name Tx421_TMA065
patch_level 0
patch_size 580
save_path /nemo/project/proj-tracerx-lung/tctProjects/kilimo/TracerX_WSIs/20X/patches/patches

feature extraction settings
transformations:  Compose(
    Resize(size=224, interpolation=bilinear, max_size=None, antialias=True)
    CenterCrop(size=(224, 224))
    MaybeToTensor()
    Normalize(mean=tensor([0.4850, 0.4560, 0.4060]), std=tensor([0.2290, 0.2240, 0.2250]))
)
📦 Dataset size: 2846 patches, 6 batches
🔍 Processing a total of 6 batches with profiling enabled
Saving random samples to /nemo/project/proj-tracerx-lung/tctProjects/kilimo/TracerX_WSIs/20X/uni_v2/samples/Tx421_TMA065
Saved 6/10 random sample images for slide Tx421_TMA065
✅ Features extracted in 30.6s

================================================================================
🔍 PERFORMANCE PROFILING SUMMARY - Tx421_TMA065
================================================================================
⏱️  wsi_loading:
   Total: 0.426s | Avg: 0.4260s | Calls: 1
⏱️  dataset_creation:
   Total: 0.062s | Avg: 0.0615s | Calls: 1
⏱️  data_loading:
   Total: 0.001s | Avg: 0.0001s | Calls: 6
   Min: 0.0001s | Max: 0.0002s
⏱️  sample_saving:
   Total: 0.019s | Avg: 0.0032s | Calls: 6
   Min: 0.0025s | Max: 0.0042s
⏱️  data_transfer:
   Total: 0.000s | Avg: 0.0001s | Calls: 6
   Min: 0.0000s | Max: 0.0001s
⏱️  model_inference:
   Total: 0.129s | Avg: 0.0214s | Calls: 6
   Min: 0.0208s | Max: 0.0228s
⏱️  feature_processing:
   Total: 7.201s | Avg: 1.2002s | Calls: 6
   Min: 0.7178s | Max: 1.3066s
⏱️  feature_accumulation:
   Total: 0.000s | Avg: 0.0000s | Calls: 6
   Min: 0.0000s | Max: 0.0000s
⏱️  batch_processing:
   Total: 7.525s | Avg: 1.2542s | Calls: 6
   Min: 0.9143s | Max: 1.3319s
⏱️  feature_combining:
   Total: 0.005s | Avg: 0.0046s | Calls: 1
⏱️  hdf5_writing:
   Total: 0.061s | Avg: 0.0609s | Calls: 1
⏱️  memory_cleanup:
   Total: 0.111s | Avg: 0.1113s | Calls: 1
⏱️  total_computation:
   Total: 30.143s | Avg: 30.1428s | Calls: 1
⏱️  slide_processing:
   Total: 30.143s | Avg: 30.1429s | Calls: 1

🚨 BOTTLENECK ANALYSIS (Total Runtime: 75.825s):
   🔥 slide_processing: 30.143s (39.8%)
   🔥 total_computation: 30.143s (39.8%)
   🔥 batch_processing: 7.525s (9.9%)
   🔥 feature_processing: 7.201s (9.5%)

📊 OPERATION COUNTS:
   hdf5_write_operations: 1
   patches_processed: 2,846
   GPU Memory - Max: 4095.7MB | Avg: 3363.8MB

💡 OPTIMIZATION RECOMMENDATIONS:
================================================================================
📊 Features shape: (2846, 1536), Coords shape: (2846, 2)
💾 Saved features to /nemo/project/proj-tracerx-lung/tctProjects/kilimo/TracerX_WSIs/20X/uni_v2/pt_files/Tx421_TMA065.pt

🔄 Processing slide 70/71: Tx421_TMA065
downsample [1. 1.]
downsampled_level_dim [65280 61952]
level_dim [65280 61952]
name Tx421_TMA065
patch_level 0
patch_size 580
save_path /nemo/project/proj-tracerx-lung/tctProjects/kilimo/TracerX_WSIs/20X/patches/patches

feature extraction settings
transformations:  Compose(
    Resize(size=224, interpolation=bilinear, max_size=None, antialias=True)
    CenterCrop(size=(224, 224))
    MaybeToTensor()
    Normalize(mean=tensor([0.4850, 0.4560, 0.4060]), std=tensor([0.2290, 0.2240, 0.2250]))
)
📦 Dataset size: 2846 patches, 6 batches
🔍 Processing a total of 6 batches with profiling enabled
Saving random samples to /nemo/project/proj-tracerx-lung/tctProjects/kilimo/TracerX_WSIs/20X/uni_v2/samples/Tx421_TMA065
Saved 6/10 random sample images for slide Tx421_TMA065
✅ Features extracted in 28.5s

================================================================================
🔍 PERFORMANCE PROFILING SUMMARY - Tx421_TMA065
================================================================================
⏱️  wsi_loading:
   Total: 0.006s | Avg: 0.0060s | Calls: 1
⏱️  dataset_creation:
   Total: 0.051s | Avg: 0.0509s | Calls: 1
⏱️  data_loading:
   Total: 0.001s | Avg: 0.0001s | Calls: 6
   Min: 0.0001s | Max: 0.0003s
⏱️  sample_saving:
   Total: 0.023s | Avg: 0.0039s | Calls: 6
   Min: 0.0028s | Max: 0.0067s
⏱️  data_transfer:
   Total: 0.001s | Avg: 0.0001s | Calls: 6
   Min: 0.0001s | Max: 0.0003s
⏱️  model_inference:
   Total: 0.143s | Avg: 0.0238s | Calls: 6
   Min: 0.0186s | Max: 0.0396s
⏱️  feature_processing:
   Total: 7.186s | Avg: 1.1976s | Calls: 6
   Min: 0.7207s | Max: 1.3023s
⏱️  feature_accumulation:
   Total: 0.000s | Avg: 0.0000s | Calls: 6
   Min: 0.0000s | Max: 0.0000s
⏱️  batch_processing:
   Total: 7.515s | Avg: 1.2524s | Calls: 6
   Min: 0.9024s | Max: 1.3281s
⏱️  feature_combining:
   Total: 0.004s | Avg: 0.0043s | Calls: 1
⏱️  hdf5_writing:
   Total: 0.047s | Avg: 0.0465s | Calls: 1
⏱️  memory_cleanup:
   Total: 0.112s | Avg: 0.1124s | Calls: 1
⏱️  total_computation:
   Total: 28.429s | Avg: 28.4293s | Calls: 1
⏱️  slide_processing:
   Total: 28.429s | Avg: 28.4294s | Calls: 1

🚨 BOTTLENECK ANALYSIS (Total Runtime: 71.946s):
   🔥 slide_processing: 28.429s (39.5%)
   🔥 total_computation: 28.429s (39.5%)
   🔥 batch_processing: 7.515s (10.4%)
   🔥 feature_processing: 7.186s (10.0%)

📊 OPERATION COUNTS:
   hdf5_write_operations: 1
   patches_processed: 2,846
   GPU Memory - Max: 4095.7MB | Avg: 3363.8MB

💡 OPTIMIZATION RECOMMENDATIONS:
================================================================================
📊 Features shape: (2846, 1536), Coords shape: (2846, 2)
💾 Saved features to /nemo/project/proj-tracerx-lung/tctProjects/kilimo/TracerX_WSIs/20X/uni_v2/pt_files/Tx421_TMA065.pt

🔄 Processing slide 71/71: Tx421_TMA065_02
downsample [1. 1.]
downsampled_level_dim [76800 76032]
level_dim [76800 76032]
name Tx421_TMA065_02
patch_level 0
patch_size 580
save_path /nemo/project/proj-tracerx-lung/tctProjects/kilimo/TracerX_WSIs/20X/patches/patches

feature extraction settings
transformations:  Compose(
    Resize(size=224, interpolation=bilinear, max_size=None, antialias=True)
    CenterCrop(size=(224, 224))
    MaybeToTensor()
    Normalize(mean=tensor([0.4850, 0.4560, 0.4060]), std=tensor([0.2290, 0.2240, 0.2250]))
)
📦 Dataset size: 3269 patches, 7 batches
🔍 Processing a total of 7 batches with profiling enabled
Saving random samples to /nemo/project/proj-tracerx-lung/tctProjects/kilimo/TracerX_WSIs/20X/uni_v2/samples/Tx421_TMA065_02
Saved 7/10 random sample images for slide Tx421_TMA065_02
✅ Features extracted in 33.2s

================================================================================
🔍 PERFORMANCE PROFILING SUMMARY - Tx421_TMA065_02
================================================================================
⏱️  wsi_loading:
   Total: 0.714s | Avg: 0.7142s | Calls: 1
⏱️  dataset_creation:
   Total: 0.090s | Avg: 0.0902s | Calls: 1
⏱️  data_loading:
   Total: 0.001s | Avg: 0.0001s | Calls: 7
   Min: 0.0001s | Max: 0.0003s
⏱️  sample_saving:
   Total: 0.022s | Avg: 0.0031s | Calls: 7
   Min: 0.0027s | Max: 0.0047s
⏱️  data_transfer:
   Total: 0.001s | Avg: 0.0001s | Calls: 7
   Min: 0.0001s | Max: 0.0002s
⏱️  model_inference:
   Total: 0.155s | Avg: 0.0222s | Calls: 7
   Min: 0.0187s | Max: 0.0302s
⏱️  feature_processing:
   Total: 8.271s | Avg: 1.1815s | Calls: 7
   Min: 0.4918s | Max: 1.3114s
⏱️  feature_accumulation:
   Total: 0.000s | Avg: 0.0000s | Calls: 7
   Min: 0.0000s | Max: 0.0000s
⏱️  batch_processing:
   Total: 8.598s | Avg: 1.2283s | Calls: 7
   Min: 0.6628s | Max: 1.3364s
⏱️  feature_combining:
   Total: 0.004s | Avg: 0.0037s | Calls: 1
⏱️  hdf5_writing:
   Total: 0.035s | Avg: 0.0348s | Calls: 1
⏱️  memory_cleanup:
   Total: 0.112s | Avg: 0.1115s | Calls: 1
⏱️  total_computation:
   Total: 32.423s | Avg: 32.4232s | Calls: 1
⏱️  slide_processing:
   Total: 32.423s | Avg: 32.4233s | Calls: 1

🚨 BOTTLENECK ANALYSIS (Total Runtime: 82.848s):
   🔥 slide_processing: 32.423s (39.1%)
   🔥 total_computation: 32.423s (39.1%)
   🔥 batch_processing: 8.598s (10.4%)
   🔥 feature_processing: 8.271s (10.0%)

📊 OPERATION COUNTS:
   hdf5_write_operations: 1
   patches_processed: 3,269
   GPU Memory - Max: 4044.9MB | Avg: 3338.4MB

💡 OPTIMIZATION RECOMMENDATIONS:
================================================================================
📊 Features shape: (3269, 1536), Coords shape: (3269, 2)
💾 Saved features to /nemo/project/proj-tracerx-lung/tctProjects/kilimo/TracerX_WSIs/20X/uni_v2/pt_files/Tx421_TMA065_02.pt

🎉 Feature extraction completed!
📈 Processed: 71/71 slides
⏱️  Total time: 2261.7s
⚡ Average time per slide: 31.9s
🚀 Throughput: 113.0 slides/hour
✅ Completed optimized pipeline for slides in: /nemo/project/proj-tracerx-lung/tctProjects/rubicon/tracerx/tx421/he/ndpi
============================================
Job completed at: Tue  1 Jul 18:24:41 BST 2025
============================================
