============================================
Job ID: 25086779
Job name: TracerX_embed
Node: ga101
Start time: Sat  5 Jul 10:19:57 BST 2025
Working directory: /nemo/project/proj-tracerx-lung/tctProjects/kilimo/SlideCrush
============================================
GPU Information:
Sat Jul  5 10:19:57 2025       
+-----------------------------------------------------------------------------------------+
| NVIDIA-SMI 560.28.03              Driver Version: 560.28.03      CUDA Version: 12.6     |
|-----------------------------------------+------------------------+----------------------+
| GPU  Name                 Persistence-M | Bus-Id          Disp.A | Volatile Uncorr. ECC |
| Fan  Temp   Perf          Pwr:Usage/Cap |           Memory-Usage | GPU-Util  Compute M. |
|                                         |                        |               MIG M. |
|=========================================+========================+======================|
|   0  NVIDIA A100-SXM4-80GB          On  |   00000000:41:00.0 Off |                    0 |
| N/A   26C    P0             58W /  500W |       1MiB /  81920MiB |      0%      Default |
|                                         |                        |             Disabled |
+-----------------------------------------+------------------------+----------------------+
                                                                                         
+-----------------------------------------------------------------------------------------+
| Processes:                                                                              |
|  GPU   GI   CI        PID   Type   Process name                              GPU Memory |
|        ID   ID                                                               Usage      |
|=========================================================================================|
|  No running processes found                                                             |
+-----------------------------------------------------------------------------------------+
============================================
Working directory: /nemo/project/proj-tracerx-lung/tctProjects/kilimo/SlideCrush
Starting embed.sh with TracerX configuration...
🚀 Starting OPTIMIZED CLAM pipeline with:
   Model: uni_v2
   Batch size: 512
   Write batch size: 10
   Sample images: 10
Running pipeline for slides in: /nemo/project/proj-tracerx-lung/tctProjects/kilimo/slides/to_transfer
source:  /nemo/project/proj-tracerx-lung/tctProjects/kilimo/slides/to_transfer
patch_save_dir:  /nemo/project/proj-tracerx-lung/tctProjects/kilimo/TracerX_WSIs/10X/patches/patches
mask_save_dir:  /nemo/project/proj-tracerx-lung/tctProjects/kilimo/TracerX_WSIs/10X/patches/masks
stitch_save_dir:  /nemo/project/proj-tracerx-lung/tctProjects/kilimo/TracerX_WSIs/10X/patches/stitches
source : /nemo/project/proj-tracerx-lung/tctProjects/kilimo/slides/to_transfer
save_dir : /nemo/project/proj-tracerx-lung/tctProjects/kilimo/TracerX_WSIs/10X/patches
patch_save_dir : /nemo/project/proj-tracerx-lung/tctProjects/kilimo/TracerX_WSIs/10X/patches/patches
mask_save_dir : /nemo/project/proj-tracerx-lung/tctProjects/kilimo/TracerX_WSIs/10X/patches/masks
stitch_save_dir : /nemo/project/proj-tracerx-lung/tctProjects/kilimo/TracerX_WSIs/10X/patches/stitches


progress: 0.00, 0/121
processing Diagnostic H&E Scan Tracker_Single.xlsx
An error occurred while saving the process list or accessing the index: cannot identify image file '/nemo/project/proj-tracerx-lung/tctProjects/kilimo/slides/to_transfer/Diagnostic H&E Scan Tracker_Single.xlsx'


progress: 0.01, 1/121
processing LTX0001_A5_SU.ndpi
MPP X: 0.44099488445934026, MPP Y: 0.44099488445934026
metadata microns per pixel 0.44099488445934026
Patch size for this slide is 580
Using custom parameters for slide: LTX0001_A5_SU
Visualization parameters: {'vis_level': np.int8(-1), 'line_thickness': np.uint32(150)}
Filter parameters: {'a_t': np.float32(100.0), 'a_h': np.float32(16.0), 'max_n_holes': np.uint32(8)}
Segmentation parameters: {'seg_level': np.int8(-1), 'sthresh': np.uint8(15), 'mthresh': np.uint8(11), 'close': np.uint32(4), 'use_otsu': np.False_, 'keep_ids': 'none', 'exclude_ids': 'none', 'remove_markings': np.False_}
Patch parameters: {'use_padding': np.True_, 'contour_fn': 'four_pt'}
Visualization level set to: 6
Segmentation level set to: 6
Keep IDs: []
Exclude IDs: []
Image shape: (726, 1080, 4)
HSV image shape: (726, 1080, 3)
Median blurred image shape: (726, 1080)
Otsu thresholded image shape: (726, 1080)
Filter params: {'a_t': np.float32(6400.0), 'a_h': np.float32(1024.0), 'max_n_holes': np.uint32(8)}
Number of contours: 40
Number of foreground contours: 1
469751.0
6400.0
Number of filtered contours: 1
Number of hole contours: 1
Number of tissue contours: 1
Number of hole contours: 1
Final number of tissue contours: 1
Final number of hole contours: 1
Segmentation completed in 1.01 seconds
Mask saved at: /nemo/project/proj-tracerx-lung/tctProjects/kilimo/TracerX_WSIs/10X/patches/masks/LTX0001_A5_SU.jpg
Creating patches for:  LTX0001_A5_SU ...
Total number of contours to process:  1
Bounding Box: 448 4608 65089 39873
Contour Area: 1955422208.0
Extracted 5877 coordinates
original size: 69120 x 46464
downscaled size for stiching: 1080 x 726
start stitching LTX0001_A5_SU
number of patches: 5877
patch size: 580 x 580 patch level: 0
ref patch size: (np.int32(580), np.int32(580)) x (np.int32(580), np.int32(580))
downscaled patch size: 10x10
segmentation took 1.006016492843628 seconds
patching took 0.7824089527130127 seconds
stitching took 0.9595444202423096 seconds


progress: 0.02, 2/121
processing LTX0013_SU.ndpi
MPP X: 0.44099488445934026, MPP Y: 0.44099488445934026
metadata microns per pixel 0.44099488445934026
Patch size for this slide is 580
Using custom parameters for slide: LTX0013_SU
Visualization parameters: {'vis_level': np.int8(-1), 'line_thickness': np.uint32(150)}
Filter parameters: {'a_t': np.float32(100.0), 'a_h': np.float32(16.0), 'max_n_holes': np.uint32(8)}
Segmentation parameters: {'seg_level': np.int8(-1), 'sthresh': np.uint8(15), 'mthresh': np.uint8(11), 'close': np.uint32(4), 'use_otsu': np.False_, 'keep_ids': 'none', 'exclude_ids': 'none', 'remove_markings': np.False_}
Patch parameters: {'use_padding': np.True_, 'contour_fn': 'four_pt'}
Visualization level set to: 6
Segmentation level set to: 6
Keep IDs: []
Exclude IDs: []
Image shape: (682, 690, 4)
HSV image shape: (682, 690, 3)
Median blurred image shape: (682, 690)
Otsu thresholded image shape: (682, 690)
Filter params: {'a_t': np.float32(6400.0), 'a_h': np.float32(1024.0), 'max_n_holes': np.uint32(8)}
Number of contours: 33
Number of foreground contours: 16
204.5
6400.0
37.0
6400.0
167.5
6400.0
447.0
6400.0
25.5
6400.0
19.5
6400.0
0.5
6400.0
11.5
6400.0
25.0
6400.0
178.5
6400.0
565.0
6400.0
3.0
6400.0
6743.5
6400.0
63.5
6400.0
270840.0
6400.0
Number of filtered contours: 2
Number of hole contours: 2
Number of tissue contours: 2
Number of hole contours: 2
Final number of tissue contours: 2
Final number of hole contours: 2
Segmentation completed in 0.70 seconds
Mask saved at: /nemo/project/proj-tracerx-lung/tctProjects/kilimo/TracerX_WSIs/10X/patches/masks/LTX0013_SU.jpg
Creating patches for:  LTX0013_SU ...
Total number of contours to process:  2
Bounding Box: 2432 29696 7041 13121
Contour Area: 27883520.0
Extracted 109 coordinates
Bounding Box: 960 896 40001 41153
Contour Area: 1126887424.0
Extracted 3426 coordinates
original size: 44160 x 43648
downscaled size for stiching: 690 x 682
start stitching LTX0013_SU
number of patches: 3535
patch size: 580 x 580 patch level: 0
ref patch size: (np.int32(580), np.int32(580)) x (np.int32(580), np.int32(580))
downscaled patch size: 10x10
segmentation took 0.6990764141082764 seconds
patching took 0.22300219535827637 seconds
stitching took 0.3040142059326172 seconds


progress: 0.02, 3/121
processing LTX0029_SU.ndpi
MPP X: 0.44099488445934026, MPP Y: 0.44099488445934026
metadata microns per pixel 0.44099488445934026
Patch size for this slide is 580
Using custom parameters for slide: LTX0029_SU
Visualization parameters: {'vis_level': np.int8(-1), 'line_thickness': np.uint32(150)}
Filter parameters: {'a_t': np.float32(100.0), 'a_h': np.float32(16.0), 'max_n_holes': np.uint32(8)}
Segmentation parameters: {'seg_level': np.int8(-1), 'sthresh': np.uint8(15), 'mthresh': np.uint8(11), 'close': np.uint32(4), 'use_otsu': np.False_, 'keep_ids': 'none', 'exclude_ids': 'none', 'remove_markings': np.False_}
Patch parameters: {'use_padding': np.True_, 'contour_fn': 'four_pt'}
Visualization level set to: 6
Segmentation level set to: 6
Keep IDs: []
Exclude IDs: []
Image shape: (572, 1170, 4)
HSV image shape: (572, 1170, 3)
Median blurred image shape: (572, 1170)
Otsu thresholded image shape: (572, 1170)
Filter params: {'a_t': np.float32(6400.0), 'a_h': np.float32(1024.0), 'max_n_holes': np.uint32(8)}
Number of contours: 156
Number of foreground contours: 18
31.0
6400.0
41.5
6400.0
11.5
6400.0
3.0
6400.0
10.5
6400.0
2.0
6400.0
59.5
6400.0
8.0
6400.0
9.0
6400.0
6.5
6400.0
2.5
6400.0
48.5
6400.0
29.0
6400.0
29.5
6400.0
314669.5
6400.0
Number of filtered contours: 1
Number of hole contours: 6
Number of tissue contours: 1
Number of hole contours: 1
Final number of tissue contours: 1
Final number of hole contours: 1
Segmentation completed in 1.00 seconds
Mask saved at: /nemo/project/proj-tracerx-lung/tctProjects/kilimo/TracerX_WSIs/10X/patches/masks/LTX0029_SU.jpg
Creating patches for:  LTX0029_SU ...
Total number of contours to process:  1
Bounding Box: 768 1920 70337 31553
Contour Area: 1455704064.0
Extracted 4330 coordinates
original size: 74880 x 36608
downscaled size for stiching: 1170 x 572
start stitching LTX0029_SU
number of patches: 4330
patch size: 580 x 580 patch level: 0
ref patch size: (np.int32(580), np.int32(580)) x (np.int32(580), np.int32(580))
downscaled patch size: 10x10
segmentation took 1.0025098323822021 seconds
patching took 0.186171293258667 seconds
stitching took 0.3716609477996826 seconds


progress: 0.03, 4/121
processing LTX0034_SU.ndpi
MPP X: 0.44099488445934026, MPP Y: 0.44099488445934026
metadata microns per pixel 0.44099488445934026
Patch size for this slide is 580
Using custom parameters for slide: LTX0034_SU
Visualization parameters: {'vis_level': np.int8(-1), 'line_thickness': np.uint32(150)}
Filter parameters: {'a_t': np.float32(100.0), 'a_h': np.float32(16.0), 'max_n_holes': np.uint32(8)}
Segmentation parameters: {'seg_level': np.int8(-1), 'sthresh': np.uint8(15), 'mthresh': np.uint8(11), 'close': np.uint32(4), 'use_otsu': np.False_, 'keep_ids': 'none', 'exclude_ids': 'none', 'remove_markings': np.False_}
Patch parameters: {'use_padding': np.True_, 'contour_fn': 'four_pt'}
Visualization level set to: 6
Segmentation level set to: 6
Keep IDs: []
Exclude IDs: []
Image shape: (770, 750, 4)
HSV image shape: (770, 750, 3)
Median blurred image shape: (770, 750)
Otsu thresholded image shape: (770, 750)
Filter params: {'a_t': np.float32(6400.0), 'a_h': np.float32(1024.0), 'max_n_holes': np.uint32(8)}
Number of contours: 44
Number of foreground contours: 12
5.0
6400.0
7.0
6400.0
51.0
6400.0
8.0
6400.0
110.5
6400.0
17.5
6400.0
502.5
6400.0
22.0
6400.0
74.5
6400.0
27.0
6400.0
81.5
6400.0
244486.0
6400.0
Number of filtered contours: 1
Number of hole contours: 1
Number of tissue contours: 1
Number of hole contours: 1
Final number of tissue contours: 1
Final number of hole contours: 1
Segmentation completed in 0.88 seconds
Mask saved at: /nemo/project/proj-tracerx-lung/tctProjects/kilimo/TracerX_WSIs/10X/patches/masks/LTX0034_SU.jpg
Creating patches for:  LTX0034_SU ...
Total number of contours to process:  1
Bounding Box: 1664 3840 44353 40129
Contour Area: 1028642816.0
Extracted 3157 coordinates
original size: 48000 x 49280
downscaled size for stiching: 750 x 770
start stitching LTX0034_SU
number of patches: 3157
patch size: 580 x 580 patch level: 0
ref patch size: (np.int32(580), np.int32(580)) x (np.int32(580), np.int32(580))
downscaled patch size: 10x10
segmentation took 0.8773858547210693 seconds
patching took 0.10375833511352539 seconds
stitching took 0.4945671558380127 seconds


progress: 0.04, 5/121
processing LTX0035_SU.ndpi
MPP X: 0.22049744222967013, MPP Y: 0.22049744222967013
metadata microns per pixel 0.22049744222967013
Patch size for this slide is 1161
Using custom parameters for slide: LTX0035_SU
Visualization parameters: {'vis_level': np.int8(-1), 'line_thickness': np.uint32(150)}
Filter parameters: {'a_t': np.float32(100.0), 'a_h': np.float32(16.0), 'max_n_holes': np.uint32(8)}
Segmentation parameters: {'seg_level': np.int8(-1), 'sthresh': np.uint8(15), 'mthresh': np.uint8(11), 'close': np.uint32(4), 'use_otsu': np.False_, 'keep_ids': 'none', 'exclude_ids': 'none', 'remove_markings': np.False_}
Patch parameters: {'use_padding': np.True_, 'contour_fn': 'four_pt'}
Visualization level set to: 6
Segmentation level set to: 6
Keep IDs: []
Exclude IDs: []
Image shape: (1232, 1260, 4)
HSV image shape: (1232, 1260, 3)
Median blurred image shape: (1232, 1260)
Otsu thresholded image shape: (1232, 1260)
Filter params: {'a_t': np.float32(6400.0), 'a_h': np.float32(1024.0), 'max_n_holes': np.uint32(8)}
Number of contours: 30
Number of foreground contours: 1
734360.0
6400.0
Number of filtered contours: 1
Number of hole contours: 0
Number of tissue contours: 1
Number of hole contours: 1
Final number of tissue contours: 1
Final number of hole contours: 1
Segmentation completed in 0.62 seconds
Mask saved at: /nemo/project/proj-tracerx-lung/tctProjects/kilimo/TracerX_WSIs/10X/patches/masks/LTX0035_SU.jpg
Creating patches for:  LTX0035_SU ...
Total number of contours to process:  1
Bounding Box: 8576 7488 62977 63681
Contour Area: 3023042560.0
Extracted 2309 coordinates
original size: 80640 x 78848
downscaled size for stiching: 1260 x 1232
start stitching LTX0035_SU
number of patches: 2309
patch size: 1161 x 1161 patch level: 0
ref patch size: (np.int32(1161), np.int32(1161)) x (np.int32(1161), np.int32(1161))
downscaled patch size: 19x19
segmentation took 0.6189265251159668 seconds
patching took 0.0721888542175293 seconds
stitching took 0.2676420211791992 seconds


progress: 0.05, 6/121
processing LTX0041_SU.ndpi
MPP X: 0.44099488445934026, MPP Y: 0.44099488445934026
metadata microns per pixel 0.44099488445934026
Patch size for this slide is 580
Using custom parameters for slide: LTX0041_SU
Visualization parameters: {'vis_level': np.int8(-1), 'line_thickness': np.uint32(150)}
Filter parameters: {'a_t': np.float32(100.0), 'a_h': np.float32(16.0), 'max_n_holes': np.uint32(8)}
Segmentation parameters: {'seg_level': np.int8(-1), 'sthresh': np.uint8(15), 'mthresh': np.uint8(11), 'close': np.uint32(4), 'use_otsu': np.False_, 'keep_ids': 'none', 'exclude_ids': 'none', 'remove_markings': np.False_}
Patch parameters: {'use_padding': np.True_, 'contour_fn': 'four_pt'}
Visualization level set to: 6
Segmentation level set to: 6
Keep IDs: []
Exclude IDs: []
Image shape: (704, 870, 4)
HSV image shape: (704, 870, 3)
Median blurred image shape: (704, 870)
Otsu thresholded image shape: (704, 870)
Filter params: {'a_t': np.float32(6400.0), 'a_h': np.float32(1024.0), 'max_n_holes': np.uint32(8)}
Number of contours: 66
Number of foreground contours: 11
380485.0
6400.0
12.0
6400.0
47.0
6400.0
10.0
6400.0
13.0
6400.0
4.0
6400.0
12.0
6400.0
42.0
6400.0
152.0
6400.0
1.0
6400.0
Number of filtered contours: 1
Number of hole contours: 3
Number of tissue contours: 1
Number of hole contours: 1
Final number of tissue contours: 1
Final number of hole contours: 1
Segmentation completed in 0.95 seconds
Mask saved at: /nemo/project/proj-tracerx-lung/tctProjects/kilimo/TracerX_WSIs/10X/patches/masks/LTX0041_SU.jpg
Creating patches for:  LTX0041_SU ...
Total number of contours to process:  1
Bounding Box: 1280 1728 52993 40577
Contour Area: 1623400448.0
Extracted 4846 coordinates
original size: 55680 x 45056
downscaled size for stiching: 870 x 704
start stitching LTX0041_SU
number of patches: 4846
patch size: 580 x 580 patch level: 0
ref patch size: (np.int32(580), np.int32(580)) x (np.int32(580), np.int32(580))
downscaled patch size: 10x10
segmentation took 0.9465820789337158 seconds
patching took 1.056980848312378 seconds
stitching took 0.4173097610473633 seconds


progress: 0.06, 7/121
processing LTX0043_Marked_SU.ndpi
MPP X: 0.22815423226100845, MPP Y: 0.22814382186530388
metadata microns per pixel 0.22815423226100845
Patch size for this slide is 1122
Using custom parameters for slide: LTX0043_Marked_SU
Visualization parameters: {'vis_level': np.int8(-1), 'line_thickness': np.uint32(150)}
Filter parameters: {'a_t': np.float32(100.0), 'a_h': np.float32(16.0), 'max_n_holes': np.uint32(8)}
Segmentation parameters: {'seg_level': np.int8(-1), 'sthresh': np.uint8(15), 'mthresh': np.uint8(11), 'close': np.uint32(4), 'use_otsu': np.False_, 'keep_ids': 'none', 'exclude_ids': 'none', 'remove_markings': np.False_}
Patch parameters: {'use_padding': np.True_, 'contour_fn': 'four_pt'}
Visualization level set to: 6
Segmentation level set to: 6
Keep IDs: []
Exclude IDs: []
Image shape: (1528, 1728, 4)
HSV image shape: (1528, 1728, 3)
Median blurred image shape: (1528, 1728)
Otsu thresholded image shape: (1528, 1728)
Filter params: {'a_t': np.float32(6400.0), 'a_h': np.float32(1024.0), 'max_n_holes': np.uint32(8)}
Number of contours: 194
Number of foreground contours: 24
59.0
6400.0
23.0
6400.0
22.0
6400.0
0.5
6400.0
183.5
6400.0
77.0
6400.0
91.0
6400.0
151.5
6400.0
11.0
6400.0
9.5
6400.0
68.5
6400.0
135.5
6400.0
21.0
6400.0
178.0
6400.0
317.0
6400.0
40.0
6400.0
20.5
6400.0
134.0
6400.0
669.0
6400.0
57.5
6400.0
60.5
6400.0
164.5
6400.0
1657868.0
6400.0
4.0
6400.0
Number of filtered contours: 1
Number of hole contours: 8
Number of tissue contours: 1
Number of hole contours: 1
Final number of tissue contours: 1
Final number of hole contours: 1
Segmentation completed in 0.09 seconds
Mask saved at: /nemo/project/proj-tracerx-lung/tctProjects/kilimo/TracerX_WSIs/10X/patches/masks/LTX0043_Marked_SU.jpg
Creating patches for:  LTX0043_Marked_SU ...
Total number of contours to process:  1
Bounding Box: 0 0 107777 97729
Contour Area: 7285145600.0
Extracted 5778 coordinates
original size: 110592 x 97792
downscaled size for stiching: 1728 x 1528
start stitching LTX0043_Marked_SU
number of patches: 5778
patch size: 1122 x 1122 patch level: 0
ref patch size: (np.int32(1122), np.int32(1122)) x (np.int32(1122), np.int32(1122))
downscaled patch size: 18x18
segmentation took 0.09057164192199707 seconds
patching took 0.2941248416900635 seconds
stitching took 0.374561071395874 seconds


progress: 0.07, 8/121
processing LTX0051_SU.ndpi
MPP X: 0.44099488445934026, MPP Y: 0.44099488445934026
metadata microns per pixel 0.44099488445934026
Patch size for this slide is 580
Using custom parameters for slide: LTX0051_SU
Visualization parameters: {'vis_level': np.int8(-1), 'line_thickness': np.uint32(150)}
Filter parameters: {'a_t': np.float32(100.0), 'a_h': np.float32(16.0), 'max_n_holes': np.uint32(8)}
Segmentation parameters: {'seg_level': np.int8(-1), 'sthresh': np.uint8(15), 'mthresh': np.uint8(11), 'close': np.uint32(4), 'use_otsu': np.False_, 'keep_ids': 'none', 'exclude_ids': 'none', 'remove_markings': np.False_}
Patch parameters: {'use_padding': np.True_, 'contour_fn': 'four_pt'}
Visualization level set to: 6
Segmentation level set to: 6
Keep IDs: []
Exclude IDs: []
Image shape: (880, 1140, 4)
HSV image shape: (880, 1140, 3)
Median blurred image shape: (880, 1140)
Otsu thresholded image shape: (880, 1140)
Filter params: {'a_t': np.float32(6400.0), 'a_h': np.float32(1024.0), 'max_n_holes': np.uint32(8)}
Number of contours: 128
Number of foreground contours: 41
5.0
6400.0
19.0
6400.0
173.5
6400.0
21.5
6400.0
10.5
6400.0
0.5
6400.0
34.5
6400.0
45.0
6400.0
385517.0
6400.0
3.0
6400.0
2.0
6400.0
38.0
6400.0
6.0
6400.0
56.0
6400.0
24.0
6400.0
7.0
6400.0
8.0
6400.0
35.0
6400.0
22.0
6400.0
9.0
6400.0
42.0
6400.0
31.0
6400.0
3.0
6400.0
6.0
6400.0
21.0
6400.0
41.0
6400.0
3.0
6400.0
20.0
6400.0
26.0
6400.0
16.0
6400.0
17.0
6400.0
14.0
6400.0
23.0
6400.0
11.0
6400.0
34.0
6400.0
6.0
6400.0
7.0
6400.0
21.0
6400.0
40.0
6400.0
25.0
6400.0
Number of filtered contours: 1
Number of hole contours: 4
Number of tissue contours: 1
Number of hole contours: 1
Final number of tissue contours: 1
Final number of hole contours: 1
Segmentation completed in 0.06 seconds
Mask saved at: /nemo/project/proj-tracerx-lung/tctProjects/kilimo/TracerX_WSIs/10X/patches/masks/LTX0051_SU.jpg
Creating patches for:  LTX0051_SU ...
Total number of contours to process:  1
Bounding Box: 0 6400 59393 47041
Contour Area: 1690828800.0
Extracted 4970 coordinates
original size: 72960 x 56320
downscaled size for stiching: 1140 x 880
start stitching LTX0051_SU
number of patches: 4970
patch size: 580 x 580 patch level: 0
ref patch size: (np.int32(580), np.int32(580)) x (np.int32(580), np.int32(580))
downscaled patch size: 10x10
segmentation took 0.05607175827026367 seconds
patching took 0.17924213409423828 seconds
stitching took 0.28929948806762695 seconds


progress: 0.07, 9/121
processing LTX0062_SU.ndpi
MPP X: 0.44099488445934026, MPP Y: 0.44099488445934026
metadata microns per pixel 0.44099488445934026
Patch size for this slide is 580
Using custom parameters for slide: LTX0062_SU
Visualization parameters: {'vis_level': np.int8(-1), 'line_thickness': np.uint32(150)}
Filter parameters: {'a_t': np.float32(100.0), 'a_h': np.float32(16.0), 'max_n_holes': np.uint32(8)}
Segmentation parameters: {'seg_level': np.int8(-1), 'sthresh': np.uint8(15), 'mthresh': np.uint8(11), 'close': np.uint32(4), 'use_otsu': np.False_, 'keep_ids': 'none', 'exclude_ids': 'none', 'remove_markings': np.False_}
Patch parameters: {'use_padding': np.True_, 'contour_fn': 'four_pt'}
Visualization level set to: 6
Segmentation level set to: 6
Keep IDs: []
Exclude IDs: []
Image shape: (792, 960, 4)
HSV image shape: (792, 960, 3)
Median blurred image shape: (792, 960)
Otsu thresholded image shape: (792, 960)
Filter params: {'a_t': np.float32(6400.0), 'a_h': np.float32(1024.0), 'max_n_holes': np.uint32(8)}
Number of contours: 84
Number of foreground contours: 2
452988.0
6400.0
12.0
6400.0
Number of filtered contours: 1
Number of hole contours: 2
Number of tissue contours: 1
Number of hole contours: 1
Final number of tissue contours: 1
Final number of hole contours: 1
Segmentation completed in 0.04 seconds
Mask saved at: /nemo/project/proj-tracerx-lung/tctProjects/kilimo/TracerX_WSIs/10X/patches/masks/LTX0062_SU.jpg
Creating patches for:  LTX0062_SU ...
Total number of contours to process:  1
Bounding Box: 1088 1408 58433 46721
Contour Area: 1946034176.0
Extracted 5739 coordinates
original size: 61440 x 50688
downscaled size for stiching: 960 x 792
start stitching LTX0062_SU
number of patches: 5739
patch size: 580 x 580 patch level: 0
ref patch size: (np.int32(580), np.int32(580)) x (np.int32(580), np.int32(580))
downscaled patch size: 10x10
segmentation took 0.03680586814880371 seconds
patching took 0.16719388961791992 seconds
stitching took 0.46181154251098633 seconds


progress: 0.08, 10/121
processing LTX0070_SU.ndpi
MPP X: 0.44099488445934026, MPP Y: 0.44099488445934026
metadata microns per pixel 0.44099488445934026
Patch size for this slide is 580
Using custom parameters for slide: LTX0070_SU
Visualization parameters: {'vis_level': np.int8(-1), 'line_thickness': np.uint32(150)}
Filter parameters: {'a_t': np.float32(100.0), 'a_h': np.float32(16.0), 'max_n_holes': np.uint32(8)}
Segmentation parameters: {'seg_level': np.int8(-1), 'sthresh': np.uint8(15), 'mthresh': np.uint8(11), 'close': np.uint32(4), 'use_otsu': np.False_, 'keep_ids': 'none', 'exclude_ids': 'none', 'remove_markings': np.False_}
Patch parameters: {'use_padding': np.True_, 'contour_fn': 'four_pt'}
Visualization level set to: 6
Segmentation level set to: 6
Keep IDs: []
Exclude IDs: []
Image shape: (880, 1140, 4)
HSV image shape: (880, 1140, 3)
Median blurred image shape: (880, 1140)
Otsu thresholded image shape: (880, 1140)
Filter params: {'a_t': np.float32(6400.0), 'a_h': np.float32(1024.0), 'max_n_holes': np.uint32(8)}
Number of contours: 169
Number of foreground contours: 16
11.0
6400.0
204.0
6400.0
469261.0
6400.0
2.0
6400.0
2.0
6400.0
44.0
6400.0
7.0
6400.0
5.0
6400.0
3.0
6400.0
7.0
6400.0
7.0
6400.0
9.0
6400.0
18.0
6400.0
7.0
6400.0
3.0
6400.0
4.0
6400.0
Number of filtered contours: 1
Number of hole contours: 3
Number of tissue contours: 1
Number of hole contours: 1
Final number of tissue contours: 1
Final number of hole contours: 1
Segmentation completed in 0.06 seconds
Mask saved at: /nemo/project/proj-tracerx-lung/tctProjects/kilimo/TracerX_WSIs/10X/patches/masks/LTX0070_SU.jpg
Creating patches for:  LTX0070_SU ...
Total number of contours to process:  1
Bounding Box: 3136 3968 67329 48513
Contour Area: 2036674560.0
Extracted 6143 coordinates
original size: 72960 x 56320
downscaled size for stiching: 1140 x 880
start stitching LTX0070_SU
number of patches: 6143
patch size: 580 x 580 patch level: 0
ref patch size: (np.int32(580), np.int32(580)) x (np.int32(580), np.int32(580))
downscaled patch size: 10x10
segmentation took 0.05762124061584473 seconds
patching took 0.18506693840026855 seconds
stitching took 0.3591585159301758 seconds


progress: 0.09, 11/121
processing LTX0073_Marked_SU.ndpi
MPP X: 0.44099488445934026, MPP Y: 0.44099488445934026
metadata microns per pixel 0.44099488445934026
Patch size for this slide is 580
Using custom parameters for slide: LTX0073_Marked_SU
Visualization parameters: {'vis_level': np.int8(-1), 'line_thickness': np.uint32(150)}
Filter parameters: {'a_t': np.float32(100.0), 'a_h': np.float32(16.0), 'max_n_holes': np.uint32(8)}
Segmentation parameters: {'seg_level': np.int8(-1), 'sthresh': np.uint8(15), 'mthresh': np.uint8(11), 'close': np.uint32(4), 'use_otsu': np.False_, 'keep_ids': 'none', 'exclude_ids': 'none', 'remove_markings': np.False_}
Patch parameters: {'use_padding': np.True_, 'contour_fn': 'four_pt'}
Visualization level set to: 6
Segmentation level set to: 6
Keep IDs: []
Exclude IDs: []
Image shape: (792, 630, 4)
HSV image shape: (792, 630, 3)
Median blurred image shape: (792, 630)
Otsu thresholded image shape: (792, 630)
Filter params: {'a_t': np.float32(6400.0), 'a_h': np.float32(1024.0), 'max_n_holes': np.uint32(8)}
Number of contours: 54
Number of foreground contours: 20
186.5
6400.0
1163.0
6400.0
167.5
6400.0
8.5
6400.0
150.0
6400.0
3.5
6400.0
1.5
6400.0
30.5
6400.0
230.0
6400.0
12.5
6400.0
48.0
6400.0
9.0
6400.0
46.5
6400.0
86.0
6400.0
22.0
6400.0
642.0
6400.0
45.5
6400.0
117.0
6400.0
268874.0
6400.0
Number of filtered contours: 1
Number of hole contours: 2
Number of tissue contours: 1
Number of hole contours: 1
Final number of tissue contours: 1
Final number of hole contours: 1
Segmentation completed in 0.78 seconds
Mask saved at: /nemo/project/proj-tracerx-lung/tctProjects/kilimo/TracerX_WSIs/10X/patches/masks/LTX0073_Marked_SU.jpg
Creating patches for:  LTX0073_Marked_SU ...
Total number of contours to process:  1
Bounding Box: 2496 0 34369 49025
Contour Area: 1132812288.0
Extracted 3511 coordinates
original size: 40320 x 50688
downscaled size for stiching: 630 x 792
start stitching LTX0073_Marked_SU
number of patches: 3511
patch size: 580 x 580 patch level: 0
ref patch size: (np.int32(580), np.int32(580)) x (np.int32(580), np.int32(580))
downscaled patch size: 10x10
segmentation took 0.7823805809020996 seconds
patching took 0.12655878067016602 seconds
stitching took 0.29739975929260254 seconds


progress: 0.10, 12/121
processing LTX0075_SU.ndpi
MPP X: 0.44099488445934026, MPP Y: 0.44099488445934026
metadata microns per pixel 0.44099488445934026
Patch size for this slide is 580
Using custom parameters for slide: LTX0075_SU
Visualization parameters: {'vis_level': np.int8(-1), 'line_thickness': np.uint32(150)}
Filter parameters: {'a_t': np.float32(100.0), 'a_h': np.float32(16.0), 'max_n_holes': np.uint32(8)}
Segmentation parameters: {'seg_level': np.int8(-1), 'sthresh': np.uint8(15), 'mthresh': np.uint8(11), 'close': np.uint32(4), 'use_otsu': np.False_, 'keep_ids': 'none', 'exclude_ids': 'none', 'remove_markings': np.False_}
Patch parameters: {'use_padding': np.True_, 'contour_fn': 'four_pt'}
Visualization level set to: 6
Segmentation level set to: 6
Keep IDs: []
Exclude IDs: []
Image shape: (814, 1050, 4)
HSV image shape: (814, 1050, 3)
Median blurred image shape: (814, 1050)
Otsu thresholded image shape: (814, 1050)
Filter params: {'a_t': np.float32(6400.0), 'a_h': np.float32(1024.0), 'max_n_holes': np.uint32(8)}
Number of contours: 202
Number of foreground contours: 97
10.0
6400.0
44.5
6400.0
12.0
6400.0
30.0
6400.0
250.5
6400.0
90.5
6400.0
25.5
6400.0
41.5
6400.0
50.5
6400.0
17.0
6400.0
0.5
6400.0
44.0
6400.0
9.5
6400.0
274.0
6400.0
142.0
6400.0
15.0
6400.0
12.0
6400.0
91.5
6400.0
19.0
6400.0
7.0
6400.0
2.0
6400.0
2.5
6400.0
5.0
6400.0
51.0
6400.0
1025.0
6400.0
9.0
6400.0
34.5
6400.0
1.0
6400.0
37.0
6400.0
7.0
6400.0
1.5
6400.0
416.0
6400.0
88.5
6400.0
32.0
6400.0
5.0
6400.0
28.5
6400.0
20.0
6400.0
17.0
6400.0
27.5
6400.0
172.0
6400.0
10.0
6400.0
45.0
6400.0
37.0
6400.0
25.0
6400.0
43.0
6400.0
2.5
6400.0
2.0
6400.0
7.5
6400.0
45.5
6400.0
0.5
6400.0
7.0
6400.0
14.0
6400.0
111.0
6400.0
34.5
6400.0
22.5
6400.0
429.0
6400.0
23.0
6400.0
29.5
6400.0
17.0
6400.0
5.0
6400.0
65.5
6400.0
1.5
6400.0
333.0
6400.0
104.0
6400.0
472.0
6400.0
1.0
6400.0
76.5
6400.0
327500.5
6400.0
35.5
6400.0
15.5
6400.0
4.5
6400.0
43.0
6400.0
45.0
6400.0
1355.0
6400.0
34.5
6400.0
131.0
6400.0
247.5
6400.0
106.5
6400.0
652.5
6400.0
2.0
6400.0
Number of filtered contours: 1
Number of hole contours: 8
Number of tissue contours: 1
Number of hole contours: 1
Final number of tissue contours: 1
Final number of hole contours: 1
Segmentation completed in 1.26 seconds
Mask saved at: /nemo/project/proj-tracerx-lung/tctProjects/kilimo/TracerX_WSIs/10X/patches/masks/LTX0075_SU.jpg
Creating patches for:  LTX0075_SU ...
Total number of contours to process:  1
Bounding Box: 1216 4416 62849 45249
Contour Area: 1563285504.0
Extracted 4465 coordinates
original size: 67200 x 52096
downscaled size for stiching: 1050 x 814
start stitching LTX0075_SU
number of patches: 4465
patch size: 580 x 580 patch level: 0
ref patch size: (np.int32(580), np.int32(580)) x (np.int32(580), np.int32(580))
downscaled patch size: 10x10
segmentation took 1.2596535682678223 seconds
patching took 0.26706957817077637 seconds
stitching took 0.3819766044616699 seconds


progress: 0.11, 13/121
processing LTX0079_SU.ndpi
MPP X: 0.44099488445934026, MPP Y: 0.44099488445934026
metadata microns per pixel 0.44099488445934026
Patch size for this slide is 580
Using custom parameters for slide: LTX0079_SU
Visualization parameters: {'vis_level': np.int8(-1), 'line_thickness': np.uint32(150)}
Filter parameters: {'a_t': np.float32(100.0), 'a_h': np.float32(16.0), 'max_n_holes': np.uint32(8)}
Segmentation parameters: {'seg_level': np.int8(-1), 'sthresh': np.uint8(15), 'mthresh': np.uint8(11), 'close': np.uint32(4), 'use_otsu': np.False_, 'keep_ids': 'none', 'exclude_ids': 'none', 'remove_markings': np.False_}
Patch parameters: {'use_padding': np.True_, 'contour_fn': 'four_pt'}
Visualization level set to: 6
Segmentation level set to: 6
Keep IDs: []
Exclude IDs: []
Image shape: (418, 510, 4)
HSV image shape: (418, 510, 3)
Median blurred image shape: (418, 510)
Otsu thresholded image shape: (418, 510)
Filter params: {'a_t': np.float32(6400.0), 'a_h': np.float32(1024.0), 'max_n_holes': np.uint32(8)}
Number of contours: 27
Number of foreground contours: 5
51.5
6400.0
179.5
6400.0
100478.5
6400.0
2020.0
6400.0
1.5
6400.0
Number of filtered contours: 1
Number of hole contours: 1
Number of tissue contours: 1
Number of hole contours: 1
Final number of tissue contours: 1
Final number of hole contours: 1
Segmentation completed in 0.31 seconds
Mask saved at: /nemo/project/proj-tracerx-lung/tctProjects/kilimo/TracerX_WSIs/10X/patches/masks/LTX0079_SU.jpg
Creating patches for:  LTX0079_SU ...
Total number of contours to process:  1
Bounding Box: 0 2688 28417 23361
Contour Area: 427571200.0
Extracted 1307 coordinates
original size: 32640 x 26752
downscaled size for stiching: 510 x 418
start stitching LTX0079_SU
number of patches: 1307
patch size: 580 x 580 patch level: 0
ref patch size: (np.int32(580), np.int32(580)) x (np.int32(580), np.int32(580))
downscaled patch size: 10x10
segmentation took 0.3120741844177246 seconds
patching took 0.05931210517883301 seconds
stitching took 0.30389928817749023 seconds


progress: 0.12, 14/121
processing LTX0080_SU.ndpi
MPP X: 0.44099488445934026, MPP Y: 0.44099488445934026
metadata microns per pixel 0.44099488445934026
Patch size for this slide is 580
Using custom parameters for slide: LTX0080_SU
Visualization parameters: {'vis_level': np.int8(-1), 'line_thickness': np.uint32(150)}
Filter parameters: {'a_t': np.float32(100.0), 'a_h': np.float32(16.0), 'max_n_holes': np.uint32(8)}
Segmentation parameters: {'seg_level': np.int8(-1), 'sthresh': np.uint8(15), 'mthresh': np.uint8(11), 'close': np.uint32(4), 'use_otsu': np.False_, 'keep_ids': 'none', 'exclude_ids': 'none', 'remove_markings': np.False_}
Patch parameters: {'use_padding': np.True_, 'contour_fn': 'four_pt'}
Visualization level set to: 6
Segmentation level set to: 6
Keep IDs: []
Exclude IDs: []
Image shape: (792, 750, 4)
HSV image shape: (792, 750, 3)
Median blurred image shape: (792, 750)
Otsu thresholded image shape: (792, 750)
Filter params: {'a_t': np.float32(6400.0), 'a_h': np.float32(1024.0), 'max_n_holes': np.uint32(8)}
Number of contours: 28
Number of foreground contours: 10
357.0
6400.0
29.5
6400.0
20.5
6400.0
118.5
6400.0
2303.5
6400.0
122.0
6400.0
1852.5
6400.0
33.5
6400.0
53.5
6400.0
346688.5
6400.0
Number of filtered contours: 1
Number of hole contours: 1
Number of tissue contours: 1
Number of hole contours: 1
Final number of tissue contours: 1
Final number of hole contours: 1
Segmentation completed in 0.88 seconds
Mask saved at: /nemo/project/proj-tracerx-lung/tctProjects/kilimo/TracerX_WSIs/10X/patches/masks/LTX0080_SU.jpg
Creating patches for:  LTX0080_SU ...
Total number of contours to process:  1
Bounding Box: 1472 1344 44865 48001
Contour Area: 1468858368.0
Extracted 4415 coordinates
original size: 48000 x 50688
downscaled size for stiching: 750 x 792
start stitching LTX0080_SU
number of patches: 4415
patch size: 580 x 580 patch level: 0
ref patch size: (np.int32(580), np.int32(580)) x (np.int32(580), np.int32(580))
downscaled patch size: 10x10
segmentation took 0.8798365592956543 seconds
patching took 0.13022351264953613 seconds
stitching took 0.38327932357788086 seconds


progress: 0.12, 15/121
processing LTX0083_SU.ndpi
MPP X: 0.44099488445934026, MPP Y: 0.44099488445934026
metadata microns per pixel 0.44099488445934026
Patch size for this slide is 580
Using custom parameters for slide: LTX0083_SU
Visualization parameters: {'vis_level': np.int8(-1), 'line_thickness': np.uint32(150)}
Filter parameters: {'a_t': np.float32(100.0), 'a_h': np.float32(16.0), 'max_n_holes': np.uint32(8)}
Segmentation parameters: {'seg_level': np.int8(-1), 'sthresh': np.uint8(15), 'mthresh': np.uint8(11), 'close': np.uint32(4), 'use_otsu': np.False_, 'keep_ids': 'none', 'exclude_ids': 'none', 'remove_markings': np.False_}
Patch parameters: {'use_padding': np.True_, 'contour_fn': 'four_pt'}
Visualization level set to: 6
Segmentation level set to: 6
Keep IDs: []
Exclude IDs: []
Image shape: (726, 840, 4)
HSV image shape: (726, 840, 3)
Median blurred image shape: (726, 840)
Otsu thresholded image shape: (726, 840)
Filter params: {'a_t': np.float32(6400.0), 'a_h': np.float32(1024.0), 'max_n_holes': np.uint32(8)}
Number of contours: 173
Number of foreground contours: 27
1.5
6400.0
77.5
6400.0
114.0
6400.0
1474.0
6400.0
199.5
6400.0
4.5
6400.0
112.0
6400.0
69.5
6400.0
0.5
6400.0
34.0
6400.0
164.5
6400.0
1.0
6400.0
23.5
6400.0
4.0
6400.0
562.5
6400.0
39.5
6400.0
16.5
6400.0
1.5
6400.0
90.0
6400.0
283717.0
6400.0
4.0
6400.0
9860.0
6400.0
2415.5
6400.0
Number of filtered contours: 2
Number of hole contours: 8
Number of tissue contours: 2
Number of hole contours: 2
Final number of tissue contours: 2
Final number of hole contours: 2
Segmentation completed in 0.90 seconds
Mask saved at: /nemo/project/proj-tracerx-lung/tctProjects/kilimo/TracerX_WSIs/10X/patches/masks/LTX0083_SU.jpg
Creating patches for:  LTX0083_SU ...
Total number of contours to process:  2
Bounding Box: 1344 4736 52033 39937
Contour Area: 1383979008.0
Extracted 3968 coordinates
Bounding Box: 37888 3648 11521 12417
Contour Area: 40632320.0
Extracted 152 coordinates
original size: 53760 x 46464
downscaled size for stiching: 840 x 726
start stitching LTX0083_SU
number of patches: 4120
patch size: 580 x 580 patch level: 0
ref patch size: (np.int32(580), np.int32(580)) x (np.int32(580), np.int32(580))
downscaled patch size: 10x10
segmentation took 0.8968279361724854 seconds
patching took 0.20003056526184082 seconds
stitching took 0.3608121871948242 seconds


progress: 0.13, 16/121
processing LTX0091_A1_SU.ndpi
MPP X: 0.44099488445934026, MPP Y: 0.44099488445934026
metadata microns per pixel 0.44099488445934026
Patch size for this slide is 580
Using custom parameters for slide: LTX0091_A1_SU
Visualization parameters: {'vis_level': np.int8(-1), 'line_thickness': np.uint32(150)}
Filter parameters: {'a_t': np.float32(100.0), 'a_h': np.float32(16.0), 'max_n_holes': np.uint32(8)}
Segmentation parameters: {'seg_level': np.int8(-1), 'sthresh': np.uint8(15), 'mthresh': np.uint8(11), 'close': np.uint32(4), 'use_otsu': np.False_, 'keep_ids': 'none', 'exclude_ids': 'none', 'remove_markings': np.False_}
Patch parameters: {'use_padding': np.True_, 'contour_fn': 'four_pt'}
Visualization level set to: 6
Segmentation level set to: 6
Keep IDs: []
Exclude IDs: []
Image shape: (880, 1140, 4)
HSV image shape: (880, 1140, 3)
Median blurred image shape: (880, 1140)
Otsu thresholded image shape: (880, 1140)
Filter params: {'a_t': np.float32(6400.0), 'a_h': np.float32(1024.0), 'max_n_holes': np.uint32(8)}
Number of contours: 68
Number of foreground contours: 13
35.5
6400.0
314.0
6400.0
306.0
6400.0
23.5
6400.0
116.0
6400.0
15.5
6400.0
10.5
6400.0
513588.5
6400.0
234.0
6400.0
40.0
6400.0
7.0
6400.0
11.0
6400.0
Number of filtered contours: 1
Number of hole contours: 1
Number of tissue contours: 1
Number of hole contours: 1
Final number of tissue contours: 1
Final number of hole contours: 1
Segmentation completed in 0.06 seconds
Mask saved at: /nemo/project/proj-tracerx-lung/tctProjects/kilimo/TracerX_WSIs/10X/patches/masks/LTX0091_A1_SU.jpg
Creating patches for:  LTX0091_A1_SU ...
Total number of contours to process:  1
Bounding Box: 2560 4288 62273 46977
Contour Area: 2137868288.0
Extracted 6479 coordinates
original size: 72960 x 56320
downscaled size for stiching: 1140 x 880
start stitching LTX0091_A1_SU
number of patches: 6479
patch size: 580 x 580 patch level: 0
ref patch size: (np.int32(580), np.int32(580)) x (np.int32(580), np.int32(580))
downscaled patch size: 10x10
segmentation took 0.06047558784484863 seconds
patching took 0.2806577682495117 seconds
stitching took 0.4899709224700928 seconds


progress: 0.14, 17/121
processing LTX0094_SU.ndpi
MPP X: 0.44099488445934026, MPP Y: 0.44099488445934026
metadata microns per pixel 0.44099488445934026
Patch size for this slide is 580
Using custom parameters for slide: LTX0094_SU
Visualization parameters: {'vis_level': np.int8(-1), 'line_thickness': np.uint32(150)}
Filter parameters: {'a_t': np.float32(100.0), 'a_h': np.float32(16.0), 'max_n_holes': np.uint32(8)}
Segmentation parameters: {'seg_level': np.int8(-1), 'sthresh': np.uint8(15), 'mthresh': np.uint8(11), 'close': np.uint32(4), 'use_otsu': np.False_, 'keep_ids': 'none', 'exclude_ids': 'none', 'remove_markings': np.False_}
Patch parameters: {'use_padding': np.True_, 'contour_fn': 'four_pt'}
Visualization level set to: 6
Segmentation level set to: 6
Keep IDs: []
Exclude IDs: []
Image shape: (880, 1140, 4)
HSV image shape: (880, 1140, 3)
Median blurred image shape: (880, 1140)
Otsu thresholded image shape: (880, 1140)
Filter params: {'a_t': np.float32(6400.0), 'a_h': np.float32(1024.0), 'max_n_holes': np.uint32(8)}
Number of contours: 193
Number of foreground contours: 36
0.5
6400.0
0.5
6400.0
8.0
6400.0
14.5
6400.0
16.0
6400.0
14.5
6400.0
7.5
6400.0
57.5
6400.0
18.0
6400.0
2536.0
6400.0
71.5
6400.0
115.5
6400.0
70.0
6400.0
5.0
6400.0
929.5
6400.0
705.5
6400.0
797.0
6400.0
13.5
6400.0
316.5
6400.0
491.5
6400.0
30.5
6400.0
125.5
6400.0
143155.0
6400.0
164451.0
6400.0
1.0
6400.0
27.0
6400.0
3.0
6400.0
4.0
6400.0
3.0
6400.0
4.0
6400.0
51.5
6400.0
21.0
6400.0
Number of filtered contours: 2
Number of hole contours: 5
Number of tissue contours: 2
Number of hole contours: 2
Final number of tissue contours: 2
Final number of hole contours: 2
Segmentation completed in 0.06 seconds
Mask saved at: /nemo/project/proj-tracerx-lung/tctProjects/kilimo/TracerX_WSIs/10X/patches/masks/LTX0094_SU.jpg
Creating patches for:  LTX0094_SU ...
Total number of contours to process:  2
Bounding Box: 41792 9984 31105 34049
Contour Area: 650168320.0
Extracted 1976 coordinates
Bounding Box: 5824 1664 32001 49025
Contour Area: 784326656.0
Extracted 2356 coordinates
original size: 72960 x 56320
downscaled size for stiching: 1140 x 880
start stitching LTX0094_SU
number of patches: 4332
patch size: 580 x 580 patch level: 0
ref patch size: (np.int32(580), np.int32(580)) x (np.int32(580), np.int32(580))
downscaled patch size: 10x10
segmentation took 0.057440757751464844 seconds
patching took 0.17708611488342285 seconds
stitching took 0.25991320610046387 seconds


progress: 0.15, 18/121
processing LTX0095_A5_SU.ndpi
MPP X: 0.44099488445934026, MPP Y: 0.44099488445934026
metadata microns per pixel 0.44099488445934026
Patch size for this slide is 580
Using custom parameters for slide: LTX0095_A5_SU
Visualization parameters: {'vis_level': np.int8(-1), 'line_thickness': np.uint32(150)}
Filter parameters: {'a_t': np.float32(100.0), 'a_h': np.float32(16.0), 'max_n_holes': np.uint32(8)}
Segmentation parameters: {'seg_level': np.int8(-1), 'sthresh': np.uint8(15), 'mthresh': np.uint8(11), 'close': np.uint32(4), 'use_otsu': np.False_, 'keep_ids': 'none', 'exclude_ids': 'none', 'remove_markings': np.False_}
Patch parameters: {'use_padding': np.True_, 'contour_fn': 'four_pt'}
Visualization level set to: 6
Segmentation level set to: 6
Keep IDs: []
Exclude IDs: []
Image shape: (880, 1140, 4)
HSV image shape: (880, 1140, 3)
Median blurred image shape: (880, 1140)
Otsu thresholded image shape: (880, 1140)
Filter params: {'a_t': np.float32(6400.0), 'a_h': np.float32(1024.0), 'max_n_holes': np.uint32(8)}
Number of contours: 217
Number of foreground contours: 9
103.5
6400.0
76.0
6400.0
0.5
6400.0
66.0
6400.0
396876.5
6400.0
30.0
6400.0
297.0
6400.0
15.0
6400.0
Number of filtered contours: 1
Number of hole contours: 8
Number of tissue contours: 1
Number of hole contours: 1
Final number of tissue contours: 1
Final number of hole contours: 1
Segmentation completed in 0.06 seconds
Mask saved at: /nemo/project/proj-tracerx-lung/tctProjects/kilimo/TracerX_WSIs/10X/patches/masks/LTX0095_A5_SU.jpg
Creating patches for:  LTX0095_A5_SU ...
Total number of contours to process:  1
Bounding Box: 10560 1856 59521 51841
Contour Area: 1872494592.0
Extracted 5492 coordinates
original size: 72960 x 56320
downscaled size for stiching: 1140 x 880
start stitching LTX0095_A5_SU
number of patches: 5492
patch size: 580 x 580 patch level: 0
ref patch size: (np.int32(580), np.int32(580)) x (np.int32(580), np.int32(580))
downscaled patch size: 10x10
segmentation took 0.0569915771484375 seconds
patching took 0.21198391914367676 seconds
stitching took 0.3259105682373047 seconds


progress: 0.16, 19/121
processing LTX0100_SU.ndpi
MPP X: 0.44099488445934026, MPP Y: 0.44099488445934026
metadata microns per pixel 0.44099488445934026
Patch size for this slide is 580
Using custom parameters for slide: LTX0100_SU
Visualization parameters: {'vis_level': np.int8(-1), 'line_thickness': np.uint32(150)}
Filter parameters: {'a_t': np.float32(100.0), 'a_h': np.float32(16.0), 'max_n_holes': np.uint32(8)}
Segmentation parameters: {'seg_level': np.int8(-1), 'sthresh': np.uint8(15), 'mthresh': np.uint8(11), 'close': np.uint32(4), 'use_otsu': np.False_, 'keep_ids': 'none', 'exclude_ids': 'none', 'remove_markings': np.False_}
Patch parameters: {'use_padding': np.True_, 'contour_fn': 'four_pt'}
Visualization level set to: 6
Segmentation level set to: 6
Keep IDs: []
Exclude IDs: []
Image shape: (748, 1050, 4)
HSV image shape: (748, 1050, 3)
Median blurred image shape: (748, 1050)
Otsu thresholded image shape: (748, 1050)
Filter params: {'a_t': np.float32(6400.0), 'a_h': np.float32(1024.0), 'max_n_holes': np.uint32(8)}
Number of contours: 46
Number of foreground contours: 7
504298.0
6400.0
10.0
6400.0
1.0
6400.0
1.0
6400.0
10.0
6400.0
14.0
6400.0
10.0
6400.0
Number of filtered contours: 1
Number of hole contours: 1
Number of tissue contours: 1
Number of hole contours: 1
Final number of tissue contours: 1
Final number of hole contours: 1
Segmentation completed in 1.18 seconds
Mask saved at: /nemo/project/proj-tracerx-lung/tctProjects/kilimo/TracerX_WSIs/10X/patches/masks/LTX0100_SU.jpg
Creating patches for:  LTX0100_SU ...
Total number of contours to process:  1
Bounding Box: 512 1344 63873 43649
Contour Area: 2099222528.0
Extracted 6320 coordinates
original size: 67200 x 47872
downscaled size for stiching: 1050 x 748
start stitching LTX0100_SU
number of patches: 6320
patch size: 580 x 580 patch level: 0
ref patch size: (np.int32(580), np.int32(580)) x (np.int32(580), np.int32(580))
downscaled patch size: 10x10
segmentation took 1.1768054962158203 seconds
patching took 0.14922666549682617 seconds
stitching took 0.5442285537719727 seconds


progress: 0.17, 20/121
processing LTX0108_SU.ndpi
MPP X: 0.44099488445934026, MPP Y: 0.44099488445934026
metadata microns per pixel 0.44099488445934026
Patch size for this slide is 580
Using custom parameters for slide: LTX0108_SU
Visualization parameters: {'vis_level': np.int8(-1), 'line_thickness': np.uint32(150)}
Filter parameters: {'a_t': np.float32(100.0), 'a_h': np.float32(16.0), 'max_n_holes': np.uint32(8)}
Segmentation parameters: {'seg_level': np.int8(-1), 'sthresh': np.uint8(15), 'mthresh': np.uint8(11), 'close': np.uint32(4), 'use_otsu': np.False_, 'keep_ids': 'none', 'exclude_ids': 'none', 'remove_markings': np.False_}
Patch parameters: {'use_padding': np.True_, 'contour_fn': 'four_pt'}
Visualization level set to: 6
Segmentation level set to: 6
Keep IDs: []
Exclude IDs: []
Image shape: (880, 1140, 4)
HSV image shape: (880, 1140, 3)
Median blurred image shape: (880, 1140)
Otsu thresholded image shape: (880, 1140)
Filter params: {'a_t': np.float32(6400.0), 'a_h': np.float32(1024.0), 'max_n_holes': np.uint32(8)}
Number of contours: 136
Number of foreground contours: 2
449.0
6400.0
616117.0
6400.0
Number of filtered contours: 1
Number of hole contours: 8
Number of tissue contours: 1
Number of hole contours: 1
Final number of tissue contours: 1
Final number of hole contours: 1
Segmentation completed in 0.06 seconds
Mask saved at: /nemo/project/proj-tracerx-lung/tctProjects/kilimo/TracerX_WSIs/10X/patches/masks/LTX0108_SU.jpg
Creating patches for:  LTX0108_SU ...
Total number of contours to process:  1
Bounding Box: 2688 1664 68481 51393
Contour Area: 2705930240.0
Extracted 7926 coordinates
original size: 72960 x 56320
downscaled size for stiching: 1140 x 880
start stitching LTX0108_SU
number of patches: 7926
patch size: 580 x 580 patch level: 0
ref patch size: (np.int32(580), np.int32(580)) x (np.int32(580), np.int32(580))
downscaled patch size: 10x10
segmentation took 0.06081700325012207 seconds
patching took 0.27783894538879395 seconds
stitching took 0.46921730041503906 seconds


progress: 0.17, 21/121
processing LTX0118_10_SU.ndpi
MPP X: 0.44099488445934026, MPP Y: 0.44099488445934026
metadata microns per pixel 0.44099488445934026
Patch size for this slide is 580
Using custom parameters for slide: LTX0118_10_SU
Visualization parameters: {'vis_level': np.int8(-1), 'line_thickness': np.uint32(150)}
Filter parameters: {'a_t': np.float32(100.0), 'a_h': np.float32(16.0), 'max_n_holes': np.uint32(8)}
Segmentation parameters: {'seg_level': np.int8(-1), 'sthresh': np.uint8(15), 'mthresh': np.uint8(11), 'close': np.uint32(4), 'use_otsu': np.False_, 'keep_ids': 'none', 'exclude_ids': 'none', 'remove_markings': np.False_}
Patch parameters: {'use_padding': np.True_, 'contour_fn': 'four_pt'}
Visualization level set to: 6
Segmentation level set to: 6
Keep IDs: []
Exclude IDs: []
Image shape: (880, 1140, 4)
HSV image shape: (880, 1140, 3)
Median blurred image shape: (880, 1140)
Otsu thresholded image shape: (880, 1140)
Filter params: {'a_t': np.float32(6400.0), 'a_h': np.float32(1024.0), 'max_n_holes': np.uint32(8)}
Number of contours: 100
Number of foreground contours: 23
14.5
6400.0
120.5
6400.0
136.0
6400.0
35.0
6400.0
6.0
6400.0
51.5
6400.0
0.5
6400.0
2.0
6400.0
15.0
6400.0
3.0
6400.0
17.5
6400.0
138.0
6400.0
5.0
6400.0
37.0
6400.0
43.5
6400.0
67.5
6400.0
600.5
6400.0
336883.0
6400.0
9.0
6400.0
Number of filtered contours: 1
Number of hole contours: 6
Number of tissue contours: 1
Number of hole contours: 1
Final number of tissue contours: 1
Final number of hole contours: 1
Segmentation completed in 0.06 seconds
Mask saved at: /nemo/project/proj-tracerx-lung/tctProjects/kilimo/TracerX_WSIs/10X/patches/masks/LTX0118_10_SU.jpg
Creating patches for:  LTX0118_10_SU ...
Total number of contours to process:  1
Bounding Box: 2560 10432 55489 41793
Contour Area: 1489664000.0
Extracted 4385 coordinates
original size: 72960 x 56320
downscaled size for stiching: 1140 x 880
start stitching LTX0118_10_SU
number of patches: 4385
patch size: 580 x 580 patch level: 0
ref patch size: (np.int32(580), np.int32(580)) x (np.int32(580), np.int32(580))
downscaled patch size: 10x10
segmentation took 0.05517268180847168 seconds
patching took 0.18290925025939941 seconds
stitching took 0.26230764389038086 seconds


progress: 0.18, 22/121
processing LTX0125_1A_SU.ndpi
MPP X: 0.44099488445934026, MPP Y: 0.44099488445934026
metadata microns per pixel 0.44099488445934026
Patch size for this slide is 580
Using custom parameters for slide: LTX0125_1A_SU
Visualization parameters: {'vis_level': np.int8(-1), 'line_thickness': np.uint32(150)}
Filter parameters: {'a_t': np.float32(100.0), 'a_h': np.float32(16.0), 'max_n_holes': np.uint32(8)}
Segmentation parameters: {'seg_level': np.int8(-1), 'sthresh': np.uint8(15), 'mthresh': np.uint8(11), 'close': np.uint32(4), 'use_otsu': np.False_, 'keep_ids': 'none', 'exclude_ids': 'none', 'remove_markings': np.False_}
Patch parameters: {'use_padding': np.True_, 'contour_fn': 'four_pt'}
Visualization level set to: 6
Segmentation level set to: 6
Keep IDs: []
Exclude IDs: []
Image shape: (880, 1140, 4)
HSV image shape: (880, 1140, 3)
Median blurred image shape: (880, 1140)
Otsu thresholded image shape: (880, 1140)
Filter params: {'a_t': np.float32(6400.0), 'a_h': np.float32(1024.0), 'max_n_holes': np.uint32(8)}
Number of contours: 170
Number of foreground contours: 60
21.0
6400.0
73.5
6400.0
26.5
6400.0
63.0
6400.0
1.0
6400.0
230.5
6400.0
11.0
6400.0
1.0
6400.0
6.0
6400.0
101.5
6400.0
35.5
6400.0
17.5
6400.0
88.5
6400.0
21.5
6400.0
1.0
6400.0
50.0
6400.0
50.5
6400.0
1.5
6400.0
50.5
6400.0
104.0
6400.0
32.0
6400.0
46.5
6400.0
139.5
6400.0
142.0
6400.0
449.0
6400.0
16.0
6400.0
82.5
6400.0
14.5
6400.0
8.0
6400.0
0.5
6400.0
0.5
6400.0
3.0
6400.0
53.0
6400.0
370.5
6400.0
19.5
6400.0
1.5
6400.0
3.5
6400.0
37.0
6400.0
525024.5
6400.0
7.0
6400.0
2.0
6400.0
18.0
6400.0
15.0
6400.0
11.5
6400.0
11.0
6400.0
15.0
6400.0
3.0
6400.0
2.0
6400.0
35.0
6400.0
16.5
6400.0
Number of filtered contours: 1
Number of hole contours: 6
Number of tissue contours: 1
Number of hole contours: 1
Final number of tissue contours: 1
Final number of hole contours: 1
Segmentation completed in 0.06 seconds
Mask saved at: /nemo/project/proj-tracerx-lung/tctProjects/kilimo/TracerX_WSIs/10X/patches/masks/LTX0125_1A_SU.jpg
Creating patches for:  LTX0125_1A_SU ...
Total number of contours to process:  1
Bounding Box: 0 3840 64897 48961
Contour Area: 2488446976.0
Extracted 6783 coordinates
original size: 72960 x 56320
downscaled size for stiching: 1140 x 880
start stitching LTX0125_1A_SU
number of patches: 6783
patch size: 580 x 580 patch level: 0
ref patch size: (np.int32(580), np.int32(580)) x (np.int32(580), np.int32(580))
downscaled patch size: 10x10
segmentation took 0.059207916259765625 seconds
patching took 0.24199438095092773 seconds
stitching took 0.39882373809814453 seconds


progress: 0.19, 23/121
processing LTX0137_A2_SU.ndpi
MPP X: 0.44099488445934026, MPP Y: 0.44099488445934026
metadata microns per pixel 0.44099488445934026
Patch size for this slide is 580
Using custom parameters for slide: LTX0137_A2_SU
Visualization parameters: {'vis_level': np.int8(-1), 'line_thickness': np.uint32(150)}
Filter parameters: {'a_t': np.float32(100.0), 'a_h': np.float32(16.0), 'max_n_holes': np.uint32(8)}
Segmentation parameters: {'seg_level': np.int8(-1), 'sthresh': np.uint8(15), 'mthresh': np.uint8(11), 'close': np.uint32(4), 'use_otsu': np.False_, 'keep_ids': 'none', 'exclude_ids': 'none', 'remove_markings': np.False_}
Patch parameters: {'use_padding': np.True_, 'contour_fn': 'four_pt'}
Visualization level set to: 6
Segmentation level set to: 6
Keep IDs: []
Exclude IDs: []
Image shape: (594, 960, 4)
HSV image shape: (594, 960, 3)
Median blurred image shape: (594, 960)
Otsu thresholded image shape: (594, 960)
Filter params: {'a_t': np.float32(6400.0), 'a_h': np.float32(1024.0), 'max_n_holes': np.uint32(8)}
Number of contours: 113
Number of foreground contours: 35
5.5
6400.0
9.0
6400.0
105.0
6400.0
10.5
6400.0
7.0
6400.0
60.0
6400.0
11.5
6400.0
27.0
6400.0
3.5
6400.0
130.0
6400.0
29.0
6400.0
87.5
6400.0
12.5
6400.0
63.0
6400.0
30.5
6400.0
16.5
6400.0
209.0
6400.0
69.5
6400.0
75.5
6400.0
55.5
6400.0
2.5
6400.0
8.5
6400.0
42.5
6400.0
1.0
6400.0
2.5
6400.0
212.5
6400.0
205.0
6400.0
0.5
6400.0
56.0
6400.0
180056.5
6400.0
106.5
6400.0
327.0
6400.0
834.5
6400.0
Number of filtered contours: 1
Number of hole contours: 6
Number of tissue contours: 1
Number of hole contours: 1
Final number of tissue contours: 1
Final number of hole contours: 1
Segmentation completed in 0.84 seconds
Mask saved at: /nemo/project/proj-tracerx-lung/tctProjects/kilimo/TracerX_WSIs/10X/patches/masks/LTX0137_A2_SU.jpg
Creating patches for:  LTX0137_A2_SU ...
Total number of contours to process:  1
Bounding Box: 5312 6464 52033 26817
Contour Area: 847949824.0
Extracted 2497 coordinates
original size: 61440 x 38016
downscaled size for stiching: 960 x 594
start stitching LTX0137_A2_SU
number of patches: 2497
patch size: 580 x 580 patch level: 0
ref patch size: (np.int32(580), np.int32(580)) x (np.int32(580), np.int32(580))
downscaled patch size: 10x10
segmentation took 0.8389172554016113 seconds
patching took 0.12446093559265137 seconds
stitching took 0.21628808975219727 seconds


progress: 0.20, 24/121
processing LTX0144_F5_SU.ndpi
MPP X: 0.44099488445934026, MPP Y: 0.44099488445934026
metadata microns per pixel 0.44099488445934026
Patch size for this slide is 580
Using custom parameters for slide: LTX0144_F5_SU
Visualization parameters: {'vis_level': np.int8(-1), 'line_thickness': np.uint32(150)}
Filter parameters: {'a_t': np.float32(100.0), 'a_h': np.float32(16.0), 'max_n_holes': np.uint32(8)}
Segmentation parameters: {'seg_level': np.int8(-1), 'sthresh': np.uint8(15), 'mthresh': np.uint8(11), 'close': np.uint32(4), 'use_otsu': np.False_, 'keep_ids': 'none', 'exclude_ids': 'none', 'remove_markings': np.False_}
Patch parameters: {'use_padding': np.True_, 'contour_fn': 'four_pt'}
Visualization level set to: 6
Segmentation level set to: 6
Keep IDs: []
Exclude IDs: []
Image shape: (880, 1140, 4)
HSV image shape: (880, 1140, 3)
Median blurred image shape: (880, 1140)
Otsu thresholded image shape: (880, 1140)
Filter params: {'a_t': np.float32(6400.0), 'a_h': np.float32(1024.0), 'max_n_holes': np.uint32(8)}
Number of contours: 148
Number of foreground contours: 30
12.5
6400.0
37.5
6400.0
619577.0
6400.0
6.0
6400.0
35.0
6400.0
21.0
6400.0
5.0
6400.0
1.0
6400.0
26.0
6400.0
13.0
6400.0
3.0
6400.0
4.0
6400.0
4.0
6400.0
6.0
6400.0
1.0
6400.0
33.0
6400.0
25.0
6400.0
10.0
6400.0
32.0
6400.0
17.0
6400.0
48.0
6400.0
20.0
6400.0
11.0
6400.0
4.0
6400.0
24.0
6400.0
12.5
6400.0
6.0
6400.0
9.0
6400.0
24.0
6400.0
Number of filtered contours: 1
Number of hole contours: 5
Number of tissue contours: 1
Number of hole contours: 1
Final number of tissue contours: 1
Final number of hole contours: 1
Segmentation completed in 0.06 seconds
Mask saved at: /nemo/project/proj-tracerx-lung/tctProjects/kilimo/TracerX_WSIs/10X/patches/masks/LTX0144_F5_SU.jpg
Creating patches for:  LTX0144_F5_SU ...
Total number of contours to process:  1
Bounding Box: 5568 6464 67329 47809
Contour Area: 2653323264.0
Extracted 7911 coordinates
original size: 72960 x 56320
downscaled size for stiching: 1140 x 880
start stitching LTX0144_F5_SU
number of patches: 7911
patch size: 580 x 580 patch level: 0
ref patch size: (np.int32(580), np.int32(580)) x (np.int32(580), np.int32(580))
downscaled patch size: 10x10
segmentation took 0.06061601638793945 seconds
patching took 0.24705100059509277 seconds
stitching took 0.4600207805633545 seconds


progress: 0.21, 25/121
processing LTX0148_A5_SU.ndpi
MPP X: 0.22049744222967013, MPP Y: 0.22049744222967013
metadata microns per pixel 0.22049744222967013
Patch size for this slide is 1161
Using custom parameters for slide: LTX0148_A5_SU
Visualization parameters: {'vis_level': np.int8(-1), 'line_thickness': np.uint32(150)}
Filter parameters: {'a_t': np.float32(100.0), 'a_h': np.float32(16.0), 'max_n_holes': np.uint32(8)}
Segmentation parameters: {'seg_level': np.int8(-1), 'sthresh': np.uint8(15), 'mthresh': np.uint8(11), 'close': np.uint32(4), 'use_otsu': np.False_, 'keep_ids': 'none', 'exclude_ids': 'none', 'remove_markings': np.False_}
Patch parameters: {'use_padding': np.True_, 'contour_fn': 'four_pt'}
Visualization level set to: 6
Segmentation level set to: 6
Keep IDs: []
Exclude IDs: []
Image shape: (1452, 2400, 4)
HSV image shape: (1452, 2400, 3)
Median blurred image shape: (1452, 2400)
Otsu thresholded image shape: (1452, 2400)
Filter params: {'a_t': np.float32(6400.0), 'a_h': np.float32(1024.0), 'max_n_holes': np.uint32(8)}
Number of contours: 214
Number of foreground contours: 27
34.0
6400.0
31.0
6400.0
3.5
6400.0
758.0
6400.0
98.5
6400.0
998.0
6400.0
14.5
6400.0
248.0
6400.0
100.0
6400.0
83.5
6400.0
1077.5
6400.0
487.5
6400.0
145.0
6400.0
26.0
6400.0
3745.5
6400.0
27.5
6400.0
352.5
6400.0
99.0
6400.0
139.5
6400.0
175.0
6400.0
11.0
6400.0
24.0
6400.0
1286.5
6400.0
2622.0
6400.0
1829742.5
6400.0
534.5
6400.0
34.5
6400.0
Number of filtered contours: 1
Number of hole contours: 8
Number of tissue contours: 1
Number of hole contours: 1
Final number of tissue contours: 1
Final number of hole contours: 1
Segmentation completed in 1.39 seconds
Mask saved at: /nemo/project/proj-tracerx-lung/tctProjects/kilimo/TracerX_WSIs/10X/patches/masks/LTX0148_A5_SU.jpg
Creating patches for:  LTX0148_A5_SU ...
Total number of contours to process:  1
Bounding Box: 11008 7040 134721 78401
Contour Area: 7749509120.0
Extracted 5832 coordinates
original size: 153600 x 92928
downscaled size for stiching: 2400 x 1452
start stitching LTX0148_A5_SU
number of patches: 5832
patch size: 1161 x 1161 patch level: 0
ref patch size: (np.int32(1161), np.int32(1161)) x (np.int32(1161), np.int32(1161))
downscaled patch size: 19x19
segmentation took 1.385908603668213 seconds
patching took 0.24330997467041016 seconds
stitching took 0.672088623046875 seconds


progress: 0.21, 26/121
processing LTX0151_A2_SU.ndpi
MPP X: 0.22049744222967013, MPP Y: 0.22049744222967013
metadata microns per pixel 0.22049744222967013
Patch size for this slide is 1161
Using custom parameters for slide: LTX0151_A2_SU
Visualization parameters: {'vis_level': np.int8(-1), 'line_thickness': np.uint32(150)}
Filter parameters: {'a_t': np.float32(100.0), 'a_h': np.float32(16.0), 'max_n_holes': np.uint32(8)}
Segmentation parameters: {'seg_level': np.int8(-1), 'sthresh': np.uint8(15), 'mthresh': np.uint8(11), 'close': np.uint32(4), 'use_otsu': np.False_, 'keep_ids': 'none', 'exclude_ids': 'none', 'remove_markings': np.False_}
Patch parameters: {'use_padding': np.True_, 'contour_fn': 'four_pt'}
Visualization level set to: 6
Segmentation level set to: 6
Keep IDs: []
Exclude IDs: []
Image shape: (1628, 2220, 4)
HSV image shape: (1628, 2220, 3)
Median blurred image shape: (1628, 2220)
Otsu thresholded image shape: (1628, 2220)
Filter params: {'a_t': np.float32(6400.0), 'a_h': np.float32(1024.0), 'max_n_holes': np.uint32(8)}
Number of contours: 554
Number of foreground contours: 48
3.0
6400.0
1284.0
6400.0
44.5
6400.0
4.0
6400.0
1.0
6400.0
118.5
6400.0
231.5
6400.0
3.0
6400.0
106.0
6400.0
67.5
6400.0
0.5
6400.0
74.0
6400.0
5.5
6400.0
112.5
6400.0
159.0
6400.0
351.0
6400.0
58.5
6400.0
455.5
6400.0
116.0
6400.0
899.0
6400.0
59.0
6400.0
2.0
6400.0
4.5
6400.0
1.0
6400.0
126.5
6400.0
1.5
6400.0
12.0
6400.0
25.0
6400.0
172.0
6400.0
14.0
6400.0
731.5
6400.0
113.5
6400.0
9.5
6400.0
3.5
6400.0
49.5
6400.0
1.5
6400.0
73.0
6400.0
37.0
6400.0
97.0
6400.0
24.0
6400.0
21.5
6400.0
70.5
6400.0
973.0
6400.0
113.0
6400.0
34.0
6400.0
1795026.5
6400.0
164.5
6400.0
Number of filtered contours: 1
Number of hole contours: 8
Number of tissue contours: 1
Number of hole contours: 1
Final number of tissue contours: 1
Final number of hole contours: 1
Segmentation completed in 1.45 seconds
Mask saved at: /nemo/project/proj-tracerx-lung/tctProjects/kilimo/TracerX_WSIs/10X/patches/masks/LTX0151_A2_SU.jpg
Creating patches for:  LTX0151_A2_SU ...
Total number of contours to process:  1
Bounding Box: 5952 7744 126401 87297
Contour Area: 8437747712.0
Extracted 6119 coordinates
original size: 142080 x 104192
downscaled size for stiching: 2220 x 1628
start stitching LTX0151_A2_SU
number of patches: 6119
patch size: 1161 x 1161 patch level: 0
ref patch size: (np.int32(1161), np.int32(1161)) x (np.int32(1161), np.int32(1161))
downscaled patch size: 19x19
segmentation took 1.4476022720336914 seconds
patching took 0.28897690773010254 seconds
stitching took 0.7049214839935303 seconds


progress: 0.22, 27/121
processing LTX0156_A3_SU.ndpi
MPP X: 0.44099488445934026, MPP Y: 0.44099488445934026
metadata microns per pixel 0.44099488445934026
Patch size for this slide is 580
Using custom parameters for slide: LTX0156_A3_SU
Visualization parameters: {'vis_level': np.int8(-1), 'line_thickness': np.uint32(150)}
Filter parameters: {'a_t': np.float32(100.0), 'a_h': np.float32(16.0), 'max_n_holes': np.uint32(8)}
Segmentation parameters: {'seg_level': np.int8(-1), 'sthresh': np.uint8(15), 'mthresh': np.uint8(11), 'close': np.uint32(4), 'use_otsu': np.False_, 'keep_ids': 'none', 'exclude_ids': 'none', 'remove_markings': np.False_}
Patch parameters: {'use_padding': np.True_, 'contour_fn': 'four_pt'}
Visualization level set to: 6
Segmentation level set to: 6
Keep IDs: []
Exclude IDs: []
Image shape: (880, 1140, 4)
HSV image shape: (880, 1140, 3)
Median blurred image shape: (880, 1140)
Otsu thresholded image shape: (880, 1140)
Filter params: {'a_t': np.float32(6400.0), 'a_h': np.float32(1024.0), 'max_n_holes': np.uint32(8)}
Number of contours: 68
Number of foreground contours: 38
31.5
6400.0
13.5
6400.0
185.5
6400.0
39.0
6400.0
616875.5
6400.0
280.0
6400.0
29.0
6400.0
28.0
6400.0
20.0
6400.0
99.0
6400.0
50.0
6400.0
47.0
6400.0
53.5
6400.0
73.0
6400.0
25.0
6400.0
49.0
6400.0
142.0
6400.0
33.0
6400.0
20.0
6400.0
62.0
6400.0
56.0
6400.0
85.0
6400.0
37.0
6400.0
49.0
6400.0
102.0
6400.0
9.0
6400.0
239.0
6400.0
12.0
6400.0
7.0
6400.0
124.0
6400.0
58.0
6400.0
13.0
6400.0
50.0
6400.0
4.0
6400.0
Number of filtered contours: 1
Number of hole contours: 1
Number of tissue contours: 1
Number of hole contours: 1
Final number of tissue contours: 1
Final number of hole contours: 1
Segmentation completed in 0.06 seconds
Mask saved at: /nemo/project/proj-tracerx-lung/tctProjects/kilimo/TracerX_WSIs/10X/patches/masks/LTX0156_A3_SU.jpg
Creating patches for:  LTX0156_A3_SU ...
Total number of contours to process:  1
Bounding Box: 0 1728 60609 52481
Contour Area: 2559987712.0
Extracted 7709 coordinates
original size: 72960 x 56320
downscaled size for stiching: 1140 x 880
start stitching LTX0156_A3_SU
number of patches: 7709
patch size: 580 x 580 patch level: 0
ref patch size: (np.int32(580), np.int32(580)) x (np.int32(580), np.int32(580))
downscaled patch size: 10x10
segmentation took 0.0583043098449707 seconds
patching took 0.17778897285461426 seconds
stitching took 0.4472947120666504 seconds


progress: 0.23, 28/121
processing LTX0160_B6_SU.ndpi
MPP X: 0.44099488445934026, MPP Y: 0.44099488445934026
metadata microns per pixel 0.44099488445934026
Patch size for this slide is 580
Using custom parameters for slide: LTX0160_B6_SU
Visualization parameters: {'vis_level': np.int8(-1), 'line_thickness': np.uint32(150)}
Filter parameters: {'a_t': np.float32(100.0), 'a_h': np.float32(16.0), 'max_n_holes': np.uint32(8)}
Segmentation parameters: {'seg_level': np.int8(-1), 'sthresh': np.uint8(15), 'mthresh': np.uint8(11), 'close': np.uint32(4), 'use_otsu': np.False_, 'keep_ids': 'none', 'exclude_ids': 'none', 'remove_markings': np.False_}
Patch parameters: {'use_padding': np.True_, 'contour_fn': 'four_pt'}
Visualization level set to: 6
Segmentation level set to: 6
Keep IDs: []
Exclude IDs: []
Image shape: (880, 1140, 4)
HSV image shape: (880, 1140, 3)
Median blurred image shape: (880, 1140)
Otsu thresholded image shape: (880, 1140)
Filter params: {'a_t': np.float32(6400.0), 'a_h': np.float32(1024.0), 'max_n_holes': np.uint32(8)}
Number of contours: 125
Number of foreground contours: 9
483.0
6400.0
4.0
6400.0
189.0
6400.0
131.0
6400.0
5502.0
6400.0
16.0
6400.0
470953.5
6400.0
3.0
6400.0
9.5
6400.0
Number of filtered contours: 1
Number of hole contours: 5
Number of tissue contours: 1
Number of hole contours: 1
Final number of tissue contours: 1
Final number of hole contours: 1
Segmentation completed in 0.05 seconds
Mask saved at: /nemo/project/proj-tracerx-lung/tctProjects/kilimo/TracerX_WSIs/10X/patches/masks/LTX0160_B6_SU.jpg
Creating patches for:  LTX0160_B6_SU ...
Total number of contours to process:  1
Bounding Box: 0 5824 53825 47745
Contour Area: 2035539968.0
Extracted 6059 coordinates
original size: 72960 x 56320
downscaled size for stiching: 1140 x 880
start stitching LTX0160_B6_SU
number of patches: 6059
patch size: 580 x 580 patch level: 0
ref patch size: (np.int32(580), np.int32(580)) x (np.int32(580), np.int32(580))
downscaled patch size: 10x10
segmentation took 0.05495119094848633 seconds
patching took 0.2293391227722168 seconds
stitching took 0.3492426872253418 seconds


progress: 0.24, 29/121
processing LTX0162_A3_SU.ndpi
MPP X: 0.44099488445934026, MPP Y: 0.44099488445934026
metadata microns per pixel 0.44099488445934026
Patch size for this slide is 580
Using custom parameters for slide: LTX0162_A3_SU
Visualization parameters: {'vis_level': np.int8(-1), 'line_thickness': np.uint32(150)}
Filter parameters: {'a_t': np.float32(100.0), 'a_h': np.float32(16.0), 'max_n_holes': np.uint32(8)}
Segmentation parameters: {'seg_level': np.int8(-1), 'sthresh': np.uint8(15), 'mthresh': np.uint8(11), 'close': np.uint32(4), 'use_otsu': np.False_, 'keep_ids': 'none', 'exclude_ids': 'none', 'remove_markings': np.False_}
Patch parameters: {'use_padding': np.True_, 'contour_fn': 'four_pt'}
Visualization level set to: 6
Segmentation level set to: 6
Keep IDs: []
Exclude IDs: []
Image shape: (880, 1140, 4)
HSV image shape: (880, 1140, 3)
Median blurred image shape: (880, 1140)
Otsu thresholded image shape: (880, 1140)
Filter params: {'a_t': np.float32(6400.0), 'a_h': np.float32(1024.0), 'max_n_holes': np.uint32(8)}
Number of contours: 36
Number of foreground contours: 24
2.0
6400.0
3.0
6400.0
10.0
6400.0
25.0
6400.0
0.5
6400.0
102.0
6400.0
134.0
6400.0
51.0
6400.0
9.0
6400.0
22.5
6400.0
271.0
6400.0
10.0
6400.0
84.5
6400.0
5.0
6400.0
25.5
6400.0
14.5
6400.0
77.5
6400.0
167743.0
6400.0
8.0
6400.0
3.0
6400.0
7.5
6400.0
4.0
6400.0
Number of filtered contours: 1
Number of hole contours: 0
Number of tissue contours: 1
Number of hole contours: 1
Final number of tissue contours: 1
Final number of hole contours: 1
Segmentation completed in 0.05 seconds
Mask saved at: /nemo/project/proj-tracerx-lung/tctProjects/kilimo/TracerX_WSIs/10X/patches/masks/LTX0162_A3_SU.jpg
Creating patches for:  LTX0162_A3_SU ...
Total number of contours to process:  1
Bounding Box: 14272 12864 35521 29121
Contour Area: 698863616.0
Extracted 2172 coordinates
original size: 72960 x 56320
downscaled size for stiching: 1140 x 880
start stitching LTX0162_A3_SU
number of patches: 2172
patch size: 580 x 580 patch level: 0
ref patch size: (np.int32(580), np.int32(580)) x (np.int32(580), np.int32(580))
downscaled patch size: 10x10
segmentation took 0.05270051956176758 seconds
patching took 0.07562875747680664 seconds
stitching took 0.1314096450805664 seconds


progress: 0.25, 30/121
processing LTX0164_A4_SU.ndpi
MPP X: 0.44099488445934026, MPP Y: 0.44099488445934026
metadata microns per pixel 0.44099488445934026
Patch size for this slide is 580
Using custom parameters for slide: LTX0164_A4_SU
Visualization parameters: {'vis_level': np.int8(-1), 'line_thickness': np.uint32(150)}
Filter parameters: {'a_t': np.float32(100.0), 'a_h': np.float32(16.0), 'max_n_holes': np.uint32(8)}
Segmentation parameters: {'seg_level': np.int8(-1), 'sthresh': np.uint8(15), 'mthresh': np.uint8(11), 'close': np.uint32(4), 'use_otsu': np.False_, 'keep_ids': 'none', 'exclude_ids': 'none', 'remove_markings': np.False_}
Patch parameters: {'use_padding': np.True_, 'contour_fn': 'four_pt'}
Visualization level set to: 6
Segmentation level set to: 6
Keep IDs: []
Exclude IDs: []
Image shape: (880, 1140, 4)
HSV image shape: (880, 1140, 3)
Median blurred image shape: (880, 1140)
Otsu thresholded image shape: (880, 1140)
Filter params: {'a_t': np.float32(6400.0), 'a_h': np.float32(1024.0), 'max_n_holes': np.uint32(8)}
Number of contours: 189
Number of foreground contours: 23
1.5
6400.0
8.5
6400.0
42.5
6400.0
10.0
6400.0
2.5
6400.0
235.5
6400.0
139.0
6400.0
82.5
6400.0
292070.5
6400.0
6.0
6400.0
2.0
6400.0
3.0
6400.0
20.0
6400.0
1.0
6400.0
5.0
6400.0
7.0
6400.0
23.0
6400.0
6.0
6400.0
14.0
6400.0
47.5
6400.0
16.0
6400.0
Number of filtered contours: 1
Number of hole contours: 6
Number of tissue contours: 1
Number of hole contours: 1
Final number of tissue contours: 1
Final number of hole contours: 1
Segmentation completed in 0.06 seconds
Mask saved at: /nemo/project/proj-tracerx-lung/tctProjects/kilimo/TracerX_WSIs/10X/patches/masks/LTX0164_A4_SU.jpg
Creating patches for:  LTX0164_A4_SU ...
Total number of contours to process:  1
Bounding Box: 2944 12288 62657 35009
Contour Area: 1381359616.0
Extracted 4080 coordinates
original size: 72960 x 56320
downscaled size for stiching: 1140 x 880
start stitching LTX0164_A4_SU
number of patches: 4080
patch size: 580 x 580 patch level: 0
ref patch size: (np.int32(580), np.int32(580)) x (np.int32(580), np.int32(580))
downscaled patch size: 10x10
segmentation took 0.056212425231933594 seconds
patching took 0.1615746021270752 seconds
stitching took 0.23618769645690918 seconds


progress: 0.26, 31/121
processing LTX0166_A4_SU.ndpi
MPP X: 0.44099488445934026, MPP Y: 0.44099488445934026
metadata microns per pixel 0.44099488445934026
Patch size for this slide is 580
Using custom parameters for slide: LTX0166_A4_SU
Visualization parameters: {'vis_level': np.int8(-1), 'line_thickness': np.uint32(150)}
Filter parameters: {'a_t': np.float32(100.0), 'a_h': np.float32(16.0), 'max_n_holes': np.uint32(8)}
Segmentation parameters: {'seg_level': np.int8(-1), 'sthresh': np.uint8(15), 'mthresh': np.uint8(11), 'close': np.uint32(4), 'use_otsu': np.False_, 'keep_ids': 'none', 'exclude_ids': 'none', 'remove_markings': np.False_}
Patch parameters: {'use_padding': np.True_, 'contour_fn': 'four_pt'}
Visualization level set to: 6
Segmentation level set to: 6
Keep IDs: []
Exclude IDs: []
Image shape: (880, 1140, 4)
HSV image shape: (880, 1140, 3)
Median blurred image shape: (880, 1140)
Otsu thresholded image shape: (880, 1140)
Filter params: {'a_t': np.float32(6400.0), 'a_h': np.float32(1024.0), 'max_n_holes': np.uint32(8)}
Number of contours: 136
Number of foreground contours: 41
75.5
6400.0
82.5
6400.0
31.0
6400.0
88.0
6400.0
47.0
6400.0
12.0
6400.0
227.0
6400.0
10.0
6400.0
25.5
6400.0
9.0
6400.0
32.0
6400.0
10.0
6400.0
1805.5
6400.0
330395.0
6400.0
199.5
6400.0
36.0
6400.0
77.0
6400.0
82.0
6400.0
91.0
6400.0
37.0
6400.0
45.0
6400.0
39.0
6400.0
21.0
6400.0
38.0
6400.0
39.0
6400.0
16.0
6400.0
15.0
6400.0
5.0
6400.0
25.0
6400.0
13.0
6400.0
24.0
6400.0
7.0
6400.0
9.0
6400.0
9.0
6400.0
14.0
6400.0
5.0
6400.0
27.0
6400.0
27.0
6400.0
37.0
6400.0
5.0
6400.0
Number of filtered contours: 1
Number of hole contours: 8
Number of tissue contours: 1
Number of hole contours: 1
Final number of tissue contours: 1
Final number of hole contours: 1
Segmentation completed in 0.05 seconds
Mask saved at: /nemo/project/proj-tracerx-lung/tctProjects/kilimo/TracerX_WSIs/10X/patches/masks/LTX0166_A4_SU.jpg
Creating patches for:  LTX0166_A4_SU ...
Total number of contours to process:  1
Bounding Box: 5568 6080 52993 45569
Contour Area: 1591777280.0
Extracted 4403 coordinates
original size: 72960 x 56320
downscaled size for stiching: 1140 x 880
start stitching LTX0166_A4_SU
number of patches: 4403
patch size: 580 x 580 patch level: 0
ref patch size: (np.int32(580), np.int32(580)) x (np.int32(580), np.int32(580))
downscaled patch size: 10x10
segmentation took 0.0532994270324707 seconds
patching took 0.1823558807373047 seconds
stitching took 0.25786733627319336 seconds


progress: 0.26, 32/121
processing LTX0170_A6_SU.ndpi
MPP X: 0.44099488445934026, MPP Y: 0.44099488445934026
metadata microns per pixel 0.44099488445934026
Patch size for this slide is 580
Using custom parameters for slide: LTX0170_A6_SU
Visualization parameters: {'vis_level': np.int8(-1), 'line_thickness': np.uint32(150)}
Filter parameters: {'a_t': np.float32(100.0), 'a_h': np.float32(16.0), 'max_n_holes': np.uint32(8)}
Segmentation parameters: {'seg_level': np.int8(-1), 'sthresh': np.uint8(15), 'mthresh': np.uint8(11), 'close': np.uint32(4), 'use_otsu': np.False_, 'keep_ids': 'none', 'exclude_ids': 'none', 'remove_markings': np.False_}
Patch parameters: {'use_padding': np.True_, 'contour_fn': 'four_pt'}
Visualization level set to: 6
Segmentation level set to: 6
Keep IDs: []
Exclude IDs: []
Image shape: (880, 1140, 4)
HSV image shape: (880, 1140, 3)
Median blurred image shape: (880, 1140)
Otsu thresholded image shape: (880, 1140)
Filter params: {'a_t': np.float32(6400.0), 'a_h': np.float32(1024.0), 'max_n_holes': np.uint32(8)}
Number of contours: 198
Number of foreground contours: 143
3.0
6400.0
284.5
6400.0
0.5
6400.0
214.5
6400.0
4.0
6400.0
15.0
6400.0
13.0
6400.0
43.0
6400.0
354.0
6400.0
81.5
6400.0
501.0
6400.0
195.5
6400.0
42.5
6400.0
184.5
6400.0
2.5
6400.0
36.5
6400.0
60.0
6400.0
199.0
6400.0
229.0
6400.0
1.0
6400.0
36.0
6400.0
676.5
6400.0
14.0
6400.0
238.0
6400.0
654.0
6400.0
19.0
6400.0
622.0
6400.0
3.5
6400.0
856.5
6400.0
25.0
6400.0
50.5
6400.0
56.0
6400.0
52.5
6400.0
18.5
6400.0
16.0
6400.0
6.5
6400.0
12.5
6400.0
201.0
6400.0
9.0
6400.0
2.5
6400.0
1.0
6400.0
444.5
6400.0
1455.5
6400.0
31.5
6400.0
10.5
6400.0
22.0
6400.0
6.0
6400.0
22.0
6400.0
74.0
6400.0
25.0
6400.0
108.0
6400.0
3.5
6400.0
13.0
6400.0
293.5
6400.0
57.0
6400.0
2.0
6400.0
378.0
6400.0
569.0
6400.0
41.0
6400.0
11.5
6400.0
25.5
6400.0
96.0
6400.0
394.5
6400.0
8.0
6400.0
13.0
6400.0
2.5
6400.0
0.5
6400.0
2155.5
6400.0
5.0
6400.0
196.0
6400.0
32.5
6400.0
19.5
6400.0
6.5
6400.0
109.5
6400.0
1.5
6400.0
16.5
6400.0
31.5
6400.0
34.5
6400.0
24.5
6400.0
1.0
6400.0
5.5
6400.0
71.5
6400.0
229.0
6400.0
52.0
6400.0
1.0
6400.0
79.5
6400.0
2.0
6400.0
65.0
6400.0
2.0
6400.0
69.0
6400.0
10.0
6400.0
38.0
6400.0
73.5
6400.0
50.0
6400.0
13.0
6400.0
453.5
6400.0
206349.5
6400.0
14.0
6400.0
26.0
6400.0
38.0
6400.0
21.0
6400.0
7.0
6400.0
1.0
6400.0
3.0
6400.0
19.0
6400.0
24.0
6400.0
3.0
6400.0
1.0
6400.0
3.0
6400.0
1.0
6400.0
1.0
6400.0
9.0
6400.0
6.0
6400.0
24.0
6400.0
18.0
6400.0
3.0
6400.0
20.0
6400.0
19.5
6400.0
21.0
6400.0
16.5
6400.0
19.0
6400.0
41.0
6400.0
Number of filtered contours: 1
Number of hole contours: 6
Number of tissue contours: 1
Number of hole contours: 1
Final number of tissue contours: 1
Final number of hole contours: 1
Segmentation completed in 0.06 seconds
Mask saved at: /nemo/project/proj-tracerx-lung/tctProjects/kilimo/TracerX_WSIs/10X/patches/masks/LTX0170_A6_SU.jpg
Creating patches for:  LTX0170_A6_SU ...
Total number of contours to process:  1
Bounding Box: 768 10816 53377 32193
Contour Area: 971032576.0
Extracted 2802 coordinates
original size: 72960 x 56320
downscaled size for stiching: 1140 x 880
start stitching LTX0170_A6_SU
number of patches: 2802
patch size: 580 x 580 patch level: 0
ref patch size: (np.int32(580), np.int32(580)) x (np.int32(580), np.int32(580))
downscaled patch size: 10x10
segmentation took 0.05721902847290039 seconds
patching took 0.14956378936767578 seconds
stitching took 0.167405366897583 seconds


progress: 0.27, 33/121
processing LTX0172_11_SU.ndpi
MPP X: 0.22049744222967013, MPP Y: 0.22049744222967013
metadata microns per pixel 0.22049744222967013
Patch size for this slide is 1161
Using custom parameters for slide: LTX0172_11_SU
Visualization parameters: {'vis_level': np.int8(-1), 'line_thickness': np.uint32(150)}
Filter parameters: {'a_t': np.float32(100.0), 'a_h': np.float32(16.0), 'max_n_holes': np.uint32(8)}
Segmentation parameters: {'seg_level': np.int8(-1), 'sthresh': np.uint8(15), 'mthresh': np.uint8(11), 'close': np.uint32(4), 'use_otsu': np.False_, 'keep_ids': 'none', 'exclude_ids': 'none', 'remove_markings': np.False_}
Patch parameters: {'use_padding': np.True_, 'contour_fn': 'four_pt'}
Visualization level set to: 6
Segmentation level set to: 6
Keep IDs: []
Exclude IDs: []
Image shape: (1408, 1440, 4)
HSV image shape: (1408, 1440, 3)
Median blurred image shape: (1408, 1440)
Otsu thresholded image shape: (1408, 1440)
Filter params: {'a_t': np.float32(6400.0), 'a_h': np.float32(1024.0), 'max_n_holes': np.uint32(8)}
Number of contours: 221
Number of foreground contours: 61
2.0
6400.0
352.5
6400.0
113.5
6400.0
199.5
6400.0
60.0
6400.0
120.5
6400.0
3.5
6400.0
230.0
6400.0
8.5
6400.0
95.0
6400.0
11.0
6400.0
30.5
6400.0
18.0
6400.0
23.0
6400.0
39.5
6400.0
31.0
6400.0
272.0
6400.0
8.5
6400.0
37.0
6400.0
3.0
6400.0
107.0
6400.0
17.5
6400.0
67.0
6400.0
349.5
6400.0
163.0
6400.0
4.0
6400.0
68.5
6400.0
854333.5
6400.0
42.5
6400.0
11479.5
6400.0
1.0
6400.0
449.0
6400.0
45.5
6400.0
97.5
6400.0
32.5
6400.0
829.5
6400.0
20.5
6400.0
95.5
6400.0
301.0
6400.0
51.5
6400.0
854.5
6400.0
23.0
6400.0
1150.0
6400.0
64.5
6400.0
28.5
6400.0
62.0
6400.0
587.5
6400.0
244.0
6400.0
138.5
6400.0
386.0
6400.0
44.5
6400.0
194.0
6400.0
36.0
6400.0
80.0
6400.0
87.0
6400.0
65.0
6400.0
101.5
6400.0
490.0
6400.0
17.5
6400.0
Number of filtered contours: 2
Number of hole contours: 8
Number of tissue contours: 2
Number of hole contours: 2
Final number of tissue contours: 2
Final number of hole contours: 2
Segmentation completed in 0.07 seconds
Mask saved at: /nemo/project/proj-tracerx-lung/tctProjects/kilimo/TracerX_WSIs/10X/patches/masks/LTX0172_11_SU.jpg
Creating patches for:  LTX0172_11_SU ...
Total number of contours to process:  2
Bounding Box: 1920 12160 80833 73217
Contour Area: 3974297600.0
Extracted 2873 coordinates
Bounding Box: 51392 11584 18113 7041
Contour Area: 47863808.0
Extracted 51 coordinates
original size: 92160 x 90112
downscaled size for stiching: 1440 x 1408
start stitching LTX0172_11_SU
number of patches: 2924
patch size: 1161 x 1161 patch level: 0
ref patch size: (np.int32(1161), np.int32(1161)) x (np.int32(1161), np.int32(1161))
downscaled patch size: 19x19
segmentation took 0.06889081001281738 seconds
patching took 0.17078685760498047 seconds
stitching took 0.19813275337219238 seconds


progress: 0.28, 34/121
processing LTX0180_A3_SU.ndpi
MPP X: 0.44099488445934026, MPP Y: 0.44099488445934026
metadata microns per pixel 0.44099488445934026
Patch size for this slide is 580
Using custom parameters for slide: LTX0180_A3_SU
Visualization parameters: {'vis_level': np.int8(-1), 'line_thickness': np.uint32(150)}
Filter parameters: {'a_t': np.float32(100.0), 'a_h': np.float32(16.0), 'max_n_holes': np.uint32(8)}
Segmentation parameters: {'seg_level': np.int8(-1), 'sthresh': np.uint8(15), 'mthresh': np.uint8(11), 'close': np.uint32(4), 'use_otsu': np.False_, 'keep_ids': 'none', 'exclude_ids': 'none', 'remove_markings': np.False_}
Patch parameters: {'use_padding': np.True_, 'contour_fn': 'four_pt'}
Visualization level set to: 6
Segmentation level set to: 6
Keep IDs: []
Exclude IDs: []
Image shape: (880, 1140, 4)
HSV image shape: (880, 1140, 3)
Median blurred image shape: (880, 1140)
Otsu thresholded image shape: (880, 1140)
Filter params: {'a_t': np.float32(6400.0), 'a_h': np.float32(1024.0), 'max_n_holes': np.uint32(8)}
Number of contours: 269
Number of foreground contours: 75
92.0
6400.0
15.5
6400.0
0.5
6400.0
182.0
6400.0
3.0
6400.0
25.0
6400.0
25.0
6400.0
151.5
6400.0
68.0
6400.0
87.0
6400.0
65.5
6400.0
70.5
6400.0
1.5
6400.0
17.5
6400.0
21.5
6400.0
171.0
6400.0
260.5
6400.0
8.0
6400.0
8.5
6400.0
71.5
6400.0
914.0
6400.0
0.5
6400.0
77.5
6400.0
45.5
6400.0
763.0
6400.0
4.0
6400.0
243.0
6400.0
176.5
6400.0
125.0
6400.0
12.0
6400.0
4.5
6400.0
7.5
6400.0
43.0
6400.0
51.5
6400.0
29.5
6400.0
2.0
6400.0
70.5
6400.0
1.0
6400.0
389935.5
6400.0
11.0
6400.0
29.0
6400.0
25.0
6400.0
1.0
6400.0
22.0
6400.0
39.0
6400.0
29.0
6400.0
5.0
6400.0
7.0
6400.0
32.0
6400.0
1.0
6400.0
4.0
6400.0
17.0
6400.0
21.0
6400.0
2.0
6400.0
2.0
6400.0
1.0
6400.0
2.0
6400.0
14.0
6400.0
44.0
6400.0
6.0
6400.0
13.0
6400.0
39.0
6400.0
27.0
6400.0
11.5
6400.0
17.5
6400.0
11.5
6400.0
118.0
6400.0
Number of filtered contours: 1
Number of hole contours: 8
Number of tissue contours: 1
Number of hole contours: 1
Final number of tissue contours: 1
Final number of hole contours: 1
Segmentation completed in 0.06 seconds
Mask saved at: /nemo/project/proj-tracerx-lung/tctProjects/kilimo/TracerX_WSIs/10X/patches/masks/LTX0180_A3_SU.jpg
Creating patches for:  LTX0180_A3_SU ...
Total number of contours to process:  1
Bounding Box: 0 5952 71233 45185
Contour Area: 1891047424.0
Extracted 5494 coordinates
original size: 72960 x 56320
downscaled size for stiching: 1140 x 880
start stitching LTX0180_A3_SU
number of patches: 5494
patch size: 580 x 580 patch level: 0
ref patch size: (np.int32(580), np.int32(580)) x (np.int32(580), np.int32(580))
downscaled patch size: 10x10
segmentation took 0.05937600135803223 seconds
patching took 0.2844221591949463 seconds
stitching took 0.32854557037353516 seconds


progress: 0.29, 35/121
processing LTX0181_A4_SU.ndpi
MPP X: 0.22049744222967013, MPP Y: 0.22049744222967013
metadata microns per pixel 0.22049744222967013
Patch size for this slide is 1161
Using custom parameters for slide: LTX0181_A4_SU
Visualization parameters: {'vis_level': np.int8(-1), 'line_thickness': np.uint32(150)}
Filter parameters: {'a_t': np.float32(100.0), 'a_h': np.float32(16.0), 'max_n_holes': np.uint32(8)}
Segmentation parameters: {'seg_level': np.int8(-1), 'sthresh': np.uint8(15), 'mthresh': np.uint8(11), 'close': np.uint32(4), 'use_otsu': np.False_, 'keep_ids': 'none', 'exclude_ids': 'none', 'remove_markings': np.False_}
Patch parameters: {'use_padding': np.True_, 'contour_fn': 'four_pt'}
Visualization level set to: 6
Segmentation level set to: 6
Keep IDs: []
Exclude IDs: []
Image shape: (1540, 1380, 4)
HSV image shape: (1540, 1380, 3)
Median blurred image shape: (1540, 1380)
Otsu thresholded image shape: (1540, 1380)
Filter params: {'a_t': np.float32(6400.0), 'a_h': np.float32(1024.0), 'max_n_holes': np.uint32(8)}
Number of contours: 232
Number of foreground contours: 22
23.0
6400.0
15.0
6400.0
51.5
6400.0
12.5
6400.0
25.0
6400.0
138.5
6400.0
3.5
6400.0
1.0
6400.0
345.0
6400.0
2.0
6400.0
4.0
6400.0
0.5
6400.0
32.5
6400.0
17.5
6400.0
81.5
6400.0
1028380.0
6400.0
45.5
6400.0
Number of filtered contours: 1
Number of hole contours: 8
Number of tissue contours: 1
Number of hole contours: 1
Final number of tissue contours: 1
Final number of hole contours: 1
Segmentation completed in 0.85 seconds
Mask saved at: /nemo/project/proj-tracerx-lung/tctProjects/kilimo/TracerX_WSIs/10X/patches/masks/LTX0181_A4_SU.jpg
Creating patches for:  LTX0181_A4_SU ...
Total number of contours to process:  1
Bounding Box: 6208 7168 73217 83841
Contour Area: 4484290560.0
Extracted 3364 coordinates
original size: 88320 x 98560
downscaled size for stiching: 1380 x 1540
start stitching LTX0181_A4_SU
number of patches: 3364
patch size: 1161 x 1161 patch level: 0
ref patch size: (np.int32(1161), np.int32(1161)) x (np.int32(1161), np.int32(1161))
downscaled patch size: 19x19
segmentation took 0.8454604148864746 seconds
patching took 0.1486527919769287 seconds
stitching took 0.3872818946838379 seconds


progress: 0.30, 36/121
processing LTX0183_6__SU.ndpi
MPP X: 0.44099488445934026, MPP Y: 0.44099488445934026
metadata microns per pixel 0.44099488445934026
Patch size for this slide is 580
Using custom parameters for slide: LTX0183_6__SU
Visualization parameters: {'vis_level': np.int8(-1), 'line_thickness': np.uint32(150)}
Filter parameters: {'a_t': np.float32(100.0), 'a_h': np.float32(16.0), 'max_n_holes': np.uint32(8)}
Segmentation parameters: {'seg_level': np.int8(-1), 'sthresh': np.uint8(15), 'mthresh': np.uint8(11), 'close': np.uint32(4), 'use_otsu': np.False_, 'keep_ids': 'none', 'exclude_ids': 'none', 'remove_markings': np.False_}
Patch parameters: {'use_padding': np.True_, 'contour_fn': 'four_pt'}
Visualization level set to: 6
Segmentation level set to: 6
Keep IDs: []
Exclude IDs: []
Image shape: (704, 750, 4)
HSV image shape: (704, 750, 3)
Median blurred image shape: (704, 750)
Otsu thresholded image shape: (704, 750)
Filter params: {'a_t': np.float32(6400.0), 'a_h': np.float32(1024.0), 'max_n_holes': np.uint32(8)}
Number of contours: 98
Number of foreground contours: 9
331.5
6400.0
137.5
6400.0
7.0
6400.0
16.5
6400.0
14.5
6400.0
11.0
6400.0
44.5
6400.0
159425.0
6400.0
Number of filtered contours: 1
Number of hole contours: 5
Number of tissue contours: 1
Number of hole contours: 1
Final number of tissue contours: 1
Final number of hole contours: 1
Segmentation completed in 0.77 seconds
Mask saved at: /nemo/project/proj-tracerx-lung/tctProjects/kilimo/TracerX_WSIs/10X/patches/masks/LTX0183_6__SU.jpg
Creating patches for:  LTX0183_6__SU ...
Total number of contours to process:  1
Bounding Box: 3008 2688 40641 40321
Contour Area: 772024320.0
Extracted 2301 coordinates
original size: 48000 x 45056
downscaled size for stiching: 750 x 704
start stitching LTX0183_6__SU
number of patches: 2301
patch size: 580 x 580 patch level: 0
ref patch size: (np.int32(580), np.int32(580)) x (np.int32(580), np.int32(580))
downscaled patch size: 10x10
segmentation took 0.7734584808349609 seconds
patching took 0.11412549018859863 seconds
stitching took 0.19919586181640625 seconds


progress: 0.31, 37/121
processing LTX0185_A5_SU.ndpi
MPP X: 0.44099488445934026, MPP Y: 0.44099488445934026
metadata microns per pixel 0.44099488445934026
Patch size for this slide is 580
Using custom parameters for slide: LTX0185_A5_SU
Visualization parameters: {'vis_level': np.int8(-1), 'line_thickness': np.uint32(150)}
Filter parameters: {'a_t': np.float32(100.0), 'a_h': np.float32(16.0), 'max_n_holes': np.uint32(8)}
Segmentation parameters: {'seg_level': np.int8(-1), 'sthresh': np.uint8(15), 'mthresh': np.uint8(11), 'close': np.uint32(4), 'use_otsu': np.False_, 'keep_ids': 'none', 'exclude_ids': 'none', 'remove_markings': np.False_}
Patch parameters: {'use_padding': np.True_, 'contour_fn': 'four_pt'}
Visualization level set to: 6
Segmentation level set to: 6
Keep IDs: []
Exclude IDs: []
Image shape: (880, 1140, 4)
HSV image shape: (880, 1140, 3)
Median blurred image shape: (880, 1140)
Otsu thresholded image shape: (880, 1140)
Filter params: {'a_t': np.float32(6400.0), 'a_h': np.float32(1024.0), 'max_n_holes': np.uint32(8)}
Number of contours: 99
Number of foreground contours: 13
80.0
6400.0
27.5
6400.0
31.0
6400.0
3.5
6400.0
610239.0
6400.0
58.5
6400.0
12.5
6400.0
2.0
6400.0
65.0
6400.0
17.5
6400.0
Number of filtered contours: 1
Number of hole contours: 5
Number of tissue contours: 1
Number of hole contours: 1
Final number of tissue contours: 1
Final number of hole contours: 1
Segmentation completed in 0.06 seconds
Mask saved at: /nemo/project/proj-tracerx-lung/tctProjects/kilimo/TracerX_WSIs/10X/patches/masks/LTX0185_A5_SU.jpg
Creating patches for:  LTX0185_A5_SU ...
Total number of contours to process:  1
Bounding Box: 4992 4992 61057 51265
Contour Area: 2603360256.0
Extracted 7806 coordinates
original size: 72960 x 56320
downscaled size for stiching: 1140 x 880
start stitching LTX0185_A5_SU
number of patches: 7806
patch size: 580 x 580 patch level: 0
ref patch size: (np.int32(580), np.int32(580)) x (np.int32(580), np.int32(580))
downscaled patch size: 10x10
segmentation took 0.058646202087402344 seconds
patching took 0.2352004051208496 seconds
stitching took 0.45865607261657715 seconds


progress: 0.31, 38/121
processing LTX0193_D2_SU.ndpi
MPP X: 0.44099488445934026, MPP Y: 0.44099488445934026
metadata microns per pixel 0.44099488445934026
Patch size for this slide is 580
Using custom parameters for slide: LTX0193_D2_SU
Visualization parameters: {'vis_level': np.int8(-1), 'line_thickness': np.uint32(150)}
Filter parameters: {'a_t': np.float32(100.0), 'a_h': np.float32(16.0), 'max_n_holes': np.uint32(8)}
Segmentation parameters: {'seg_level': np.int8(-1), 'sthresh': np.uint8(15), 'mthresh': np.uint8(11), 'close': np.uint32(4), 'use_otsu': np.False_, 'keep_ids': 'none', 'exclude_ids': 'none', 'remove_markings': np.False_}
Patch parameters: {'use_padding': np.True_, 'contour_fn': 'four_pt'}
Visualization level set to: 6
Segmentation level set to: 6
Keep IDs: []
Exclude IDs: []
Image shape: (682, 870, 4)
HSV image shape: (682, 870, 3)
Median blurred image shape: (682, 870)
Otsu thresholded image shape: (682, 870)
Filter params: {'a_t': np.float32(6400.0), 'a_h': np.float32(1024.0), 'max_n_holes': np.uint32(8)}
Number of contours: 49
Number of foreground contours: 5
86.5
6400.0
94.0
6400.0
1.5
6400.0
62.0
6400.0
344419.0
6400.0
Number of filtered contours: 1
Number of hole contours: 5
Number of tissue contours: 1
Number of hole contours: 1
Final number of tissue contours: 1
Final number of hole contours: 1
Segmentation completed in 0.89 seconds
Mask saved at: /nemo/project/proj-tracerx-lung/tctProjects/kilimo/TracerX_WSIs/10X/patches/masks/LTX0193_D2_SU.jpg
Creating patches for:  LTX0193_D2_SU ...
Total number of contours to process:  1
Bounding Box: 1600 2048 49793 40001
Contour Area: 1462360064.0
Extracted 4378 coordinates
original size: 55680 x 43648
downscaled size for stiching: 870 x 682
start stitching LTX0193_D2_SU
number of patches: 4378
patch size: 580 x 580 patch level: 0
ref patch size: (np.int32(580), np.int32(580)) x (np.int32(580), np.int32(580))
downscaled patch size: 10x10
segmentation took 0.8866956233978271 seconds
patching took 0.2924220561981201 seconds
stitching took 0.424741268157959 seconds


progress: 0.32, 39/121
processing LTX0199_A2_SU.ndpi
MPP X: 0.22049744222967013, MPP Y: 0.22049744222967013
metadata microns per pixel 0.22049744222967013
Patch size for this slide is 1161
Using custom parameters for slide: LTX0199_A2_SU
Visualization parameters: {'vis_level': np.int8(-1), 'line_thickness': np.uint32(150)}
Filter parameters: {'a_t': np.float32(100.0), 'a_h': np.float32(16.0), 'max_n_holes': np.uint32(8)}
Segmentation parameters: {'seg_level': np.int8(-1), 'sthresh': np.uint8(15), 'mthresh': np.uint8(11), 'close': np.uint32(4), 'use_otsu': np.False_, 'keep_ids': 'none', 'exclude_ids': 'none', 'remove_markings': np.False_}
Patch parameters: {'use_padding': np.True_, 'contour_fn': 'four_pt'}
Visualization level set to: 6
Segmentation level set to: 6
Keep IDs: []
Exclude IDs: []
Image shape: (1584, 2220, 4)
HSV image shape: (1584, 2220, 3)
Median blurred image shape: (1584, 2220)
Otsu thresholded image shape: (1584, 2220)
Filter params: {'a_t': np.float32(6400.0), 'a_h': np.float32(1024.0), 'max_n_holes': np.uint32(8)}
Number of contours: 212
Number of foreground contours: 19
30.5
6400.0
443.5
6400.0
102.0
6400.0
358.5
6400.0
26.0
6400.0
411.0
6400.0
0.5
6400.0
345.0
6400.0
40.5
6400.0
121.0
6400.0
186.0
6400.0
12.0
6400.0
71.0
6400.0
6.0
6400.0
12.0
6400.0
1625880.0
6400.0
14718.5
6400.0
Number of filtered contours: 2
Number of hole contours: 8
Number of tissue contours: 2
Number of hole contours: 2
Final number of tissue contours: 2
Final number of hole contours: 2
Segmentation completed in 1.38 seconds
Mask saved at: /nemo/project/proj-tracerx-lung/tctProjects/kilimo/TracerX_WSIs/10X/patches/masks/LTX0199_A2_SU.jpg
Creating patches for:  LTX0199_A2_SU ...
Total number of contours to process:  2
Bounding Box: 7040 4160 125121 89217
Contour Area: 6993707008.0
Extracted 5275 coordinates
Bounding Box: 0 0 142017 769
Contour Area: 60286976.0
Extracted 119 coordinates
original size: 142080 x 101376
downscaled size for stiching: 2220 x 1584
start stitching LTX0199_A2_SU
number of patches: 5394
patch size: 1161 x 1161 patch level: 0
ref patch size: (np.int32(1161), np.int32(1161)) x (np.int32(1161), np.int32(1161))
downscaled patch size: 19x19
segmentation took 1.3794991970062256 seconds
patching took 0.2758147716522217 seconds
stitching took 0.6364290714263916 seconds


progress: 0.33, 40/121
processing LTX0206_A7_SU.ndpi
MPP X: 0.44099488445934026, MPP Y: 0.44099488445934026
metadata microns per pixel 0.44099488445934026
Patch size for this slide is 580
Using custom parameters for slide: LTX0206_A7_SU
Visualization parameters: {'vis_level': np.int8(-1), 'line_thickness': np.uint32(150)}
Filter parameters: {'a_t': np.float32(100.0), 'a_h': np.float32(16.0), 'max_n_holes': np.uint32(8)}
Segmentation parameters: {'seg_level': np.int8(-1), 'sthresh': np.uint8(15), 'mthresh': np.uint8(11), 'close': np.uint32(4), 'use_otsu': np.False_, 'keep_ids': 'none', 'exclude_ids': 'none', 'remove_markings': np.False_}
Patch parameters: {'use_padding': np.True_, 'contour_fn': 'four_pt'}
Visualization level set to: 6
Segmentation level set to: 6
Keep IDs: []
Exclude IDs: []
Image shape: (748, 1110, 4)
HSV image shape: (748, 1110, 3)
Median blurred image shape: (748, 1110)
Otsu thresholded image shape: (748, 1110)
Filter params: {'a_t': np.float32(6400.0), 'a_h': np.float32(1024.0), 'max_n_holes': np.uint32(8)}
Number of contours: 166
Number of foreground contours: 24
854.5
6400.0
47.5
6400.0
35.5
6400.0
149.5
6400.0
6.0
6400.0
13.0
6400.0
18.5
6400.0
11.0
6400.0
477.0
6400.0
37.0
6400.0
535.5
6400.0
48.5
6400.0
66.0
6400.0
18.5
6400.0
903.5
6400.0
1.0
6400.0
9.5
6400.0
10.5
6400.0
469100.5
6400.0
Number of filtered contours: 1
Number of hole contours: 7
Number of tissue contours: 1
Number of hole contours: 1
Final number of tissue contours: 1
Final number of hole contours: 1
Segmentation completed in 1.24 seconds
Mask saved at: /nemo/project/proj-tracerx-lung/tctProjects/kilimo/TracerX_WSIs/10X/patches/masks/LTX0206_A7_SU.jpg
Creating patches for:  LTX0206_A7_SU ...
Total number of contours to process:  1
Bounding Box: 960 1856 64257 44993
Contour Area: 2114402304.0
Extracted 6169 coordinates
original size: 71040 x 47872
downscaled size for stiching: 1110 x 748
start stitching LTX0206_A7_SU
number of patches: 6169
patch size: 580 x 580 patch level: 0
ref patch size: (np.int32(580), np.int32(580)) x (np.int32(580), np.int32(580))
downscaled patch size: 10x10
segmentation took 1.242405652999878 seconds
patching took 0.2188854217529297 seconds
stitching took 0.5296263694763184 seconds


progress: 0.34, 41/121
processing LTX0216_B1_SU.ndpi
MPP X: 0.44099488445934026, MPP Y: 0.44099488445934026
metadata microns per pixel 0.44099488445934026
Patch size for this slide is 580
Using custom parameters for slide: LTX0216_B1_SU
Visualization parameters: {'vis_level': np.int8(-1), 'line_thickness': np.uint32(150)}
Filter parameters: {'a_t': np.float32(100.0), 'a_h': np.float32(16.0), 'max_n_holes': np.uint32(8)}
Segmentation parameters: {'seg_level': np.int8(-1), 'sthresh': np.uint8(15), 'mthresh': np.uint8(11), 'close': np.uint32(4), 'use_otsu': np.False_, 'keep_ids': 'none', 'exclude_ids': 'none', 'remove_markings': np.False_}
Patch parameters: {'use_padding': np.True_, 'contour_fn': 'four_pt'}
Visualization level set to: 6
Segmentation level set to: 6
Keep IDs: []
Exclude IDs: []
Image shape: (880, 1140, 4)
HSV image shape: (880, 1140, 3)
Median blurred image shape: (880, 1140)
Otsu thresholded image shape: (880, 1140)
Filter params: {'a_t': np.float32(6400.0), 'a_h': np.float32(1024.0), 'max_n_holes': np.uint32(8)}
Number of contours: 200
Number of foreground contours: 31
4.0
6400.0
2.0
6400.0
5.5
6400.0
5.0
6400.0
11.0
6400.0
31.0
6400.0
4.5
6400.0
239.5
6400.0
21.5
6400.0
20.0
6400.0
73.0
6400.0
2.5
6400.0
192.0
6400.0
34.0
6400.0
254.5
6400.0
519310.0
6400.0
2.0
6400.0
1.0
6400.0
18.0
6400.0
3.0
6400.0
3.0
6400.0
10.0
6400.0
9.0
6400.0
41.0
6400.0
10.5
6400.0
Number of filtered contours: 1
Number of hole contours: 8
Number of tissue contours: 1
Number of hole contours: 1
Final number of tissue contours: 1
Final number of hole contours: 1
Segmentation completed in 0.06 seconds
Mask saved at: /nemo/project/proj-tracerx-lung/tctProjects/kilimo/TracerX_WSIs/10X/patches/masks/LTX0216_B1_SU.jpg
Creating patches for:  LTX0216_B1_SU ...
Total number of contours to process:  1
Bounding Box: 7168 1728 63297 48321
Contour Area: 2296954880.0
Extracted 6779 coordinates
original size: 72960 x 56320
downscaled size for stiching: 1140 x 880
start stitching LTX0216_B1_SU
number of patches: 6779
patch size: 580 x 580 patch level: 0
ref patch size: (np.int32(580), np.int32(580)) x (np.int32(580), np.int32(580))
downscaled patch size: 10x10
segmentation took 0.059546470642089844 seconds
patching took 0.231827974319458 seconds
stitching took 0.3916637897491455 seconds


progress: 0.35, 42/121
processing LTX0221_4E_SU.ndpi
MPP X: 0.44099488445934026, MPP Y: 0.44099488445934026
metadata microns per pixel 0.44099488445934026
Patch size for this slide is 580
Using custom parameters for slide: LTX0221_4E_SU
Visualization parameters: {'vis_level': np.int8(-1), 'line_thickness': np.uint32(150)}
Filter parameters: {'a_t': np.float32(100.0), 'a_h': np.float32(16.0), 'max_n_holes': np.uint32(8)}
Segmentation parameters: {'seg_level': np.int8(-1), 'sthresh': np.uint8(15), 'mthresh': np.uint8(11), 'close': np.uint32(4), 'use_otsu': np.False_, 'keep_ids': 'none', 'exclude_ids': 'none', 'remove_markings': np.False_}
Patch parameters: {'use_padding': np.True_, 'contour_fn': 'four_pt'}
Visualization level set to: 6
Segmentation level set to: 6
Keep IDs: []
Exclude IDs: []
Image shape: (836, 1080, 4)
HSV image shape: (836, 1080, 3)
Median blurred image shape: (836, 1080)
Otsu thresholded image shape: (836, 1080)
Filter params: {'a_t': np.float32(6400.0), 'a_h': np.float32(1024.0), 'max_n_holes': np.uint32(8)}
Number of contours: 492
Number of foreground contours: 299
85.0
6400.0
2.0
6400.0
211.0
6400.0
5.5
6400.0
17.5
6400.0
9.5
6400.0
4.0
6400.0
95.0
6400.0
68.0
6400.0
1.5
6400.0
8.0
6400.0
2.0
6400.0
20.5
6400.0
74.5
6400.0
1.0
6400.0
1197.5
6400.0
3.5
6400.0
1686.5
6400.0
6.5
6400.0
58.5
6400.0
114.0
6400.0
16.0
6400.0
1.5
6400.0
6.5
6400.0
28.0
6400.0
14.5
6400.0
89.0
6400.0
731.0
6400.0
99.0
6400.0
129.0
6400.0
34.5
6400.0
70.5
6400.0
71.0
6400.0
90.5
6400.0
79.0
6400.0
168.0
6400.0
4.5
6400.0
3.0
6400.0
274.0
6400.0
72.0
6400.0
3.5
6400.0
26.5
6400.0
75.5
6400.0
56.0
6400.0
21.0
6400.0
80.5
6400.0
23.5
6400.0
17.0
6400.0
164.5
6400.0
2.5
6400.0
117.5
6400.0
16.0
6400.0
58.0
6400.0
1.5
6400.0
29.0
6400.0
361.0
6400.0
5.5
6400.0
1268.0
6400.0
2.5
6400.0
117.5
6400.0
80.0
6400.0
139.5
6400.0
29.0
6400.0
54.5
6400.0
4.0
6400.0
382.0
6400.0
304.5
6400.0
65.0
6400.0
4.0
6400.0
52.0
6400.0
89.5
6400.0
29.0
6400.0
29.5
6400.0
13.0
6400.0
19.0
6400.0
76.5
6400.0
172.0
6400.0
52.5
6400.0
25.5
6400.0
569.5
6400.0
31.0
6400.0
190.5
6400.0
3.0
6400.0
36.0
6400.0
531.5
6400.0
16.5
6400.0
426.0
6400.0
447.5
6400.0
41.5
6400.0
37.5
6400.0
3.5
6400.0
18.5
6400.0
61.5
6400.0
20.5
6400.0
275.0
6400.0
1.0
6400.0
625.5
6400.0
51.5
6400.0
2.5
6400.0
4.5
6400.0
356.0
6400.0
5.5
6400.0
938.0
6400.0
50.0
6400.0
80.0
6400.0
19.5
6400.0
16874.5
6400.0
874.0
6400.0
1.5
6400.0
74.0
6400.0
90.0
6400.0
104.0
6400.0
25.5
6400.0
13.5
6400.0
154.0
6400.0
45.0
6400.0
2.5
6400.0
12.5
6400.0
13.0
6400.0
35.5
6400.0
6.5
6400.0
9.0
6400.0
4.5
6400.0
2.0
6400.0
70.5
6400.0
43.5
6400.0
2.0
6400.0
2.5
6400.0
0.5
6400.0
52.5
6400.0
17.5
6400.0
14.5
6400.0
149.0
6400.0
2.5
6400.0
551.5
6400.0
28.5
6400.0
3.5
6400.0
53.5
6400.0
10.5
6400.0
12.0
6400.0
28.5
6400.0
38.0
6400.0
107.0
6400.0
12.0
6400.0
23.0
6400.0
37.0
6400.0
30.0
6400.0
7.0
6400.0
6.0
6400.0
2.0
6400.0
103.5
6400.0
1.0
6400.0
153.0
6400.0
324.5
6400.0
59.0
6400.0
1.0
6400.0
19.5
6400.0
190.0
6400.0
1.5
6400.0
436.5
6400.0
12.5
6400.0
1382.5
6400.0
21.0
6400.0
1.0
6400.0
80.5
6400.0
69.5
6400.0
218.5
6400.0
26.5
6400.0
118.5
6400.0
38.0
6400.0
0.5
6400.0
29.0
6400.0
0.5
6400.0
1.5
6400.0
28.5
6400.0
10.5
6400.0
2.0
6400.0
360.0
6400.0
46.0
6400.0
145180.5
6400.0
7.0
6400.0
174.5
6400.0
60.0
6400.0
142.0
6400.0
0.5
6400.0
63.0
6400.0
9.0
6400.0
12.0
6400.0
3.0
6400.0
1606.0
6400.0
1.0
6400.0
223.0
6400.0
35.0
6400.0
429.0
6400.0
161.0
6400.0
18.0
6400.0
11.5
6400.0
52.5
6400.0
5.5
6400.0
45.0
6400.0
0.5
6400.0
159.5
6400.0
668.0
6400.0
20.5
6400.0
198.0
6400.0
1.5
6400.0
82.5
6400.0
2065.0
6400.0
18.0
6400.0
303.5
6400.0
6.0
6400.0
35.5
6400.0
56.0
6400.0
13.0
6400.0
153.5
6400.0
3.5
6400.0
170.5
6400.0
245.0
6400.0
32.5
6400.0
79.0
6400.0
46.5
6400.0
27.0
6400.0
12.5
6400.0
46.5
6400.0
138.0
6400.0
12.0
6400.0
1.0
6400.0
13.5
6400.0
50.5
6400.0
73.0
6400.0
2.5
6400.0
42.5
6400.0
379.5
6400.0
31.5
6400.0
3555.5
6400.0
28.5
6400.0
367.0
6400.0
9.5
6400.0
45.0
6400.0
30.5
6400.0
427.0
6400.0
12.0
6400.0
5.5
6400.0
36.0
6400.0
2887.5
6400.0
122.0
6400.0
38.5
6400.0
96.0
6400.0
0.5
6400.0
6.5
6400.0
40.5
6400.0
66333.5
6400.0
27.5
6400.0
1788.5
6400.0
5.5
6400.0
219.5
6400.0
2473.5
6400.0
9.0
6400.0
Number of filtered contours: 3
Number of hole contours: 9
Number of tissue contours: 3
Number of hole contours: 3
Final number of tissue contours: 3
Final number of hole contours: 3
Segmentation completed in 0.06 seconds
Mask saved at: /nemo/project/proj-tracerx-lung/tctProjects/kilimo/TracerX_WSIs/10X/patches/masks/LTX0221_4E_SU.jpg
Creating patches for:  LTX0221_4E_SU ...
Total number of contours to process:  3
Bounding Box: 54080 26624 12609 19649
Contour Area: 80529408.0
Extracted 296 coordinates
Bounding Box: 17984 11968 35329 40321
Contour Area: 751712256.0
Extracted 2161 coordinates
Bounding Box: 43392 0 22529 32577
Contour Area: 356546560.0
Extracted 1102 coordinates
original size: 69120 x 53504
downscaled size for stiching: 1080 x 836
start stitching LTX0221_4E_SU
number of patches: 3559
patch size: 580 x 580 patch level: 0
ref patch size: (np.int32(580), np.int32(580)) x (np.int32(580), np.int32(580))
downscaled patch size: 10x10
segmentation took 0.05786752700805664 seconds
patching took 0.20942449569702148 seconds
stitching took 0.21451377868652344 seconds


progress: 0.36, 43/121
processing LTX0225_1_SU.ndpi
MPP X: 0.44099488445934026, MPP Y: 0.44099488445934026
metadata microns per pixel 0.44099488445934026
Patch size for this slide is 580
Using custom parameters for slide: LTX0225_1_SU
Visualization parameters: {'vis_level': np.int8(-1), 'line_thickness': np.uint32(150)}
Filter parameters: {'a_t': np.float32(100.0), 'a_h': np.float32(16.0), 'max_n_holes': np.uint32(8)}
Segmentation parameters: {'seg_level': np.int8(-1), 'sthresh': np.uint8(15), 'mthresh': np.uint8(11), 'close': np.uint32(4), 'use_otsu': np.False_, 'keep_ids': 'none', 'exclude_ids': 'none', 'remove_markings': np.False_}
Patch parameters: {'use_padding': np.True_, 'contour_fn': 'four_pt'}
Visualization level set to: 6
Segmentation level set to: 6
Keep IDs: []
Exclude IDs: []
Image shape: (792, 720, 4)
HSV image shape: (792, 720, 3)
Median blurred image shape: (792, 720)
Otsu thresholded image shape: (792, 720)
Filter params: {'a_t': np.float32(6400.0), 'a_h': np.float32(1024.0), 'max_n_holes': np.uint32(8)}
Number of contours: 81
Number of foreground contours: 1
270524.0
6400.0
Number of filtered contours: 1
Number of hole contours: 1
Number of tissue contours: 1
Number of hole contours: 1
Final number of tissue contours: 1
Final number of hole contours: 1
Segmentation completed in 0.03 seconds
Mask saved at: /nemo/project/proj-tracerx-lung/tctProjects/kilimo/TracerX_WSIs/10X/patches/masks/LTX0225_1_SU.jpg
Creating patches for:  LTX0225_1_SU ...
Total number of contours to process:  1
Bounding Box: 1920 768 39553 47425
Contour Area: 1183047680.0
Extracted 3586 coordinates
original size: 46080 x 50688
downscaled size for stiching: 720 x 792
start stitching LTX0225_1_SU
number of patches: 3586
patch size: 580 x 580 patch level: 0
ref patch size: (np.int32(580), np.int32(580)) x (np.int32(580), np.int32(580))
downscaled patch size: 10x10
segmentation took 0.026173114776611328 seconds
patching took 0.11288952827453613 seconds
stitching took 0.21166467666625977 seconds


progress: 0.36, 44/121
processing LTX0226_1G_SU.ndpi
MPP X: 0.44099488445934026, MPP Y: 0.44099488445934026
metadata microns per pixel 0.44099488445934026
Patch size for this slide is 580
Using custom parameters for slide: LTX0226_1G_SU
Visualization parameters: {'vis_level': np.int8(-1), 'line_thickness': np.uint32(150)}
Filter parameters: {'a_t': np.float32(100.0), 'a_h': np.float32(16.0), 'max_n_holes': np.uint32(8)}
Segmentation parameters: {'seg_level': np.int8(-1), 'sthresh': np.uint8(15), 'mthresh': np.uint8(11), 'close': np.uint32(4), 'use_otsu': np.False_, 'keep_ids': 'none', 'exclude_ids': 'none', 'remove_markings': np.False_}
Patch parameters: {'use_padding': np.True_, 'contour_fn': 'four_pt'}
Visualization level set to: 6
Segmentation level set to: 6
Keep IDs: []
Exclude IDs: []
Image shape: (836, 840, 4)
HSV image shape: (836, 840, 3)
Median blurred image shape: (836, 840)
Otsu thresholded image shape: (836, 840)
Filter params: {'a_t': np.float32(6400.0), 'a_h': np.float32(1024.0), 'max_n_holes': np.uint32(8)}
Number of contours: 294
Number of foreground contours: 141
8.0
6400.0
24.0
6400.0
177.0
6400.0
168.5
6400.0
140.0
6400.0
8.0
6400.0
69.5
6400.0
24.5
6400.0
61.5
6400.0
26.5
6400.0
6.0
6400.0
121.0
6400.0
72.5
6400.0
57.5
6400.0
14.0
6400.0
3.5
6400.0
33.0
6400.0
56.0
6400.0
13.5
6400.0
51.5
6400.0
83.5
6400.0
136.5
6400.0
59.0
6400.0
57.0
6400.0
215.0
6400.0
1.0
6400.0
9.0
6400.0
11.5
6400.0
237.5
6400.0
2.0
6400.0
929.0
6400.0
25.0
6400.0
143.0
6400.0
44.0
6400.0
12.5
6400.0
7.0
6400.0
92.5
6400.0
291.0
6400.0
36.0
6400.0
3.0
6400.0
29.0
6400.0
24.0
6400.0
52.5
6400.0
1809.5
6400.0
5.5
6400.0
46.5
6400.0
6.0
6400.0
12.0
6400.0
17.0
6400.0
39.0
6400.0
98.5
6400.0
1.5
6400.0
1.0
6400.0
205.5
6400.0
25.0
6400.0
52.0
6400.0
0.5
6400.0
807.5
6400.0
30.0
6400.0
51.5
6400.0
46.0
6400.0
49.5
6400.0
52.0
6400.0
1524.0
6400.0
6.0
6400.0
609.5
6400.0
2022.5
6400.0
407.5
6400.0
117.0
6400.0
0.5
6400.0
4.0
6400.0
9.5
6400.0
24.0
6400.0
34.5
6400.0
343.0
6400.0
156.5
6400.0
0.5
6400.0
138.5
6400.0
5.5
6400.0
509.5
6400.0
242.0
6400.0
0.5
6400.0
28.5
6400.0
68.5
6400.0
72.5
6400.0
8296.5
6400.0
3.5
6400.0
209.0
6400.0
150.5
6400.0
2.5
6400.0
13.5
6400.0
796.0
6400.0
149.5
6400.0
6.5
6400.0
104.0
6400.0
71.5
6400.0
205.0
6400.0
2.5
6400.0
45.5
6400.0
1.5
6400.0
417.5
6400.0
22.5
6400.0
101.5
6400.0
25.0
6400.0
8.0
6400.0
2.5
6400.0
262391.0
6400.0
Number of filtered contours: 2
Number of hole contours: 6
Number of tissue contours: 2
Number of hole contours: 2
Final number of tissue contours: 2
Final number of hole contours: 2
Segmentation completed in 0.05 seconds
Mask saved at: /nemo/project/proj-tracerx-lung/tctProjects/kilimo/TracerX_WSIs/10X/patches/masks/LTX0226_1G_SU.jpg
Creating patches for:  LTX0226_1G_SU ...
Total number of contours to process:  2
Bounding Box: 2368 28224 10625 16641
Contour Area: 37513216.0
Extracted 159 coordinates
Bounding Box: 3264 2816 46657 48705
Contour Area: 1244389376.0
Extracted 3698 coordinates
original size: 53760 x 53504
downscaled size for stiching: 840 x 836
start stitching LTX0226_1G_SU
number of patches: 3857
patch size: 580 x 580 patch level: 0
ref patch size: (np.int32(580), np.int32(580)) x (np.int32(580), np.int32(580))
downscaled patch size: 10x10
segmentation took 0.045732975006103516 seconds
patching took 0.21043109893798828 seconds
stitching took 0.2297959327697754 seconds


progress: 0.37, 45/121
processing LTX0233_G_SU.ndpi
MPP X: 0.44099488445934026, MPP Y: 0.44099488445934026
metadata microns per pixel 0.44099488445934026
Patch size for this slide is 580
Using custom parameters for slide: LTX0233_G_SU
Visualization parameters: {'vis_level': np.int8(-1), 'line_thickness': np.uint32(150)}
Filter parameters: {'a_t': np.float32(100.0), 'a_h': np.float32(16.0), 'max_n_holes': np.uint32(8)}
Segmentation parameters: {'seg_level': np.int8(-1), 'sthresh': np.uint8(15), 'mthresh': np.uint8(11), 'close': np.uint32(4), 'use_otsu': np.False_, 'keep_ids': 'none', 'exclude_ids': 'none', 'remove_markings': np.False_}
Patch parameters: {'use_padding': np.True_, 'contour_fn': 'four_pt'}
Visualization level set to: 6
Segmentation level set to: 6
Keep IDs: []
Exclude IDs: []
Image shape: (770, 780, 4)
HSV image shape: (770, 780, 3)
Median blurred image shape: (770, 780)
Otsu thresholded image shape: (770, 780)
Filter params: {'a_t': np.float32(6400.0), 'a_h': np.float32(1024.0), 'max_n_holes': np.uint32(8)}
Number of contours: 226
Number of foreground contours: 220
2.5
6400.0
8.0
6400.0
134.0
6400.0
138.5
6400.0
85.0
6400.0
35.0
6400.0
21.0
6400.0
69.5
6400.0
14.5
6400.0
62.5
6400.0
43.5
6400.0
304.0
6400.0
10.5
6400.0
1.0
6400.0
41.0
6400.0
279.0
6400.0
694.0
6400.0
154.0
6400.0
83.0
6400.0
245.0
6400.0
911.0
6400.0
130.5
6400.0
62.0
6400.0
2.0
6400.0
26.5
6400.0
1.0
6400.0
292.0
6400.0
14.5
6400.0
22.0
6400.0
38.5
6400.0
20.5
6400.0
56.0
6400.0
8.5
6400.0
2.0
6400.0
0.5
6400.0
85.5
6400.0
2.0
6400.0
22.5
6400.0
39.0
6400.0
106.0
6400.0
446.0
6400.0
540.5
6400.0
3.5
6400.0
134.5
6400.0
10.5
6400.0
8.0
6400.0
4.0
6400.0
193.5
6400.0
221.5
6400.0
2.5
6400.0
16.5
6400.0
11.0
6400.0
127.0
6400.0
2163.5
6400.0
41.5
6400.0
4927.0
6400.0
32.5
6400.0
4.0
6400.0
70.0
6400.0
21.0
6400.0
559.5
6400.0
0.5
6400.0
499.0
6400.0
106.0
6400.0
59.0
6400.0
20.0
6400.0
127.0
6400.0
28.0
6400.0
1223.0
6400.0
473.5
6400.0
1.0
6400.0
130.5
6400.0
19.0
6400.0
5.0
6400.0
85.5
6400.0
4.5
6400.0
4.5
6400.0
328.5
6400.0
457.5
6400.0
0.5
6400.0
14.5
6400.0
7.0
6400.0
508.0
6400.0
11.5
6400.0
93.0
6400.0
497.5
6400.0
3.0
6400.0
193.0
6400.0
250.5
6400.0
278.0
6400.0
199.0
6400.0
32.0
6400.0
16.5
6400.0
39.0
6400.0
8.5
6400.0
104.5
6400.0
26.0
6400.0
402.0
6400.0
3.5
6400.0
76.5
6400.0
4.0
6400.0
207.0
6400.0
20.0
6400.0
66.0
6400.0
9.5
6400.0
129.5
6400.0
31.5
6400.0
44.0
6400.0
330.0
6400.0
34.5
6400.0
12.5
6400.0
43.5
6400.0
3.0
6400.0
235.5
6400.0
21.5
6400.0
121.5
6400.0
438.0
6400.0
2.0
6400.0
31.0
6400.0
27.5
6400.0
73.5
6400.0
100.5
6400.0
3.5
6400.0
5.5
6400.0
88.0
6400.0
43.0
6400.0
3.5
6400.0
85.5
6400.0
117.5
6400.0
21.0
6400.0
14.0
6400.0
1.0
6400.0
118.0
6400.0
10.0
6400.0
464.5
6400.0
26.0
6400.0
66.0
6400.0
53.0
6400.0
134.5
6400.0
81.5
6400.0
71.5
6400.0
129.0
6400.0
61.5
6400.0
88.0
6400.0
4.0
6400.0
8.0
6400.0
55.0
6400.0
19.5
6400.0
432.5
6400.0
1.0
6400.0
149.0
6400.0
551.0
6400.0
22.0
6400.0
7.0
6400.0
136.0
6400.0
2.0
6400.0
1.0
6400.0
9.5
6400.0
2.0
6400.0
70.0
6400.0
295.5
6400.0
140.0
6400.0
47.5
6400.0
37.5
6400.0
2.5
6400.0
1.0
6400.0
568.0
6400.0
1700.5
6400.0
80.0
6400.0
821.0
6400.0
146.5
6400.0
24.0
6400.0
39.0
6400.0
66.5
6400.0
57.0
6400.0
52.5
6400.0
18.5
6400.0
13.0
6400.0
43.5
6400.0
3.0
6400.0
98.5
6400.0
8.5
6400.0
347.0
6400.0
8.5
6400.0
14.0
6400.0
67338.0
6400.0
7.0
6400.0
121.5
6400.0
135.0
6400.0
1608.5
6400.0
Number of filtered contours: 1
Number of hole contours: 0
Number of tissue contours: 1
Number of hole contours: 1
Final number of tissue contours: 1
Final number of hole contours: 1
Segmentation completed in 0.88 seconds
Mask saved at: /nemo/project/proj-tracerx-lung/tctProjects/kilimo/TracerX_WSIs/10X/patches/masks/LTX0233_G_SU.jpg
Creating patches for:  LTX0233_G_SU ...
Total number of contours to process:  1
Bounding Box: 9600 4800 32449 17729
Contour Area: 275972096.0
Extracted 901 coordinates
original size: 49920 x 49280
downscaled size for stiching: 780 x 770
start stitching LTX0233_G_SU
number of patches: 901
patch size: 580 x 580 patch level: 0
ref patch size: (np.int32(580), np.int32(580)) x (np.int32(580), np.int32(580))
downscaled patch size: 10x10
segmentation took 0.8822121620178223 seconds
patching took 0.053548336029052734 seconds
stitching took 0.08096027374267578 seconds


progress: 0.38, 46/121
processing LTX0243_5M_SU.ndpi
MPP X: 0.44099488445934026, MPP Y: 0.44099488445934026
metadata microns per pixel 0.44099488445934026
Patch size for this slide is 580
Using custom parameters for slide: LTX0243_5M_SU
Visualization parameters: {'vis_level': np.int8(-1), 'line_thickness': np.uint32(150)}
Filter parameters: {'a_t': np.float32(100.0), 'a_h': np.float32(16.0), 'max_n_holes': np.uint32(8)}
Segmentation parameters: {'seg_level': np.int8(-1), 'sthresh': np.uint8(15), 'mthresh': np.uint8(11), 'close': np.uint32(4), 'use_otsu': np.False_, 'keep_ids': 'none', 'exclude_ids': 'none', 'remove_markings': np.False_}
Patch parameters: {'use_padding': np.True_, 'contour_fn': 'four_pt'}
Visualization level set to: 6
Segmentation level set to: 6
Keep IDs: []
Exclude IDs: []
Image shape: (880, 1140, 4)
HSV image shape: (880, 1140, 3)
Median blurred image shape: (880, 1140)
Otsu thresholded image shape: (880, 1140)
Filter params: {'a_t': np.float32(6400.0), 'a_h': np.float32(1024.0), 'max_n_holes': np.uint32(8)}
Number of contours: 190
Number of foreground contours: 103
35.5
6400.0
3.0
6400.0
28.0
6400.0
62.5
6400.0
19.5
6400.0
87.5
6400.0
14.0
6400.0
120.5
6400.0
1.0
6400.0
664.5
6400.0
185.0
6400.0
0.5
6400.0
147.0
6400.0
26.5
6400.0
91.0
6400.0
214.0
6400.0
122.5
6400.0
51.5
6400.0
23.5
6400.0
23.0
6400.0
13.0
6400.0
0.5
6400.0
11.5
6400.0
72.5
6400.0
88.5
6400.0
43.5
6400.0
54.0
6400.0
208.0
6400.0
4.0
6400.0
39.5
6400.0
1.0
6400.0
178.5
6400.0
170.0
6400.0
6.0
6400.0
0.5
6400.0
0.5
6400.0
106.5
6400.0
32.0
6400.0
95.0
6400.0
2.5
6400.0
405.5
6400.0
3.5
6400.0
215.5
6400.0
3.0
6400.0
23.5
6400.0
5.5
6400.0
162.5
6400.0
16.5
6400.0
7.5
6400.0
0.5
6400.0
2.0
6400.0
1.5
6400.0
93.5
6400.0
6.0
6400.0
7.0
6400.0
335.5
6400.0
11.0
6400.0
19.0
6400.0
1047.5
6400.0
36.0
6400.0
47.5
6400.0
13.5
6400.0
42.5
6400.0
304.5
6400.0
5.5
6400.0
760.5
6400.0
40.5
6400.0
527.5
6400.0
4.0
6400.0
55.0
6400.0
10.5
6400.0
222.5
6400.0
62.0
6400.0
847.5
6400.0
2.5
6400.0
4.0
6400.0
7.0
6400.0
36.0
6400.0
84.0
6400.0
154.5
6400.0
26.0
6400.0
384339.0
6400.0
220.0
6400.0
3.0
6400.0
43.0
6400.0
21.0
6400.0
17.0
6400.0
40.5
6400.0
1.0
6400.0
1.0
6400.0
45.5
6400.0
1.0
6400.0
17.0
6400.0
Number of filtered contours: 1
Number of hole contours: 5
Number of tissue contours: 1
Number of hole contours: 1
Final number of tissue contours: 1
Final number of hole contours: 1
Segmentation completed in 0.06 seconds
Mask saved at: /nemo/project/proj-tracerx-lung/tctProjects/kilimo/TracerX_WSIs/10X/patches/masks/LTX0243_5M_SU.jpg
Creating patches for:  LTX0243_5M_SU ...
Total number of contours to process:  1
Bounding Box: 3328 6400 60801 47041
Contour Area: 1670318080.0
Extracted 5110 coordinates
original size: 72960 x 56320
downscaled size for stiching: 1140 x 880
start stitching LTX0243_5M_SU
number of patches: 5110
patch size: 580 x 580 patch level: 0
ref patch size: (np.int32(580), np.int32(580)) x (np.int32(580), np.int32(580))
downscaled patch size: 10x10
segmentation took 0.06169462203979492 seconds
patching took 0.22932839393615723 seconds
stitching took 0.30514955520629883 seconds


progress: 0.39, 47/121
processing LTX0249_A4_SU.ndpi
MPP X: 0.22049744222967013, MPP Y: 0.22049744222967013
metadata microns per pixel 0.22049744222967013
Patch size for this slide is 1161
Using custom parameters for slide: LTX0249_A4_SU
Visualization parameters: {'vis_level': np.int8(-1), 'line_thickness': np.uint32(150)}
Filter parameters: {'a_t': np.float32(100.0), 'a_h': np.float32(16.0), 'max_n_holes': np.uint32(8)}
Segmentation parameters: {'seg_level': np.int8(-1), 'sthresh': np.uint8(15), 'mthresh': np.uint8(11), 'close': np.uint32(4), 'use_otsu': np.False_, 'keep_ids': 'none', 'exclude_ids': 'none', 'remove_markings': np.False_}
Patch parameters: {'use_padding': np.True_, 'contour_fn': 'four_pt'}
Visualization level set to: 6
Segmentation level set to: 6
Keep IDs: []
Exclude IDs: []
Image shape: (1760, 3360, 4)
HSV image shape: (1760, 3360, 3)
Median blurred image shape: (1760, 3360)
Otsu thresholded image shape: (1760, 3360)
Filter params: {'a_t': np.float32(6400.0), 'a_h': np.float32(1024.0), 'max_n_holes': np.uint32(8)}
Number of contours: 145
Number of foreground contours: 115
370.0
6400.0
556.0
6400.0
75.0
6400.0
10.5
6400.0
2.0
6400.0
20.0
6400.0
48.0
6400.0
108.5
6400.0
874.0
6400.0
54.5
6400.0
4.0
6400.0
7484.0
6400.0
11.5
6400.0
264.0
6400.0
678.5
6400.0
18.0
6400.0
10.5
6400.0
76.0
6400.0
197.5
6400.0
43.0
6400.0
64.0
6400.0
61.0
6400.0
99.0
6400.0
54.5
6400.0
25.0
6400.0
301.5
6400.0
9.0
6400.0
27.5
6400.0
187.0
6400.0
606.0
6400.0
165.5
6400.0
220.5
6400.0
75.0
6400.0
25.0
6400.0
1035665.0
6400.0
499.0
6400.0
565.5
6400.0
36.5
6400.0
40.0
6400.0
17.5
6400.0
35.5
6400.0
1119.5
6400.0
8204.0
6400.0
8.0
6400.0
93.5
6400.0
29.5
6400.0
12.5
6400.0
74.0
6400.0
64.5
6400.0
8.0
6400.0
336.5
6400.0
6.0
6400.0
87.0
6400.0
119.0
6400.0
83.0
6400.0
12.0
6400.0
25.0
6400.0
151.0
6400.0
29.5
6400.0
6.0
6400.0
124.5
6400.0
232.5
6400.0
206.0
6400.0
68.0
6400.0
8.0
6400.0
80.5
6400.0
673.0
6400.0
28.0
6400.0
35.0
6400.0
763.5
6400.0
146.5
6400.0
675.0
6400.0
163.0
6400.0
128.5
6400.0
15.0
6400.0
33.5
6400.0
220.0
6400.0
8.0
6400.0
22.5
6400.0
4.0
6400.0
12.0
6400.0
16.0
6400.0
617.5
6400.0
397.5
6400.0
77.0
6400.0
212.5
6400.0
77.5
6400.0
71.0
6400.0
73.5
6400.0
413.0
6400.0
2.0
6400.0
1298.0
6400.0
543.0
6400.0
33.0
6400.0
3.0
6400.0
6.0
6400.0
16.0
6400.0
22.0
6400.0
25.0
6400.0
116.0
6400.0
185.0
6400.0
18.0
6400.0
7.0
6400.0
49.0
6400.0
5.0
6400.0
167.0
6400.0
275.5
6400.0
761.0
6400.0
159.5
6400.0
527.5
6400.0
Number of filtered contours: 3
Number of hole contours: 4
Number of tissue contours: 3
Number of hole contours: 3
Final number of tissue contours: 3
Final number of hole contours: 3
Segmentation completed in 0.15 seconds
Mask saved at: /nemo/project/proj-tracerx-lung/tctProjects/kilimo/TracerX_WSIs/10X/patches/masks/LTX0249_A4_SU.jpg
Creating patches for:  LTX0249_A4_SU ...
Total number of contours to process:  3
Bounding Box: 209024 91392 5953 9473
Contour Area: 30654464.0
Extracted 24 coordinates
Bounding Box: 30976 32640 112321 60289
Contour Area: 4335482880.0
Extracted 3284 coordinates
Bounding Box: 208896 11136 6081 10625
Contour Area: 33603584.0
Extracted 26 coordinates
original size: 215040 x 112640
downscaled size for stiching: 3360 x 1760
start stitching LTX0249_A4_SU
number of patches: 3334
patch size: 1161 x 1161 patch level: 0
ref patch size: (np.int32(1161), np.int32(1161)) x (np.int32(1161), np.int32(1161))
downscaled patch size: 19x19
segmentation took 0.15493345260620117 seconds
patching took 0.18555784225463867 seconds
stitching took 0.23531866073608398 seconds


progress: 0.40, 48/121
processing LTX0255_2_SU.ndpi
MPP X: 0.22049744222967013, MPP Y: 0.22049744222967013
metadata microns per pixel 0.22049744222967013
Patch size for this slide is 1161
Using custom parameters for slide: LTX0255_2_SU
Visualization parameters: {'vis_level': np.int8(-1), 'line_thickness': np.uint32(150)}
Filter parameters: {'a_t': np.float32(100.0), 'a_h': np.float32(16.0), 'max_n_holes': np.uint32(8)}
Segmentation parameters: {'seg_level': np.int8(-1), 'sthresh': np.uint8(15), 'mthresh': np.uint8(11), 'close': np.uint32(4), 'use_otsu': np.False_, 'keep_ids': 'none', 'exclude_ids': 'none', 'remove_markings': np.False_}
Patch parameters: {'use_padding': np.True_, 'contour_fn': 'four_pt'}
Visualization level set to: 6
Segmentation level set to: 6
Keep IDs: []
Exclude IDs: []
Image shape: (1276, 1500, 4)
HSV image shape: (1276, 1500, 3)
Median blurred image shape: (1276, 1500)
Otsu thresholded image shape: (1276, 1500)
Filter params: {'a_t': np.float32(6400.0), 'a_h': np.float32(1024.0), 'max_n_holes': np.uint32(8)}
Number of contours: 290
Number of foreground contours: 12
19.0
6400.0
3626.0
6400.0
2880.0
6400.0
2025.5
6400.0
3.5
6400.0
2.5
6400.0
38.5
6400.0
56.0
6400.0
5.0
6400.0
309.5
6400.0
70.5
6400.0
849492.0
6400.0
Number of filtered contours: 1
Number of hole contours: 8
Number of tissue contours: 1
Number of hole contours: 1
Final number of tissue contours: 1
Final number of hole contours: 1
Segmentation completed in 0.75 seconds
Mask saved at: /nemo/project/proj-tracerx-lung/tctProjects/kilimo/TracerX_WSIs/10X/patches/masks/LTX0255_2_SU.jpg
Creating patches for:  LTX0255_2_SU ...
Total number of contours to process:  1
Bounding Box: 6656 6976 80129 66177
Contour Area: 3908640768.0
Extracted 2913 coordinates
original size: 96000 x 81664
downscaled size for stiching: 1500 x 1276
start stitching LTX0255_2_SU
number of patches: 2913
patch size: 1161 x 1161 patch level: 0
ref patch size: (np.int32(1161), np.int32(1161)) x (np.int32(1161), np.int32(1161))
downscaled patch size: 19x19
segmentation took 0.7455785274505615 seconds
patching took 0.1376945972442627 seconds
stitching took 0.33603620529174805 seconds


progress: 0.40, 49/121
processing LTX0263_1__SU.ndpi
MPP X: 0.22049744222967013, MPP Y: 0.22049744222967013
metadata microns per pixel 0.22049744222967013
Patch size for this slide is 1161
Using custom parameters for slide: LTX0263_1__SU
Visualization parameters: {'vis_level': np.int8(-1), 'line_thickness': np.uint32(150)}
Filter parameters: {'a_t': np.float32(100.0), 'a_h': np.float32(16.0), 'max_n_holes': np.uint32(8)}
Segmentation parameters: {'seg_level': np.int8(-1), 'sthresh': np.uint8(15), 'mthresh': np.uint8(11), 'close': np.uint32(4), 'use_otsu': np.False_, 'keep_ids': 'none', 'exclude_ids': 'none', 'remove_markings': np.False_}
Patch parameters: {'use_padding': np.True_, 'contour_fn': 'four_pt'}
Visualization level set to: 6
Segmentation level set to: 6
Keep IDs: []
Exclude IDs: []
Image shape: (1760, 3360, 4)
HSV image shape: (1760, 3360, 3)
Median blurred image shape: (1760, 3360)
Otsu thresholded image shape: (1760, 3360)
Filter params: {'a_t': np.float32(6400.0), 'a_h': np.float32(1024.0), 'max_n_holes': np.uint32(8)}
Number of contours: 204
Number of foreground contours: 13
14.0
6400.0
47.0
6400.0
4937.5
6400.0
9.5
6400.0
137.0
6400.0
1042806.5
6400.0
5048.0
6400.0
4.0
6400.0
181624.0
6400.0
50.5
6400.0
8.0
6400.0
1.0
6400.0
Number of filtered contours: 2
Number of hole contours: 5
Number of tissue contours: 2
Number of hole contours: 2
Final number of tissue contours: 2
Final number of hole contours: 2
Segmentation completed in 0.15 seconds
Mask saved at: /nemo/project/proj-tracerx-lung/tctProjects/kilimo/TracerX_WSIs/10X/patches/masks/LTX0263_1__SU.jpg
Creating patches for:  LTX0263_1__SU ...
Total number of contours to process:  2
Bounding Box: 35584 21376 93633 74945
Contour Area: 4613601280.0
Extracted 3379 coordinates
Bounding Box: 0 5504 9089 107073
Contour Area: 743931904.0
Extracted 577 coordinates
original size: 215040 x 112640
downscaled size for stiching: 3360 x 1760
start stitching LTX0263_1__SU
number of patches: 3956
patch size: 1161 x 1161 patch level: 0
ref patch size: (np.int32(1161), np.int32(1161)) x (np.int32(1161), np.int32(1161))
downscaled patch size: 19x19
segmentation took 0.15418291091918945 seconds
patching took 0.17043232917785645 seconds
stitching took 0.2709057331085205 seconds


progress: 0.41, 50/121
processing LTX0265_1D_SU.ndpi
MPP X: 0.22049744222967013, MPP Y: 0.22049744222967013
metadata microns per pixel 0.22049744222967013
Patch size for this slide is 1161
Using custom parameters for slide: LTX0265_1D_SU
Visualization parameters: {'vis_level': np.int8(-1), 'line_thickness': np.uint32(150)}
Filter parameters: {'a_t': np.float32(100.0), 'a_h': np.float32(16.0), 'max_n_holes': np.uint32(8)}
Segmentation parameters: {'seg_level': np.int8(-1), 'sthresh': np.uint8(15), 'mthresh': np.uint8(11), 'close': np.uint32(4), 'use_otsu': np.False_, 'keep_ids': 'none', 'exclude_ids': 'none', 'remove_markings': np.False_}
Patch parameters: {'use_padding': np.True_, 'contour_fn': 'four_pt'}
Visualization level set to: 6
Segmentation level set to: 6
Keep IDs: []
Exclude IDs: []
Image shape: (1760, 3360, 4)
HSV image shape: (1760, 3360, 3)
Median blurred image shape: (1760, 3360)
Otsu thresholded image shape: (1760, 3360)
Filter params: {'a_t': np.float32(6400.0), 'a_h': np.float32(1024.0), 'max_n_holes': np.uint32(8)}
Number of contours: 202
Number of foreground contours: 41
1.0
6400.0
7.0
6400.0
4.5
6400.0
366.0
6400.0
40.0
6400.0
6851.5
6400.0
0.5
6400.0
58.5
6400.0
4.0
6400.0
37.0
6400.0
8.0
6400.0
123.0
6400.0
263096.5
6400.0
6.0
6400.0
230402.0
6400.0
6.5
6400.0
487.0
6400.0
17.0
6400.0
27.5
6400.0
161.5
6400.0
151.0
6400.0
2093.0
6400.0
41.5
6400.0
3707.0
6400.0
0.5
6400.0
186710.5
6400.0
7033.0
6400.0
35559.0
6400.0
25.0
6400.0
30.0
6400.0
3.0
6400.0
15.0
6400.0
9.0
6400.0
Number of filtered contours: 6
Number of hole contours: 21
Number of tissue contours: 6
Number of hole contours: 6
Final number of tissue contours: 6
Final number of hole contours: 6
Segmentation completed in 0.15 seconds
Mask saved at: /nemo/project/proj-tracerx-lung/tctProjects/kilimo/TracerX_WSIs/10X/patches/masks/LTX0265_1D_SU.jpg
Creating patches for:  LTX0265_1D_SU ...
Total number of contours to process:  6
Bounding Box: 209472 92160 5505 9409
Contour Area: 28063744.0
Extracted 23 coordinates
Bounding Box: 35392 63680 100033 26497
Contour Area: 1251063808.0
Extracted 913 coordinates
Bounding Box: 47168 37248 83457 27969
Contour Area: 1026306048.0
Extracted 797 coordinates
Bounding Box: 51584 17984 70209 20225
Contour Area: 896460800.0
Extracted 675 coordinates
Bounding Box: 209280 12928 5697 9409
Contour Area: 28807168.0
Extracted 22 coordinates
Bounding Box: 0 9152 2433 101377
Contour Area: 145743872.0
Extracted 138 coordinates
original size: 215040 x 112640
downscaled size for stiching: 3360 x 1760
start stitching LTX0265_1D_SU
number of patches: 2568
patch size: 1161 x 1161 patch level: 0
ref patch size: (np.int32(1161), np.int32(1161)) x (np.int32(1161), np.int32(1161))
downscaled patch size: 19x19
segmentation took 0.14996838569641113 seconds
patching took 0.26396727561950684 seconds
stitching took 0.19150805473327637 seconds


progress: 0.42, 51/121
processing LTX0277_A1_SU.ndpi
MPP X: 0.22049744222967013, MPP Y: 0.22049744222967013
metadata microns per pixel 0.22049744222967013
Patch size for this slide is 1161
Using custom parameters for slide: LTX0277_A1_SU
Visualization parameters: {'vis_level': np.int8(-1), 'line_thickness': np.uint32(150)}
Filter parameters: {'a_t': np.float32(100.0), 'a_h': np.float32(16.0), 'max_n_holes': np.uint32(8)}
Segmentation parameters: {'seg_level': np.int8(-1), 'sthresh': np.uint8(15), 'mthresh': np.uint8(11), 'close': np.uint32(4), 'use_otsu': np.False_, 'keep_ids': 'none', 'exclude_ids': 'none', 'remove_markings': np.False_}
Patch parameters: {'use_padding': np.True_, 'contour_fn': 'four_pt'}
Visualization level set to: 6
Segmentation level set to: 6
Keep IDs: []
Exclude IDs: []
Image shape: (1452, 1320, 4)
HSV image shape: (1452, 1320, 3)
Median blurred image shape: (1452, 1320)
Otsu thresholded image shape: (1452, 1320)
Filter params: {'a_t': np.float32(6400.0), 'a_h': np.float32(1024.0), 'max_n_holes': np.uint32(8)}
Number of contours: 152
Number of foreground contours: 30
95.5
6400.0
921.5
6400.0
5588.5
6400.0
313.0
6400.0
144.5
6400.0
845.5
6400.0
23.5
6400.0
175.0
6400.0
23221.0
6400.0
15.0
6400.0
632.0
6400.0
275.5
6400.0
83.5
6400.0
40.0
6400.0
3842.0
6400.0
12.0
6400.0
67.5
6400.0
74.5
6400.0
43.0
6400.0
2.0
6400.0
580.5
6400.0
10.5
6400.0
1.5
6400.0
25.5
6400.0
34.5
6400.0
1405.0
6400.0
10.5
6400.0
623289.5
6400.0
100.0
6400.0
Number of filtered contours: 2
Number of hole contours: 8
Number of tissue contours: 2
Number of hole contours: 2
Final number of tissue contours: 2
Final number of hole contours: 2
Segmentation completed in 0.75 seconds
Mask saved at: /nemo/project/proj-tracerx-lung/tctProjects/kilimo/TracerX_WSIs/10X/patches/masks/LTX0277_A1_SU.jpg
Creating patches for:  LTX0277_A1_SU ...
Total number of contours to process:  2
Bounding Box: 14080 48768 10177 17601
Contour Area: 95311872.0
Extracted 82 coordinates
Bounding Box: 3072 3200 73409 88001
Contour Area: 2783559680.0
Extracted 2117 coordinates
original size: 84480 x 92928
downscaled size for stiching: 1320 x 1452
start stitching LTX0277_A1_SU
number of patches: 2199
patch size: 1161 x 1161 patch level: 0
ref patch size: (np.int32(1161), np.int32(1161)) x (np.int32(1161), np.int32(1161))
downscaled patch size: 19x19
segmentation took 0.749640941619873 seconds
patching took 0.1662733554840088 seconds
stitching took 0.25692224502563477 seconds


progress: 0.43, 52/121
processing LTX0281_A4_SU.ndpi
MPP X: 0.22049744222967013, MPP Y: 0.22049744222967013
metadata microns per pixel 0.22049744222967013
Patch size for this slide is 1161
Using custom parameters for slide: LTX0281_A4_SU
Visualization parameters: {'vis_level': np.int8(-1), 'line_thickness': np.uint32(150)}
Filter parameters: {'a_t': np.float32(100.0), 'a_h': np.float32(16.0), 'max_n_holes': np.uint32(8)}
Segmentation parameters: {'seg_level': np.int8(-1), 'sthresh': np.uint8(15), 'mthresh': np.uint8(11), 'close': np.uint32(4), 'use_otsu': np.False_, 'keep_ids': 'none', 'exclude_ids': 'none', 'remove_markings': np.False_}
Patch parameters: {'use_padding': np.True_, 'contour_fn': 'four_pt'}
Visualization level set to: 6
Segmentation level set to: 6
Keep IDs: []
Exclude IDs: []
Image shape: (1804, 1440, 4)
HSV image shape: (1804, 1440, 3)
Median blurred image shape: (1804, 1440)
Otsu thresholded image shape: (1804, 1440)
Filter params: {'a_t': np.float32(6400.0), 'a_h': np.float32(1024.0), 'max_n_holes': np.uint32(8)}
Number of contours: 273
Number of foreground contours: 54
6.5
6400.0
10.0
6400.0
9.5
6400.0
26.5
6400.0
18.5
6400.0
1.0
6400.0
19.0
6400.0
73.0
6400.0
160.0
6400.0
63.0
6400.0
85.0
6400.0
75.5
6400.0
289.0
6400.0
201.5
6400.0
92.0
6400.0
276.0
6400.0
136.5
6400.0
37.5
6400.0
13.0
6400.0
228.0
6400.0
118.0
6400.0
74.5
6400.0
205.5
6400.0
38.0
6400.0
326.5
6400.0
135.0
6400.0
53.5
6400.0
511.5
6400.0
571.0
6400.0
202.5
6400.0
8.0
6400.0
32.0
6400.0
63.0
6400.0
93.0
6400.0
125.0
6400.0
26.0
6400.0
232.0
6400.0
0.5
6400.0
30.0
6400.0
1.5
6400.0
82.5
6400.0
1279342.0
6400.0
10870.0
6400.0
Number of filtered contours: 2
Number of hole contours: 8
Number of tissue contours: 2
Number of hole contours: 2
Final number of tissue contours: 2
Final number of hole contours: 2
Segmentation completed in 1.02 seconds
Mask saved at: /nemo/project/proj-tracerx-lung/tctProjects/kilimo/TracerX_WSIs/10X/patches/masks/LTX0281_A4_SU.jpg
Creating patches for:  LTX0281_A4_SU ...
Total number of contours to process:  2
Bounding Box: 6208 3968 76417 101825
Contour Area: 5544753152.0
Extracted 4173 coordinates
Bounding Box: 0 0 92097 769
Contour Area: 44523520.0
Extracted 80 coordinates
original size: 92160 x 115456
downscaled size for stiching: 1440 x 1804
start stitching LTX0281_A4_SU
number of patches: 4253
patch size: 1161 x 1161 patch level: 0
ref patch size: (np.int32(1161), np.int32(1161)) x (np.int32(1161), np.int32(1161))
downscaled patch size: 19x19
segmentation took 1.017566204071045 seconds
patching took 0.238480806350708 seconds
stitching took 0.49538445472717285 seconds


progress: 0.44, 53/121
processing LTX0284_A4_1_SU.ndpi
MPP X: 0.22049744222967013, MPP Y: 0.22049744222967013
metadata microns per pixel 0.22049744222967013
Patch size for this slide is 1161
Using custom parameters for slide: LTX0284_A4_1_SU
Visualization parameters: {'vis_level': np.int8(-1), 'line_thickness': np.uint32(150)}
Filter parameters: {'a_t': np.float32(100.0), 'a_h': np.float32(16.0), 'max_n_holes': np.uint32(8)}
Segmentation parameters: {'seg_level': np.int8(-1), 'sthresh': np.uint8(15), 'mthresh': np.uint8(11), 'close': np.uint32(4), 'use_otsu': np.False_, 'keep_ids': 'none', 'exclude_ids': 'none', 'remove_markings': np.False_}
Patch parameters: {'use_padding': np.True_, 'contour_fn': 'four_pt'}
Visualization level set to: 6
Segmentation level set to: 6
Keep IDs: []
Exclude IDs: []
Image shape: (1496, 1920, 4)
HSV image shape: (1496, 1920, 3)
Median blurred image shape: (1496, 1920)
Otsu thresholded image shape: (1496, 1920)
Filter params: {'a_t': np.float32(6400.0), 'a_h': np.float32(1024.0), 'max_n_holes': np.uint32(8)}
Number of contours: 16
Number of foreground contours: 3
11.0
6400.0
948.0
6400.0
1241996.0
6400.0
Number of filtered contours: 1
Number of hole contours: 1
Number of tissue contours: 1
Number of hole contours: 1
Final number of tissue contours: 1
Final number of hole contours: 1
Segmentation completed in 0.09 seconds
Mask saved at: /nemo/project/proj-tracerx-lung/tctProjects/kilimo/TracerX_WSIs/10X/patches/masks/LTX0284_A4_1_SU.jpg
Creating patches for:  LTX0284_A4_1_SU ...
Total number of contours to process:  1
Bounding Box: 6656 7744 106241 78913
Contour Area: 5099718656.0
Extracted 3903 coordinates
original size: 122880 x 95744
downscaled size for stiching: 1920 x 1496
start stitching LTX0284_A4_1_SU
number of patches: 3903
patch size: 1161 x 1161 patch level: 0
ref patch size: (np.int32(1161), np.int32(1161)) x (np.int32(1161), np.int32(1161))
downscaled patch size: 19x19
segmentation took 0.08823728561401367 seconds
patching took 0.1461930274963379 seconds
stitching took 0.25798630714416504 seconds


progress: 0.45, 54/121
processing LTX0284_A4_SU.ndpi
MPP X: 0.22049744222967013, MPP Y: 0.22049744222967013
metadata microns per pixel 0.22049744222967013
Patch size for this slide is 1161
Using custom parameters for slide: LTX0284_A4_SU
Visualization parameters: {'vis_level': np.int8(-1), 'line_thickness': np.uint32(150)}
Filter parameters: {'a_t': np.float32(100.0), 'a_h': np.float32(16.0), 'max_n_holes': np.uint32(8)}
Segmentation parameters: {'seg_level': np.int8(-1), 'sthresh': np.uint8(15), 'mthresh': np.uint8(11), 'close': np.uint32(4), 'use_otsu': np.False_, 'keep_ids': 'none', 'exclude_ids': 'none', 'remove_markings': np.False_}
Patch parameters: {'use_padding': np.True_, 'contour_fn': 'four_pt'}
Visualization level set to: 6
Segmentation level set to: 6
Keep IDs: []
Exclude IDs: []
Image shape: (1100, 1500, 4)
HSV image shape: (1100, 1500, 3)
Median blurred image shape: (1100, 1500)
Otsu thresholded image shape: (1100, 1500)
Filter params: {'a_t': np.float32(6400.0), 'a_h': np.float32(1024.0), 'max_n_holes': np.uint32(8)}
Number of contours: 118
Number of foreground contours: 13
44.0
6400.0
12.5
6400.0
74.0
6400.0
4.5
6400.0
50.5
6400.0
5.5
6400.0
203.5
6400.0
164.5
6400.0
2.0
6400.0
96.5
6400.0
117.0
6400.0
548.5
6400.0
818036.0
6400.0
Number of filtered contours: 1
Number of hole contours: 8
Number of tissue contours: 1
Number of hole contours: 1
Final number of tissue contours: 1
Final number of hole contours: 1
Segmentation completed in 0.63 seconds
Mask saved at: /nemo/project/proj-tracerx-lung/tctProjects/kilimo/TracerX_WSIs/10X/patches/masks/LTX0284_A4_SU.jpg
Creating patches for:  LTX0284_A4_SU ...
Total number of contours to process:  1
Bounding Box: 3584 5120 87873 61057
Contour Area: 3805175808.0
Extracted 2659 coordinates
original size: 96000 x 70400
downscaled size for stiching: 1500 x 1100
start stitching LTX0284_A4_SU
number of patches: 2659
patch size: 1161 x 1161 patch level: 0
ref patch size: (np.int32(1161), np.int32(1161)) x (np.int32(1161), np.int32(1161))
downscaled patch size: 19x19
segmentation took 0.625267505645752 seconds
patching took 0.13552260398864746 seconds
stitching took 0.3066122531890869 seconds


progress: 0.45, 55/121
processing LTX0284_A5_SU.ndpi
MPP X: 0.22049744222967013, MPP Y: 0.22049744222967013
metadata microns per pixel 0.22049744222967013
Patch size for this slide is 1161
Using custom parameters for slide: LTX0284_A5_SU
Visualization parameters: {'vis_level': np.int8(-1), 'line_thickness': np.uint32(150)}
Filter parameters: {'a_t': np.float32(100.0), 'a_h': np.float32(16.0), 'max_n_holes': np.uint32(8)}
Segmentation parameters: {'seg_level': np.int8(-1), 'sthresh': np.uint8(15), 'mthresh': np.uint8(11), 'close': np.uint32(4), 'use_otsu': np.False_, 'keep_ids': 'none', 'exclude_ids': 'none', 'remove_markings': np.False_}
Patch parameters: {'use_padding': np.True_, 'contour_fn': 'four_pt'}
Visualization level set to: 6
Segmentation level set to: 6
Keep IDs: []
Exclude IDs: []
Image shape: (1188, 1260, 4)
HSV image shape: (1188, 1260, 3)
Median blurred image shape: (1188, 1260)
Otsu thresholded image shape: (1188, 1260)
Filter params: {'a_t': np.float32(6400.0), 'a_h': np.float32(1024.0), 'max_n_holes': np.uint32(8)}
Number of contours: 30
Number of foreground contours: 3
708.5
6400.0
2687.0
6400.0
739212.0
6400.0
Number of filtered contours: 1
Number of hole contours: 3
Number of tissue contours: 1
Number of hole contours: 1
Final number of tissue contours: 1
Final number of hole contours: 1
Segmentation completed in 0.58 seconds
Mask saved at: /nemo/project/proj-tracerx-lung/tctProjects/kilimo/TracerX_WSIs/10X/patches/masks/LTX0284_A5_SU.jpg
Creating patches for:  LTX0284_A5_SU ...
Total number of contours to process:  1
Bounding Box: 4224 3392 71169 69697
Contour Area: 3104653312.0
Extracted 2350 coordinates
original size: 80640 x 76032
downscaled size for stiching: 1260 x 1188
start stitching LTX0284_A5_SU
number of patches: 2350
patch size: 1161 x 1161 patch level: 0
ref patch size: (np.int32(1161), np.int32(1161)) x (np.int32(1161), np.int32(1161))
downscaled patch size: 19x19
segmentation took 0.5759611129760742 seconds
patching took 0.09773969650268555 seconds
stitching took 0.27236413955688477 seconds


progress: 0.46, 56/121
processing LTX0321_A2_SU.ndpi
MPP X: 0.22049744222967013, MPP Y: 0.22049744222967013
metadata microns per pixel 0.22049744222967013
Patch size for this slide is 1161
Using custom parameters for slide: LTX0321_A2_SU
Visualization parameters: {'vis_level': np.int8(-1), 'line_thickness': np.uint32(150)}
Filter parameters: {'a_t': np.float32(100.0), 'a_h': np.float32(16.0), 'max_n_holes': np.uint32(8)}
Segmentation parameters: {'seg_level': np.int8(-1), 'sthresh': np.uint8(15), 'mthresh': np.uint8(11), 'close': np.uint32(4), 'use_otsu': np.False_, 'keep_ids': 'none', 'exclude_ids': 'none', 'remove_markings': np.False_}
Patch parameters: {'use_padding': np.True_, 'contour_fn': 'four_pt'}
Visualization level set to: 6
Segmentation level set to: 6
Keep IDs: []
Exclude IDs: []
Image shape: (1804, 2340, 4)
HSV image shape: (1804, 2340, 3)
Median blurred image shape: (1804, 2340)
Otsu thresholded image shape: (1804, 2340)
Filter params: {'a_t': np.float32(6400.0), 'a_h': np.float32(1024.0), 'max_n_holes': np.uint32(8)}
Number of contours: 1191
Number of foreground contours: 134
431.0
6400.0
39.0
6400.0
9.0
6400.0
114.5
6400.0
274.5
6400.0
225.0
6400.0
530.0
6400.0
52.5
6400.0
164.5
6400.0
552.5
6400.0
26.0
6400.0
194.5
6400.0
17.0
6400.0
71.5
6400.0
34.5
6400.0
80.5
6400.0
104.5
6400.0
32.0
6400.0
26.5
6400.0
167.0
6400.0
165.5
6400.0
12.0
6400.0
123.0
6400.0
3.5
6400.0
9.5
6400.0
5.5
6400.0
79.0
6400.0
24.5
6400.0
37.5
6400.0
5.0
6400.0
49.0
6400.0
256.0
6400.0
7.0
6400.0
10.0
6400.0
13.0
6400.0
95.5
6400.0
2039.5
6400.0
96.5
6400.0
45.5
6400.0
15.0
6400.0
70.5
6400.0
156.5
6400.0
165.0
6400.0
90.5
6400.0
284.5
6400.0
304.5
6400.0
1947.5
6400.0
64.0
6400.0
67.5
6400.0
140.0
6400.0
58.0
6400.0
401.5
6400.0
124.5
6400.0
531.5
6400.0
122.5
6400.0
1767.0
6400.0
766.5
6400.0
101.5
6400.0
278.5
6400.0
185.0
6400.0
83.0
6400.0
1112.5
6400.0
63.0
6400.0
121.0
6400.0
26.5
6400.0
106.5
6400.0
3.0
6400.0
0.5
6400.0
5.5
6400.0
886.0
6400.0
334.5
6400.0
4.5
6400.0
166.0
6400.0
139.5
6400.0
59.5
6400.0
128.5
6400.0
17.5
6400.0
29.0
6400.0
15.5
6400.0
2509614.5
6400.0
58.5
6400.0
20.0
6400.0
8.0
6400.0
10.0
6400.0
41.0
6400.0
134.0
6400.0
351.5
6400.0
322.0
6400.0
175.5
6400.0
186.0
6400.0
13.0
6400.0
46.0
6400.0
116.5
6400.0
58.5
6400.0
163.0
6400.0
131.0
6400.0
101.0
6400.0
180.5
6400.0
336.5
6400.0
981.0
6400.0
2971.0
6400.0
263.0
6400.0
138.0
6400.0
4452.5
6400.0
442.0
6400.0
247.5
6400.0
2.0
6400.0
7.0
6400.0
347.0
6400.0
Number of filtered contours: 1
Number of hole contours: 8
Number of tissue contours: 1
Number of hole contours: 1
Final number of tissue contours: 1
Final number of hole contours: 1
Segmentation completed in 1.66 seconds
Mask saved at: /nemo/project/proj-tracerx-lung/tctProjects/kilimo/TracerX_WSIs/10X/patches/masks/LTX0321_A2_SU.jpg
Creating patches for:  LTX0321_A2_SU ...
Total number of contours to process:  1
Bounding Box: 7168 1344 132673 108097
Contour Area: 11954812928.0
Extracted 8827 coordinates
original size: 149760 x 115456
downscaled size for stiching: 2340 x 1804
start stitching LTX0321_A2_SU
number of patches: 8827
patch size: 1161 x 1161 patch level: 0
ref patch size: (np.int32(1161), np.int32(1161)) x (np.int32(1161), np.int32(1161))
downscaled patch size: 19x19
segmentation took 1.662766456604004 seconds
patching took 0.3997929096221924 seconds
stitching took 0.9917147159576416 seconds


progress: 0.47, 57/121
processing LTX0326_1_SU.ndpi
MPP X: 0.22049744222967013, MPP Y: 0.22049744222967013
metadata microns per pixel 0.22049744222967013
Patch size for this slide is 1161
Using custom parameters for slide: LTX0326_1_SU
Visualization parameters: {'vis_level': np.int8(-1), 'line_thickness': np.uint32(150)}
Filter parameters: {'a_t': np.float32(100.0), 'a_h': np.float32(16.0), 'max_n_holes': np.uint32(8)}
Segmentation parameters: {'seg_level': np.int8(-1), 'sthresh': np.uint8(15), 'mthresh': np.uint8(11), 'close': np.uint32(4), 'use_otsu': np.False_, 'keep_ids': 'none', 'exclude_ids': 'none', 'remove_markings': np.False_}
Patch parameters: {'use_padding': np.True_, 'contour_fn': 'four_pt'}
Visualization level set to: 6
Segmentation level set to: 6
Keep IDs: []
Exclude IDs: []
Image shape: (1540, 2040, 4)
HSV image shape: (1540, 2040, 3)
Median blurred image shape: (1540, 2040)
Otsu thresholded image shape: (1540, 2040)
Filter params: {'a_t': np.float32(6400.0), 'a_h': np.float32(1024.0), 'max_n_holes': np.uint32(8)}
Number of contours: 560
Number of foreground contours: 81
1210.5
6400.0
84.5
6400.0
28.0
6400.0
63.0
6400.0
202.0
6400.0
405.0
6400.0
122.5
6400.0
765.5
6400.0
101.5
6400.0
33.5
6400.0
326.0
6400.0
6.0
6400.0
57.0
6400.0
337.5
6400.0
12063.5
6400.0
195.0
6400.0
59.5
6400.0
1.0
6400.0
15.5
6400.0
13.5
6400.0
61.0
6400.0
20.0
6400.0
50.5
6400.0
45.5
6400.0
30.0
6400.0
64.0
6400.0
3.0
6400.0
199.5
6400.0
298.5
6400.0
66.0
6400.0
207.5
6400.0
12.5
6400.0
85.0
6400.0
428.0
6400.0
2327.0
6400.0
4.0
6400.0
1.5
6400.0
27.0
6400.0
229.0
6400.0
1374643.5
6400.0
19.0
6400.0
3.5
6400.0
6.0
6400.0
4.0
6400.0
30.5
6400.0
5.5
6400.0
5.0
6400.0
30.0
6400.0
8.5
6400.0
24.5
6400.0
30.0
6400.0
101.0
6400.0
3.5
6400.0
13.0
6400.0
46.5
6400.0
39.5
6400.0
958.5
6400.0
64.5
6400.0
290.0
6400.0
59.5
6400.0
54.5
6400.0
2.0
6400.0
133.0
6400.0
253.5
6400.0
108.5
6400.0
228.5
6400.0
74.5
6400.0
4868.0
6400.0
35.5
6400.0
19.5
6400.0
Number of filtered contours: 2
Number of hole contours: 8
Number of tissue contours: 2
Number of hole contours: 2
Final number of tissue contours: 2
Final number of hole contours: 2
Segmentation completed in 1.23 seconds
Mask saved at: /nemo/project/proj-tracerx-lung/tctProjects/kilimo/TracerX_WSIs/10X/patches/masks/LTX0326_1_SU.jpg
Creating patches for:  LTX0326_1_SU ...
Total number of contours to process:  2
Bounding Box: 106624 68608 7233 15169
Contour Area: 49815552.0
Extracted 51 coordinates
Bounding Box: 7296 8256 113537 79489
Contour Area: 6252634112.0
Extracted 4742 coordinates
original size: 130560 x 98560
downscaled size for stiching: 2040 x 1540
start stitching LTX0326_1_SU
number of patches: 4793
patch size: 1161 x 1161 patch level: 0
ref patch size: (np.int32(1161), np.int32(1161)) x (np.int32(1161), np.int32(1161))
downscaled patch size: 19x19
segmentation took 1.2269608974456787 seconds
patching took 0.24606990814208984 seconds
stitching took 0.5627565383911133 seconds


progress: 0.48, 58/121
processing LTX0334_3__SU.ndpi
MPP X: 0.22049744222967013, MPP Y: 0.22049744222967013
metadata microns per pixel 0.22049744222967013
Patch size for this slide is 1161
Using custom parameters for slide: LTX0334_3__SU
Visualization parameters: {'vis_level': np.int8(-1), 'line_thickness': np.uint32(150)}
Filter parameters: {'a_t': np.float32(100.0), 'a_h': np.float32(16.0), 'max_n_holes': np.uint32(8)}
Segmentation parameters: {'seg_level': np.int8(-1), 'sthresh': np.uint8(15), 'mthresh': np.uint8(11), 'close': np.uint32(4), 'use_otsu': np.False_, 'keep_ids': 'none', 'exclude_ids': 'none', 'remove_markings': np.False_}
Patch parameters: {'use_padding': np.True_, 'contour_fn': 'four_pt'}
Visualization level set to: 6
Segmentation level set to: 6
Keep IDs: []
Exclude IDs: []
Image shape: (1408, 1860, 4)
HSV image shape: (1408, 1860, 3)
Median blurred image shape: (1408, 1860)
Otsu thresholded image shape: (1408, 1860)
Filter params: {'a_t': np.float32(6400.0), 'a_h': np.float32(1024.0), 'max_n_holes': np.uint32(8)}
Number of contours: 92
Number of foreground contours: 25
46.5
6400.0
31.5
6400.0
68.5
6400.0
147.0
6400.0
2.0
6400.0
301.5
6400.0
8523.0
6400.0
4.0
6400.0
25.0
6400.0
1327.5
6400.0
39.0
6400.0
59.5
6400.0
36.0
6400.0
902.0
6400.0
5.0
6400.0
24.0
6400.0
21.5
6400.0
203.0
6400.0
16.0
6400.0
134.0
6400.0
3.5
6400.0
17.0
6400.0
955852.0
6400.0
Number of filtered contours: 2
Number of hole contours: 2
Number of tissue contours: 2
Number of hole contours: 2
Final number of tissue contours: 2
Final number of hole contours: 2
Segmentation completed in 1.02 seconds
Mask saved at: /nemo/project/proj-tracerx-lung/tctProjects/kilimo/TracerX_WSIs/10X/patches/masks/LTX0334_3__SU.jpg
Creating patches for:  LTX0334_3__SU ...
Total number of contours to process:  2
Bounding Box: 7040 62336 5441 12993
Contour Area: 41467904.0
Extracted 42 coordinates
Bounding Box: 13824 7552 95105 74177
Contour Area: 3981355008.0
Extracted 3036 coordinates
original size: 119040 x 90112
downscaled size for stiching: 1860 x 1408
start stitching LTX0334_3__SU
number of patches: 3078
patch size: 1161 x 1161 patch level: 0
ref patch size: (np.int32(1161), np.int32(1161)) x (np.int32(1161), np.int32(1161))
downscaled patch size: 19x19
segmentation took 1.0176305770874023 seconds
patching took 0.14534687995910645 seconds
stitching took 0.3588440418243408 seconds


progress: 0.49, 59/121
processing LTX0339_1F_SU.ndpi
MPP X: 0.22049744222967013, MPP Y: 0.22049744222967013
metadata microns per pixel 0.22049744222967013
Patch size for this slide is 1161
Using custom parameters for slide: LTX0339_1F_SU
Visualization parameters: {'vis_level': np.int8(-1), 'line_thickness': np.uint32(150)}
Filter parameters: {'a_t': np.float32(100.0), 'a_h': np.float32(16.0), 'max_n_holes': np.uint32(8)}
Segmentation parameters: {'seg_level': np.int8(-1), 'sthresh': np.uint8(15), 'mthresh': np.uint8(11), 'close': np.uint32(4), 'use_otsu': np.False_, 'keep_ids': 'none', 'exclude_ids': 'none', 'remove_markings': np.False_}
Patch parameters: {'use_padding': np.True_, 'contour_fn': 'four_pt'}
Visualization level set to: 6
Segmentation level set to: 6
Keep IDs: []
Exclude IDs: []
Image shape: (1804, 2340, 4)
HSV image shape: (1804, 2340, 3)
Median blurred image shape: (1804, 2340)
Otsu thresholded image shape: (1804, 2340)
Filter params: {'a_t': np.float32(6400.0), 'a_h': np.float32(1024.0), 'max_n_holes': np.uint32(8)}
Number of contours: 827
Number of foreground contours: 299
1.0
6400.0
36.5
6400.0
3.0
6400.0
13.0
6400.0
50.5
6400.0
4.0
6400.0
7.0
6400.0
5.5
6400.0
37.5
6400.0
3.0
6400.0
11.5
6400.0
6.5
6400.0
3.0
6400.0
61.0
6400.0
6.0
6400.0
3.0
6400.0
7.0
6400.0
88.0
6400.0
38.0
6400.0
63.0
6400.0
156.5
6400.0
315.0
6400.0
20.0
6400.0
126.5
6400.0
189.5
6400.0
312.5
6400.0
166.5
6400.0
12.5
6400.0
14.5
6400.0
2.0
6400.0
7.0
6400.0
13.0
6400.0
18.0
6400.0
2.5
6400.0
248.0
6400.0
29.5
6400.0
6.0
6400.0
2.0
6400.0
7.5
6400.0
17.0
6400.0
115.0
6400.0
30.5
6400.0
22.0
6400.0
51.0
6400.0
1.0
6400.0
227.0
6400.0
0.5
6400.0
221.0
6400.0
8.5
6400.0
1011.5
6400.0
57.5
6400.0
45.0
6400.0
68.0
6400.0
1.0
6400.0
161.0
6400.0
66.5
6400.0
107.5
6400.0
18.0
6400.0
18.5
6400.0
505.0
6400.0
600.0
6400.0
92.5
6400.0
0.5
6400.0
684.0
6400.0
2.5
6400.0
64.5
6400.0
497.0
6400.0
163.0
6400.0
368.5
6400.0
70.0
6400.0
4.0
6400.0
5.5
6400.0
3.0
6400.0
7.0
6400.0
109.0
6400.0
8.5
6400.0
94.0
6400.0
21.0
6400.0
386.0
6400.0
193.5
6400.0
209.0
6400.0
116.0
6400.0
47.5
6400.0
18.0
6400.0
131.0
6400.0
95.0
6400.0
704.0
6400.0
170.0
6400.0
64.0
6400.0
2.5
6400.0
169.0
6400.0
1.0
6400.0
48.0
6400.0
39.5
6400.0
54.5
6400.0
924.5
6400.0
46.0
6400.0
7.0
6400.0
41.0
6400.0
88.0
6400.0
33.0
6400.0
21.0
6400.0
101.0
6400.0
1812.0
6400.0
860.0
6400.0
37.5
6400.0
721.5
6400.0
450.5
6400.0
28.0
6400.0
3851.5
6400.0
114.5
6400.0
58.0
6400.0
11.0
6400.0
33.5
6400.0
5.0
6400.0
11.5
6400.0
178.5
6400.0
0.5
6400.0
143.0
6400.0
23.5
6400.0
63.0
6400.0
166.5
6400.0
14.5
6400.0
46.5
6400.0
9.0
6400.0
78.0
6400.0
11.5
6400.0
21.0
6400.0
39.0
6400.0
1921.0
6400.0
30.0
6400.0
164.5
6400.0
172.5
6400.0
42.5
6400.0
68.0
6400.0
95.0
6400.0
72.0
6400.0
1214.0
6400.0
94.5
6400.0
112.5
6400.0
24.5
6400.0
265.0
6400.0
29.0
6400.0
62.5
6400.0
0.5
6400.0
1.0
6400.0
1.5
6400.0
4.0
6400.0
55.0
6400.0
186.5
6400.0
13.0
6400.0
2008.0
6400.0
171.0
6400.0
31.0
6400.0
8.0
6400.0
17.0
6400.0
121.5
6400.0
1.5
6400.0
84.0
6400.0
36.5
6400.0
7.5
6400.0
131.5
6400.0
5.0
6400.0
473.0
6400.0
268.0
6400.0
69.0
6400.0
21.5
6400.0
423.0
6400.0
175.0
6400.0
381.0
6400.0
3.0
6400.0
18.0
6400.0
18.5
6400.0
113.0
6400.0
32.5
6400.0
18.5
6400.0
104.5
6400.0
1027.5
6400.0
95.5
6400.0
2.0
6400.0
418.0
6400.0
77.5
6400.0
508.5
6400.0
86.5
6400.0
42.0
6400.0
88.0
6400.0
5296.0
6400.0
106.0
6400.0
472.0
6400.0
67.0
6400.0
20.0
6400.0
167.0
6400.0
380.0
6400.0
46.5
6400.0
10.0
6400.0
62.0
6400.0
78.0
6400.0
77.0
6400.0
7.5
6400.0
17.5
6400.0
274.5
6400.0
279.0
6400.0
8.0
6400.0
15.0
6400.0
14.5
6400.0
35.5
6400.0
94.5
6400.0
176.0
6400.0
27.0
6400.0
4.0
6400.0
1.0
6400.0
180.0
6400.0
96.5
6400.0
33.0
6400.0
53.0
6400.0
97.5
6400.0
186.5
6400.0
10.0
6400.0
6.5
6400.0
25.0
6400.0
2.5
6400.0
597.0
6400.0
6.5
6400.0
21.0
6400.0
3.0
6400.0
253.5
6400.0
140.0
6400.0
2217.5
6400.0
5054.5
6400.0
14.0
6400.0
897.5
6400.0
2.0
6400.0
28.0
6400.0
6.5
6400.0
39.5
6400.0
60.0
6400.0
8.0
6400.0
55.5
6400.0
11.5
6400.0
498.5
6400.0
6.0
6400.0
4.0
6400.0
1.5
6400.0
79.5
6400.0
2036.5
6400.0
5.0
6400.0
46.0
6400.0
3.5
6400.0
56.5
6400.0
28.5
6400.0
245.0
6400.0
10.0
6400.0
2.0
6400.0
4.0
6400.0
3.0
6400.0
10.0
6400.0
18.0
6400.0
179.0
6400.0
40.5
6400.0
1647390.0
6400.0
58.5
6400.0
30.0
6400.0
384.5
6400.0
33.0
6400.0
47.5
6400.0
110.5
6400.0
23557.5
6400.0
Number of filtered contours: 2
Number of hole contours: 8
Number of tissue contours: 2
Number of hole contours: 2
Final number of tissue contours: 2
Final number of hole contours: 2
Segmentation completed in 1.66 seconds
Mask saved at: /nemo/project/proj-tracerx-lung/tctProjects/kilimo/TracerX_WSIs/10X/patches/masks/LTX0339_1F_SU.jpg
Creating patches for:  LTX0339_1F_SU ...
Total number of contours to process:  2
Bounding Box: 7808 5440 130689 103553
Contour Area: 7621572608.0
Extracted 5793 coordinates
Bounding Box: 0 0 149697 1729
Contour Area: 96491520.0
Extracted 130 coordinates
original size: 149760 x 115456
downscaled size for stiching: 2340 x 1804
start stitching LTX0339_1F_SU
number of patches: 5923
patch size: 1161 x 1161 patch level: 0
ref patch size: (np.int32(1161), np.int32(1161)) x (np.int32(1161), np.int32(1161))
downscaled patch size: 19x19
segmentation took 1.6608123779296875 seconds
patching took 0.37769651412963867 seconds
stitching took 0.6883926391601562 seconds


progress: 0.50, 60/121
processing LTX0343_A2_SU.ndpi
MPP X: 0.22049744222967013, MPP Y: 0.22049744222967013
metadata microns per pixel 0.22049744222967013
Patch size for this slide is 1161
Using custom parameters for slide: LTX0343_A2_SU
Visualization parameters: {'vis_level': np.int8(-1), 'line_thickness': np.uint32(150)}
Filter parameters: {'a_t': np.float32(100.0), 'a_h': np.float32(16.0), 'max_n_holes': np.uint32(8)}
Segmentation parameters: {'seg_level': np.int8(-1), 'sthresh': np.uint8(15), 'mthresh': np.uint8(11), 'close': np.uint32(4), 'use_otsu': np.False_, 'keep_ids': 'none', 'exclude_ids': 'none', 'remove_markings': np.False_}
Patch parameters: {'use_padding': np.True_, 'contour_fn': 'four_pt'}
Visualization level set to: 6
Segmentation level set to: 6
Keep IDs: []
Exclude IDs: []
Image shape: (1144, 2040, 4)
HSV image shape: (1144, 2040, 3)
Median blurred image shape: (1144, 2040)
Otsu thresholded image shape: (1144, 2040)
Filter params: {'a_t': np.float32(6400.0), 'a_h': np.float32(1024.0), 'max_n_holes': np.uint32(8)}
Number of contours: 331
Number of foreground contours: 9
157.5
6400.0
21.5
6400.0
70.5
6400.0
12.0
6400.0
65.0
6400.0
1188920.0
6400.0
313.0
6400.0
5.5
6400.0
27.0
6400.0
Number of filtered contours: 1
Number of hole contours: 8
Number of tissue contours: 1
Number of hole contours: 1
Final number of tissue contours: 1
Final number of hole contours: 1
Segmentation completed in 0.07 seconds
Mask saved at: /nemo/project/proj-tracerx-lung/tctProjects/kilimo/TracerX_WSIs/10X/patches/masks/LTX0343_A2_SU.jpg
Creating patches for:  LTX0343_A2_SU ...
Total number of contours to process:  1
Bounding Box: 3008 3712 120705 59777
Contour Area: 5516357632.0
Extracted 3975 coordinates
original size: 130560 x 73216
downscaled size for stiching: 2040 x 1144
start stitching LTX0343_A2_SU
number of patches: 3975
patch size: 1161 x 1161 patch level: 0
ref patch size: (np.int32(1161), np.int32(1161)) x (np.int32(1161), np.int32(1161))
downscaled patch size: 19x19
segmentation took 0.07480692863464355 seconds
patching took 0.64652419090271 seconds
stitching took 0.25974225997924805 seconds


progress: 0.50, 61/121
processing LTX0348_D3_SU.ndpi
MPP X: 0.22049744222967013, MPP Y: 0.22049744222967013
metadata microns per pixel 0.22049744222967013
Patch size for this slide is 1161
Using custom parameters for slide: LTX0348_D3_SU
Visualization parameters: {'vis_level': np.int8(-1), 'line_thickness': np.uint32(150)}
Filter parameters: {'a_t': np.float32(100.0), 'a_h': np.float32(16.0), 'max_n_holes': np.uint32(8)}
Segmentation parameters: {'seg_level': np.int8(-1), 'sthresh': np.uint8(15), 'mthresh': np.uint8(11), 'close': np.uint32(4), 'use_otsu': np.False_, 'keep_ids': 'none', 'exclude_ids': 'none', 'remove_markings': np.False_}
Patch parameters: {'use_padding': np.True_, 'contour_fn': 'four_pt'}
Visualization level set to: 6
Segmentation level set to: 6
Keep IDs: []
Exclude IDs: []
Image shape: (1452, 2160, 4)
HSV image shape: (1452, 2160, 3)
Median blurred image shape: (1452, 2160)
Otsu thresholded image shape: (1452, 2160)
Filter params: {'a_t': np.float32(6400.0), 'a_h': np.float32(1024.0), 'max_n_holes': np.uint32(8)}
Number of contours: 425
Number of foreground contours: 44
47.5
6400.0
6.0
6400.0
19.5
6400.0
181.5
6400.0
1.5
6400.0
76.5
6400.0
11.0
6400.0
48.5
6400.0
7.5
6400.0
4.0
6400.0
0.5
6400.0
4.5
6400.0
7.5
6400.0
11.5
6400.0
1.5
6400.0
2.5
6400.0
1.0
6400.0
9.5
6400.0
81.5
6400.0
103.0
6400.0
484.5
6400.0
38.5
6400.0
527.5
6400.0
17.0
6400.0
413.0
6400.0
40.0
6400.0
83.5
6400.0
112.5
6400.0
187.0
6400.0
5.0
6400.0
224.0
6400.0
195.5
6400.0
17.0
6400.0
24.0
6400.0
302.0
6400.0
3.0
6400.0
2.5
6400.0
2.0
6400.0
8.0
6400.0
1324981.5
6400.0
Number of filtered contours: 1
Number of hole contours: 8
Number of tissue contours: 1
Number of hole contours: 1
Final number of tissue contours: 1
Final number of hole contours: 1
Segmentation completed in 1.24 seconds
Mask saved at: /nemo/project/proj-tracerx-lung/tctProjects/kilimo/TracerX_WSIs/10X/patches/masks/LTX0348_D3_SU.jpg
Creating patches for:  LTX0348_D3_SU ...
Total number of contours to process:  1
Bounding Box: 7552 8064 120577 76097
Contour Area: 6481004544.0
Extracted 4775 coordinates
original size: 138240 x 92928
downscaled size for stiching: 2160 x 1452
start stitching LTX0348_D3_SU
number of patches: 4775
patch size: 1161 x 1161 patch level: 0
ref patch size: (np.int32(1161), np.int32(1161)) x (np.int32(1161), np.int32(1161))
downscaled patch size: 19x19
segmentation took 1.2356388568878174 seconds
patching took 0.2406773567199707 seconds
stitching took 0.5465915203094482 seconds


progress: 0.51, 62/121
processing LTX0355_A5_SU.ndpi
MPP X: 0.22049744222967013, MPP Y: 0.22049744222967013
metadata microns per pixel 0.22049744222967013
Patch size for this slide is 1161
Using custom parameters for slide: LTX0355_A5_SU
Visualization parameters: {'vis_level': np.int8(-1), 'line_thickness': np.uint32(150)}
Filter parameters: {'a_t': np.float32(100.0), 'a_h': np.float32(16.0), 'max_n_holes': np.uint32(8)}
Segmentation parameters: {'seg_level': np.int8(-1), 'sthresh': np.uint8(15), 'mthresh': np.uint8(11), 'close': np.uint32(4), 'use_otsu': np.False_, 'keep_ids': 'none', 'exclude_ids': 'none', 'remove_markings': np.False_}
Patch parameters: {'use_padding': np.True_, 'contour_fn': 'four_pt'}
Visualization level set to: 6
Segmentation level set to: 6
Keep IDs: []
Exclude IDs: []
Image shape: (1672, 1980, 4)
HSV image shape: (1672, 1980, 3)
Median blurred image shape: (1672, 1980)
Otsu thresholded image shape: (1672, 1980)
Filter params: {'a_t': np.float32(6400.0), 'a_h': np.float32(1024.0), 'max_n_holes': np.uint32(8)}
Number of contours: 51
Number of foreground contours: 4
27.0
6400.0
1.5
6400.0
3.5
6400.0
2053801.0
6400.0
Number of filtered contours: 1
Number of hole contours: 0
Number of tissue contours: 1
Number of hole contours: 1
Final number of tissue contours: 1
Final number of hole contours: 1
Segmentation completed in 1.34 seconds
Mask saved at: /nemo/project/proj-tracerx-lung/tctProjects/kilimo/TracerX_WSIs/10X/patches/masks/LTX0355_A5_SU.jpg
Creating patches for:  LTX0355_A5_SU ...
Total number of contours to process:  1
Bounding Box: 7232 7872 108993 90625
Contour Area: 8443768832.0
Extracted 6382 coordinates
original size: 126720 x 107008
downscaled size for stiching: 1980 x 1672
start stitching LTX0355_A5_SU
number of patches: 6382
patch size: 1161 x 1161 patch level: 0
ref patch size: (np.int32(1161), np.int32(1161)) x (np.int32(1161), np.int32(1161))
downscaled patch size: 19x19
segmentation took 1.3359436988830566 seconds
patching took 0.16295886039733887 seconds
stitching took 0.7358367443084717 seconds


progress: 0.52, 63/121
processing LTX0357_A5_SU.ndpi
MPP X: 0.22049744222967013, MPP Y: 0.22049744222967013
metadata microns per pixel 0.22049744222967013
Patch size for this slide is 1161
Using custom parameters for slide: LTX0357_A5_SU
Visualization parameters: {'vis_level': np.int8(-1), 'line_thickness': np.uint32(150)}
Filter parameters: {'a_t': np.float32(100.0), 'a_h': np.float32(16.0), 'max_n_holes': np.uint32(8)}
Segmentation parameters: {'seg_level': np.int8(-1), 'sthresh': np.uint8(15), 'mthresh': np.uint8(11), 'close': np.uint32(4), 'use_otsu': np.False_, 'keep_ids': 'none', 'exclude_ids': 'none', 'remove_markings': np.False_}
Patch parameters: {'use_padding': np.True_, 'contour_fn': 'four_pt'}
Visualization level set to: 6
Segmentation level set to: 6
Keep IDs: []
Exclude IDs: []
Image shape: (1584, 2220, 4)
HSV image shape: (1584, 2220, 3)
Median blurred image shape: (1584, 2220)
Otsu thresholded image shape: (1584, 2220)
Filter params: {'a_t': np.float32(6400.0), 'a_h': np.float32(1024.0), 'max_n_holes': np.uint32(8)}
Number of contours: 570
Number of foreground contours: 23
22.5
6400.0
63.0
6400.0
82.0
6400.0
50.0
6400.0
2.0
6400.0
42.0
6400.0
106.0
6400.0
16.5
6400.0
2.0
6400.0
20.5
6400.0
7.0
6400.0
13.0
6400.0
6.5
6400.0
44.0
6400.0
1.0
6400.0
51.0
6400.0
65.5
6400.0
2013606.5
6400.0
Number of filtered contours: 1
Number of hole contours: 8
Number of tissue contours: 1
Number of hole contours: 1
Final number of tissue contours: 1
Final number of hole contours: 1
Segmentation completed in 1.48 seconds
Mask saved at: /nemo/project/proj-tracerx-lung/tctProjects/kilimo/TracerX_WSIs/10X/patches/masks/LTX0357_A5_SU.jpg
Creating patches for:  LTX0357_A5_SU ...
Total number of contours to process:  1
Bounding Box: 7872 7808 124225 91649
Contour Area: 8982061056.0
Extracted 6732 coordinates
original size: 142080 x 101376
downscaled size for stiching: 2220 x 1584
start stitching LTX0357_A5_SU
number of patches: 6732
patch size: 1161 x 1161 patch level: 0
ref patch size: (np.int32(1161), np.int32(1161)) x (np.int32(1161), np.int32(1161))
downscaled patch size: 19x19
segmentation took 1.482670545578003 seconds
patching took 0.29392576217651367 seconds
stitching took 0.7720506191253662 seconds


progress: 0.53, 64/121
processing LTX0361_A3_SU.ndpi
MPP X: 0.22049744222967013, MPP Y: 0.22049744222967013
metadata microns per pixel 0.22049744222967013
Patch size for this slide is 1161
Using custom parameters for slide: LTX0361_A3_SU
Visualization parameters: {'vis_level': np.int8(-1), 'line_thickness': np.uint32(150)}
Filter parameters: {'a_t': np.float32(100.0), 'a_h': np.float32(16.0), 'max_n_holes': np.uint32(8)}
Segmentation parameters: {'seg_level': np.int8(-1), 'sthresh': np.uint8(15), 'mthresh': np.uint8(11), 'close': np.uint32(4), 'use_otsu': np.False_, 'keep_ids': 'none', 'exclude_ids': 'none', 'remove_markings': np.False_}
Patch parameters: {'use_padding': np.True_, 'contour_fn': 'four_pt'}
Visualization level set to: 6
Segmentation level set to: 6
Keep IDs: []
Exclude IDs: []
Image shape: (1452, 1920, 4)
HSV image shape: (1452, 1920, 3)
Median blurred image shape: (1452, 1920)
Otsu thresholded image shape: (1452, 1920)
Filter params: {'a_t': np.float32(6400.0), 'a_h': np.float32(1024.0), 'max_n_holes': np.uint32(8)}
Number of contours: 243
Number of foreground contours: 18
2.0
6400.0
3.0
6400.0
22.0
6400.0
20.0
6400.0
10.0
6400.0
46.0
6400.0
89.0
6400.0
17.0
6400.0
72.0
6400.0
5.0
6400.0
389.5
6400.0
18.5
6400.0
131.5
6400.0
98.5
6400.0
161.0
6400.0
1008.5
6400.0
1388297.5
6400.0
Number of filtered contours: 1
Number of hole contours: 7
Number of tissue contours: 1
Number of hole contours: 1
Final number of tissue contours: 1
Final number of hole contours: 1
Segmentation completed in 1.14 seconds
Mask saved at: /nemo/project/proj-tracerx-lung/tctProjects/kilimo/TracerX_WSIs/10X/patches/masks/LTX0361_A3_SU.jpg
Creating patches for:  LTX0361_A3_SU ...
Total number of contours to process:  1
Bounding Box: 6272 8960 106817 79041
Contour Area: 5942685696.0
Extracted 4477 coordinates
original size: 122880 x 92928
downscaled size for stiching: 1920 x 1452
start stitching LTX0361_A3_SU
number of patches: 4477
patch size: 1161 x 1161 patch level: 0
ref patch size: (np.int32(1161), np.int32(1161)) x (np.int32(1161), np.int32(1161))
downscaled patch size: 19x19
segmentation took 1.1428592205047607 seconds
patching took 0.20559334754943848 seconds
stitching took 0.5169506072998047 seconds


progress: 0.54, 65/121
processing LTX0365_A4_SU.ndpi
MPP X: 0.22049744222967013, MPP Y: 0.22049744222967013
metadata microns per pixel 0.22049744222967013
Patch size for this slide is 1161
Using custom parameters for slide: LTX0365_A4_SU
Visualization parameters: {'vis_level': np.int8(-1), 'line_thickness': np.uint32(150)}
Filter parameters: {'a_t': np.float32(100.0), 'a_h': np.float32(16.0), 'max_n_holes': np.uint32(8)}
Segmentation parameters: {'seg_level': np.int8(-1), 'sthresh': np.uint8(15), 'mthresh': np.uint8(11), 'close': np.uint32(4), 'use_otsu': np.False_, 'keep_ids': 'none', 'exclude_ids': 'none', 'remove_markings': np.False_}
Patch parameters: {'use_padding': np.True_, 'contour_fn': 'four_pt'}
Visualization level set to: 6
Segmentation level set to: 6
Keep IDs: []
Exclude IDs: []
Image shape: (1716, 2100, 4)
HSV image shape: (1716, 2100, 3)
Median blurred image shape: (1716, 2100)
Otsu thresholded image shape: (1716, 2100)
Filter params: {'a_t': np.float32(6400.0), 'a_h': np.float32(1024.0), 'max_n_holes': np.uint32(8)}
Number of contours: 241
Number of foreground contours: 14
1.0
6400.0
47.0
6400.0
2381.0
6400.0
141.5
6400.0
80.5
6400.0
8.0
6400.0
44.0
6400.0
190.5
6400.0
20.0
6400.0
193.0
6400.0
2101828.5
6400.0
Number of filtered contours: 1
Number of hole contours: 8
Number of tissue contours: 1
Number of hole contours: 1
Final number of tissue contours: 1
Final number of hole contours: 1
Segmentation completed in 1.42 seconds
Mask saved at: /nemo/project/proj-tracerx-lung/tctProjects/kilimo/TracerX_WSIs/10X/patches/masks/LTX0365_A4_SU.jpg
Creating patches for:  LTX0365_A4_SU ...
Total number of contours to process:  1
Bounding Box: 7744 7296 116161 102337
Contour Area: 9146763264.0
Extracted 6695 coordinates
original size: 134400 x 109824
downscaled size for stiching: 2100 x 1716
start stitching LTX0365_A4_SU
number of patches: 6695
patch size: 1161 x 1161 patch level: 0
ref patch size: (np.int32(1161), np.int32(1161)) x (np.int32(1161), np.int32(1161))
downscaled patch size: 19x19
segmentation took 1.4240872859954834 seconds
patching took 0.34236884117126465 seconds
stitching took 0.7799224853515625 seconds


progress: 0.55, 66/121
processing LTX0366_A4_SU.ndpi
MPP X: 0.22049744222967013, MPP Y: 0.22049744222967013
metadata microns per pixel 0.22049744222967013
Patch size for this slide is 1161
Using custom parameters for slide: LTX0366_A4_SU
Visualization parameters: {'vis_level': np.int8(-1), 'line_thickness': np.uint32(150)}
Filter parameters: {'a_t': np.float32(100.0), 'a_h': np.float32(16.0), 'max_n_holes': np.uint32(8)}
Segmentation parameters: {'seg_level': np.int8(-1), 'sthresh': np.uint8(15), 'mthresh': np.uint8(11), 'close': np.uint32(4), 'use_otsu': np.False_, 'keep_ids': 'none', 'exclude_ids': 'none', 'remove_markings': np.False_}
Patch parameters: {'use_padding': np.True_, 'contour_fn': 'four_pt'}
Visualization level set to: 6
Segmentation level set to: 6
Keep IDs: []
Exclude IDs: []
Image shape: (1804, 2100, 4)
HSV image shape: (1804, 2100, 3)
Median blurred image shape: (1804, 2100)
Otsu thresholded image shape: (1804, 2100)
Filter params: {'a_t': np.float32(6400.0), 'a_h': np.float32(1024.0), 'max_n_holes': np.uint32(8)}
Number of contours: 555
Number of foreground contours: 57
1.0
6400.0
2.5
6400.0
196.0
6400.0
11.0
6400.0
40.0
6400.0
79.0
6400.0
191.5
6400.0
363.0
6400.0
14.0
6400.0
40.0
6400.0
272.0
6400.0
1.0
6400.0
4.0
6400.0
52.0
6400.0
38.0
6400.0
3.0
6400.0
8.0
6400.0
526.5
6400.0
257.5
6400.0
17.5
6400.0
43.0
6400.0
6.5
6400.0
185.5
6400.0
16.5
6400.0
1.0
6400.0
27.5
6400.0
9.0
6400.0
47.5
6400.0
80.5
6400.0
418.5
6400.0
109.5
6400.0
541.0
6400.0
83.5
6400.0
1454746.0
6400.0
193.5
6400.0
1799.0
6400.0
428.0
6400.0
277.5
6400.0
796.0
6400.0
3582.0
6400.0
12390.0
6400.0
Number of filtered contours: 2
Number of hole contours: 8
Number of tissue contours: 2
Number of hole contours: 2
Final number of tissue contours: 2
Final number of hole contours: 2
Segmentation completed in 1.47 seconds
Mask saved at: /nemo/project/proj-tracerx-lung/tctProjects/kilimo/TracerX_WSIs/10X/patches/masks/LTX0366_A4_SU.jpg
Creating patches for:  LTX0366_A4_SU ...
Total number of contours to process:  2
Bounding Box: 6208 5440 119809 108161
Contour Area: 6889535488.0
Extracted 5186 coordinates
Bounding Box: 0 0 77569 1665
Contour Area: 50749440.0
Extracted 67 coordinates
original size: 134400 x 115456
downscaled size for stiching: 2100 x 1804
start stitching LTX0366_A4_SU
number of patches: 5253
patch size: 1161 x 1161 patch level: 0
ref patch size: (np.int32(1161), np.int32(1161)) x (np.int32(1161), np.int32(1161))
downscaled patch size: 19x19
segmentation took 1.472320318222046 seconds
patching took 0.3787417411804199 seconds
stitching took 0.6267392635345459 seconds


progress: 0.55, 67/121
processing LTX0372_1I_SU.ndpi
MPP X: 0.22049744222967013, MPP Y: 0.22049744222967013
metadata microns per pixel 0.22049744222967013
Patch size for this slide is 1161
Using custom parameters for slide: LTX0372_1I_SU
Visualization parameters: {'vis_level': np.int8(-1), 'line_thickness': np.uint32(150)}
Filter parameters: {'a_t': np.float32(100.0), 'a_h': np.float32(16.0), 'max_n_holes': np.uint32(8)}
Segmentation parameters: {'seg_level': np.int8(-1), 'sthresh': np.uint8(15), 'mthresh': np.uint8(11), 'close': np.uint32(4), 'use_otsu': np.False_, 'keep_ids': 'none', 'exclude_ids': 'none', 'remove_markings': np.False_}
Patch parameters: {'use_padding': np.True_, 'contour_fn': 'four_pt'}
Visualization level set to: 6
Segmentation level set to: 6
Keep IDs: []
Exclude IDs: []
Image shape: (1760, 2280, 4)
HSV image shape: (1760, 2280, 3)
Median blurred image shape: (1760, 2280)
Otsu thresholded image shape: (1760, 2280)
Filter params: {'a_t': np.float32(6400.0), 'a_h': np.float32(1024.0), 'max_n_holes': np.uint32(8)}
Number of contours: 813
Number of foreground contours: 87
33.5
6400.0
11.0
6400.0
46.0
6400.0
57.5
6400.0
813.5
6400.0
82.0
6400.0
28.0
6400.0
8.5
6400.0
18.5
6400.0
24.5
6400.0
0.5
6400.0
268.5
6400.0
143.0
6400.0
15.0
6400.0
52.5
6400.0
8.5
6400.0
1.5
6400.0
254.5
6400.0
64.5
6400.0
219.5
6400.0
408.0
6400.0
16.5
6400.0
14.5
6400.0
73.0
6400.0
9.5
6400.0
18.5
6400.0
32.5
6400.0
19.5
6400.0
353.0
6400.0
208.5
6400.0
9.0
6400.0
1.0
6400.0
4.5
6400.0
141.0
6400.0
174.0
6400.0
48.5
6400.0
5.5
6400.0
31.0
6400.0
51.0
6400.0
127.0
6400.0
17.5
6400.0
89.5
6400.0
3966.0
6400.0
67.5
6400.0
1.0
6400.0
2.0
6400.0
7650.5
6400.0
26.0
6400.0
1784462.5
6400.0
4.0
6400.0
15.0
6400.0
1.0
6400.0
28.5
6400.0
4.0
6400.0
16.0
6400.0
45.5
6400.0
12.0
6400.0
18.0
6400.0
123.5
6400.0
17.0
6400.0
59.0
6400.0
24.5
6400.0
14.0
6400.0
3.0
6400.0
1.0
6400.0
22.0
6400.0
1.0
6400.0
19.0
6400.0
80.5
6400.0
Number of filtered contours: 2
Number of hole contours: 8
Number of tissue contours: 2
Number of hole contours: 2
Final number of tissue contours: 2
Final number of hole contours: 2
Segmentation completed in 0.14 seconds
Mask saved at: /nemo/project/proj-tracerx-lung/tctProjects/kilimo/TracerX_WSIs/10X/patches/masks/LTX0372_1I_SU.jpg
Creating patches for:  LTX0372_1I_SU ...
Total number of contours to process:  2
Bounding Box: 33920 16384 12161 13249
Contour Area: 33380352.0
Extracted 38 coordinates
Bounding Box: 6336 8512 119489 103809
Contour Area: 9336825856.0
Extracted 6575 coordinates
original size: 145920 x 112640
downscaled size for stiching: 2280 x 1760
start stitching LTX0372_1I_SU
number of patches: 6613
patch size: 1161 x 1161 patch level: 0
ref patch size: (np.int32(1161), np.int32(1161)) x (np.int32(1161), np.int32(1161))
downscaled patch size: 19x19
segmentation took 0.13811469078063965 seconds
patching took 0.3858819007873535 seconds
stitching took 0.4356379508972168 seconds


progress: 0.56, 68/121
processing LTX0374_3__SU.ndpi
MPP X: 0.22049744222967013, MPP Y: 0.22049744222967013
metadata microns per pixel 0.22049744222967013
Patch size for this slide is 1161
Using custom parameters for slide: LTX0374_3__SU
Visualization parameters: {'vis_level': np.int8(-1), 'line_thickness': np.uint32(150)}
Filter parameters: {'a_t': np.float32(100.0), 'a_h': np.float32(16.0), 'max_n_holes': np.uint32(8)}
Segmentation parameters: {'seg_level': np.int8(-1), 'sthresh': np.uint8(15), 'mthresh': np.uint8(11), 'close': np.uint32(4), 'use_otsu': np.False_, 'keep_ids': 'none', 'exclude_ids': 'none', 'remove_markings': np.False_}
Patch parameters: {'use_padding': np.True_, 'contour_fn': 'four_pt'}
Visualization level set to: 6
Segmentation level set to: 6
Keep IDs: []
Exclude IDs: []
Image shape: (1716, 2160, 4)
HSV image shape: (1716, 2160, 3)
Median blurred image shape: (1716, 2160)
Otsu thresholded image shape: (1716, 2160)
Filter params: {'a_t': np.float32(6400.0), 'a_h': np.float32(1024.0), 'max_n_holes': np.uint32(8)}
Number of contours: 1180
Number of foreground contours: 85
3.5
6400.0
40.5
6400.0
1.0
6400.0
12.0
6400.0
1.0
6400.0
159.0
6400.0
4.5
6400.0
16.0
6400.0
12.0
6400.0
11.5
6400.0
106.0
6400.0
39.0
6400.0
52.0
6400.0
32.0
6400.0
23.0
6400.0
27.5
6400.0
129.5
6400.0
14.5
6400.0
7.5
6400.0
3.5
6400.0
77.0
6400.0
0.5
6400.0
90.0
6400.0
440.5
6400.0
47.0
6400.0
213.0
6400.0
155.0
6400.0
2.5
6400.0
155.0
6400.0
760.5
6400.0
7.5
6400.0
155.5
6400.0
7.5
6400.0
39.0
6400.0
92.5
6400.0
292.5
6400.0
30.0
6400.0
15.5
6400.0
6.5
6400.0
238.0
6400.0
60.5
6400.0
16.0
6400.0
79.5
6400.0
10.5
6400.0
56.5
6400.0
33.5
6400.0
62.5
6400.0
168.5
6400.0
27.5
6400.0
75.0
6400.0
16.0
6400.0
675.5
6400.0
2470.5
6400.0
15.5
6400.0
440.0
6400.0
323.5
6400.0
10.5
6400.0
8.0
6400.0
22.0
6400.0
134.5
6400.0
657.5
6400.0
51.5
6400.0
1.0
6400.0
165.0
6400.0
131.0
6400.0
146.0
6400.0
1892134.5
6400.0
Number of filtered contours: 1
Number of hole contours: 8
Number of tissue contours: 1
Number of hole contours: 1
Final number of tissue contours: 1
Final number of hole contours: 1
Segmentation completed in 1.46 seconds
Mask saved at: /nemo/project/proj-tracerx-lung/tctProjects/kilimo/TracerX_WSIs/10X/patches/masks/LTX0374_3__SU.jpg
Creating patches for:  LTX0374_3__SU ...
Total number of contours to process:  1
Bounding Box: 6528 7872 121665 101889
Contour Area: 10077065216.0
Extracted 7077 coordinates
original size: 138240 x 109824
downscaled size for stiching: 2160 x 1716
start stitching LTX0374_3__SU
number of patches: 7077
patch size: 1161 x 1161 patch level: 0
ref patch size: (np.int32(1161), np.int32(1161)) x (np.int32(1161), np.int32(1161))
downscaled patch size: 19x19
segmentation took 1.459728717803955 seconds
patching took 0.3343620300292969 seconds
stitching took 0.8188838958740234 seconds


progress: 0.57, 69/121
processing LTX0380_A1 (new block)_SU.ndpi
MPP X: 0.22049744222967013, MPP Y: 0.22049744222967013
metadata microns per pixel 0.22049744222967013
Patch size for this slide is 1161
Using custom parameters for slide: LTX0380_A1 (new block)_SU
Visualization parameters: {'vis_level': np.int8(-1), 'line_thickness': np.uint32(150)}
Filter parameters: {'a_t': np.float32(100.0), 'a_h': np.float32(16.0), 'max_n_holes': np.uint32(8)}
Segmentation parameters: {'seg_level': np.int8(-1), 'sthresh': np.uint8(15), 'mthresh': np.uint8(11), 'close': np.uint32(4), 'use_otsu': np.False_, 'keep_ids': 'none', 'exclude_ids': 'none', 'remove_markings': np.False_}
Patch parameters: {'use_padding': np.True_, 'contour_fn': 'four_pt'}
Visualization level set to: 6
Segmentation level set to: 6
Keep IDs: []
Exclude IDs: []
Image shape: (1100, 1440, 4)
HSV image shape: (1100, 1440, 3)
Median blurred image shape: (1100, 1440)
Otsu thresholded image shape: (1100, 1440)
Filter params: {'a_t': np.float32(6400.0), 'a_h': np.float32(1024.0), 'max_n_holes': np.uint32(8)}
Number of contours: 198
Number of foreground contours: 50
35.5
6400.0
29.5
6400.0
41.5
6400.0
44.0
6400.0
1.0
6400.0
388.0
6400.0
243.5
6400.0
231.5
6400.0
17.0
6400.0
23.5
6400.0
188.5
6400.0
433.5
6400.0
37.5
6400.0
62.5
6400.0
1380.5
6400.0
12.5
6400.0
630.0
6400.0
501.5
6400.0
11.5
6400.0
62.5
6400.0
14.5
6400.0
43.5
6400.0
294.0
6400.0
123.5
6400.0
2077.0
6400.0
533.5
6400.0
100.5
6400.0
55.0
6400.0
254.5
6400.0
11.0
6400.0
101.5
6400.0
119.5
6400.0
80.0
6400.0
26.0
6400.0
108.5
6400.0
79.5
6400.0
13.5
6400.0
16802.5
6400.0
632.5
6400.0
126.5
6400.0
83.5
6400.0
23.0
6400.0
637513.0
6400.0
Number of filtered contours: 2
Number of hole contours: 10
Number of tissue contours: 2
Number of hole contours: 2
Final number of tissue contours: 2
Final number of hole contours: 2
Segmentation completed in 0.62 seconds
Mask saved at: /nemo/project/proj-tracerx-lung/tctProjects/kilimo/TracerX_WSIs/10X/patches/masks/LTX0380_A1 (new block)_SU.jpg
Creating patches for:  LTX0380_A1 (new block)_SU ...
Total number of contours to process:  2
Bounding Box: 78720 33664 12161 18817
Contour Area: 85651456.0
Extracted 85 coordinates
Bounding Box: 3840 3776 83841 59585
Contour Area: 3159478272.0
Extracted 2306 coordinates
original size: 92160 x 70400
downscaled size for stiching: 1440 x 1100
start stitching LTX0380_A1 (new block)_SU
number of patches: 2391
patch size: 1161 x 1161 patch level: 0
ref patch size: (np.int32(1161), np.int32(1161)) x (np.int32(1161), np.int32(1161))
downscaled patch size: 19x19
segmentation took 0.6200075149536133 seconds
patching took 0.20263099670410156 seconds
stitching took 0.2792332172393799 seconds


progress: 0.58, 70/121
processing LTX0380_A3 (new block)_SU.ndpi
MPP X: 0.22049744222967013, MPP Y: 0.22049744222967013
metadata microns per pixel 0.22049744222967013
Patch size for this slide is 1161
Using custom parameters for slide: LTX0380_A3 (new block)_SU
Visualization parameters: {'vis_level': np.int8(-1), 'line_thickness': np.uint32(150)}
Filter parameters: {'a_t': np.float32(100.0), 'a_h': np.float32(16.0), 'max_n_holes': np.uint32(8)}
Segmentation parameters: {'seg_level': np.int8(-1), 'sthresh': np.uint8(15), 'mthresh': np.uint8(11), 'close': np.uint32(4), 'use_otsu': np.False_, 'keep_ids': 'none', 'exclude_ids': 'none', 'remove_markings': np.False_}
Patch parameters: {'use_padding': np.True_, 'contour_fn': 'four_pt'}
Visualization level set to: 6
Segmentation level set to: 6
Keep IDs: []
Exclude IDs: []
Image shape: (1188, 1140, 4)
HSV image shape: (1188, 1140, 3)
Median blurred image shape: (1188, 1140)
Otsu thresholded image shape: (1188, 1140)
Filter params: {'a_t': np.float32(6400.0), 'a_h': np.float32(1024.0), 'max_n_holes': np.uint32(8)}
Number of contours: 159
Number of foreground contours: 23
154.5
6400.0
420.0
6400.0
11.5
6400.0
77.0
6400.0
167.5
6400.0
221.5
6400.0
35.5
6400.0
10.0
6400.0
157.0
6400.0
214.0
6400.0
25.5
6400.0
74.5
6400.0
212.0
6400.0
450.5
6400.0
36.0
6400.0
24.5
6400.0
677.5
6400.0
579263.5
6400.0
Number of filtered contours: 1
Number of hole contours: 8
Number of tissue contours: 1
Number of hole contours: 1
Final number of tissue contours: 1
Final number of hole contours: 1
Segmentation completed in 0.54 seconds
Mask saved at: /nemo/project/proj-tracerx-lung/tctProjects/kilimo/TracerX_WSIs/10X/patches/masks/LTX0380_A3 (new block)_SU.jpg
Creating patches for:  LTX0380_A3 (new block)_SU ...
Total number of contours to process:  1
Bounding Box: 3520 2240 66689 70273
Contour Area: 2622578688.0
Extracted 2010 coordinates
original size: 72960 x 76032
downscaled size for stiching: 1140 x 1188
start stitching LTX0380_A3 (new block)_SU
number of patches: 2010
patch size: 1161 x 1161 patch level: 0
ref patch size: (np.int32(1161), np.int32(1161)) x (np.int32(1161), np.int32(1161))
downscaled patch size: 19x19
segmentation took 0.5399055480957031 seconds
patching took 0.13783049583435059 seconds
stitching took 0.23521709442138672 seconds


progress: 0.59, 71/121
processing LTX0380_A3_SU.ndpi
MPP X: 0.22049744222967013, MPP Y: 0.22049744222967013
metadata microns per pixel 0.22049744222967013
Patch size for this slide is 1161
Using custom parameters for slide: LTX0380_A3_SU
Visualization parameters: {'vis_level': np.int8(-1), 'line_thickness': np.uint32(150)}
Filter parameters: {'a_t': np.float32(100.0), 'a_h': np.float32(16.0), 'max_n_holes': np.uint32(8)}
Segmentation parameters: {'seg_level': np.int8(-1), 'sthresh': np.uint8(15), 'mthresh': np.uint8(11), 'close': np.uint32(4), 'use_otsu': np.False_, 'keep_ids': 'none', 'exclude_ids': 'none', 'remove_markings': np.False_}
Patch parameters: {'use_padding': np.True_, 'contour_fn': 'four_pt'}
Visualization level set to: 6
Segmentation level set to: 6
Keep IDs: []
Exclude IDs: []
Image shape: (1320, 1560, 4)
HSV image shape: (1320, 1560, 3)
Median blurred image shape: (1320, 1560)
Otsu thresholded image shape: (1320, 1560)
Filter params: {'a_t': np.float32(6400.0), 'a_h': np.float32(1024.0), 'max_n_holes': np.uint32(8)}
Number of contours: 203
Number of foreground contours: 14
56.0
6400.0
65.5
6400.0
18.5
6400.0
16.0
6400.0
20.0
6400.0
49.5
6400.0
833.0
6400.0
42.5
6400.0
405.0
6400.0
35.5
6400.0
15.0
6400.0
46.0
6400.0
617411.5
6400.0
Number of filtered contours: 1
Number of hole contours: 8
Number of tissue contours: 1
Number of hole contours: 1
Final number of tissue contours: 1
Final number of hole contours: 1
Segmentation completed in 0.06 seconds
Mask saved at: /nemo/project/proj-tracerx-lung/tctProjects/kilimo/TracerX_WSIs/10X/patches/masks/LTX0380_A3_SU.jpg
Creating patches for:  LTX0380_A3_SU ...
Total number of contours to process:  1
Bounding Box: 6592 7360 82753 69185
Contour Area: 3175837696.0
Extracted 2215 coordinates
original size: 99840 x 84480
downscaled size for stiching: 1560 x 1320
start stitching LTX0380_A3_SU
number of patches: 2215
patch size: 1161 x 1161 patch level: 0
ref patch size: (np.int32(1161), np.int32(1161)) x (np.int32(1161), np.int32(1161))
downscaled patch size: 19x19
segmentation took 0.0641484260559082 seconds
patching took 0.16094231605529785 seconds
stitching took 0.15313005447387695 seconds


progress: 0.60, 72/121
processing LTX0386_A5_SU.ndpi
MPP X: 0.22049744222967013, MPP Y: 0.22049744222967013
metadata microns per pixel 0.22049744222967013
Patch size for this slide is 1161
Using custom parameters for slide: LTX0386_A5_SU
Visualization parameters: {'vis_level': np.int8(-1), 'line_thickness': np.uint32(150)}
Filter parameters: {'a_t': np.float32(100.0), 'a_h': np.float32(16.0), 'max_n_holes': np.uint32(8)}
Segmentation parameters: {'seg_level': np.int8(-1), 'sthresh': np.uint8(15), 'mthresh': np.uint8(11), 'close': np.uint32(4), 'use_otsu': np.False_, 'keep_ids': 'none', 'exclude_ids': 'none', 'remove_markings': np.False_}
Patch parameters: {'use_padding': np.True_, 'contour_fn': 'four_pt'}
Visualization level set to: 6
Segmentation level set to: 6
Keep IDs: []
Exclude IDs: []
Image shape: (1716, 2580, 4)
HSV image shape: (1716, 2580, 3)
Median blurred image shape: (1716, 2580)
Otsu thresholded image shape: (1716, 2580)
Filter params: {'a_t': np.float32(6400.0), 'a_h': np.float32(1024.0), 'max_n_holes': np.uint32(8)}
Number of contours: 663
Number of foreground contours: 153
333.5
6400.0
9.0
6400.0
0.5
6400.0
4.0
6400.0
107.0
6400.0
30.0
6400.0
145.5
6400.0
24.5
6400.0
26.5
6400.0
141.5
6400.0
89.0
6400.0
1.5
6400.0
29.0
6400.0
2.5
6400.0
16.5
6400.0
5.0
6400.0
50.5
6400.0
755.0
6400.0
46.5
6400.0
117.5
6400.0
30.0
6400.0
3.5
6400.0
4.5
6400.0
11.5
6400.0
32.5
6400.0
64.5
6400.0
184.5
6400.0
802.5
6400.0
473.5
6400.0
81.0
6400.0
61.0
6400.0
28.0
6400.0
72.0
6400.0
1000.0
6400.0
1.5
6400.0
229.0
6400.0
5.0
6400.0
9.5
6400.0
75.0
6400.0
1375.0
6400.0
56.5
6400.0
57.0
6400.0
560.5
6400.0
18.0
6400.0
4.0
6400.0
65.0
6400.0
133.0
6400.0
11.5
6400.0
25.5
6400.0
140.5
6400.0
47.5
6400.0
109.5
6400.0
1139.5
6400.0
19.5
6400.0
5.0
6400.0
172.0
6400.0
108.0
6400.0
19.5
6400.0
11.5
6400.0
18.5
6400.0
132.0
6400.0
16.0
6400.0
363.5
6400.0
3.0
6400.0
58.5
6400.0
238.0
6400.0
30.0
6400.0
488.0
6400.0
13.0
6400.0
455.0
6400.0
7.0
6400.0
1.0
6400.0
20.0
6400.0
15.5
6400.0
38.0
6400.0
183.0
6400.0
18.0
6400.0
36.0
6400.0
387.5
6400.0
58.0
6400.0
76.5
6400.0
0.5
6400.0
23.0
6400.0
12.5
6400.0
2.5
6400.0
73.0
6400.0
56.0
6400.0
121.0
6400.0
280.5
6400.0
62.5
6400.0
30897.0
6400.0
8.5
6400.0
2.5
6400.0
0.5
6400.0
1.5
6400.0
53.0
6400.0
6.5
6400.0
75.5
6400.0
1.5
6400.0
164.0
6400.0
207.5
6400.0
16.5
6400.0
6.5
6400.0
95.0
6400.0
21.5
6400.0
179.0
6400.0
413.5
6400.0
11.5
6400.0
122.0
6400.0
55098.5
6400.0
27.5
6400.0
16.5
6400.0
1.0
6400.0
3.0
6400.0
78.5
6400.0
66.5
6400.0
28.0
6400.0
68.0
6400.0
128.0
6400.0
20.5
6400.0
90.5
6400.0
113.5
6400.0
34665.0
6400.0
9638.0
6400.0
33.5
6400.0
1060256.5
6400.0
46.5
6400.0
2.5
6400.0
11.0
6400.0
4.0
6400.0
7.0
6400.0
15.0
6400.0
41.5
6400.0
17.0
6400.0
3.0
6400.0
14.0
6400.0
90.0
6400.0
171.0
6400.0
17.0
6400.0
52.0
6400.0
Number of filtered contours: 5
Number of hole contours: 13
Number of tissue contours: 5
Number of hole contours: 5
Final number of tissue contours: 5
Final number of hole contours: 5
Segmentation completed in 1.71 seconds
Mask saved at: /nemo/project/proj-tracerx-lung/tctProjects/kilimo/TracerX_WSIs/10X/patches/masks/LTX0386_A5_SU.jpg
Creating patches for:  LTX0386_A5_SU ...
Total number of contours to process:  5
Bounding Box: 147264 74560 16257 25793
Contour Area: 136257536.0
Extracted 134 coordinates
Bounding Box: 140352 51712 19649 38273
Contour Area: 326051840.0
Extracted 251 coordinates
Bounding Box: 136320 24896 14913 27713
Contour Area: 150003712.0
Extracted 142 coordinates
Bounding Box: 152448 11840 9409 9409
Contour Area: 39477248.0
Extracted 29 coordinates
Bounding Box: 6208 7616 102465 94145
Contour Area: 5277612032.0
Extracted 3975 coordinates
original size: 165120 x 109824
downscaled size for stiching: 2580 x 1716
start stitching LTX0386_A5_SU
number of patches: 4531
patch size: 1161 x 1161 patch level: 0
ref patch size: (np.int32(1161), np.int32(1161)) x (np.int32(1161), np.int32(1161))
downscaled patch size: 19x19
segmentation took 1.7076225280761719 seconds
patching took 0.41083383560180664 seconds
stitching took 0.5254318714141846 seconds


progress: 0.60, 73/121
processing LTX0411_B2_SU.ndpi
MPP X: 0.22049744222967013, MPP Y: 0.22049744222967013
metadata microns per pixel 0.22049744222967013
Patch size for this slide is 1161
Using custom parameters for slide: LTX0411_B2_SU
Visualization parameters: {'vis_level': np.int8(-1), 'line_thickness': np.uint32(150)}
Filter parameters: {'a_t': np.float32(100.0), 'a_h': np.float32(16.0), 'max_n_holes': np.uint32(8)}
Segmentation parameters: {'seg_level': np.int8(-1), 'sthresh': np.uint8(15), 'mthresh': np.uint8(11), 'close': np.uint32(4), 'use_otsu': np.False_, 'keep_ids': 'none', 'exclude_ids': 'none', 'remove_markings': np.False_}
Patch parameters: {'use_padding': np.True_, 'contour_fn': 'four_pt'}
Visualization level set to: 6
Segmentation level set to: 6
Keep IDs: []
Exclude IDs: []
Image shape: (1804, 2160, 4)
HSV image shape: (1804, 2160, 3)
Median blurred image shape: (1804, 2160)
Otsu thresholded image shape: (1804, 2160)
Filter params: {'a_t': np.float32(6400.0), 'a_h': np.float32(1024.0), 'max_n_holes': np.uint32(8)}
Number of contours: 240
Number of foreground contours: 67
24.5
6400.0
5.0
6400.0
2.0
6400.0
0.5
6400.0
24.0
6400.0
32.5
6400.0
11.0
6400.0
57.5
6400.0
54.0
6400.0
9.5
6400.0
28.5
6400.0
61.0
6400.0
22.0
6400.0
79.0
6400.0
47.0
6400.0
361.5
6400.0
254.5
6400.0
170.0
6400.0
282.5
6400.0
198.5
6400.0
18.0
6400.0
36.5
6400.0
86.0
6400.0
65.0
6400.0
141.0
6400.0
65.0
6400.0
27.5
6400.0
1281.0
6400.0
923.0
6400.0
102.5
6400.0
71.0
6400.0
99.5
6400.0
105.0
6400.0
134.5
6400.0
270.5
6400.0
198.5
6400.0
1551.5
6400.0
178.0
6400.0
135.5
6400.0
8.5
6400.0
42.5
6400.0
36.5
6400.0
66.5
6400.0
1.5
6400.0
109.0
6400.0
2.5
6400.0
151.5
6400.0
1004.0
6400.0
96.0
6400.0
39.5
6400.0
439.5
6400.0
34.5
6400.0
351.0
6400.0
32.0
6400.0
6.0
6400.0
36.0
6400.0
12.0
6400.0
67.5
6400.0
25.0
6400.0
87.5
6400.0
175.5
6400.0
2058332.5
6400.0
14401.5
6400.0
Number of filtered contours: 2
Number of hole contours: 8
Number of tissue contours: 2
Number of hole contours: 2
Final number of tissue contours: 2
Final number of hole contours: 2
Segmentation completed in 1.53 seconds
Mask saved at: /nemo/project/proj-tracerx-lung/tctProjects/kilimo/TracerX_WSIs/10X/patches/masks/LTX0411_B2_SU.jpg
Creating patches for:  LTX0411_B2_SU ...
Total number of contours to process:  2
Bounding Box: 7424 4480 120065 110913
Contour Area: 8730083328.0
Extracted 6530 coordinates
Bounding Box: 0 0 138177 705
Contour Area: 58988544.0
Extracted 113 coordinates
original size: 138240 x 115456
downscaled size for stiching: 2160 x 1804
start stitching LTX0411_B2_SU
number of patches: 6643
patch size: 1161 x 1161 patch level: 0
ref patch size: (np.int32(1161), np.int32(1161)) x (np.int32(1161), np.int32(1161))
downscaled patch size: 19x19
segmentation took 1.5347576141357422 seconds
patching took 0.4045412540435791 seconds
stitching took 0.7721498012542725 seconds


progress: 0.61, 74/121
processing LTX0413_3B_SU.ndpi
MPP X: 0.22049744222967013, MPP Y: 0.22049744222967013
metadata microns per pixel 0.22049744222967013
Patch size for this slide is 1161
Using custom parameters for slide: LTX0413_3B_SU
Visualization parameters: {'vis_level': np.int8(-1), 'line_thickness': np.uint32(150)}
Filter parameters: {'a_t': np.float32(100.0), 'a_h': np.float32(16.0), 'max_n_holes': np.uint32(8)}
Segmentation parameters: {'seg_level': np.int8(-1), 'sthresh': np.uint8(15), 'mthresh': np.uint8(11), 'close': np.uint32(4), 'use_otsu': np.False_, 'keep_ids': 'none', 'exclude_ids': 'none', 'remove_markings': np.False_}
Patch parameters: {'use_padding': np.True_, 'contour_fn': 'four_pt'}
Visualization level set to: 6
Segmentation level set to: 6
Keep IDs: []
Exclude IDs: []
Image shape: (880, 960, 4)
HSV image shape: (880, 960, 3)
Median blurred image shape: (880, 960)
Otsu thresholded image shape: (880, 960)
Filter params: {'a_t': np.float32(6400.0), 'a_h': np.float32(1024.0), 'max_n_holes': np.uint32(8)}
Number of contours: 64
Number of foreground contours: 2
232.0
6400.0
313007.0
6400.0
Number of filtered contours: 1
Number of hole contours: 0
Number of tissue contours: 1
Number of hole contours: 1
Final number of tissue contours: 1
Final number of hole contours: 1
Segmentation completed in 0.04 seconds
Mask saved at: /nemo/project/proj-tracerx-lung/tctProjects/kilimo/TracerX_WSIs/10X/patches/masks/LTX0413_3B_SU.jpg
Creating patches for:  LTX0413_3B_SU ...
Total number of contours to process:  1
Bounding Box: 2752 4864 49793 47169
Contour Area: 1328084992.0
Extracted 1047 coordinates
original size: 61440 x 56320
downscaled size for stiching: 960 x 880
start stitching LTX0413_3B_SU
number of patches: 1047
patch size: 1161 x 1161 patch level: 0
ref patch size: (np.int32(1161), np.int32(1161)) x (np.int32(1161), np.int32(1161))
downscaled patch size: 19x19
segmentation took 0.03812575340270996 seconds
patching took 0.05865025520324707 seconds
stitching took 0.0725867748260498 seconds


progress: 0.62, 75/121
processing LTX0418_A7_SU.ndpi
MPP X: 0.22049744222967013, MPP Y: 0.22049744222967013
metadata microns per pixel 0.22049744222967013
Patch size for this slide is 1161
Using custom parameters for slide: LTX0418_A7_SU
Visualization parameters: {'vis_level': np.int8(-1), 'line_thickness': np.uint32(150)}
Filter parameters: {'a_t': np.float32(100.0), 'a_h': np.float32(16.0), 'max_n_holes': np.uint32(8)}
Segmentation parameters: {'seg_level': np.int8(-1), 'sthresh': np.uint8(15), 'mthresh': np.uint8(11), 'close': np.uint32(4), 'use_otsu': np.False_, 'keep_ids': 'none', 'exclude_ids': 'none', 'remove_markings': np.False_}
Patch parameters: {'use_padding': np.True_, 'contour_fn': 'four_pt'}
Visualization level set to: 6
Segmentation level set to: 6
Keep IDs: []
Exclude IDs: []
Image shape: (1716, 1800, 4)
HSV image shape: (1716, 1800, 3)
Median blurred image shape: (1716, 1800)
Otsu thresholded image shape: (1716, 1800)
Filter params: {'a_t': np.float32(6400.0), 'a_h': np.float32(1024.0), 'max_n_holes': np.uint32(8)}
Number of contours: 306
Number of foreground contours: 112
13.0
6400.0
12.0
6400.0
15.5
6400.0
10.0
6400.0
7.0
6400.0
15.5
6400.0
153.0
6400.0
60.5
6400.0
11.5
6400.0
85.0
6400.0
8.0
6400.0
86.5
6400.0
0.5
6400.0
129.0
6400.0
22.0
6400.0
15.0
6400.0
67.5
6400.0
36.0
6400.0
5.5
6400.0
10.5
6400.0
1.0
6400.0
15.0
6400.0
29.0
6400.0
1.0
6400.0
7.0
6400.0
84.0
6400.0
3.0
6400.0
49.5
6400.0
310.0
6400.0
261.5
6400.0
13.5
6400.0
35.5
6400.0
289.0
6400.0
129.5
6400.0
64.5
6400.0
1.0
6400.0
672.0
6400.0
77.0
6400.0
5.5
6400.0
10.0
6400.0
8.5
6400.0
73.5
6400.0
180.0
6400.0
62.5
6400.0
53.5
6400.0
54.0
6400.0
137.0
6400.0
1.5
6400.0
1.5
6400.0
11.5
6400.0
1.0
6400.0
6.0
6400.0
89.5
6400.0
1959.0
6400.0
384.5
6400.0
1.5
6400.0
49.5
6400.0
5.5
6400.0
69.0
6400.0
6.0
6400.0
249.0
6400.0
6.0
6400.0
71.5
6400.0
61.0
6400.0
87.0
6400.0
452.5
6400.0
701.0
6400.0
174.5
6400.0
113.5
6400.0
354.5
6400.0
28.5
6400.0
53.0
6400.0
5.5
6400.0
438.5
6400.0
8.5
6400.0
68.5
6400.0
225.0
6400.0
8235.0
6400.0
0.5
6400.0
25.5
6400.0
41.0
6400.0
193.5
6400.0
44.0
6400.0
140.5
6400.0
14.5
6400.0
118.5
6400.0
399.5
6400.0
478.5
6400.0
187.0
6400.0
132.5
6400.0
258.5
6400.0
161.5
6400.0
241.0
6400.0
9.0
6400.0
137.5
6400.0
367.5
6400.0
1551212.0
6400.0
Number of filtered contours: 2
Number of hole contours: 8
Number of tissue contours: 2
Number of hole contours: 2
Final number of tissue contours: 2
Final number of hole contours: 2
Segmentation completed in 1.25 seconds
Mask saved at: /nemo/project/proj-tracerx-lung/tctProjects/kilimo/TracerX_WSIs/10X/patches/masks/LTX0418_A7_SU.jpg
Creating patches for:  LTX0418_A7_SU ...
Total number of contours to process:  2
Bounding Box: 24640 13248 14273 13057
Contour Area: 36597760.0
Extracted 42 coordinates
Bounding Box: 6784 8384 98625 94081
Contour Area: 6607005696.0
Extracted 4969 coordinates
original size: 115200 x 109824
downscaled size for stiching: 1800 x 1716
start stitching LTX0418_A7_SU
number of patches: 5011
patch size: 1161 x 1161 patch level: 0
ref patch size: (np.int32(1161), np.int32(1161)) x (np.int32(1161), np.int32(1161))
downscaled patch size: 19x19
segmentation took 1.2482061386108398 seconds
patching took 0.23937678337097168 seconds
stitching took 0.5762314796447754 seconds


progress: 0.63, 76/121
processing LTX0418_SU.ndpi
MPP X: 0.22049744222967013, MPP Y: 0.22049744222967013
metadata microns per pixel 0.22049744222967013
Patch size for this slide is 1161
Using custom parameters for slide: LTX0418_SU
Visualization parameters: {'vis_level': np.int8(-1), 'line_thickness': np.uint32(150)}
Filter parameters: {'a_t': np.float32(100.0), 'a_h': np.float32(16.0), 'max_n_holes': np.uint32(8)}
Segmentation parameters: {'seg_level': np.int8(-1), 'sthresh': np.uint8(15), 'mthresh': np.uint8(11), 'close': np.uint32(4), 'use_otsu': np.False_, 'keep_ids': 'none', 'exclude_ids': 'none', 'remove_markings': np.False_}
Patch parameters: {'use_padding': np.True_, 'contour_fn': 'four_pt'}
Visualization level set to: 6
Segmentation level set to: 6
Keep IDs: []
Exclude IDs: []
Image shape: (1628, 1800, 4)
HSV image shape: (1628, 1800, 3)
Median blurred image shape: (1628, 1800)
Otsu thresholded image shape: (1628, 1800)
Filter params: {'a_t': np.float32(6400.0), 'a_h': np.float32(1024.0), 'max_n_holes': np.uint32(8)}
Number of contours: 283
Number of foreground contours: 99
51.0
6400.0
175.5
6400.0
8.5
6400.0
62.0
6400.0
41.0
6400.0
0.5
6400.0
7.0
6400.0
4.0
6400.0
77.0
6400.0
15.5
6400.0
165.0
6400.0
26.5
6400.0
8.5
6400.0
4.0
6400.0
15.0
6400.0
7.0
6400.0
118.5
6400.0
71.5
6400.0
9.5
6400.0
233.5
6400.0
40.0
6400.0
1.5
6400.0
51.0
6400.0
24.5
6400.0
139.5
6400.0
227.0
6400.0
156.5
6400.0
775.0
6400.0
164.5
6400.0
29.5
6400.0
82.5
6400.0
28.5
6400.0
25.5
6400.0
14.5
6400.0
218.0
6400.0
83.0
6400.0
59.5
6400.0
37.0
6400.0
766.5
6400.0
128.5
6400.0
21.0
6400.0
72.0
6400.0
1.0
6400.0
7.0
6400.0
53.5
6400.0
103.5
6400.0
30.0
6400.0
128.5
6400.0
36.5
6400.0
67.0
6400.0
31.5
6400.0
68.0
6400.0
64.5
6400.0
9.5
6400.0
78.5
6400.0
96.5
6400.0
0.5
6400.0
3.0
6400.0
1.5
6400.0
3.0
6400.0
75.0
6400.0
474.5
6400.0
48.5
6400.0
523.0
6400.0
0.5
6400.0
72.5
6400.0
107.5
6400.0
105.0
6400.0
168.0
6400.0
126.5
6400.0
12.5
6400.0
51.5
6400.0
98.0
6400.0
48.0
6400.0
30.5
6400.0
12.0
6400.0
235.0
6400.0
49.0
6400.0
414.0
6400.0
571.5
6400.0
154.5
6400.0
1601301.0
6400.0
Number of filtered contours: 1
Number of hole contours: 8
Number of tissue contours: 1
Number of hole contours: 1
Final number of tissue contours: 1
Final number of hole contours: 1
Segmentation completed in 1.17 seconds
Mask saved at: /nemo/project/proj-tracerx-lung/tctProjects/kilimo/TracerX_WSIs/10X/patches/masks/LTX0418_SU.jpg
Creating patches for:  LTX0418_SU ...
Total number of contours to process:  1
Bounding Box: 1728 5120 108097 93953
Contour Area: 6899968000.0
Extracted 5147 coordinates
original size: 115200 x 104192
downscaled size for stiching: 1800 x 1628
start stitching LTX0418_SU
number of patches: 5147
patch size: 1161 x 1161 patch level: 0
ref patch size: (np.int32(1161), np.int32(1161)) x (np.int32(1161), np.int32(1161))
downscaled patch size: 19x19
segmentation took 1.1719856262207031 seconds
patching took 0.2363142967224121 seconds
stitching took 0.5929014682769775 seconds


progress: 0.64, 77/121
processing LTX0424_A2_SU.ndpi
MPP X: 0.22049744222967013, MPP Y: 0.22049744222967013
metadata microns per pixel 0.22049744222967013
Patch size for this slide is 1161
Using custom parameters for slide: LTX0424_A2_SU
Visualization parameters: {'vis_level': np.int8(-1), 'line_thickness': np.uint32(150)}
Filter parameters: {'a_t': np.float32(100.0), 'a_h': np.float32(16.0), 'max_n_holes': np.uint32(8)}
Segmentation parameters: {'seg_level': np.int8(-1), 'sthresh': np.uint8(15), 'mthresh': np.uint8(11), 'close': np.uint32(4), 'use_otsu': np.False_, 'keep_ids': 'none', 'exclude_ids': 'none', 'remove_markings': np.False_}
Patch parameters: {'use_padding': np.True_, 'contour_fn': 'four_pt'}
Visualization level set to: 6
Segmentation level set to: 6
Keep IDs: []
Exclude IDs: []
Image shape: (1672, 2100, 4)
HSV image shape: (1672, 2100, 3)
Median blurred image shape: (1672, 2100)
Otsu thresholded image shape: (1672, 2100)
Filter params: {'a_t': np.float32(6400.0), 'a_h': np.float32(1024.0), 'max_n_holes': np.uint32(8)}
Number of contours: 424
Number of foreground contours: 47
11.0
6400.0
3.0
6400.0
3.5
6400.0
66.0
6400.0
3.5
6400.0
0.5
6400.0
252.5
6400.0
32.0
6400.0
252.5
6400.0
158.5
6400.0
75.0
6400.0
33.0
6400.0
1454.0
6400.0
21.0
6400.0
1232.5
6400.0
26.0
6400.0
186.0
6400.0
65.5
6400.0
52.5
6400.0
177.5
6400.0
8.5
6400.0
151.0
6400.0
22.0
6400.0
35.5
6400.0
32.5
6400.0
13.0
6400.0
3.0
6400.0
12.0
6400.0
45.0
6400.0
105.5
6400.0
3.0
6400.0
190.5
6400.0
110.0
6400.0
8.0
6400.0
1.5
6400.0
8.0
6400.0
14.5
6400.0
1620497.5
6400.0
Number of filtered contours: 1
Number of hole contours: 8
Number of tissue contours: 1
Number of hole contours: 1
Final number of tissue contours: 1
Final number of hole contours: 1
Segmentation completed in 1.36 seconds
Mask saved at: /nemo/project/proj-tracerx-lung/tctProjects/kilimo/TracerX_WSIs/10X/patches/masks/LTX0424_A2_SU.jpg
Creating patches for:  LTX0424_A2_SU ...
Total number of contours to process:  1
Bounding Box: 7296 7680 116865 91265
Contour Area: 7456759808.0
Extracted 5544 coordinates
original size: 134400 x 107008
downscaled size for stiching: 2100 x 1672
start stitching LTX0424_A2_SU
number of patches: 5544
patch size: 1161 x 1161 patch level: 0
ref patch size: (np.int32(1161), np.int32(1161)) x (np.int32(1161), np.int32(1161))
downscaled patch size: 19x19
segmentation took 1.3638057708740234 seconds
patching took 0.31919288635253906 seconds
stitching took 0.6404683589935303 seconds


progress: 0.64, 78/121
processing LTX0440_A9_SU.ndpi
MPP X: 0.22049744222967013, MPP Y: 0.22049744222967013
metadata microns per pixel 0.22049744222967013
Patch size for this slide is 1161
Using custom parameters for slide: LTX0440_A9_SU
Visualization parameters: {'vis_level': np.int8(-1), 'line_thickness': np.uint32(150)}
Filter parameters: {'a_t': np.float32(100.0), 'a_h': np.float32(16.0), 'max_n_holes': np.uint32(8)}
Segmentation parameters: {'seg_level': np.int8(-1), 'sthresh': np.uint8(15), 'mthresh': np.uint8(11), 'close': np.uint32(4), 'use_otsu': np.False_, 'keep_ids': 'none', 'exclude_ids': 'none', 'remove_markings': np.False_}
Patch parameters: {'use_padding': np.True_, 'contour_fn': 'four_pt'}
Visualization level set to: 6
Segmentation level set to: 6
Keep IDs: []
Exclude IDs: []
Image shape: (1628, 2280, 4)
HSV image shape: (1628, 2280, 3)
Median blurred image shape: (1628, 2280)
Otsu thresholded image shape: (1628, 2280)
Filter params: {'a_t': np.float32(6400.0), 'a_h': np.float32(1024.0), 'max_n_holes': np.uint32(8)}
Number of contours: 297
Number of foreground contours: 72
134.0
6400.0
51.5
6400.0
51.0
6400.0
236.5
6400.0
17.5
6400.0
47.5
6400.0
26.5
6400.0
19.5
6400.0
70.0
6400.0
1.5
6400.0
119.0
6400.0
156.0
6400.0
1.5
6400.0
64.5
6400.0
4.0
6400.0
128.0
6400.0
3.5
6400.0
24.0
6400.0
75.0
6400.0
198.0
6400.0
46.0
6400.0
254.5
6400.0
39.5
6400.0
5.5
6400.0
8.0
6400.0
3.5
6400.0
39.5
6400.0
73.0
6400.0
130.5
6400.0
48.5
6400.0
316.0
6400.0
24.5
6400.0
52.0
6400.0
8.5
6400.0
270.0
6400.0
376.5
6400.0
27.0
6400.0
75.0
6400.0
4.5
6400.0
4.0
6400.0
66.5
6400.0
1.0
6400.0
36.5
6400.0
35.5
6400.0
0.5
6400.0
0.5
6400.0
251.0
6400.0
68.5
6400.0
33.5
6400.0
103.5
6400.0
296.0
6400.0
25.0
6400.0
15.5
6400.0
4.5
6400.0
4.5
6400.0
5.5
6400.0
1.0
6400.0
31.0
6400.0
96.5
6400.0
14.5
6400.0
59.0
6400.0
37.0
6400.0
167.0
6400.0
10.5
6400.0
824247.5
6400.0
76.5
6400.0
491.0
6400.0
442.5
6400.0
Number of filtered contours: 1
Number of hole contours: 8
Number of tissue contours: 1
Number of hole contours: 1
Final number of tissue contours: 1
Final number of hole contours: 1
Segmentation completed in 1.43 seconds
Mask saved at: /nemo/project/proj-tracerx-lung/tctProjects/kilimo/TracerX_WSIs/10X/patches/masks/LTX0440_A9_SU.jpg
Creating patches for:  LTX0440_A9_SU ...
Total number of contours to process:  1
Bounding Box: 7360 8384 103489 87361
Contour Area: 3744831488.0
Extracted 2806 coordinates
original size: 145920 x 104192
downscaled size for stiching: 2280 x 1628
start stitching LTX0440_A9_SU
number of patches: 2806
patch size: 1161 x 1161 patch level: 0
ref patch size: (np.int32(1161), np.int32(1161)) x (np.int32(1161), np.int32(1161))
downscaled patch size: 19x19
segmentation took 1.434507131576538 seconds
patching took 0.19451570510864258 seconds
stitching took 0.33389711380004883 seconds


progress: 0.65, 79/121
processing LTX0456_F5_SU.ndpi
MPP X: 0.22049744222967013, MPP Y: 0.22049744222967013
metadata microns per pixel 0.22049744222967013
Patch size for this slide is 1161
Using custom parameters for slide: LTX0456_F5_SU
Visualization parameters: {'vis_level': np.int8(-1), 'line_thickness': np.uint32(150)}
Filter parameters: {'a_t': np.float32(100.0), 'a_h': np.float32(16.0), 'max_n_holes': np.uint32(8)}
Segmentation parameters: {'seg_level': np.int8(-1), 'sthresh': np.uint8(15), 'mthresh': np.uint8(11), 'close': np.uint32(4), 'use_otsu': np.False_, 'keep_ids': 'none', 'exclude_ids': 'none', 'remove_markings': np.False_}
Patch parameters: {'use_padding': np.True_, 'contour_fn': 'four_pt'}
Visualization level set to: 6
Segmentation level set to: 6
Keep IDs: []
Exclude IDs: []
Image shape: (1452, 2100, 4)
HSV image shape: (1452, 2100, 3)
Median blurred image shape: (1452, 2100)
Otsu thresholded image shape: (1452, 2100)
Filter params: {'a_t': np.float32(6400.0), 'a_h': np.float32(1024.0), 'max_n_holes': np.uint32(8)}
Number of contours: 353
Number of foreground contours: 63
225.0
6400.0
1362.5
6400.0
9.0
6400.0
24.5
6400.0
15.0
6400.0
222.0
6400.0
5.0
6400.0
1336.5
6400.0
46.5
6400.0
131.0
6400.0
21.0
6400.0
62.5
6400.0
436.0
6400.0
59.5
6400.0
85.0
6400.0
64.5
6400.0
5.5
6400.0
770.5
6400.0
323.0
6400.0
46.0
6400.0
4.5
6400.0
13.0
6400.0
1.5
6400.0
8.0
6400.0
534.0
6400.0
13.0
6400.0
27.5
6400.0
507.5
6400.0
54.5
6400.0
52.5
6400.0
544.0
6400.0
5.0
6400.0
451.5
6400.0
26.0
6400.0
157.5
6400.0
3.0
6400.0
151.5
6400.0
88.0
6400.0
32.0
6400.0
24.5
6400.0
76.5
6400.0
27.0
6400.0
38.5
6400.0
205.0
6400.0
15.0
6400.0
2.5
6400.0
34.5
6400.0
11.0
6400.0
33.5
6400.0
162.0
6400.0
4.0
6400.0
95.0
6400.0
7.5
6400.0
61.5
6400.0
190.0
6400.0
208.0
6400.0
1190743.5
6400.0
Number of filtered contours: 1
Number of hole contours: 8
Number of tissue contours: 1
Number of hole contours: 1
Final number of tissue contours: 1
Final number of hole contours: 1
Segmentation completed in 1.20 seconds
Mask saved at: /nemo/project/proj-tracerx-lung/tctProjects/kilimo/TracerX_WSIs/10X/patches/masks/LTX0456_F5_SU.jpg
Creating patches for:  LTX0456_F5_SU ...
Total number of contours to process:  1
Bounding Box: 6784 7680 112193 76929
Contour Area: 5724966912.0
Extracted 4119 coordinates
original size: 134400 x 92928
downscaled size for stiching: 2100 x 1452
start stitching LTX0456_F5_SU
number of patches: 4119
patch size: 1161 x 1161 patch level: 0
ref patch size: (np.int32(1161), np.int32(1161)) x (np.int32(1161), np.int32(1161))
downscaled patch size: 19x19
segmentation took 1.1999027729034424 seconds
patching took 0.23928499221801758 seconds
stitching took 0.47405338287353516 seconds


progress: 0.66, 80/121
processing LTX0461_A3_SU.ndpi
MPP X: 0.22049744222967013, MPP Y: 0.22049744222967013
metadata microns per pixel 0.22049744222967013
Patch size for this slide is 1161
Using custom parameters for slide: LTX0461_A3_SU
Visualization parameters: {'vis_level': np.int8(-1), 'line_thickness': np.uint32(150)}
Filter parameters: {'a_t': np.float32(100.0), 'a_h': np.float32(16.0), 'max_n_holes': np.uint32(8)}
Segmentation parameters: {'seg_level': np.int8(-1), 'sthresh': np.uint8(15), 'mthresh': np.uint8(11), 'close': np.uint32(4), 'use_otsu': np.False_, 'keep_ids': 'none', 'exclude_ids': 'none', 'remove_markings': np.False_}
Patch parameters: {'use_padding': np.True_, 'contour_fn': 'four_pt'}
Visualization level set to: 6
Segmentation level set to: 6
Keep IDs: []
Exclude IDs: []
Image shape: (1584, 1980, 4)
HSV image shape: (1584, 1980, 3)
Median blurred image shape: (1584, 1980)
Otsu thresholded image shape: (1584, 1980)
Filter params: {'a_t': np.float32(6400.0), 'a_h': np.float32(1024.0), 'max_n_holes': np.uint32(8)}
Number of contours: 467
Number of foreground contours: 128
1.5
6400.0
20.0
6400.0
47.5
6400.0
39.5
6400.0
129.0
6400.0
282.5
6400.0
47.0
6400.0
316.5
6400.0
217.5
6400.0
8.5
6400.0
7.0
6400.0
31.0
6400.0
43.0
6400.0
183.5
6400.0
443.0
6400.0
1.5
6400.0
210.5
6400.0
145.0
6400.0
109.5
6400.0
166.5
6400.0
139.0
6400.0
61.5
6400.0
612.0
6400.0
46.5
6400.0
4.0
6400.0
2592.5
6400.0
94.5
6400.0
901.5
6400.0
751.5
6400.0
13828.5
6400.0
11.5
6400.0
18.0
6400.0
2.5
6400.0
9.0
6400.0
42.0
6400.0
231.5
6400.0
281.0
6400.0
131.0
6400.0
13352.0
6400.0
106.5
6400.0
171.0
6400.0
202.0
6400.0
21.0
6400.0
2137.0
6400.0
851.0
6400.0
312.5
6400.0
228.0
6400.0
7.0
6400.0
192.5
6400.0
91.5
6400.0
292.0
6400.0
8902.0
6400.0
228.0
6400.0
2.0
6400.0
121.0
6400.0
110.5
6400.0
357.0
6400.0
119.0
6400.0
198.5
6400.0
141.5
6400.0
77.0
6400.0
1249.5
6400.0
5.5
6400.0
3.5
6400.0
7.5
6400.0
133.0
6400.0
96.0
6400.0
197.5
6400.0
133.0
6400.0
462.0
6400.0
68.0
6400.0
21.0
6400.0
332.5
6400.0
8.5
6400.0
373.5
6400.0
80.0
6400.0
169.5
6400.0
137.0
6400.0
542.0
6400.0
61.0
6400.0
745.0
6400.0
46.0
6400.0
82.5
6400.0
53.5
6400.0
21.0
6400.0
706.5
6400.0
1.0
6400.0
44.0
6400.0
0.5
6400.0
238.0
6400.0
13.5
6400.0
337.0
6400.0
356.5
6400.0
694.0
6400.0
1365.5
6400.0
2.5
6400.0
137.0
6400.0
239.0
6400.0
68.5
6400.0
1282.0
6400.0
312.5
6400.0
112.5
6400.0
689.5
6400.0
1813.5
6400.0
4354.0
6400.0
5524.5
6400.0
1850.0
6400.0
88.0
6400.0
15.5
6400.0
340.0
6400.0
455.5
6400.0
16.0
6400.0
3216.0
6400.0
1873.0
6400.0
420.0
6400.0
5.0
6400.0
108.5
6400.0
62.5
6400.0
2347.0
6400.0
458.5
6400.0
83.5
6400.0
2.5
6400.0
2545.0
6400.0
81.0
6400.0
1607984.5
6400.0
3965.5
6400.0
Number of filtered contours: 4
Number of hole contours: 9
Number of tissue contours: 4
Number of hole contours: 4
Final number of tissue contours: 4
Final number of hole contours: 4
Segmentation completed in 1.06 seconds
Mask saved at: /nemo/project/proj-tracerx-lung/tctProjects/kilimo/TracerX_WSIs/10X/patches/masks/LTX0461_A3_SU.jpg
Creating patches for:  LTX0461_A3_SU ...
Total number of contours to process:  4
Bounding Box: 77440 92864 17537 8449
Contour Area: 60538880.0
Extracted 72 coordinates
Bounding Box: 59392 89344 15233 11585
Contour Area: 60862464.0
Extracted 62 coordinates
Bounding Box: 96192 82816 12097 9025
Contour Area: 48187392.0
Extracted 39 coordinates
Bounding Box: 4096 1408 116673 97921
Contour Area: 7296966656.0
Extracted 5419 coordinates
original size: 126720 x 101376
downscaled size for stiching: 1980 x 1584
start stitching LTX0461_A3_SU
number of patches: 5592
patch size: 1161 x 1161 patch level: 0
ref patch size: (np.int32(1161), np.int32(1161)) x (np.int32(1161), np.int32(1161))
downscaled patch size: 19x19
segmentation took 1.0554089546203613 seconds
patching took 0.3682234287261963 seconds
stitching took 0.6385602951049805 seconds


progress: 0.67, 81/121
processing LTX0472_A4_SU.ndpi
MPP X: 0.22049744222967013, MPP Y: 0.22049744222967013
metadata microns per pixel 0.22049744222967013
Patch size for this slide is 1161
Using custom parameters for slide: LTX0472_A4_SU
Visualization parameters: {'vis_level': np.int8(-1), 'line_thickness': np.uint32(150)}
Filter parameters: {'a_t': np.float32(100.0), 'a_h': np.float32(16.0), 'max_n_holes': np.uint32(8)}
Segmentation parameters: {'seg_level': np.int8(-1), 'sthresh': np.uint8(15), 'mthresh': np.uint8(11), 'close': np.uint32(4), 'use_otsu': np.False_, 'keep_ids': 'none', 'exclude_ids': 'none', 'remove_markings': np.False_}
Patch parameters: {'use_padding': np.True_, 'contour_fn': 'four_pt'}
Visualization level set to: 6
Segmentation level set to: 6
Keep IDs: []
Exclude IDs: []
Image shape: (1496, 2100, 4)
HSV image shape: (1496, 2100, 3)
Median blurred image shape: (1496, 2100)
Otsu thresholded image shape: (1496, 2100)
Filter params: {'a_t': np.float32(6400.0), 'a_h': np.float32(1024.0), 'max_n_holes': np.uint32(8)}
Number of contours: 463
Number of foreground contours: 156
2.0
6400.0
27.0
6400.0
45.0
6400.0
14.0
6400.0
47.0
6400.0
150.0
6400.0
8780.5
6400.0
71.5
6400.0
397.5
6400.0
0.5
6400.0
316.0
6400.0
96.5
6400.0
4.0
6400.0
202.0
6400.0
122.5
6400.0
3933.0
6400.0
96.5
6400.0
70.5
6400.0
18.0
6400.0
217.5
6400.0
41672.5
6400.0
1800.5
6400.0
118.5
6400.0
752.5
6400.0
139.5
6400.0
2933.0
6400.0
43.0
6400.0
336.0
6400.0
39.0
6400.0
189.5
6400.0
6.0
6400.0
26.0
6400.0
76.5
6400.0
18.0
6400.0
120.0
6400.0
7.0
6400.0
57.5
6400.0
108.5
6400.0
83.0
6400.0
233.0
6400.0
93.0
6400.0
41.5
6400.0
2.0
6400.0
1489.5
6400.0
253.0
6400.0
56.5
6400.0
12.0
6400.0
656.0
6400.0
27.5
6400.0
53.0
6400.0
9.5
6400.0
578.0
6400.0
6.0
6400.0
26.5
6400.0
410.5
6400.0
199.5
6400.0
1606.0
6400.0
35.5
6400.0
28.5
6400.0
659.5
6400.0
478.5
6400.0
56.5
6400.0
74.0
6400.0
1404.5
6400.0
49.5
6400.0
542.5
6400.0
11.0
6400.0
614.5
6400.0
9.0
6400.0
49.5
6400.0
196.5
6400.0
5944.5
6400.0
76.0
6400.0
141.0
6400.0
13.0
6400.0
218.0
6400.0
7.0
6400.0
28.0
6400.0
15.5
6400.0
179.5
6400.0
197.0
6400.0
117.0
6400.0
145.5
6400.0
36.0
6400.0
100.0
6400.0
163.5
6400.0
43.5
6400.0
31.0
6400.0
72.0
6400.0
10112.0
6400.0
543.0
6400.0
27.0
6400.0
130.5
6400.0
671080.5
6400.0
2904.5
6400.0
7.5
6400.0
15.5
6400.0
144.0
6400.0
7.5
6400.0
3.0
6400.0
32.5
6400.0
196.5
6400.0
123.0
6400.0
98.5
6400.0
1697.5
6400.0
1450.5
6400.0
926.0
6400.0
261.0
6400.0
116.0
6400.0
1792.5
6400.0
913.0
6400.0
18.0
6400.0
2710.5
6400.0
37.0
6400.0
24679.5
6400.0
4506.5
6400.0
5.0
6400.0
0.5
6400.0
183.5
6400.0
667.0
6400.0
75.0
6400.0
43.5
6400.0
149.0
6400.0
9102.5
6400.0
21.0
6400.0
1324.0
6400.0
9.0
6400.0
983.0
6400.0
1.0
6400.0
292.5
6400.0
830.0
6400.0
34.0
6400.0
1886.5
6400.0
586.5
6400.0
34.0
6400.0
76.5
6400.0
7.0
6400.0
10.5
6400.0
16.5
6400.0
4261.0
6400.0
42.5
6400.0
26.0
6400.0
11.0
6400.0
113.0
6400.0
1158.0
6400.0
429.5
6400.0
448.5
6400.0
60.0
6400.0
Number of filtered contours: 6
Number of hole contours: 10
Number of tissue contours: 6
Number of hole contours: 6
Final number of tissue contours: 6
Final number of hole contours: 6
Segmentation completed in 1.23 seconds
Mask saved at: /nemo/project/proj-tracerx-lung/tctProjects/kilimo/TracerX_WSIs/10X/patches/masks/LTX0472_A4_SU.jpg
Creating patches for:  LTX0472_A4_SU ...
Total number of contours to process:  6
Bounding Box: 105152 82112 6593 8769
Contour Area: 37529600.0
Extracted 35 coordinates
Bounding Box: 78272 65536 16577 30145
Contour Area: 181178368.0
Extracted 169 coordinates
Bounding Box: 23552 20288 13697 8769
Contour Area: 42659840.0
Extracted 44 coordinates
Bounding Box: 4096 18304 95361 73473
Contour Area: 3223844864.0
Extracted 2600 coordinates
Bounding Box: 28608 11520 24257 12161
Contour Area: 115421184.0
Extracted 102 coordinates
Bounding Box: 17984 10176 12801 10305
Contour Area: 40361984.0
Extracted 48 coordinates
original size: 134400 x 95744
downscaled size for stiching: 2100 x 1496
start stitching LTX0472_A4_SU
number of patches: 2998
patch size: 1161 x 1161 patch level: 0
ref patch size: (np.int32(1161), np.int32(1161)) x (np.int32(1161), np.int32(1161))
downscaled patch size: 19x19
segmentation took 1.2329158782958984 seconds
patching took 0.3654136657714844 seconds
stitching took 0.3774428367614746 seconds


progress: 0.68, 82/121
processing LTX0484_B4_SU.ndpi
MPP X: 0.22049744222967013, MPP Y: 0.22049744222967013
metadata microns per pixel 0.22049744222967013
Patch size for this slide is 1161
Using custom parameters for slide: LTX0484_B4_SU
Visualization parameters: {'vis_level': np.int8(-1), 'line_thickness': np.uint32(150)}
Filter parameters: {'a_t': np.float32(100.0), 'a_h': np.float32(16.0), 'max_n_holes': np.uint32(8)}
Segmentation parameters: {'seg_level': np.int8(-1), 'sthresh': np.uint8(15), 'mthresh': np.uint8(11), 'close': np.uint32(4), 'use_otsu': np.False_, 'keep_ids': 'none', 'exclude_ids': 'none', 'remove_markings': np.False_}
Patch parameters: {'use_padding': np.True_, 'contour_fn': 'four_pt'}
Visualization level set to: 6
Segmentation level set to: 6
Keep IDs: []
Exclude IDs: []
Image shape: (1628, 1920, 4)
HSV image shape: (1628, 1920, 3)
Median blurred image shape: (1628, 1920)
Otsu thresholded image shape: (1628, 1920)
Filter params: {'a_t': np.float32(6400.0), 'a_h': np.float32(1024.0), 'max_n_holes': np.uint32(8)}
Number of contours: 239
Number of foreground contours: 25
17.0
6400.0
105.0
6400.0
4.0
6400.0
762.5
6400.0
2.5
6400.0
61.5
6400.0
16.5
6400.0
601.5
6400.0
98.0
6400.0
377.0
6400.0
41.5
6400.0
427.5
6400.0
15.5
6400.0
47.0
6400.0
180.5
6400.0
63.5
6400.0
1317.5
6400.0
428.0
6400.0
161.5
6400.0
38.5
6400.0
34.0
6400.0
168.0
6400.0
1227596.0
6400.0
281.0
6400.0
Number of filtered contours: 1
Number of hole contours: 8
Number of tissue contours: 1
Number of hole contours: 1
Final number of tissue contours: 1
Final number of hole contours: 1
Segmentation completed in 1.06 seconds
Mask saved at: /nemo/project/proj-tracerx-lung/tctProjects/kilimo/TracerX_WSIs/10X/patches/masks/LTX0484_B4_SU.jpg
Creating patches for:  LTX0484_B4_SU ...
Total number of contours to process:  1
Bounding Box: 7296 8576 99009 86401
Contour Area: 5541720064.0
Extracted 4185 coordinates
original size: 122880 x 104192
downscaled size for stiching: 1920 x 1628
start stitching LTX0484_B4_SU
number of patches: 4185
patch size: 1161 x 1161 patch level: 0
ref patch size: (np.int32(1161), np.int32(1161)) x (np.int32(1161), np.int32(1161))
downscaled patch size: 19x19
segmentation took 1.0606670379638672 seconds
patching took 0.24343037605285645 seconds
stitching took 0.4882383346557617 seconds


progress: 0.69, 83/121
processing LTX0490_A4_SU.ndpi
MPP X: 0.22049744222967013, MPP Y: 0.22049744222967013
metadata microns per pixel 0.22049744222967013
Patch size for this slide is 1161
Using custom parameters for slide: LTX0490_A4_SU
Visualization parameters: {'vis_level': np.int8(-1), 'line_thickness': np.uint32(150)}
Filter parameters: {'a_t': np.float32(100.0), 'a_h': np.float32(16.0), 'max_n_holes': np.uint32(8)}
Segmentation parameters: {'seg_level': np.int8(-1), 'sthresh': np.uint8(15), 'mthresh': np.uint8(11), 'close': np.uint32(4), 'use_otsu': np.False_, 'keep_ids': 'none', 'exclude_ids': 'none', 'remove_markings': np.False_}
Patch parameters: {'use_padding': np.True_, 'contour_fn': 'four_pt'}
Visualization level set to: 6
Segmentation level set to: 6
Keep IDs: []
Exclude IDs: []
Image shape: (1452, 2340, 4)
HSV image shape: (1452, 2340, 3)
Median blurred image shape: (1452, 2340)
Otsu thresholded image shape: (1452, 2340)
Filter params: {'a_t': np.float32(6400.0), 'a_h': np.float32(1024.0), 'max_n_holes': np.uint32(8)}
Number of contours: 469
Number of foreground contours: 6
21.0
6400.0
30.5
6400.0
1017.5
6400.0
1427917.5
6400.0
Number of filtered contours: 1
Number of hole contours: 8
Number of tissue contours: 1
Number of hole contours: 1
Final number of tissue contours: 1
Final number of hole contours: 1
Segmentation completed in 1.00 seconds
Mask saved at: /nemo/project/proj-tracerx-lung/tctProjects/kilimo/TracerX_WSIs/10X/patches/masks/LTX0490_A4_SU.jpg
Creating patches for:  LTX0490_A4_SU ...
Total number of contours to process:  1
Bounding Box: 6656 6976 131393 78721
Contour Area: 6440042496.0
Extracted 4814 coordinates
original size: 149760 x 92928
downscaled size for stiching: 2340 x 1452
start stitching LTX0490_A4_SU
number of patches: 4814
patch size: 1161 x 1161 patch level: 0
ref patch size: (np.int32(1161), np.int32(1161)) x (np.int32(1161), np.int32(1161))
downscaled patch size: 19x19
segmentation took 1.0049631595611572 seconds
patching took 0.22797322273254395 seconds
stitching took 0.5539381504058838 seconds


progress: 0.69, 84/121
processing LTX0491_SU.ndpi
MPP X: 0.22049744222967013, MPP Y: 0.22049744222967013
metadata microns per pixel 0.22049744222967013
Patch size for this slide is 1161
Using custom parameters for slide: LTX0491_SU
Visualization parameters: {'vis_level': np.int8(-1), 'line_thickness': np.uint32(150)}
Filter parameters: {'a_t': np.float32(100.0), 'a_h': np.float32(16.0), 'max_n_holes': np.uint32(8)}
Segmentation parameters: {'seg_level': np.int8(-1), 'sthresh': np.uint8(15), 'mthresh': np.uint8(11), 'close': np.uint32(4), 'use_otsu': np.False_, 'keep_ids': 'none', 'exclude_ids': 'none', 'remove_markings': np.False_}
Patch parameters: {'use_padding': np.True_, 'contour_fn': 'four_pt'}
Visualization level set to: 6
Segmentation level set to: 6
Keep IDs: []
Exclude IDs: []
Image shape: (1628, 2640, 4)
HSV image shape: (1628, 2640, 3)
Median blurred image shape: (1628, 2640)
Otsu thresholded image shape: (1628, 2640)
Filter params: {'a_t': np.float32(6400.0), 'a_h': np.float32(1024.0), 'max_n_holes': np.uint32(8)}
Number of contours: 179
Number of foreground contours: 39
15.5
6400.0
464.5
6400.0
45.5
6400.0
183.5
6400.0
24.0
6400.0
1223.5
6400.0
47.5
6400.0
27.5
6400.0
143.5
6400.0
12.5
6400.0
265.5
6400.0
137.5
6400.0
613.0
6400.0
1.0
6400.0
18.0
6400.0
98.0
6400.0
65.0
6400.0
775.0
6400.0
26.0
6400.0
99.0
6400.0
89.5
6400.0
83.0
6400.0
115.0
6400.0
74.0
6400.0
21.5
6400.0
98.0
6400.0
37.5
6400.0
2.0
6400.0
8735.5
6400.0
0.5
6400.0
36.0
6400.0
226.0
6400.0
189.0
6400.0
288.0
6400.0
12.5
6400.0
81.0
6400.0
1794207.0
6400.0
Number of filtered contours: 2
Number of hole contours: 8
Number of tissue contours: 2
Number of hole contours: 2
Final number of tissue contours: 2
Final number of hole contours: 2
Segmentation completed in 1.68 seconds
Mask saved at: /nemo/project/proj-tracerx-lung/tctProjects/kilimo/TracerX_WSIs/10X/patches/masks/LTX0491_SU.jpg
Creating patches for:  LTX0491_SU ...
Total number of contours to process:  2
Bounding Box: 96512 26112 11265 5825
Contour Area: 35780608.0
Extracted 39 coordinates
Bounding Box: 6592 7616 153025 92481
Contour Area: 7681462272.0
Extracted 5776 coordinates
original size: 168960 x 104192
downscaled size for stiching: 2640 x 1628
start stitching LTX0491_SU
number of patches: 5815
patch size: 1161 x 1161 patch level: 0
ref patch size: (np.int32(1161), np.int32(1161)) x (np.int32(1161), np.int32(1161))
downscaled patch size: 19x19
segmentation took 1.6785945892333984 seconds
patching took 0.4098351001739502 seconds
stitching took 0.6694784164428711 seconds


progress: 0.70, 85/121
processing LTX0496_A4_SU.ndpi
MPP X: 0.22049744222967013, MPP Y: 0.22049744222967013
metadata microns per pixel 0.22049744222967013
Patch size for this slide is 1161
Using custom parameters for slide: LTX0496_A4_SU
Visualization parameters: {'vis_level': np.int8(-1), 'line_thickness': np.uint32(150)}
Filter parameters: {'a_t': np.float32(100.0), 'a_h': np.float32(16.0), 'max_n_holes': np.uint32(8)}
Segmentation parameters: {'seg_level': np.int8(-1), 'sthresh': np.uint8(15), 'mthresh': np.uint8(11), 'close': np.uint32(4), 'use_otsu': np.False_, 'keep_ids': 'none', 'exclude_ids': 'none', 'remove_markings': np.False_}
Patch parameters: {'use_padding': np.True_, 'contour_fn': 'four_pt'}
Visualization level set to: 6
Segmentation level set to: 6
Keep IDs: []
Exclude IDs: []
Image shape: (1716, 2700, 4)
HSV image shape: (1716, 2700, 3)
Median blurred image shape: (1716, 2700)
Otsu thresholded image shape: (1716, 2700)
Filter params: {'a_t': np.float32(6400.0), 'a_h': np.float32(1024.0), 'max_n_holes': np.uint32(8)}
Number of contours: 463
Number of foreground contours: 240
8.0
6400.0
119.0
6400.0
98.0
6400.0
190.0
6400.0
22.0
6400.0
11.5
6400.0
30.0
6400.0
593.0
6400.0
2.5
6400.0
72.5
6400.0
53.0
6400.0
406.5
6400.0
682.0
6400.0
117.0
6400.0
46.0
6400.0
0.5
6400.0
72.5
6400.0
184.0
6400.0
38.5
6400.0
217.5
6400.0
141.5
6400.0
61.0
6400.0
364.5
6400.0
373.5
6400.0
17.0
6400.0
19.5
6400.0
946.0
6400.0
2013.5
6400.0
2.0
6400.0
159.0
6400.0
488.0
6400.0
12.0
6400.0
52.0
6400.0
176.5
6400.0
184.0
6400.0
14.0
6400.0
12.5
6400.0
5.5
6400.0
6447.0
6400.0
69.5
6400.0
12.0
6400.0
6.0
6400.0
48.5
6400.0
24.0
6400.0
131.5
6400.0
57.0
6400.0
7.0
6400.0
53.0
6400.0
38.5
6400.0
136.5
6400.0
8.5
6400.0
21.5
6400.0
0.5
6400.0
23.5
6400.0
133.0
6400.0
3.5
6400.0
52.5
6400.0
82.5
6400.0
45.5
6400.0
9.5
6400.0
83.5
6400.0
134.0
6400.0
27.0
6400.0
10.5
6400.0
122.5
6400.0
0.5
6400.0
10.0
6400.0
2.5
6400.0
9.5
6400.0
4152.0
6400.0
27.5
6400.0
102.0
6400.0
1251.0
6400.0
15.5
6400.0
6.5
6400.0
111.5
6400.0
33.5
6400.0
42.0
6400.0
17.5
6400.0
17.5
6400.0
23.5
6400.0
69.0
6400.0
40.0
6400.0
375.5
6400.0
61.5
6400.0
155.5
6400.0
150.5
6400.0
89.0
6400.0
1.0
6400.0
46.0
6400.0
47.5
6400.0
748.0
6400.0
82.0
6400.0
109.0
6400.0
31.0
6400.0
1.5
6400.0
442.0
6400.0
353.0
6400.0
193.5
6400.0
2.5
6400.0
12.0
6400.0
26.5
6400.0
147.5
6400.0
914.5
6400.0
27.0
6400.0
47.0
6400.0
967.0
6400.0
5.5
6400.0
7.0
6400.0
231.5
6400.0
24.5
6400.0
1391.5
6400.0
2994.5
6400.0
611.5
6400.0
41.0
6400.0
112.0
6400.0
7.0
6400.0
43.0
6400.0
250.5
6400.0
5.0
6400.0
87.0
6400.0
191.5
6400.0
69.5
6400.0
64.5
6400.0
42.5
6400.0
19.0
6400.0
18.0
6400.0
122.0
6400.0
11.5
6400.0
36.0
6400.0
41.0
6400.0
0.5
6400.0
6.5
6400.0
203.0
6400.0
42.0
6400.0
85.5
6400.0
195.5
6400.0
66.5
6400.0
140.0
6400.0
13.5
6400.0
21.0
6400.0
21.5
6400.0
107.0
6400.0
24.0
6400.0
35.0
6400.0
52.0
6400.0
56.0
6400.0
964.0
6400.0
718.0
6400.0
97.0
6400.0
74.0
6400.0
143.0
6400.0
143.0
6400.0
1000398.5
6400.0
190994.5
6400.0
4305.0
6400.0
6.0
6400.0
13.0
6400.0
12.5
6400.0
34.0
6400.0
19.0
6400.0
84.5
6400.0
11.5
6400.0
204.5
6400.0
316.0
6400.0
46.5
6400.0
200.0
6400.0
310.5
6400.0
73.0
6400.0
29.0
6400.0
33.0
6400.0
12.5
6400.0
28.5
6400.0
6.0
6400.0
21.0
6400.0
30.5
6400.0
99.5
6400.0
238.0
6400.0
284.0
6400.0
293.0
6400.0
236.5
6400.0
180.5
6400.0
493.0
6400.0
296.5
6400.0
321.0
6400.0
251.5
6400.0
77.5
6400.0
3.0
6400.0
1.0
6400.0
17.0
6400.0
50.0
6400.0
16.0
6400.0
37.0
6400.0
24.0
6400.0
65.0
6400.0
384.5
6400.0
313.5
6400.0
22.0
6400.0
4.0
6400.0
5.0
6400.0
2.0
6400.0
1300.0
6400.0
8.0
6400.0
8.0
6400.0
11.0
6400.0
6.0
6400.0
4.0
6400.0
5866.0
6400.0
194.0
6400.0
Number of filtered contours: 3
Number of hole contours: 8
Number of tissue contours: 3
Number of hole contours: 3
Final number of tissue contours: 3
Final number of hole contours: 3
Segmentation completed in 1.77 seconds
Mask saved at: /nemo/project/proj-tracerx-lung/tctProjects/kilimo/TracerX_WSIs/10X/patches/masks/LTX0496_A4_SU.jpg
Creating patches for:  LTX0496_A4_SU ...
Total number of contours to process:  3
Bounding Box: 21504 73856 6913 6337
Contour Area: 26542080.0
Extracted 25 coordinates
Bounding Box: 21632 6912 125889 94913
Contour Area: 4708478976.0
Extracted 3478 coordinates
Bounding Box: 0 4992 10049 104769
Contour Area: 782776320.0
Extracted 629 coordinates
original size: 172800 x 109824
downscaled size for stiching: 2700 x 1716
start stitching LTX0496_A4_SU
number of patches: 4132
patch size: 1161 x 1161 patch level: 0
ref patch size: (np.int32(1161), np.int32(1161)) x (np.int32(1161), np.int32(1161))
downscaled patch size: 19x19
segmentation took 1.7689127922058105 seconds
patching took 0.42408132553100586 seconds
stitching took 0.49109554290771484 seconds


progress: 0.71, 86/121
processing LTX0503_B3_SU.ndpi
MPP X: 0.22815423226100845, MPP Y: 0.22814382186530388
metadata microns per pixel 0.22815423226100845
Patch size for this slide is 1122
Using custom parameters for slide: LTX0503_B3_SU
Visualization parameters: {'vis_level': np.int8(-1), 'line_thickness': np.uint32(150)}
Filter parameters: {'a_t': np.float32(100.0), 'a_h': np.float32(16.0), 'max_n_holes': np.uint32(8)}
Segmentation parameters: {'seg_level': np.int8(-1), 'sthresh': np.uint8(15), 'mthresh': np.uint8(11), 'close': np.uint32(4), 'use_otsu': np.False_, 'keep_ids': 'none', 'exclude_ids': 'none', 'remove_markings': np.False_}
Patch parameters: {'use_padding': np.True_, 'contour_fn': 'four_pt'}
Visualization level set to: 6
Segmentation level set to: 6
Keep IDs: []
Exclude IDs: []
Image shape: (1592, 1728, 4)
HSV image shape: (1592, 1728, 3)
Median blurred image shape: (1592, 1728)
Otsu thresholded image shape: (1592, 1728)
Filter params: {'a_t': np.float32(6400.0), 'a_h': np.float32(1024.0), 'max_n_holes': np.uint32(8)}
Number of contours: 246
Number of foreground contours: 8
2.0
6400.0
34.5
6400.0
44.5
6400.0
159.0
6400.0
7.5
6400.0
6.0
6400.0
2.0
6400.0
2074730.5
6400.0
Number of filtered contours: 1
Number of hole contours: 8
Number of tissue contours: 1
Number of hole contours: 1
Final number of tissue contours: 1
Final number of hole contours: 1
Segmentation completed in 0.11 seconds
Mask saved at: /nemo/project/proj-tracerx-lung/tctProjects/kilimo/TracerX_WSIs/10X/patches/masks/LTX0503_B3_SU.jpg
Creating patches for:  LTX0503_B3_SU ...
Total number of contours to process:  1
Bounding Box: 2496 832 105665 99201
Contour Area: 8961814528.0
Extracted 7108 coordinates
original size: 110592 x 101888
downscaled size for stiching: 1728 x 1592
start stitching LTX0503_B3_SU
number of patches: 7108
patch size: 1122 x 1122 patch level: 0
ref patch size: (np.int32(1122), np.int32(1122)) x (np.int32(1122), np.int32(1122))
downscaled patch size: 18x18
segmentation took 0.1125798225402832 seconds
patching took 0.2781233787536621 seconds
stitching took 0.4513857364654541 seconds


progress: 0.72, 87/121
processing LTX0505_1E_SU.ndpi
MPP X: 0.22049744222967013, MPP Y: 0.22049744222967013
metadata microns per pixel 0.22049744222967013
Patch size for this slide is 1161
Using custom parameters for slide: LTX0505_1E_SU
Visualization parameters: {'vis_level': np.int8(-1), 'line_thickness': np.uint32(150)}
Filter parameters: {'a_t': np.float32(100.0), 'a_h': np.float32(16.0), 'max_n_holes': np.uint32(8)}
Segmentation parameters: {'seg_level': np.int8(-1), 'sthresh': np.uint8(15), 'mthresh': np.uint8(11), 'close': np.uint32(4), 'use_otsu': np.False_, 'keep_ids': 'none', 'exclude_ids': 'none', 'remove_markings': np.False_}
Patch parameters: {'use_padding': np.True_, 'contour_fn': 'four_pt'}
Visualization level set to: 6
Segmentation level set to: 6
Keep IDs: []
Exclude IDs: []
Image shape: (1804, 2220, 4)
HSV image shape: (1804, 2220, 3)
Median blurred image shape: (1804, 2220)
Otsu thresholded image shape: (1804, 2220)
Filter params: {'a_t': np.float32(6400.0), 'a_h': np.float32(1024.0), 'max_n_holes': np.uint32(8)}
Number of contours: 967
Number of foreground contours: 720
2.0
6400.0
1.5
6400.0
700.0
6400.0
11.0
6400.0
261.5
6400.0
0.5
6400.0
24.5
6400.0
147.0
6400.0
0.5
6400.0
1.0
6400.0
39.5
6400.0
112.0
6400.0
24.5
6400.0
404.0
6400.0
16.5
6400.0
2.5
6400.0
82.0
6400.0
21.0
6400.0
78.0
6400.0
1.0
6400.0
280.0
6400.0
63.5
6400.0
12.5
6400.0
0.5
6400.0
1.0
6400.0
6350.0
6400.0
0.5
6400.0
35.0
6400.0
4.5
6400.0
87.0
6400.0
9.5
6400.0
211.5
6400.0
38.5
6400.0
0.5
6400.0
193.0
6400.0
2.5
6400.0
0.5
6400.0
6.0
6400.0
27.5
6400.0
37.0
6400.0
54.5
6400.0
1.5
6400.0
571.5
6400.0
7.0
6400.0
1.5
6400.0
19.5
6400.0
5.5
6400.0
3.0
6400.0
125.5
6400.0
1.5
6400.0
2.0
6400.0
84.0
6400.0
122.0
6400.0
20.5
6400.0
6.5
6400.0
3.5
6400.0
77.5
6400.0
1.5
6400.0
147.5
6400.0
110.0
6400.0
40.0
6400.0
69.0
6400.0
90.5
6400.0
6.0
6400.0
5.0
6400.0
1.5
6400.0
12.0
6400.0
23.0
6400.0
70.0
6400.0
87.5
6400.0
419.5
6400.0
1.0
6400.0
1.5
6400.0
5.0
6400.0
5.5
6400.0
10.5
6400.0
57.0
6400.0
174.5
6400.0
2.5
6400.0
12.0
6400.0
13.0
6400.0
86.0
6400.0
11.0
6400.0
25.0
6400.0
66.5
6400.0
22.0
6400.0
246.0
6400.0
451.0
6400.0
17.5
6400.0
301.0
6400.0
54.0
6400.0
170.5
6400.0
20.5
6400.0
49.0
6400.0
754.0
6400.0
423.5
6400.0
12.0
6400.0
7.5
6400.0
308.0
6400.0
45.0
6400.0
171.0
6400.0
1.5
6400.0
87.5
6400.0
66.0
6400.0
1.0
6400.0
1.5
6400.0
7439.0
6400.0
2.5
6400.0
20.0
6400.0
21.0
6400.0
0.5
6400.0
4.0
6400.0
163.0
6400.0
68.0
6400.0
3.0
6400.0
91.0
6400.0
33.0
6400.0
95.5
6400.0
152.5
6400.0
106.5
6400.0
4.0
6400.0
84.0
6400.0
53.0
6400.0
63.5
6400.0
44.0
6400.0
78.0
6400.0
45.0
6400.0
1.0
6400.0
218.5
6400.0
34.0
6400.0
66.0
6400.0
258.0
6400.0
101.0
6400.0
29.5
6400.0
42.0
6400.0
4.5
6400.0
81.5
6400.0
22.5
6400.0
5.5
6400.0
3.5
6400.0
15.5
6400.0
48.5
6400.0
43.0
6400.0
21.0
6400.0
350.5
6400.0
26.0
6400.0
6.0
6400.0
418.0
6400.0
530.5
6400.0
9.5
6400.0
1.0
6400.0
223.0
6400.0
2.0
6400.0
5.0
6400.0
113.0
6400.0
280.5
6400.0
46.5
6400.0
17.5
6400.0
21.5
6400.0
158.5
6400.0
135.5
6400.0
62.0
6400.0
106.5
6400.0
2.5
6400.0
350.0
6400.0
1.0
6400.0
0.5
6400.0
1.0
6400.0
8.0
6400.0
446.0
6400.0
1.0
6400.0
66.0
6400.0
2.0
6400.0
3.0
6400.0
34.0
6400.0
14.5
6400.0
7.5
6400.0
33.0
6400.0
3.0
6400.0
86.5
6400.0
66.0
6400.0
32.0
6400.0
1.0
6400.0
17.5
6400.0
251.0
6400.0
345.0
6400.0
12.5
6400.0
2.0
6400.0
174.5
6400.0
383.5
6400.0
11.0
6400.0
210.5
6400.0
3.5
6400.0
10.0
6400.0
18.0
6400.0
47.0
6400.0
110.5
6400.0
227.5
6400.0
10.5
6400.0
10.0
6400.0
7.5
6400.0
512.5
6400.0
35.0
6400.0
28.0
6400.0
96.0
6400.0
55.5
6400.0
38.5
6400.0
268.0
6400.0
64.0
6400.0
2.0
6400.0
1.0
6400.0
735.5
6400.0
80.0
6400.0
48.0
6400.0
1.5
6400.0
127.0
6400.0
289.0
6400.0
435.0
6400.0
2.5
6400.0
181.5
6400.0
6.5
6400.0
79.5
6400.0
10.0
6400.0
187.5
6400.0
93.5
6400.0
20.5
6400.0
18.0
6400.0
10.0
6400.0
4.5
6400.0
98.5
6400.0
57.0
6400.0
438.0
6400.0
465.5
6400.0
619.5
6400.0
38.5
6400.0
148.5
6400.0
38.5
6400.0
94.0
6400.0
23.5
6400.0
40.5
6400.0
18.5
6400.0
75.5
6400.0
63.5
6400.0
102.5
6400.0
1023.5
6400.0
52.5
6400.0
65.0
6400.0
264.0
6400.0
14.5
6400.0
1207.0
6400.0
2.0
6400.0
74.0
6400.0
85.0
6400.0
337.0
6400.0
384.0
6400.0
252.5
6400.0
11.0
6400.0
69.5
6400.0
3.0
6400.0
34.5
6400.0
99.0
6400.0
87.5
6400.0
83.5
6400.0
0.5
6400.0
18.5
6400.0
94.0
6400.0
625.5
6400.0
11.0
6400.0
9.5
6400.0
0.5
6400.0
43.0
6400.0
5.5
6400.0
57.5
6400.0
421.0
6400.0
145.0
6400.0
890.0
6400.0
322.5
6400.0
1.0
6400.0
17.5
6400.0
4808.0
6400.0
2.5
6400.0
526.0
6400.0
6344.0
6400.0
89.5
6400.0
63.5
6400.0
15.0
6400.0
5.0
6400.0
35.0
6400.0
583.5
6400.0
66.5
6400.0
14.5
6400.0
2002.0
6400.0
5.5
6400.0
109.0
6400.0
38.0
6400.0
14.5
6400.0
42.0
6400.0
35.5
6400.0
1.5
6400.0
41.5
6400.0
10.0
6400.0
9.5
6400.0
174.5
6400.0
8.5
6400.0
49.5
6400.0
1848.0
6400.0
8.5
6400.0
77.0
6400.0
0.5
6400.0
32.5
6400.0
514.5
6400.0
37.0
6400.0
109.5
6400.0
29.5
6400.0
17.0
6400.0
2.5
6400.0
14.5
6400.0
61.0
6400.0
35.5
6400.0
23.0
6400.0
130.5
6400.0
2591.0
6400.0
620.0
6400.0
47.5
6400.0
111.0
6400.0
342.0
6400.0
1.5
6400.0
29.0
6400.0
23.0
6400.0
125.0
6400.0
208.0
6400.0
89.5
6400.0
1.0
6400.0
33.5
6400.0
38.0
6400.0
89.5
6400.0
21.0
6400.0
9.5
6400.0
179.0
6400.0
3.0
6400.0
339.0
6400.0
34.0
6400.0
11.0
6400.0
8.0
6400.0
49.0
6400.0
36.5
6400.0
399.0
6400.0
1425.0
6400.0
37.5
6400.0
390.5
6400.0
10.0
6400.0
38.0
6400.0
115.5
6400.0
91444.0
6400.0
37.5
6400.0
314.0
6400.0
17.5
6400.0
12.5
6400.0
6.0
6400.0
702.0
6400.0
90.5
6400.0
17.5
6400.0
28.5
6400.0
1290.0
6400.0
473.0
6400.0
1391.0
6400.0
125.0
6400.0
4.5
6400.0
32.0
6400.0
557.5
6400.0
42.0
6400.0
1491.0
6400.0
48.5
6400.0
1.0
6400.0
31.0
6400.0
1275.0
6400.0
120.0
6400.0
8.5
6400.0
17.0
6400.0
401.0
6400.0
280.5
6400.0
4.0
6400.0
70.0
6400.0
235.5
6400.0
8.0
6400.0
5.0
6400.0
289.5
6400.0
16.0
6400.0
6294.0
6400.0
4.0
6400.0
457.0
6400.0
10.5
6400.0
9.5
6400.0
65.5
6400.0
24.5
6400.0
406.5
6400.0
98.5
6400.0
8.0
6400.0
12.5
6400.0
30.5
6400.0
1.5
6400.0
57.5
6400.0
46.5
6400.0
5.0
6400.0
70.5
6400.0
22.5
6400.0
43.0
6400.0
121.5
6400.0
41.5
6400.0
16.0
6400.0
21.0
6400.0
18.0
6400.0
38693.0
6400.0
519.0
6400.0
256.5
6400.0
2.5
6400.0
297.0
6400.0
0.5
6400.0
2.5
6400.0
32.0
6400.0
0.5
6400.0
17.5
6400.0
25.0
6400.0
698.0
6400.0
27.5
6400.0
11.5
6400.0
114.5
6400.0
8.0
6400.0
8.0
6400.0
264.5
6400.0
41.5
6400.0
55.5
6400.0
1.5
6400.0
56.5
6400.0
1.5
6400.0
91.5
6400.0
3.0
6400.0
4.5
6400.0
1.0
6400.0
50.0
6400.0
29.0
6400.0
2.5
6400.0
55.5
6400.0
197.0
6400.0
15.0
6400.0
7.5
6400.0
9.0
6400.0
0.5
6400.0
1209.5
6400.0
1.5
6400.0
209.5
6400.0
4.0
6400.0
153.5
6400.0
36.0
6400.0
382.0
6400.0
206.0
6400.0
10.5
6400.0
139.0
6400.0
24.5
6400.0
7.5
6400.0
95.5
6400.0
63.5
6400.0
38.0
6400.0
1.0
6400.0
46.5
6400.0
12.5
6400.0
26.0
6400.0
9.5
6400.0
1030.5
6400.0
31.5
6400.0
2.0
6400.0
124.5
6400.0
130.5
6400.0
7.0
6400.0
5.0
6400.0
7.5
6400.0
21.5
6400.0
6.5
6400.0
19.0
6400.0
433.0
6400.0
100.5
6400.0
131.0
6400.0
64.5
6400.0
26.5
6400.0
0.5
6400.0
2.0
6400.0
243.5
6400.0
96.0
6400.0
105.0
6400.0
439.5
6400.0
11.5
6400.0
130.0
6400.0
132.5
6400.0
6.5
6400.0
23.5
6400.0
9.5
6400.0
20.5
6400.0
21.0
6400.0
171.0
6400.0
19.0
6400.0
21.0
6400.0
224.0
6400.0
153.5
6400.0
35.5
6400.0
5.5
6400.0
29.0
6400.0
16.0
6400.0
12.5
6400.0
401.5
6400.0
85.5
6400.0
230.0
6400.0
2.5
6400.0
37.5
6400.0
27.5
6400.0
44.5
6400.0
354.5
6400.0
139.0
6400.0
101.0
6400.0
6.5
6400.0
128.0
6400.0
127.5
6400.0
111.0
6400.0
3.5
6400.0
2.5
6400.0
8.0
6400.0
2359.5
6400.0
12.0
6400.0
7.0
6400.0
28.0
6400.0
103.5
6400.0
58.0
6400.0
1.0
6400.0
13.5
6400.0
0.5
6400.0
170.5
6400.0
4.0
6400.0
0.5
6400.0
17.5
6400.0
0.5
6400.0
67.0
6400.0
604.0
6400.0
193.5
6400.0
56.5
6400.0
6.0
6400.0
113.0
6400.0
43.5
6400.0
114.0
6400.0
34.0
6400.0
21.5
6400.0
26.0
6400.0
0.5
6400.0
11.0
6400.0
448.5
6400.0
9.0
6400.0
189.5
6400.0
289.5
6400.0
141.5
6400.0
14.0
6400.0
12.5
6400.0
154.0
6400.0
22.0
6400.0
101.5
6400.0
54.5
6400.0
1231.5
6400.0
173.5
6400.0
563.0
6400.0
22.0
6400.0
83.5
6400.0
71.5
6400.0
18.5
6400.0
36.0
6400.0
144.0
6400.0
780.0
6400.0
31.5
6400.0
2.0
6400.0
5.5
6400.0
90.5
6400.0
123.5
6400.0
57.0
6400.0
475.0
6400.0
71.5
6400.0
65.5
6400.0
13.0
6400.0
40.5
6400.0
28.0
6400.0
479.5
6400.0
1510.5
6400.0
153.5
6400.0
3.5
6400.0
26.0
6400.0
100.5
6400.0
1.5
6400.0
106.5
6400.0
133.5
6400.0
1941.0
6400.0
27.0
6400.0
230.5
6400.0
6.5
6400.0
16.5
6400.0
29.0
6400.0
214.5
6400.0
49.0
6400.0
112.0
6400.0
0.5
6400.0
35.0
6400.0
1148794.5
6400.0
152.0
6400.0
122.0
6400.0
461.0
6400.0
14.5
6400.0
0.5
6400.0
907.5
6400.0
102.0
6400.0
36.5
6400.0
6.0
6400.0
59.5
6400.0
73.5
6400.0
370.0
6400.0
7.0
6400.0
27.0
6400.0
169.0
6400.0
49.0
6400.0
10.0
6400.0
165.0
6400.0
103.5
6400.0
0.5
6400.0
7.0
6400.0
2394.5
6400.0
21639.0
6400.0
Number of filtered contours: 5
Number of hole contours: 14
Number of tissue contours: 5
Number of hole contours: 5
Final number of tissue contours: 5
Final number of hole contours: 5
Segmentation completed in 1.59 seconds
Mask saved at: /nemo/project/proj-tracerx-lung/tctProjects/kilimo/TracerX_WSIs/10X/patches/masks/LTX0505_1E_SU.jpg
Creating patches for:  LTX0505_1E_SU ...
Total number of contours to process:  5
Bounding Box: 87488 94848 14401 11137
Contour Area: 32323584.0
Extracted 42 coordinates
Bounding Box: 94656 53952 36929 44481
Contour Area: 499255296.0
Extracted 398 coordinates
Bounding Box: 89216 31232 29505 19905
Contour Area: 176359424.0
Extracted 188 coordinates
Bounding Box: 7936 5760 92993 100417
Contour Area: 5117151232.0
Extracted 3855 coordinates
Bounding Box: 0 0 142017 1217
Contour Area: 88633344.0
Extracted 114 coordinates
original size: 142080 x 115456
downscaled size for stiching: 2220 x 1804
start stitching LTX0505_1E_SU
number of patches: 4597
patch size: 1161 x 1161 patch level: 0
ref patch size: (np.int32(1161), np.int32(1161)) x (np.int32(1161), np.int32(1161))
downscaled patch size: 19x19
segmentation took 1.5899035930633545 seconds
patching took 0.7753505706787109 seconds
stitching took 0.5435342788696289 seconds


progress: 0.73, 88/121
processing LTX0513_A1_SU.ndpi
MPP X: 0.22049744222967013, MPP Y: 0.22049744222967013
metadata microns per pixel 0.22049744222967013
Patch size for this slide is 1161
Using custom parameters for slide: LTX0513_A1_SU
Visualization parameters: {'vis_level': np.int8(-1), 'line_thickness': np.uint32(150)}
Filter parameters: {'a_t': np.float32(100.0), 'a_h': np.float32(16.0), 'max_n_holes': np.uint32(8)}
Segmentation parameters: {'seg_level': np.int8(-1), 'sthresh': np.uint8(15), 'mthresh': np.uint8(11), 'close': np.uint32(4), 'use_otsu': np.False_, 'keep_ids': 'none', 'exclude_ids': 'none', 'remove_markings': np.False_}
Patch parameters: {'use_padding': np.True_, 'contour_fn': 'four_pt'}
Visualization level set to: 6
Segmentation level set to: 6
Keep IDs: []
Exclude IDs: []
Image shape: (1804, 2280, 4)
HSV image shape: (1804, 2280, 3)
Median blurred image shape: (1804, 2280)
Otsu thresholded image shape: (1804, 2280)
Filter params: {'a_t': np.float32(6400.0), 'a_h': np.float32(1024.0), 'max_n_holes': np.uint32(8)}
Number of contours: 641
Number of foreground contours: 134
1.0
6400.0
0.5
6400.0
7.0
6400.0
11.0
6400.0
5.5
6400.0
37.5
6400.0
6.0
6400.0
58.0
6400.0
32.5
6400.0
158.0
6400.0
25.5
6400.0
156.0
6400.0
44.5
6400.0
0.5
6400.0
5.5
6400.0
0.5
6400.0
34.0
6400.0
222.5
6400.0
20.0
6400.0
69.0
6400.0
34.5
6400.0
62.5
6400.0
187.0
6400.0
28.0
6400.0
456.0
6400.0
16.5
6400.0
147.5
6400.0
72.0
6400.0
22.5
6400.0
163.5
6400.0
5.5
6400.0
10.0
6400.0
183.5
6400.0
19.5
6400.0
124.0
6400.0
16.0
6400.0
24.0
6400.0
40.5
6400.0
241.5
6400.0
62.5
6400.0
128.0
6400.0
266.5
6400.0
70.0
6400.0
1051.0
6400.0
5.0
6400.0
129.0
6400.0
12.0
6400.0
177.5
6400.0
196.0
6400.0
863.0
6400.0
224.5
6400.0
96.5
6400.0
1.0
6400.0
185.0
6400.0
26.5
6400.0
2053.0
6400.0
23.0
6400.0
186.0
6400.0
111.5
6400.0
88.5
6400.0
18.0
6400.0
114.0
6400.0
98.5
6400.0
105.5
6400.0
62.5
6400.0
175.0
6400.0
139.0
6400.0
34.5
6400.0
81.5
6400.0
1.0
6400.0
28.5
6400.0
1.5
6400.0
60.5
6400.0
23.0
6400.0
677.5
6400.0
12.5
6400.0
151.5
6400.0
8.0
6400.0
2.5
6400.0
58.5
6400.0
54.0
6400.0
1826089.5
6400.0
21.5
6400.0
56.5
6400.0
159.5
6400.0
330.5
6400.0
1.5
6400.0
4.0
6400.0
27.0
6400.0
50.0
6400.0
139.0
6400.0
15.0
6400.0
17.0
6400.0
16.0
6400.0
29.0
6400.0
202.0
6400.0
440.0
6400.0
353.0
6400.0
328.5
6400.0
222.5
6400.0
300.5
6400.0
195.0
6400.0
355.0
6400.0
352.5
6400.0
143.5
6400.0
1.5
6400.0
1.0
6400.0
23.0
6400.0
78.0
6400.0
25.5
6400.0
17.5
6400.0
14.0
6400.0
42.0
6400.0
77.5
6400.0
935.5
6400.0
814.5
6400.0
736.5
6400.0
308.5
6400.0
3.0
6400.0
7014.5
6400.0
Number of filtered contours: 2
Number of hole contours: 8
Number of tissue contours: 2
Number of hole contours: 2
Final number of tissue contours: 2
Final number of hole contours: 2
Segmentation completed in 1.62 seconds
Mask saved at: /nemo/project/proj-tracerx-lung/tctProjects/kilimo/TracerX_WSIs/10X/patches/masks/LTX0513_A1_SU.jpg
Creating patches for:  LTX0513_A1_SU ...
Total number of contours to process:  2
Bounding Box: 3264 9344 123393 101185
Contour Area: 8625762304.0
Extracted 6187 coordinates
Bounding Box: 0 0 43137 1281
Contour Area: 28825600.0
Extracted 32 coordinates
original size: 145920 x 115456
downscaled size for stiching: 2280 x 1804
start stitching LTX0513_A1_SU
number of patches: 6219
patch size: 1161 x 1161 patch level: 0
ref patch size: (np.int32(1161), np.int32(1161)) x (np.int32(1161), np.int32(1161))
downscaled patch size: 19x19
segmentation took 1.6180593967437744 seconds
patching took 0.35929250717163086 seconds
stitching took 0.7241861820220947 seconds


progress: 0.74, 89/121
processing LTX0533_2_SU.ndpi
MPP X: 0.22049744222967013, MPP Y: 0.22049744222967013
metadata microns per pixel 0.22049744222967013
Patch size for this slide is 1161
Using custom parameters for slide: LTX0533_2_SU
Visualization parameters: {'vis_level': np.int8(-1), 'line_thickness': np.uint32(150)}
Filter parameters: {'a_t': np.float32(100.0), 'a_h': np.float32(16.0), 'max_n_holes': np.uint32(8)}
Segmentation parameters: {'seg_level': np.int8(-1), 'sthresh': np.uint8(15), 'mthresh': np.uint8(11), 'close': np.uint32(4), 'use_otsu': np.False_, 'keep_ids': 'none', 'exclude_ids': 'none', 'remove_markings': np.False_}
Patch parameters: {'use_padding': np.True_, 'contour_fn': 'four_pt'}
Visualization level set to: 6
Segmentation level set to: 6
Keep IDs: []
Exclude IDs: []
Image shape: (1804, 1860, 4)
HSV image shape: (1804, 1860, 3)
Median blurred image shape: (1804, 1860)
Otsu thresholded image shape: (1804, 1860)
Filter params: {'a_t': np.float32(6400.0), 'a_h': np.float32(1024.0), 'max_n_holes': np.uint32(8)}
Number of contours: 464
Number of foreground contours: 93
6.0
6400.0
3.0
6400.0
3.0
6400.0
12.5
6400.0
9.0
6400.0
18.5
6400.0
9.5
6400.0
176.5
6400.0
93.0
6400.0
3943.5
6400.0
49.0
6400.0
1.5
6400.0
83.0
6400.0
12.0
6400.0
0.5
6400.0
410.0
6400.0
66.5
6400.0
33.0
6400.0
25.0
6400.0
20.5
6400.0
643.5
6400.0
64.5
6400.0
18.5
6400.0
175.5
6400.0
105.5
6400.0
6.0
6400.0
20.0
6400.0
116.5
6400.0
47.5
6400.0
213.5
6400.0
9.5
6400.0
126.0
6400.0
428.5
6400.0
55.0
6400.0
11.5
6400.0
12.5
6400.0
65.0
6400.0
236.0
6400.0
83.5
6400.0
6.5
6400.0
10.5
6400.0
955080.0
6400.0
1.0
6400.0
26.5
6400.0
56.0
6400.0
25.0
6400.0
79.0
6400.0
156.5
6400.0
53.5
6400.0
35.0
6400.0
224.0
6400.0
203.0
6400.0
510.5
6400.0
205.0
6400.0
28.0
6400.0
245.0
6400.0
51.5
6400.0
58.0
6400.0
1.0
6400.0
327.0
6400.0
696.0
6400.0
3.0
6400.0
984.0
6400.0
82.5
6400.0
34.0
6400.0
1.0
6400.0
501.5
6400.0
404.5
6400.0
166.0
6400.0
24.5
6400.0
257.5
6400.0
48.0
6400.0
178.5
6400.0
444.5
6400.0
4069.5
6400.0
Number of filtered contours: 1
Number of hole contours: 8
Number of tissue contours: 1
Number of hole contours: 1
Final number of tissue contours: 1
Final number of hole contours: 1
Segmentation completed in 1.30 seconds
Mask saved at: /nemo/project/proj-tracerx-lung/tctProjects/kilimo/TracerX_WSIs/10X/patches/masks/LTX0533_2_SU.jpg
Creating patches for:  LTX0533_2_SU ...
Total number of contours to process:  1
Bounding Box: 7040 6656 83713 103809
Contour Area: 4873646080.0
Extracted 3493 coordinates
original size: 119040 x 115456
downscaled size for stiching: 1860 x 1804
start stitching LTX0533_2_SU
number of patches: 3493
patch size: 1161 x 1161 patch level: 0
ref patch size: (np.int32(1161), np.int32(1161)) x (np.int32(1161), np.int32(1161))
downscaled patch size: 19x19
segmentation took 1.3049876689910889 seconds
patching took 0.20900964736938477 seconds
stitching took 0.4085664749145508 seconds


progress: 0.74, 90/121
processing LTX0536_1C_SU.ndpi
MPP X: 0.22049744222967013, MPP Y: 0.22049744222967013
metadata microns per pixel 0.22049744222967013
Patch size for this slide is 1161
Using custom parameters for slide: LTX0536_1C_SU
Visualization parameters: {'vis_level': np.int8(-1), 'line_thickness': np.uint32(150)}
Filter parameters: {'a_t': np.float32(100.0), 'a_h': np.float32(16.0), 'max_n_holes': np.uint32(8)}
Segmentation parameters: {'seg_level': np.int8(-1), 'sthresh': np.uint8(15), 'mthresh': np.uint8(11), 'close': np.uint32(4), 'use_otsu': np.False_, 'keep_ids': 'none', 'exclude_ids': 'none', 'remove_markings': np.False_}
Patch parameters: {'use_padding': np.True_, 'contour_fn': 'four_pt'}
Visualization level set to: 6
Segmentation level set to: 6
Keep IDs: []
Exclude IDs: []
Image shape: (1716, 2220, 4)
HSV image shape: (1716, 2220, 3)
Median blurred image shape: (1716, 2220)
Otsu thresholded image shape: (1716, 2220)
Filter params: {'a_t': np.float32(6400.0), 'a_h': np.float32(1024.0), 'max_n_holes': np.uint32(8)}
Number of contours: 987
Number of foreground contours: 199
20.0
6400.0
15.0
6400.0
199.0
6400.0
5.5
6400.0
136.5
6400.0
254.0
6400.0
10.5
6400.0
58.5
6400.0
36.0
6400.0
31.5
6400.0
48.5
6400.0
158.0
6400.0
34.5
6400.0
801.0
6400.0
12.0
6400.0
73.5
6400.0
3309.0
6400.0
14.5
6400.0
126.5
6400.0
50.0
6400.0
86.0
6400.0
89.5
6400.0
10.5
6400.0
400.5
6400.0
144.5
6400.0
314.0
6400.0
595.5
6400.0
233.5
6400.0
64.5
6400.0
14.5
6400.0
66.5
6400.0
6.0
6400.0
17.5
6400.0
30.5
6400.0
504.0
6400.0
1.5
6400.0
94.5
6400.0
4.0
6400.0
175.0
6400.0
179.5
6400.0
108.5
6400.0
76.5
6400.0
4.5
6400.0
77.0
6400.0
81.5
6400.0
22.0
6400.0
658.5
6400.0
25.0
6400.0
50.5
6400.0
0.5
6400.0
26.5
6400.0
17.5
6400.0
3.5
6400.0
27.0
6400.0
14.5
6400.0
304.0
6400.0
4.0
6400.0
29.5
6400.0
87.5
6400.0
66.0
6400.0
218.5
6400.0
741.0
6400.0
11.5
6400.0
1148.0
6400.0
293.5
6400.0
458.5
6400.0
13.5
6400.0
41.5
6400.0
6.5
6400.0
6.0
6400.0
9.0
6400.0
48.5
6400.0
62.0
6400.0
8.5
6400.0
6.0
6400.0
37.5
6400.0
770.5
6400.0
0.5
6400.0
27.5
6400.0
240.5
6400.0
12.0
6400.0
33.5
6400.0
82.0
6400.0
30.0
6400.0
1.0
6400.0
6.5
6400.0
2955.0
6400.0
38.5
6400.0
85.0
6400.0
6.0
6400.0
0.5
6400.0
306.5
6400.0
80.0
6400.0
1131.0
6400.0
5.0
6400.0
23.0
6400.0
246.0
6400.0
0.5
6400.0
250.5
6400.0
126.0
6400.0
281.0
6400.0
18.0
6400.0
30.0
6400.0
224.5
6400.0
2.5
6400.0
82.5
6400.0
235.5
6400.0
48.0
6400.0
24.5
6400.0
238.0
6400.0
2.0
6400.0
114.0
6400.0
324.0
6400.0
1.0
6400.0
73.5
6400.0
94.5
6400.0
1124.0
6400.0
30.5
6400.0
645.5
6400.0
32.5
6400.0
47.0
6400.0
14.5
6400.0
13.5
6400.0
42007.5
6400.0
42.5
6400.0
36.5
6400.0
73.5
6400.0
34.5
6400.0
1.0
6400.0
1105.5
6400.0
195.5
6400.0
26.5
6400.0
11.5
6400.0
4.5
6400.0
12.5
6400.0
25.0
6400.0
1177.0
6400.0
23.5
6400.0
16.0
6400.0
209.0
6400.0
96.5
6400.0
29.0
6400.0
57.5
6400.0
41.5
6400.0
2.0
6400.0
157.5
6400.0
127.0
6400.0
83.0
6400.0
52.0
6400.0
8640.0
6400.0
47.0
6400.0
51.5
6400.0
16.0
6400.0
8.5
6400.0
12.0
6400.0
10.0
6400.0
215.0
6400.0
328.0
6400.0
21.5
6400.0
10.5
6400.0
40.0
6400.0
218.5
6400.0
217.5
6400.0
31.0
6400.0
402.0
6400.0
19.5
6400.0
110.5
6400.0
152.5
6400.0
168.5
6400.0
245.5
6400.0
38.0
6400.0
1243114.5
6400.0
10111.5
6400.0
Number of filtered contours: 4
Number of hole contours: 9
Number of tissue contours: 4
Number of hole contours: 4
Final number of tissue contours: 4
Final number of hole contours: 4
Segmentation completed in 1.52 seconds
Mask saved at: /nemo/project/proj-tracerx-lung/tctProjects/kilimo/TracerX_WSIs/10X/patches/masks/LTX0536_1C_SU.jpg
Creating patches for:  LTX0536_1C_SU ...
Total number of contours to process:  4
Bounding Box: 63168 69312 55553 31937
Contour Area: 198426624.0
Extracted 215 coordinates
Bounding Box: 118144 54272 8641 15745
Contour Area: 44001280.0
Extracted 53 coordinates
Bounding Box: 8192 4992 117185 89985
Contour Area: 6635118592.0
Extracted 4870 coordinates
Bounding Box: 0 0 142017 577
Contour Area: 41416704.0
Extracted 81 coordinates
original size: 142080 x 109824
downscaled size for stiching: 2220 x 1716
start stitching LTX0536_1C_SU
number of patches: 5219
patch size: 1161 x 1161 patch level: 0
ref patch size: (np.int32(1161), np.int32(1161)) x (np.int32(1161), np.int32(1161))
downscaled patch size: 19x19
segmentation took 1.521226167678833 seconds
patching took 0.4000387191772461 seconds
stitching took 0.6139965057373047 seconds


progress: 0.75, 91/121
processing LTX0547_A2_SU.ndpi
MPP X: 0.22049744222967013, MPP Y: 0.22049744222967013
metadata microns per pixel 0.22049744222967013
Patch size for this slide is 1161
Using custom parameters for slide: LTX0547_A2_SU
Visualization parameters: {'vis_level': np.int8(-1), 'line_thickness': np.uint32(150)}
Filter parameters: {'a_t': np.float32(100.0), 'a_h': np.float32(16.0), 'max_n_holes': np.uint32(8)}
Segmentation parameters: {'seg_level': np.int8(-1), 'sthresh': np.uint8(15), 'mthresh': np.uint8(11), 'close': np.uint32(4), 'use_otsu': np.False_, 'keep_ids': 'none', 'exclude_ids': 'none', 'remove_markings': np.False_}
Patch parameters: {'use_padding': np.True_, 'contour_fn': 'four_pt'}
Visualization level set to: 6
Segmentation level set to: 6
Keep IDs: []
Exclude IDs: []
Image shape: (1584, 2280, 4)
HSV image shape: (1584, 2280, 3)
Median blurred image shape: (1584, 2280)
Otsu thresholded image shape: (1584, 2280)
Filter params: {'a_t': np.float32(6400.0), 'a_h': np.float32(1024.0), 'max_n_holes': np.uint32(8)}
Number of contours: 106
Number of foreground contours: 5
88.5
6400.0
4.5
6400.0
1326.0
6400.0
275.5
6400.0
2006406.0
6400.0
Number of filtered contours: 1
Number of hole contours: 8
Number of tissue contours: 1
Number of hole contours: 1
Final number of tissue contours: 1
Final number of hole contours: 1
Segmentation completed in 0.12 seconds
Mask saved at: /nemo/project/proj-tracerx-lung/tctProjects/kilimo/TracerX_WSIs/10X/patches/masks/LTX0547_A2_SU.jpg
Creating patches for:  LTX0547_A2_SU ...
Total number of contours to process:  1
Bounding Box: 5248 4160 132801 92289
Contour Area: 8544913408.0
Extracted 6283 coordinates
original size: 145920 x 101376
downscaled size for stiching: 2280 x 1584
start stitching LTX0547_A2_SU
number of patches: 6283
patch size: 1161 x 1161 patch level: 0
ref patch size: (np.int32(1161), np.int32(1161)) x (np.int32(1161), np.int32(1161))
downscaled patch size: 19x19
segmentation took 0.11983036994934082 seconds
patching took 0.280562162399292 seconds
stitching took 0.4185354709625244 seconds


progress: 0.76, 92/121
processing LTX0548_A5_SU.ndpi
MPP X: 0.22049744222967013, MPP Y: 0.22049744222967013
metadata microns per pixel 0.22049744222967013
Patch size for this slide is 1161
Using custom parameters for slide: LTX0548_A5_SU
Visualization parameters: {'vis_level': np.int8(-1), 'line_thickness': np.uint32(150)}
Filter parameters: {'a_t': np.float32(100.0), 'a_h': np.float32(16.0), 'max_n_holes': np.uint32(8)}
Segmentation parameters: {'seg_level': np.int8(-1), 'sthresh': np.uint8(15), 'mthresh': np.uint8(11), 'close': np.uint32(4), 'use_otsu': np.False_, 'keep_ids': 'none', 'exclude_ids': 'none', 'remove_markings': np.False_}
Patch parameters: {'use_padding': np.True_, 'contour_fn': 'four_pt'}
Visualization level set to: 6
Segmentation level set to: 6
Keep IDs: []
Exclude IDs: []
Image shape: (1672, 2040, 4)
HSV image shape: (1672, 2040, 3)
Median blurred image shape: (1672, 2040)
Otsu thresholded image shape: (1672, 2040)
Filter params: {'a_t': np.float32(6400.0), 'a_h': np.float32(1024.0), 'max_n_holes': np.uint32(8)}
Number of contours: 412
Number of foreground contours: 78
215.0
6400.0
4.5
6400.0
32.5
6400.0
134.0
6400.0
118.5
6400.0
9.0
6400.0
20.5
6400.0
124.5
6400.0
9.5
6400.0
52.0
6400.0
104.5
6400.0
4.5
6400.0
87.0
6400.0
97.5
6400.0
31.5
6400.0
15.0
6400.0
0.5
6400.0
99.5
6400.0
93.5
6400.0
155.0
6400.0
141.5
6400.0
34.5
6400.0
74.5
6400.0
1.5
6400.0
183.5
6400.0
46.5
6400.0
33.0
6400.0
131.5
6400.0
17.0
6400.0
29.5
6400.0
25.5
6400.0
3.0
6400.0
99.5
6400.0
6288.0
6400.0
24.0
6400.0
13.0
6400.0
53.5
6400.0
138.5
6400.0
225.5
6400.0
21.0
6400.0
25.0
6400.0
35.0
6400.0
6.5
6400.0
16.0
6400.0
13.5
6400.0
10.0
6400.0
16.5
6400.0
5.0
6400.0
17.0
6400.0
44.5
6400.0
29.0
6400.0
5.0
6400.0
9.0
6400.0
42.0
6400.0
4.0
6400.0
15.0
6400.0
60.5
6400.0
2.0
6400.0
6.5
6400.0
0.5
6400.0
12.5
6400.0
66.5
6400.0
26.0
6400.0
216.0
6400.0
31.5
6400.0
24.5
6400.0
85.0
6400.0
2.0
6400.0
67.5
6400.0
152.5
6400.0
69.5
6400.0
133.5
6400.0
56.5
6400.0
1869253.5
6400.0
Number of filtered contours: 1
Number of hole contours: 8
Number of tissue contours: 1
Number of hole contours: 1
Final number of tissue contours: 1
Final number of hole contours: 1
Segmentation completed in 0.12 seconds
Mask saved at: /nemo/project/proj-tracerx-lung/tctProjects/kilimo/TracerX_WSIs/10X/patches/masks/LTX0548_A5_SU.jpg
Creating patches for:  LTX0548_A5_SU ...
Total number of contours to process:  1
Bounding Box: 8896 3840 113473 100353
Contour Area: 8343820288.0
Extracted 6246 coordinates
original size: 130560 x 107008
downscaled size for stiching: 2040 x 1672
start stitching LTX0548_A5_SU
number of patches: 6246
patch size: 1161 x 1161 patch level: 0
ref patch size: (np.int32(1161), np.int32(1161)) x (np.int32(1161), np.int32(1161))
downscaled patch size: 19x19
segmentation took 0.1152656078338623 seconds
patching took 0.30507540702819824 seconds
stitching took 0.4060788154602051 seconds


progress: 0.77, 93/121
processing LTX0569_A2_SU.ndpi
MPP X: 0.22049744222967013, MPP Y: 0.22049744222967013
metadata microns per pixel 0.22049744222967013
Patch size for this slide is 1161
Using custom parameters for slide: LTX0569_A2_SU
Visualization parameters: {'vis_level': np.int8(-1), 'line_thickness': np.uint32(150)}
Filter parameters: {'a_t': np.float32(100.0), 'a_h': np.float32(16.0), 'max_n_holes': np.uint32(8)}
Segmentation parameters: {'seg_level': np.int8(-1), 'sthresh': np.uint8(15), 'mthresh': np.uint8(11), 'close': np.uint32(4), 'use_otsu': np.False_, 'keep_ids': 'none', 'exclude_ids': 'none', 'remove_markings': np.False_}
Patch parameters: {'use_padding': np.True_, 'contour_fn': 'four_pt'}
Visualization level set to: 6
Segmentation level set to: 6
Keep IDs: []
Exclude IDs: []
Image shape: (1452, 2520, 4)
HSV image shape: (1452, 2520, 3)
Median blurred image shape: (1452, 2520)
Otsu thresholded image shape: (1452, 2520)
Filter params: {'a_t': np.float32(6400.0), 'a_h': np.float32(1024.0), 'max_n_holes': np.uint32(8)}
Number of contours: 473
Number of foreground contours: 64
59.0
6400.0
162.0
6400.0
66.0
6400.0
66.0
6400.0
2442.5
6400.0
311.0
6400.0
144.0
6400.0
12.0
6400.0
123.5
6400.0
17.5
6400.0
130.0
6400.0
47.5
6400.0
49.0
6400.0
425.5
6400.0
217.0
6400.0
35.0
6400.0
7.0
6400.0
25.0
6400.0
752.5
6400.0
146.0
6400.0
2053.0
6400.0
10.5
6400.0
1.5
6400.0
28.0
6400.0
1.5
6400.0
19.0
6400.0
24.0
6400.0
18.5
6400.0
615.5
6400.0
86.5
6400.0
2.5
6400.0
386.5
6400.0
14.0
6400.0
111.0
6400.0
1449.0
6400.0
18.5
6400.0
12.0
6400.0
7.0
6400.0
628.0
6400.0
2.0
6400.0
748.5
6400.0
550.0
6400.0
2.0
6400.0
5.5
6400.0
567.0
6400.0
2143.0
6400.0
1477.5
6400.0
1598975.0
6400.0
1991.0
6400.0
112.5
6400.0
5.0
6400.0
989.0
6400.0
1.0
6400.0
848.0
6400.0
297.5
6400.0
4.0
6400.0
5949.0
6400.0
Number of filtered contours: 1
Number of hole contours: 8
Number of tissue contours: 1
Number of hole contours: 1
Final number of tissue contours: 1
Final number of hole contours: 1
Segmentation completed in 1.50 seconds
Mask saved at: /nemo/project/proj-tracerx-lung/tctProjects/kilimo/TracerX_WSIs/10X/patches/masks/LTX0569_A2_SU.jpg
Creating patches for:  LTX0569_A2_SU ...
Total number of contours to process:  1
Bounding Box: 4224 0 148993 85761
Contour Area: 8335941632.0
Extracted 5686 coordinates
original size: 161280 x 92928
downscaled size for stiching: 2520 x 1452
start stitching LTX0569_A2_SU
number of patches: 5686
patch size: 1161 x 1161 patch level: 0
ref patch size: (np.int32(1161), np.int32(1161)) x (np.int32(1161), np.int32(1161))
downscaled patch size: 19x19
segmentation took 1.4997320175170898 seconds
patching took 0.34601783752441406 seconds
stitching took 0.6546778678894043 seconds


progress: 0.78, 94/121
processing LTX0578_A2_SU.ndpi
MPP X: 0.22049744222967013, MPP Y: 0.22049744222967013
metadata microns per pixel 0.22049744222967013
Patch size for this slide is 1161
Using custom parameters for slide: LTX0578_A2_SU
Visualization parameters: {'vis_level': np.int8(-1), 'line_thickness': np.uint32(150)}
Filter parameters: {'a_t': np.float32(100.0), 'a_h': np.float32(16.0), 'max_n_holes': np.uint32(8)}
Segmentation parameters: {'seg_level': np.int8(-1), 'sthresh': np.uint8(15), 'mthresh': np.uint8(11), 'close': np.uint32(4), 'use_otsu': np.False_, 'keep_ids': 'none', 'exclude_ids': 'none', 'remove_markings': np.False_}
Patch parameters: {'use_padding': np.True_, 'contour_fn': 'four_pt'}
Visualization level set to: 6
Segmentation level set to: 6
Keep IDs: []
Exclude IDs: []
Image shape: (1144, 1860, 4)
HSV image shape: (1144, 1860, 3)
Median blurred image shape: (1144, 1860)
Otsu thresholded image shape: (1144, 1860)
Filter params: {'a_t': np.float32(6400.0), 'a_h': np.float32(1024.0), 'max_n_holes': np.uint32(8)}
Number of contours: 94
Number of foreground contours: 31
63.0
6400.0
241.0
6400.0
1497.0
6400.0
9564.5
6400.0
141.0
6400.0
95.5
6400.0
14.0
6400.0
1.5
6400.0
2057.0
6400.0
21.5
6400.0
32.0
6400.0
87.5
6400.0
16.0
6400.0
7.5
6400.0
823.0
6400.0
167.0
6400.0
109.0
6400.0
61.5
6400.0
244425.5
6400.0
169.5
6400.0
275.0
6400.0
3.5
6400.0
73.5
6400.0
216575.0
6400.0
63.5
6400.0
104.0
6400.0
1594.0
6400.0
Number of filtered contours: 3
Number of hole contours: 1
Number of tissue contours: 3
Number of hole contours: 3
Final number of tissue contours: 3
Final number of hole contours: 3
Segmentation completed in 0.82 seconds
Mask saved at: /nemo/project/proj-tracerx-lung/tctProjects/kilimo/TracerX_WSIs/10X/patches/masks/LTX0578_A2_SU.jpg
Creating patches for:  LTX0578_A2_SU ...
Total number of contours to process:  3
Bounding Box: 13568 59072 10177 8641
Contour Area: 39176192.0
Extracted 40 coordinates
Bounding Box: 38784 31936 57729 38721
Contour Area: 1019111424.0
Extracted 834 coordinates
Bounding Box: 52736 5952 56961 47105
Contour Area: 917438464.0
Extracted 743 coordinates
original size: 119040 x 73216
downscaled size for stiching: 1860 x 1144
start stitching LTX0578_A2_SU
number of patches: 1617
patch size: 1161 x 1161 patch level: 0
ref patch size: (np.int32(1161), np.int32(1161)) x (np.int32(1161), np.int32(1161))
downscaled patch size: 19x19
segmentation took 0.8168339729309082 seconds
patching took 0.1336345672607422 seconds
stitching took 0.19507575035095215 seconds


progress: 0.79, 95/121
processing LTX0579_A2_SU.ndpi
MPP X: 0.22049744222967013, MPP Y: 0.22049744222967013
metadata microns per pixel 0.22049744222967013
Patch size for this slide is 1161
Using custom parameters for slide: LTX0579_A2_SU
Visualization parameters: {'vis_level': np.int8(-1), 'line_thickness': np.uint32(150)}
Filter parameters: {'a_t': np.float32(100.0), 'a_h': np.float32(16.0), 'max_n_holes': np.uint32(8)}
Segmentation parameters: {'seg_level': np.int8(-1), 'sthresh': np.uint8(15), 'mthresh': np.uint8(11), 'close': np.uint32(4), 'use_otsu': np.False_, 'keep_ids': 'none', 'exclude_ids': 'none', 'remove_markings': np.False_}
Patch parameters: {'use_padding': np.True_, 'contour_fn': 'four_pt'}
Visualization level set to: 6
Segmentation level set to: 6
Keep IDs: []
Exclude IDs: []
Image shape: (1672, 1980, 4)
HSV image shape: (1672, 1980, 3)
Median blurred image shape: (1672, 1980)
Otsu thresholded image shape: (1672, 1980)
Filter params: {'a_t': np.float32(6400.0), 'a_h': np.float32(1024.0), 'max_n_holes': np.uint32(8)}
Number of contours: 1045
Number of foreground contours: 245
201.5
6400.0
21.0
6400.0
154.0
6400.0
232.5
6400.0
206.5
6400.0
22.5
6400.0
2634.5
6400.0
78.0
6400.0
654.0
6400.0
6.0
6400.0
165.0
6400.0
28.5
6400.0
2.0
6400.0
127.5
6400.0
338.5
6400.0
5.0
6400.0
101.0
6400.0
130.5
6400.0
10.0
6400.0
28.5
6400.0
780.5
6400.0
234.5
6400.0
61.0
6400.0
94.5
6400.0
250.5
6400.0
226.0
6400.0
67.5
6400.0
73.0
6400.0
32.0
6400.0
10.0
6400.0
204.5
6400.0
286.0
6400.0
134.5
6400.0
469.0
6400.0
4.0
6400.0
363.5
6400.0
172.5
6400.0
15.5
6400.0
124.0
6400.0
9.5
6400.0
299.5
6400.0
22.0
6400.0
7.0
6400.0
24.0
6400.0
27.0
6400.0
18.5
6400.0
67.0
6400.0
306.5
6400.0
64.0
6400.0
69.0
6400.0
15.0
6400.0
10.0
6400.0
58.0
6400.0
28.0
6400.0
23.5
6400.0
56.0
6400.0
171.5
6400.0
17.5
6400.0
69.0
6400.0
16.0
6400.0
23.0
6400.0
273.0
6400.0
697.0
6400.0
6.0
6400.0
212.5
6400.0
5.0
6400.0
154.0
6400.0
18.5
6400.0
0.5
6400.0
231.0
6400.0
88.5
6400.0
109.5
6400.0
493.0
6400.0
35.0
6400.0
2.5
6400.0
107.0
6400.0
42.5
6400.0
1093.5
6400.0
3.0
6400.0
303.5
6400.0
243.5
6400.0
689.5
6400.0
2.0
6400.0
24.5
6400.0
17.0
6400.0
2.5
6400.0
382.5
6400.0
289.0
6400.0
23.5
6400.0
78.0
6400.0
6.0
6400.0
41.0
6400.0
232.5
6400.0
10.0
6400.0
1597.5
6400.0
11.0
6400.0
136.5
6400.0
103.5
6400.0
11.0
6400.0
112.0
6400.0
7.0
6400.0
154.0
6400.0
132.0
6400.0
4.5
6400.0
35.5
6400.0
0.5
6400.0
1.5
6400.0
45.5
6400.0
5899.0
6400.0
383.0
6400.0
460.0
6400.0
176.5
6400.0
16.5
6400.0
13.0
6400.0
7.5
6400.0
0.5
6400.0
118.5
6400.0
286.0
6400.0
158.5
6400.0
275.5
6400.0
112.0
6400.0
109.5
6400.0
81.0
6400.0
6.0
6400.0
56.0
6400.0
101.0
6400.0
2009.5
6400.0
94.0
6400.0
40.5
6400.0
216.0
6400.0
84.5
6400.0
1.0
6400.0
905.0
6400.0
21.0
6400.0
14.5
6400.0
99.0
6400.0
78.5
6400.0
21.5
6400.0
15.0
6400.0
51.0
6400.0
221.5
6400.0
8.5
6400.0
7.5
6400.0
34.5
6400.0
269.0
6400.0
172.0
6400.0
10.5
6400.0
16.5
6400.0
211.5
6400.0
95.5
6400.0
3436.0
6400.0
457.0
6400.0
11.0
6400.0
6.5
6400.0
6.5
6400.0
134.0
6400.0
574.5
6400.0
277.5
6400.0
4.0
6400.0
117.5
6400.0
71.5
6400.0
503.0
6400.0
165.0
6400.0
11.5
6400.0
1147.0
6400.0
14.0
6400.0
28.0
6400.0
27.5
6400.0
4.0
6400.0
26.5
6400.0
91.0
6400.0
417.0
6400.0
74.5
6400.0
111.0
6400.0
7.5
6400.0
72.5
6400.0
14.0
6400.0
8.0
6400.0
221.0
6400.0
31.0
6400.0
215.0
6400.0
277.5
6400.0
273.0
6400.0
192.5
6400.0
7.0
6400.0
41.5
6400.0
2.5
6400.0
9.5
6400.0
2.0
6400.0
134.0
6400.0
35.5
6400.0
109.5
6400.0
46.5
6400.0
306.5
6400.0
8.0
6400.0
0.5
6400.0
16.5
6400.0
945.0
6400.0
12.5
6400.0
28.5
6400.0
71.5
6400.0
8.0
6400.0
51.5
6400.0
0.5
6400.0
39.5
6400.0
189.5
6400.0
88.5
6400.0
140.0
6400.0
1624338.0
6400.0
Number of filtered contours: 1
Number of hole contours: 8
Number of tissue contours: 1
Number of hole contours: 1
Final number of tissue contours: 1
Final number of hole contours: 1
Segmentation completed in 1.34 seconds
Mask saved at: /nemo/project/proj-tracerx-lung/tctProjects/kilimo/TracerX_WSIs/10X/patches/masks/LTX0579_A2_SU.jpg
Creating patches for:  LTX0579_A2_SU ...
Total number of contours to process:  1
Bounding Box: 448 1024 120385 105921
Contour Area: 9224343552.0
Extracted 6563 coordinates
original size: 126720 x 107008
downscaled size for stiching: 1980 x 1672
start stitching LTX0579_A2_SU
number of patches: 6563
patch size: 1161 x 1161 patch level: 0
ref patch size: (np.int32(1161), np.int32(1161)) x (np.int32(1161), np.int32(1161))
downscaled patch size: 19x19
segmentation took 1.3355658054351807 seconds
patching took 0.5501880645751953 seconds
stitching took 0.7505652904510498 seconds


progress: 0.79, 96/121
processing LTX0599_A5_SU.ndpi
MPP X: 0.22049744222967013, MPP Y: 0.22049744222967013
metadata microns per pixel 0.22049744222967013
Patch size for this slide is 1161
Using custom parameters for slide: LTX0599_A5_SU
Visualization parameters: {'vis_level': np.int8(-1), 'line_thickness': np.uint32(150)}
Filter parameters: {'a_t': np.float32(100.0), 'a_h': np.float32(16.0), 'max_n_holes': np.uint32(8)}
Segmentation parameters: {'seg_level': np.int8(-1), 'sthresh': np.uint8(15), 'mthresh': np.uint8(11), 'close': np.uint32(4), 'use_otsu': np.False_, 'keep_ids': 'none', 'exclude_ids': 'none', 'remove_markings': np.False_}
Patch parameters: {'use_padding': np.True_, 'contour_fn': 'four_pt'}
Visualization level set to: 6
Segmentation level set to: 6
Keep IDs: []
Exclude IDs: []
Image shape: (1452, 1440, 4)
HSV image shape: (1452, 1440, 3)
Median blurred image shape: (1452, 1440)
Otsu thresholded image shape: (1452, 1440)
Filter params: {'a_t': np.float32(6400.0), 'a_h': np.float32(1024.0), 'max_n_holes': np.uint32(8)}
Number of contours: 20
Number of foreground contours: 3
162.0
6400.0
802312.0
6400.0
252.0
6400.0
Number of filtered contours: 1
Number of hole contours: 0
Number of tissue contours: 1
Number of hole contours: 1
Final number of tissue contours: 1
Final number of hole contours: 1
Segmentation completed in 0.80 seconds
Mask saved at: /nemo/project/proj-tracerx-lung/tctProjects/kilimo/TracerX_WSIs/10X/patches/masks/LTX0599_A5_SU.jpg
Creating patches for:  LTX0599_A5_SU ...
Total number of contours to process:  1
Bounding Box: 2816 8512 83585 77697
Contour Area: 3295817728.0
Extracted 2543 coordinates
original size: 92160 x 92928
downscaled size for stiching: 1440 x 1452
start stitching LTX0599_A5_SU
number of patches: 2543
patch size: 1161 x 1161 patch level: 0
ref patch size: (np.int32(1161), np.int32(1161)) x (np.int32(1161), np.int32(1161))
downscaled patch size: 19x19
segmentation took 0.8017942905426025 seconds
patching took 0.11745834350585938 seconds
stitching took 0.29667210578918457 seconds


progress: 0.80, 97/121
processing LTX0600_A4_SU.ndpi
MPP X: 0.22049744222967013, MPP Y: 0.22049744222967013
metadata microns per pixel 0.22049744222967013
Patch size for this slide is 1161
Using custom parameters for slide: LTX0600_A4_SU
Visualization parameters: {'vis_level': np.int8(-1), 'line_thickness': np.uint32(150)}
Filter parameters: {'a_t': np.float32(100.0), 'a_h': np.float32(16.0), 'max_n_holes': np.uint32(8)}
Segmentation parameters: {'seg_level': np.int8(-1), 'sthresh': np.uint8(15), 'mthresh': np.uint8(11), 'close': np.uint32(4), 'use_otsu': np.False_, 'keep_ids': 'none', 'exclude_ids': 'none', 'remove_markings': np.False_}
Patch parameters: {'use_padding': np.True_, 'contour_fn': 'four_pt'}
Visualization level set to: 6
Segmentation level set to: 6
Keep IDs: []
Exclude IDs: []
Image shape: (1628, 2640, 4)
HSV image shape: (1628, 2640, 3)
Median blurred image shape: (1628, 2640)
Otsu thresholded image shape: (1628, 2640)
Filter params: {'a_t': np.float32(6400.0), 'a_h': np.float32(1024.0), 'max_n_holes': np.uint32(8)}
Number of contours: 591
Number of foreground contours: 84
22.5
6400.0
2.5
6400.0
6.0
6400.0
22.5
6400.0
735.0
6400.0
107.5
6400.0
8.5
6400.0
211.0
6400.0
283.5
6400.0
38.0
6400.0
13.0
6400.0
12.5
6400.0
62.5
6400.0
145.5
6400.0
38.0
6400.0
1.5
6400.0
145.0
6400.0
101.0
6400.0
1203.0
6400.0
42.5
6400.0
1187.5
6400.0
10.5
6400.0
305.0
6400.0
336.5
6400.0
199.0
6400.0
286.5
6400.0
66.0
6400.0
172.0
6400.0
125.5
6400.0
921.5
6400.0
17.5
6400.0
88.5
6400.0
27.0
6400.0
13.5
6400.0
235.5
6400.0
160.5
6400.0
28.0
6400.0
22.0
6400.0
62.5
6400.0
210.5
6400.0
363.5
6400.0
6696.0
6400.0
3.0
6400.0
733.5
6400.0
6.5
6400.0
35.5
6400.0
43.5
6400.0
4.5
6400.0
2550.0
6400.0
77.5
6400.0
36.5
6400.0
68.5
6400.0
1.5
6400.0
11.5
6400.0
2145.5
6400.0
37.0
6400.0
506.0
6400.0
693.5
6400.0
88.5
6400.0
53.5
6400.0
434.5
6400.0
2.5
6400.0
1192.5
6400.0
68.5
6400.0
217.5
6400.0
7.5
6400.0
1316.5
6400.0
35437.0
6400.0
17.0
6400.0
2181844.5
6400.0
5966.0
6400.0
Number of filtered contours: 3
Number of hole contours: 8
Number of tissue contours: 3
Number of hole contours: 3
Final number of tissue contours: 3
Final number of hole contours: 3
Segmentation completed in 1.72 seconds
Mask saved at: /nemo/project/proj-tracerx-lung/tctProjects/kilimo/TracerX_WSIs/10X/patches/masks/LTX0600_A4_SU.jpg
Creating patches for:  LTX0600_A4_SU ...
Total number of contours to process:  3
Bounding Box: 13952 42368 7041 9473
Contour Area: 27426816.0
Extracted 32 coordinates
Bounding Box: 7296 19200 16705 21889
Contour Area: 160434176.0
Extracted 153 coordinates
Bounding Box: 12992 4800 150785 95937
Contour Area: 9608665088.0
Extracted 7331 coordinates
original size: 168960 x 104192
downscaled size for stiching: 2640 x 1628
start stitching LTX0600_A4_SU
number of patches: 7516
patch size: 1161 x 1161 patch level: 0
ref patch size: (np.int32(1161), np.int32(1161)) x (np.int32(1161), np.int32(1161))
downscaled patch size: 19x19
segmentation took 1.723740577697754 seconds
patching took 0.4344637393951416 seconds
stitching took 0.8603277206420898 seconds


progress: 0.81, 98/121
processing LTX0603_A5_SU.ndpi
MPP X: 0.22049744222967013, MPP Y: 0.22049744222967013
metadata microns per pixel 0.22049744222967013
Patch size for this slide is 1161
Using custom parameters for slide: LTX0603_A5_SU
Visualization parameters: {'vis_level': np.int8(-1), 'line_thickness': np.uint32(150)}
Filter parameters: {'a_t': np.float32(100.0), 'a_h': np.float32(16.0), 'max_n_holes': np.uint32(8)}
Segmentation parameters: {'seg_level': np.int8(-1), 'sthresh': np.uint8(15), 'mthresh': np.uint8(11), 'close': np.uint32(4), 'use_otsu': np.False_, 'keep_ids': 'none', 'exclude_ids': 'none', 'remove_markings': np.False_}
Patch parameters: {'use_padding': np.True_, 'contour_fn': 'four_pt'}
Visualization level set to: 6
Segmentation level set to: 6
Keep IDs: []
Exclude IDs: []
Image shape: (1540, 1980, 4)
HSV image shape: (1540, 1980, 3)
Median blurred image shape: (1540, 1980)
Otsu thresholded image shape: (1540, 1980)
Filter params: {'a_t': np.float32(6400.0), 'a_h': np.float32(1024.0), 'max_n_holes': np.uint32(8)}
Number of contours: 323
Number of foreground contours: 17
251.0
6400.0
1.0
6400.0
100.5
6400.0
5.5
6400.0
10.0
6400.0
83.5
6400.0
369.0
6400.0
29.0
6400.0
98.5
6400.0
786.0
6400.0
1836.5
6400.0
24.5
6400.0
88.0
6400.0
1555412.5
6400.0
Number of filtered contours: 1
Number of hole contours: 8
Number of tissue contours: 1
Number of hole contours: 1
Final number of tissue contours: 1
Final number of hole contours: 1
Segmentation completed in 1.20 seconds
Mask saved at: /nemo/project/proj-tracerx-lung/tctProjects/kilimo/TracerX_WSIs/10X/patches/masks/LTX0603_A5_SU.jpg
Creating patches for:  LTX0603_A5_SU ...
Total number of contours to process:  1
Bounding Box: 4224 6144 114497 85377
Contour Area: 7002439680.0
Extracted 5141 coordinates
original size: 126720 x 98560
downscaled size for stiching: 1980 x 1540
start stitching LTX0603_A5_SU
number of patches: 5141
patch size: 1161 x 1161 patch level: 0
ref patch size: (np.int32(1161), np.int32(1161)) x (np.int32(1161), np.int32(1161))
downscaled patch size: 19x19
segmentation took 1.1999242305755615 seconds
patching took 0.2633962631225586 seconds
stitching took 0.5848946571350098 seconds


progress: 0.82, 99/121
processing LTX0624_A2_SU.ndpi
MPP X: 0.22049744222967013, MPP Y: 0.22049744222967013
metadata microns per pixel 0.22049744222967013
Patch size for this slide is 1161
Using custom parameters for slide: LTX0624_A2_SU
Visualization parameters: {'vis_level': np.int8(-1), 'line_thickness': np.uint32(150)}
Filter parameters: {'a_t': np.float32(100.0), 'a_h': np.float32(16.0), 'max_n_holes': np.uint32(8)}
Segmentation parameters: {'seg_level': np.int8(-1), 'sthresh': np.uint8(15), 'mthresh': np.uint8(11), 'close': np.uint32(4), 'use_otsu': np.False_, 'keep_ids': 'none', 'exclude_ids': 'none', 'remove_markings': np.False_}
Patch parameters: {'use_padding': np.True_, 'contour_fn': 'four_pt'}
Visualization level set to: 6
Segmentation level set to: 6
Keep IDs: []
Exclude IDs: []
Image shape: (1716, 2280, 4)
HSV image shape: (1716, 2280, 3)
Median blurred image shape: (1716, 2280)
Otsu thresholded image shape: (1716, 2280)
Filter params: {'a_t': np.float32(6400.0), 'a_h': np.float32(1024.0), 'max_n_holes': np.uint32(8)}
Number of contours: 972
Number of foreground contours: 267
44.5
6400.0
129.5
6400.0
43.0
6400.0
8.5
6400.0
5.5
6400.0
225.5
6400.0
110.0
6400.0
578.5
6400.0
3.5
6400.0
156.5
6400.0
18.0
6400.0
1.5
6400.0
21.5
6400.0
78.5
6400.0
203.5
6400.0
52.5
6400.0
283.0
6400.0
112.0
6400.0
378.0
6400.0
1.5
6400.0
14.0
6400.0
861.5
6400.0
58.0
6400.0
228.0
6400.0
1413.0
6400.0
8.5
6400.0
59.0
6400.0
5.5
6400.0
112.5
6400.0
29.5
6400.0
262.5
6400.0
213.0
6400.0
167.5
6400.0
22.5
6400.0
1.5
6400.0
150.5
6400.0
65.0
6400.0
46.0
6400.0
3.0
6400.0
0.5
6400.0
2425.0
6400.0
16.5
6400.0
243.0
6400.0
1.5
6400.0
1.5
6400.0
31.5
6400.0
3.0
6400.0
108.0
6400.0
161.5
6400.0
36.5
6400.0
486.0
6400.0
92.5
6400.0
107.0
6400.0
6.0
6400.0
17.5
6400.0
29.5
6400.0
128.0
6400.0
80.0
6400.0
247.5
6400.0
4.5
6400.0
2.5
6400.0
0.5
6400.0
125.5
6400.0
3.5
6400.0
151.0
6400.0
185.0
6400.0
28.5
6400.0
82.0
6400.0
4682.5
6400.0
131.0
6400.0
16.5
6400.0
35.0
6400.0
751.0
6400.0
242.5
6400.0
5.0
6400.0
210.5
6400.0
359.5
6400.0
3.0
6400.0
59.5
6400.0
84.5
6400.0
60.5
6400.0
9.5
6400.0
313.5
6400.0
1.0
6400.0
406.5
6400.0
61.0
6400.0
5.5
6400.0
60.0
6400.0
1497.5
6400.0
5.0
6400.0
3.5
6400.0
5.0
6400.0
201.0
6400.0
53.0
6400.0
8963.0
6400.0
1052.0
6400.0
7.5
6400.0
193.0
6400.0
9.0
6400.0
569.0
6400.0
297.5
6400.0
73.0
6400.0
279.0
6400.0
3.5
6400.0
269.0
6400.0
39.5
6400.0
9.0
6400.0
39.0
6400.0
135.0
6400.0
16.0
6400.0
26.5
6400.0
5.0
6400.0
69.5
6400.0
356.5
6400.0
131.0
6400.0
29.5
6400.0
2361.5
6400.0
10.0
6400.0
687.5
6400.0
146.0
6400.0
93.5
6400.0
5.5
6400.0
7.0
6400.0
154.5
6400.0
105.5
6400.0
24.0
6400.0
58.5
6400.0
40.5
6400.0
104.0
6400.0
6.0
6400.0
8.0
6400.0
1256.0
6400.0
46.5
6400.0
144.0
6400.0
214.5
6400.0
178.0
6400.0
297.5
6400.0
48.0
6400.0
153.5
6400.0
295.5
6400.0
352.0
6400.0
244.5
6400.0
802.5
6400.0
114.0
6400.0
1.0
6400.0
2.5
6400.0
11.5
6400.0
53.0
6400.0
5.0
6400.0
40.5
6400.0
66.5
6400.0
134.5
6400.0
10.5
6400.0
154.5
6400.0
26.5
6400.0
141.5
6400.0
249.0
6400.0
119.5
6400.0
1.5
6400.0
0.5
6400.0
329.5
6400.0
2654.5
6400.0
59.5
6400.0
18.0
6400.0
77.0
6400.0
10.0
6400.0
51.0
6400.0
0.5
6400.0
43.0
6400.0
7.5
6400.0
85.0
6400.0
108.5
6400.0
21.0
6400.0
0.5
6400.0
53.5
6400.0
44.0
6400.0
128.5
6400.0
1.0
6400.0
74.5
6400.0
127.5
6400.0
1157.0
6400.0
57.0
6400.0
59.0
6400.0
711.5
6400.0
407.5
6400.0
395.5
6400.0
348.5
6400.0
99.5
6400.0
1.5
6400.0
126.5
6400.0
4.0
6400.0
68.0
6400.0
58.0
6400.0
1318.0
6400.0
105.5
6400.0
199.5
6400.0
285.5
6400.0
413.5
6400.0
65.0
6400.0
142.0
6400.0
2.5
6400.0
103.5
6400.0
1110.5
6400.0
1695.5
6400.0
3539.0
6400.0
270.5
6400.0
125.5
6400.0
41.0
6400.0
0.5
6400.0
166.5
6400.0
339.5
6400.0
3.0
6400.0
66.5
6400.0
40.0
6400.0
586.0
6400.0
273.5
6400.0
98.5
6400.0
41.5
6400.0
18.5
6400.0
71.0
6400.0
260.5
6400.0
630.0
6400.0
46.0
6400.0
39.5
6400.0
7.5
6400.0
108.0
6400.0
141.0
6400.0
6.0
6400.0
460.5
6400.0
292.5
6400.0
926.5
6400.0
2217.0
6400.0
53.5
6400.0
35.5
6400.0
166.0
6400.0
236.5
6400.0
522.0
6400.0
5.5
6400.0
13.0
6400.0
33.0
6400.0
26.0
6400.0
1538362.0
6400.0
Number of filtered contours: 2
Number of hole contours: 9
Number of tissue contours: 2
Number of hole contours: 2
Final number of tissue contours: 2
Final number of hole contours: 2
Segmentation completed in 1.62 seconds
Mask saved at: /nemo/project/proj-tracerx-lung/tctProjects/kilimo/TracerX_WSIs/10X/patches/masks/LTX0624_A2_SU.jpg
Creating patches for:  LTX0624_A2_SU ...
Total number of contours to process:  2
Bounding Box: 54144 84992 18241 11393
Contour Area: 42522624.0
Extracted 52 coordinates
Bounding Box: 6400 8512 130241 99265
Contour Area: 8626905088.0
Extracted 5972 coordinates
original size: 145920 x 109824
downscaled size for stiching: 2280 x 1716
start stitching LTX0624_A2_SU
number of patches: 6024
patch size: 1161 x 1161 patch level: 0
ref patch size: (np.int32(1161), np.int32(1161)) x (np.int32(1161), np.int32(1161))
downscaled patch size: 19x19
segmentation took 1.6237306594848633 seconds
patching took 0.5109267234802246 seconds
stitching took 0.6935880184173584 seconds


progress: 0.83, 100/121
processing LTX0625_A3_SU.ndpi
MPP X: 0.22049744222967013, MPP Y: 0.22049744222967013
metadata microns per pixel 0.22049744222967013
Patch size for this slide is 1161
Using custom parameters for slide: LTX0625_A3_SU
Visualization parameters: {'vis_level': np.int8(-1), 'line_thickness': np.uint32(150)}
Filter parameters: {'a_t': np.float32(100.0), 'a_h': np.float32(16.0), 'max_n_holes': np.uint32(8)}
Segmentation parameters: {'seg_level': np.int8(-1), 'sthresh': np.uint8(15), 'mthresh': np.uint8(11), 'close': np.uint32(4), 'use_otsu': np.False_, 'keep_ids': 'none', 'exclude_ids': 'none', 'remove_markings': np.False_}
Patch parameters: {'use_padding': np.True_, 'contour_fn': 'four_pt'}
Visualization level set to: 6
Segmentation level set to: 6
Keep IDs: []
Exclude IDs: []
Image shape: (1760, 1920, 4)
HSV image shape: (1760, 1920, 3)
Median blurred image shape: (1760, 1920)
Otsu thresholded image shape: (1760, 1920)
Filter params: {'a_t': np.float32(6400.0), 'a_h': np.float32(1024.0), 'max_n_holes': np.uint32(8)}
Number of contours: 643
Number of foreground contours: 51
4.5
6400.0
2.0
6400.0
30.0
6400.0
44.0
6400.0
124.0
6400.0
1.5
6400.0
102.5
6400.0
18.5
6400.0
42.0
6400.0
96.0
6400.0
659.5
6400.0
13.0
6400.0
9.0
6400.0
2.5
6400.0
507.5
6400.0
32.5
6400.0
133.5
6400.0
93.5
6400.0
19.0
6400.0
140.0
6400.0
65.0
6400.0
14.0
6400.0
54.0
6400.0
2.5
6400.0
18.5
6400.0
2.0
6400.0
6.0
6400.0
1320283.0
6400.0
47.5
6400.0
159.0
6400.0
876.0
6400.0
571.0
6400.0
1230.0
6400.0
346.5
6400.0
207.0
6400.0
52.0
6400.0
308.5
6400.0
371.5
6400.0
281.0
6400.0
217.0
6400.0
360.0
6400.0
295.0
6400.0
3865.5
6400.0
2345.5
6400.0
Number of filtered contours: 1
Number of hole contours: 8
Number of tissue contours: 1
Number of hole contours: 1
Final number of tissue contours: 1
Final number of hole contours: 1
Segmentation completed in 0.11 seconds
Mask saved at: /nemo/project/proj-tracerx-lung/tctProjects/kilimo/TracerX_WSIs/10X/patches/masks/LTX0625_A3_SU.jpg
Creating patches for:  LTX0625_A3_SU ...
Total number of contours to process:  1
Bounding Box: 7872 1664 100481 101121
Contour Area: 6367911936.0
Extracted 4778 coordinates
original size: 122880 x 112640
downscaled size for stiching: 1920 x 1760
start stitching LTX0625_A3_SU
number of patches: 4778
patch size: 1161 x 1161 patch level: 0
ref patch size: (np.int32(1161), np.int32(1161)) x (np.int32(1161), np.int32(1161))
downscaled patch size: 19x19
segmentation took 0.1053159236907959 seconds
patching took 0.25774455070495605 seconds
stitching took 0.31606411933898926 seconds


progress: 0.83, 101/121
processing LTX0638_9__SU.ndpi
MPP X: 0.22049744222967013, MPP Y: 0.22049744222967013
metadata microns per pixel 0.22049744222967013
Patch size for this slide is 1161
Using custom parameters for slide: LTX0638_9__SU
Visualization parameters: {'vis_level': np.int8(-1), 'line_thickness': np.uint32(150)}
Filter parameters: {'a_t': np.float32(100.0), 'a_h': np.float32(16.0), 'max_n_holes': np.uint32(8)}
Segmentation parameters: {'seg_level': np.int8(-1), 'sthresh': np.uint8(15), 'mthresh': np.uint8(11), 'close': np.uint32(4), 'use_otsu': np.False_, 'keep_ids': 'none', 'exclude_ids': 'none', 'remove_markings': np.False_}
Patch parameters: {'use_padding': np.True_, 'contour_fn': 'four_pt'}
Visualization level set to: 6
Segmentation level set to: 6
Keep IDs: []
Exclude IDs: []
Image shape: (1628, 1740, 4)
HSV image shape: (1628, 1740, 3)
Median blurred image shape: (1628, 1740)
Otsu thresholded image shape: (1628, 1740)
Filter params: {'a_t': np.float32(6400.0), 'a_h': np.float32(1024.0), 'max_n_holes': np.uint32(8)}
Number of contours: 87
Number of foreground contours: 20
136.0
6400.0
39.5
6400.0
8.0
6400.0
28.0
6400.0
36.0
6400.0
8.0
6400.0
29.0
6400.0
33.5
6400.0
37.0
6400.0
28.0
6400.0
5.0
6400.0
194.0
6400.0
92.5
6400.0
90.5
6400.0
47.0
6400.0
24.0
6400.0
10.5
6400.0
1357660.5
6400.0
168.0
6400.0
426.5
6400.0
Number of filtered contours: 1
Number of hole contours: 7
Number of tissue contours: 1
Number of hole contours: 1
Final number of tissue contours: 1
Final number of hole contours: 1
Segmentation completed in 0.84 seconds
Mask saved at: /nemo/project/proj-tracerx-lung/tctProjects/kilimo/TracerX_WSIs/10X/patches/masks/LTX0638_9__SU.jpg
Creating patches for:  LTX0638_9__SU ...
Total number of contours to process:  1
Bounding Box: 3456 3712 93441 98369
Contour Area: 6336290816.0
Extracted 4274 coordinates
original size: 111360 x 104192
downscaled size for stiching: 1740 x 1628
start stitching LTX0638_9__SU
number of patches: 4274
patch size: 1161 x 1161 patch level: 0
ref patch size: (np.int32(1161), np.int32(1161)) x (np.int32(1161), np.int32(1161))
downscaled patch size: 19x19
segmentation took 0.8368115425109863 seconds
patching took 0.19985198974609375 seconds
stitching took 0.48632311820983887 seconds


progress: 0.84, 102/121
processing LTX0653_C1_SU.ndpi
MPP X: 0.22049744222967013, MPP Y: 0.22049744222967013
metadata microns per pixel 0.22049744222967013
Patch size for this slide is 1161
Using custom parameters for slide: LTX0653_C1_SU
Visualization parameters: {'vis_level': np.int8(-1), 'line_thickness': np.uint32(150)}
Filter parameters: {'a_t': np.float32(100.0), 'a_h': np.float32(16.0), 'max_n_holes': np.uint32(8)}
Segmentation parameters: {'seg_level': np.int8(-1), 'sthresh': np.uint8(15), 'mthresh': np.uint8(11), 'close': np.uint32(4), 'use_otsu': np.False_, 'keep_ids': 'none', 'exclude_ids': 'none', 'remove_markings': np.False_}
Patch parameters: {'use_padding': np.True_, 'contour_fn': 'four_pt'}
Visualization level set to: 6
Segmentation level set to: 6
Keep IDs: []
Exclude IDs: []
Image shape: (1320, 2460, 4)
HSV image shape: (1320, 2460, 3)
Median blurred image shape: (1320, 2460)
Otsu thresholded image shape: (1320, 2460)
Filter params: {'a_t': np.float32(6400.0), 'a_h': np.float32(1024.0), 'max_n_holes': np.uint32(8)}
Number of contours: 202
Number of foreground contours: 38
40.5
6400.0
66.0
6400.0
1.5
6400.0
15.0
6400.0
19.5
6400.0
33.5
6400.0
179.5
6400.0
110.5
6400.0
5.0
6400.0
30.0
6400.0
14.0
6400.0
426.5
6400.0
53.5
6400.0
7.0
6400.0
299.5
6400.0
4641.0
6400.0
63.5
6400.0
97.5
6400.0
12.5
6400.0
303.0
6400.0
155.0
6400.0
1.0
6400.0
6.5
6400.0
729650.0
6400.0
119.0
6400.0
2632.0
6400.0
14639.5
6400.0
1.0
6400.0
9615.5
6400.0
462.5
6400.0
64.0
6400.0
16396.5
6400.0
6.5
6400.0
85.0
6400.0
Number of filtered contours: 4
Number of hole contours: 4
Number of tissue contours: 4
Number of hole contours: 4
Final number of tissue contours: 4
Final number of hole contours: 4
Segmentation completed in 1.25 seconds
Mask saved at: /nemo/project/proj-tracerx-lung/tctProjects/kilimo/TracerX_WSIs/10X/patches/masks/LTX0653_C1_SU.jpg
Creating patches for:  LTX0653_C1_SU ...
Total number of contours to process:  4
Bounding Box: 6848 23680 124481 53249
Contour Area: 3155576832.0
Extracted 2465 coordinates
Bounding Box: 19200 22784 9281 10177
Contour Area: 60809216.0
Extracted 60 coordinates
Bounding Box: 65024 19584 9409 8129
Contour Area: 41394176.0
Extracted 42 coordinates
Bounding Box: 31360 11136 10561 10817
Contour Area: 69144576.0
Extracted 61 coordinates
original size: 157440 x 84480
downscaled size for stiching: 2460 x 1320
start stitching LTX0653_C1_SU
number of patches: 2628
patch size: 1161 x 1161 patch level: 0
ref patch size: (np.int32(1161), np.int32(1161)) x (np.int32(1161), np.int32(1161))
downscaled patch size: 19x19
segmentation took 1.2516992092132568 seconds
patching took 0.2287917137145996 seconds
stitching took 0.31446385383605957 seconds


progress: 0.85, 103/121
processing LTX0654_A5_SU.ndpi
MPP X: 0.22049744222967013, MPP Y: 0.22049744222967013
metadata microns per pixel 0.22049744222967013
Patch size for this slide is 1161
Using custom parameters for slide: LTX0654_A5_SU
Visualization parameters: {'vis_level': np.int8(-1), 'line_thickness': np.uint32(150)}
Filter parameters: {'a_t': np.float32(100.0), 'a_h': np.float32(16.0), 'max_n_holes': np.uint32(8)}
Segmentation parameters: {'seg_level': np.int8(-1), 'sthresh': np.uint8(15), 'mthresh': np.uint8(11), 'close': np.uint32(4), 'use_otsu': np.False_, 'keep_ids': 'none', 'exclude_ids': 'none', 'remove_markings': np.False_}
Patch parameters: {'use_padding': np.True_, 'contour_fn': 'four_pt'}
Visualization level set to: 6
Segmentation level set to: 6
Keep IDs: []
Exclude IDs: []
Image shape: (1408, 2220, 4)
HSV image shape: (1408, 2220, 3)
Median blurred image shape: (1408, 2220)
Otsu thresholded image shape: (1408, 2220)
Filter params: {'a_t': np.float32(6400.0), 'a_h': np.float32(1024.0), 'max_n_holes': np.uint32(8)}
Number of contours: 384
Number of foreground contours: 41
756.5
6400.0
6.0
6400.0
399.5
6400.0
1308.5
6400.0
304.0
6400.0
404.5
6400.0
8.0
6400.0
37.5
6400.0
16.0
6400.0
21.0
6400.0
48.0
6400.0
21.0
6400.0
202.5
6400.0
216.5
6400.0
48.0
6400.0
102.5
6400.0
7.0
6400.0
37.0
6400.0
63.0
6400.0
2.0
6400.0
486.5
6400.0
155.5
6400.0
214.0
6400.0
61.5
6400.0
346.0
6400.0
49.0
6400.0
30.0
6400.0
63.5
6400.0
40.0
6400.0
1.5
6400.0
3.5
6400.0
1.5
6400.0
192.0
6400.0
3266.0
6400.0
864702.5
6400.0
1.0
6400.0
6.0
6400.0
78.5
6400.0
95.0
6400.0
34.0
6400.0
Number of filtered contours: 1
Number of hole contours: 8
Number of tissue contours: 1
Number of hole contours: 1
Final number of tissue contours: 1
Final number of hole contours: 1
Segmentation completed in 1.19 seconds
Mask saved at: /nemo/project/proj-tracerx-lung/tctProjects/kilimo/TracerX_WSIs/10X/patches/masks/LTX0654_A5_SU.jpg
Creating patches for:  LTX0654_A5_SU ...
Total number of contours to process:  1
Bounding Box: 6208 8448 95873 72769
Contour Area: 4293228544.0
Extracted 3111 coordinates
original size: 142080 x 90112
downscaled size for stiching: 2220 x 1408
start stitching LTX0654_A5_SU
number of patches: 3111
patch size: 1161 x 1161 patch level: 0
ref patch size: (np.int32(1161), np.int32(1161)) x (np.int32(1161), np.int32(1161))
downscaled patch size: 19x19
segmentation took 1.1926095485687256 seconds
patching took 0.16312408447265625 seconds
stitching took 0.3630695343017578 seconds


progress: 0.86, 104/121
processing LTX0665_A2_SU.ndpi
MPP X: 0.22049744222967013, MPP Y: 0.22049744222967013
metadata microns per pixel 0.22049744222967013
Patch size for this slide is 1161
Using custom parameters for slide: LTX0665_A2_SU
Visualization parameters: {'vis_level': np.int8(-1), 'line_thickness': np.uint32(150)}
Filter parameters: {'a_t': np.float32(100.0), 'a_h': np.float32(16.0), 'max_n_holes': np.uint32(8)}
Segmentation parameters: {'seg_level': np.int8(-1), 'sthresh': np.uint8(15), 'mthresh': np.uint8(11), 'close': np.uint32(4), 'use_otsu': np.False_, 'keep_ids': 'none', 'exclude_ids': 'none', 'remove_markings': np.False_}
Patch parameters: {'use_padding': np.True_, 'contour_fn': 'four_pt'}
Visualization level set to: 6
Segmentation level set to: 6
Keep IDs: []
Exclude IDs: []
Image shape: (1452, 2460, 4)
HSV image shape: (1452, 2460, 3)
Median blurred image shape: (1452, 2460)
Otsu thresholded image shape: (1452, 2460)
Filter params: {'a_t': np.float32(6400.0), 'a_h': np.float32(1024.0), 'max_n_holes': np.uint32(8)}
Number of contours: 321
Number of foreground contours: 13
98.5
6400.0
99.0
6400.0
213.0
6400.0
7.5
6400.0
3.5
6400.0
42.5
6400.0
31.0
6400.0
55.0
6400.0
300.5
6400.0
6.0
6400.0
1491280.0
6400.0
Number of filtered contours: 1
Number of hole contours: 8
Number of tissue contours: 1
Number of hole contours: 1
Final number of tissue contours: 1
Final number of hole contours: 1
Segmentation completed in 1.39 seconds
Mask saved at: /nemo/project/proj-tracerx-lung/tctProjects/kilimo/TracerX_WSIs/10X/patches/masks/LTX0665_A2_SU.jpg
Creating patches for:  LTX0665_A2_SU ...
Total number of contours to process:  1
Bounding Box: 6272 10240 116609 82625
Contour Area: 6626523136.0
Extracted 4947 coordinates
original size: 157440 x 92928
downscaled size for stiching: 2460 x 1452
start stitching LTX0665_A2_SU
number of patches: 4947
patch size: 1161 x 1161 patch level: 0
ref patch size: (np.int32(1161), np.int32(1161)) x (np.int32(1161), np.int32(1161))
downscaled patch size: 19x19
segmentation took 1.3857364654541016 seconds
patching took 0.24641180038452148 seconds
stitching took 0.5622456073760986 seconds


progress: 0.87, 105/121
processing LTX0666_A4_SU.ndpi
MPP X: 0.22049744222967013, MPP Y: 0.22049744222967013
metadata microns per pixel 0.22049744222967013
Patch size for this slide is 1161
Using custom parameters for slide: LTX0666_A4_SU
Visualization parameters: {'vis_level': np.int8(-1), 'line_thickness': np.uint32(150)}
Filter parameters: {'a_t': np.float32(100.0), 'a_h': np.float32(16.0), 'max_n_holes': np.uint32(8)}
Segmentation parameters: {'seg_level': np.int8(-1), 'sthresh': np.uint8(15), 'mthresh': np.uint8(11), 'close': np.uint32(4), 'use_otsu': np.False_, 'keep_ids': 'none', 'exclude_ids': 'none', 'remove_markings': np.False_}
Patch parameters: {'use_padding': np.True_, 'contour_fn': 'four_pt'}
Visualization level set to: 6
Segmentation level set to: 6
Keep IDs: []
Exclude IDs: []
Image shape: (1276, 1620, 4)
HSV image shape: (1276, 1620, 3)
Median blurred image shape: (1276, 1620)
Otsu thresholded image shape: (1276, 1620)
Filter params: {'a_t': np.float32(6400.0), 'a_h': np.float32(1024.0), 'max_n_holes': np.uint32(8)}
Number of contours: 316
Number of foreground contours: 126
1.0
6400.0
21.0
6400.0
23.5
6400.0
48.5
6400.0
15.0
6400.0
116.0
6400.0
52.5
6400.0
3.5
6400.0
134.0
6400.0
237.5
6400.0
138.0
6400.0
23.0
6400.0
14.5
6400.0
113.5
6400.0
33.0
6400.0
369.0
6400.0
85.5
6400.0
13.0
6400.0
120.0
6400.0
238.5
6400.0
20.5
6400.0
11.5
6400.0
54.5
6400.0
1.0
6400.0
34.5
6400.0
18.0
6400.0
85.5
6400.0
305.5
6400.0
43.5
6400.0
21.5
6400.0
62.5
6400.0
1.0
6400.0
59.5
6400.0
6.5
6400.0
13.5
6400.0
18.5
6400.0
2.0
6400.0
4.5
6400.0
39.5
6400.0
5.0
6400.0
26.5
6400.0
1061.5
6400.0
536.5
6400.0
179.5
6400.0
32.5
6400.0
84.0
6400.0
78.0
6400.0
5.0
6400.0
568.5
6400.0
140.0
6400.0
2.0
6400.0
7.5
6400.0
283.5
6400.0
60.5
6400.0
1182.0
6400.0
381.0
6400.0
55.0
6400.0
3300.5
6400.0
83.0
6400.0
31.0
6400.0
277.0
6400.0
643.5
6400.0
31.0
6400.0
688.5
6400.0
21.5
6400.0
228.5
6400.0
25.5
6400.0
59.0
6400.0
0.5
6400.0
1.0
6400.0
238.5
6400.0
1557.0
6400.0
181.5
6400.0
386.5
6400.0
27.0
6400.0
26.0
6400.0
428.0
6400.0
16.0
6400.0
80.0
6400.0
24.0
6400.0
49.0
6400.0
7.0
6400.0
146.5
6400.0
55.0
6400.0
88.0
6400.0
5.5
6400.0
151.5
6400.0
1533.0
6400.0
10.0
6400.0
13.5
6400.0
32.5
6400.0
48.5
6400.0
5.0
6400.0
1.0
6400.0
88.0
6400.0
260.5
6400.0
23.5
6400.0
28.0
6400.0
5.5
6400.0
9.5
6400.0
51.0
6400.0
97.5
6400.0
259.5
6400.0
867.5
6400.0
340.0
6400.0
116.0
6400.0
100.5
6400.0
1021.5
6400.0
40.5
6400.0
605.0
6400.0
8.0
6400.0
1.5
6400.0
864323.5
6400.0
2289.0
6400.0
21758.0
6400.0
Number of filtered contours: 2
Number of hole contours: 8
Number of tissue contours: 2
Number of hole contours: 2
Final number of tissue contours: 2
Final number of hole contours: 2
Segmentation completed in 0.82 seconds
Mask saved at: /nemo/project/proj-tracerx-lung/tctProjects/kilimo/TracerX_WSIs/10X/patches/masks/LTX0666_A4_SU.jpg
Creating patches for:  LTX0666_A4_SU ...
Total number of contours to process:  2
Bounding Box: 0 4352 96897 73025
Contour Area: 3883063296.0
Extracted 2976 coordinates
Bounding Box: 73664 0 13377 11265
Contour Area: 89120768.0
Extracted 77 coordinates
original size: 103680 x 81664
downscaled size for stiching: 1620 x 1276
start stitching LTX0666_A4_SU
number of patches: 3053
patch size: 1161 x 1161 patch level: 0
ref patch size: (np.int32(1161), np.int32(1161)) x (np.int32(1161), np.int32(1161))
downscaled patch size: 19x19
segmentation took 0.8184254169464111 seconds
patching took 0.22091889381408691 seconds
stitching took 0.355541467666626 seconds


progress: 0.88, 106/121
processing LTX0686_A2_SU.ndpi
MPP X: 0.22049744222967013, MPP Y: 0.22049744222967013
metadata microns per pixel 0.22049744222967013
Patch size for this slide is 1161
Using custom parameters for slide: LTX0686_A2_SU
Visualization parameters: {'vis_level': np.int8(-1), 'line_thickness': np.uint32(150)}
Filter parameters: {'a_t': np.float32(100.0), 'a_h': np.float32(16.0), 'max_n_holes': np.uint32(8)}
Segmentation parameters: {'seg_level': np.int8(-1), 'sthresh': np.uint8(15), 'mthresh': np.uint8(11), 'close': np.uint32(4), 'use_otsu': np.False_, 'keep_ids': 'none', 'exclude_ids': 'none', 'remove_markings': np.False_}
Patch parameters: {'use_padding': np.True_, 'contour_fn': 'four_pt'}
Visualization level set to: 6
Segmentation level set to: 6
Keep IDs: []
Exclude IDs: []
Image shape: (1804, 2520, 4)
HSV image shape: (1804, 2520, 3)
Median blurred image shape: (1804, 2520)
Otsu thresholded image shape: (1804, 2520)
Filter params: {'a_t': np.float32(6400.0), 'a_h': np.float32(1024.0), 'max_n_holes': np.uint32(8)}
Number of contours: 913
Number of foreground contours: 109
32.0
6400.0
54.0
6400.0
17.0
6400.0
12.0
6400.0
9.5
6400.0
86.5
6400.0
111.5
6400.0
1528.0
6400.0
36.5
6400.0
3.0
6400.0
46.0
6400.0
5.5
6400.0
183.0
6400.0
314.5
6400.0
312.0
6400.0
308.5
6400.0
103.5
6400.0
7.5
6400.0
16.0
6400.0
74.5
6400.0
2.5
6400.0
28.5
6400.0
16.5
6400.0
196.5
6400.0
31.0
6400.0
15.0
6400.0
3.5
6400.0
23.0
6400.0
7.0
6400.0
1.0
6400.0
20.0
6400.0
51.5
6400.0
15.0
6400.0
275.0
6400.0
71.0
6400.0
77.5
6400.0
9.5
6400.0
89.5
6400.0
67.0
6400.0
69.0
6400.0
247.0
6400.0
10.0
6400.0
38.0
6400.0
20.5
6400.0
2.0
6400.0
227.0
6400.0
135.0
6400.0
71.5
6400.0
17.5
6400.0
47.5
6400.0
9.5
6400.0
227.0
6400.0
2.0
6400.0
114.5
6400.0
308.0
6400.0
1.0
6400.0
88.5
6400.0
65.5
6400.0
6.0
6400.0
12.0
6400.0
44.0
6400.0
12.0
6400.0
36.0
6400.0
3.5
6400.0
12.0
6400.0
103.5
6400.0
82.0
6400.0
177.0
6400.0
3.0
6400.0
27.0
6400.0
8.0
6400.0
96.0
6400.0
20.0
6400.0
90.0
6400.0
49.0
6400.0
65.0
6400.0
67.5
6400.0
54.5
6400.0
76.0
6400.0
230.0
6400.0
72.5
6400.0
203.0
6400.0
35.0
6400.0
432.0
6400.0
45.5
6400.0
2727192.5
6400.0
47.5
6400.0
67.0
6400.0
47.0
6400.0
47.0
6400.0
36.0
6400.0
169.0
6400.0
34.5
6400.0
260.5
6400.0
126.0
6400.0
47.5
6400.0
93.5
6400.0
161.5
6400.0
201.5
6400.0
116.5
6400.0
3797.5
6400.0
Number of filtered contours: 1
Number of hole contours: 8
Number of tissue contours: 1
Number of hole contours: 1
Final number of tissue contours: 1
Final number of hole contours: 1
Segmentation completed in 1.80 seconds
Mask saved at: /nemo/project/proj-tracerx-lung/tctProjects/kilimo/TracerX_WSIs/10X/patches/masks/LTX0686_A2_SU.jpg
Creating patches for:  LTX0686_A2_SU ...
Total number of contours to process:  1
Bounding Box: 6784 0 144577 114305
Contour Area: 13052499968.0
Extracted 9685 coordinates
original size: 161280 x 115456
downscaled size for stiching: 2520 x 1804
start stitching LTX0686_A2_SU
number of patches: 9685
patch size: 1161 x 1161 patch level: 0
ref patch size: (np.int32(1161), np.int32(1161)) x (np.int32(1161), np.int32(1161))
downscaled patch size: 19x19
segmentation took 1.7989752292633057 seconds
patching took 0.4394857883453369 seconds
stitching took 1.099090337753296 seconds


progress: 0.88, 107/121
processing LTX0715_A4_SU.ndpi
MPP X: 0.22049744222967013, MPP Y: 0.22049744222967013
metadata microns per pixel 0.22049744222967013
Patch size for this slide is 1161
Using custom parameters for slide: LTX0715_A4_SU
Visualization parameters: {'vis_level': np.int8(-1), 'line_thickness': np.uint32(150)}
Filter parameters: {'a_t': np.float32(100.0), 'a_h': np.float32(16.0), 'max_n_holes': np.uint32(8)}
Segmentation parameters: {'seg_level': np.int8(-1), 'sthresh': np.uint8(15), 'mthresh': np.uint8(11), 'close': np.uint32(4), 'use_otsu': np.False_, 'keep_ids': 'none', 'exclude_ids': 'none', 'remove_markings': np.False_}
Patch parameters: {'use_padding': np.True_, 'contour_fn': 'four_pt'}
Visualization level set to: 6
Segmentation level set to: 6
Keep IDs: []
Exclude IDs: []
Image shape: (1628, 2280, 4)
HSV image shape: (1628, 2280, 3)
Median blurred image shape: (1628, 2280)
Otsu thresholded image shape: (1628, 2280)
Filter params: {'a_t': np.float32(6400.0), 'a_h': np.float32(1024.0), 'max_n_holes': np.uint32(8)}
Number of contours: 227
Number of foreground contours: 38
22.0
6400.0
139.5
6400.0
217.5
6400.0
30.5
6400.0
401.0
6400.0
41.0
6400.0
30.0
6400.0
351.0
6400.0
6.0
6400.0
155.5
6400.0
3.0
6400.0
7.5
6400.0
82.0
6400.0
32.5
6400.0
48.0
6400.0
415.5
6400.0
35.5
6400.0
102.0
6400.0
283.5
6400.0
14.0
6400.0
10.5
6400.0
21.5
6400.0
44.5
6400.0
338.5
6400.0
1549481.5
6400.0
7.0
6400.0
32.0
6400.0
22.5
6400.0
381.5
6400.0
250.0
6400.0
33.0
6400.0
Number of filtered contours: 1
Number of hole contours: 5
Number of tissue contours: 1
Number of hole contours: 1
Final number of tissue contours: 1
Final number of hole contours: 1
Segmentation completed in 1.50 seconds
Mask saved at: /nemo/project/proj-tracerx-lung/tctProjects/kilimo/TracerX_WSIs/10X/patches/masks/LTX0715_A4_SU.jpg
Creating patches for:  LTX0715_A4_SU ...
Total number of contours to process:  1
Bounding Box: 7232 7360 123329 95553
Contour Area: 6553225216.0
Extracted 4981 coordinates
original size: 145920 x 104192
downscaled size for stiching: 2280 x 1628
start stitching LTX0715_A4_SU
number of patches: 4981
patch size: 1161 x 1161 patch level: 0
ref patch size: (np.int32(1161), np.int32(1161)) x (np.int32(1161), np.int32(1161))
downscaled patch size: 19x19
segmentation took 1.5025599002838135 seconds
patching took 0.24690032005310059 seconds
stitching took 0.5838425159454346 seconds


progress: 0.89, 108/121
processing LTX0715_SU.ndpi
MPP X: 0.22049744222967013, MPP Y: 0.22049744222967013
metadata microns per pixel 0.22049744222967013
Patch size for this slide is 1161
Using custom parameters for slide: LTX0715_SU
Visualization parameters: {'vis_level': np.int8(-1), 'line_thickness': np.uint32(150)}
Filter parameters: {'a_t': np.float32(100.0), 'a_h': np.float32(16.0), 'max_n_holes': np.uint32(8)}
Segmentation parameters: {'seg_level': np.int8(-1), 'sthresh': np.uint8(15), 'mthresh': np.uint8(11), 'close': np.uint32(4), 'use_otsu': np.False_, 'keep_ids': 'none', 'exclude_ids': 'none', 'remove_markings': np.False_}
Patch parameters: {'use_padding': np.True_, 'contour_fn': 'four_pt'}
Visualization level set to: 6
Segmentation level set to: 6
Keep IDs: []
Exclude IDs: []
Image shape: (1584, 2040, 4)
HSV image shape: (1584, 2040, 3)
Median blurred image shape: (1584, 2040)
Otsu thresholded image shape: (1584, 2040)
Filter params: {'a_t': np.float32(6400.0), 'a_h': np.float32(1024.0), 'max_n_holes': np.uint32(8)}
Number of contours: 170
Number of foreground contours: 27
14.0
6400.0
47.5
6400.0
70.5
6400.0
7.0
6400.0
6.5
6400.0
4.0
6400.0
244.5
6400.0
703.0
6400.0
170.5
6400.0
207.0
6400.0
75.5
6400.0
557.0
6400.0
35.0
6400.0
61.5
6400.0
49.5
6400.0
13.5
6400.0
58.0
6400.0
506.5
6400.0
8.5
6400.0
1.0
6400.0
86.0
6400.0
1462177.0
6400.0
Number of filtered contours: 1
Number of hole contours: 8
Number of tissue contours: 1
Number of hole contours: 1
Final number of tissue contours: 1
Final number of hole contours: 1
Segmentation completed in 0.10 seconds
Mask saved at: /nemo/project/proj-tracerx-lung/tctProjects/kilimo/TracerX_WSIs/10X/patches/masks/LTX0715_SU.jpg
Creating patches for:  LTX0715_SU ...
Total number of contours to process:  1
Bounding Box: 3328 1920 123265 99393
Contour Area: 6180632576.0
Extracted 4714 coordinates
original size: 130560 x 101376
downscaled size for stiching: 2040 x 1584
start stitching LTX0715_SU
number of patches: 4714
patch size: 1161 x 1161 patch level: 0
ref patch size: (np.int32(1161), np.int32(1161)) x (np.int32(1161), np.int32(1161))
downscaled patch size: 19x19
segmentation took 0.10136580467224121 seconds
patching took 0.28622865676879883 seconds
stitching took 0.31058311462402344 seconds


progress: 0.90, 109/121
processing LTX0717_A8_SU.ndpi
MPP X: 0.22049744222967013, MPP Y: 0.22049744222967013
metadata microns per pixel 0.22049744222967013
Patch size for this slide is 1161
Using custom parameters for slide: LTX0717_A8_SU
Visualization parameters: {'vis_level': np.int8(-1), 'line_thickness': np.uint32(150)}
Filter parameters: {'a_t': np.float32(100.0), 'a_h': np.float32(16.0), 'max_n_holes': np.uint32(8)}
Segmentation parameters: {'seg_level': np.int8(-1), 'sthresh': np.uint8(15), 'mthresh': np.uint8(11), 'close': np.uint32(4), 'use_otsu': np.False_, 'keep_ids': 'none', 'exclude_ids': 'none', 'remove_markings': np.False_}
Patch parameters: {'use_padding': np.True_, 'contour_fn': 'four_pt'}
Visualization level set to: 6
Segmentation level set to: 6
Keep IDs: []
Exclude IDs: []
Image shape: (1760, 3360, 4)
HSV image shape: (1760, 3360, 3)
Median blurred image shape: (1760, 3360)
Otsu thresholded image shape: (1760, 3360)
Filter params: {'a_t': np.float32(6400.0), 'a_h': np.float32(1024.0), 'max_n_holes': np.uint32(8)}
Number of contours: 733
Number of foreground contours: 220
97.0
6400.0
8.0
6400.0
32.0
6400.0
1.0
6400.0
3.5
6400.0
8.5
6400.0
26.5
6400.0
41.0
6400.0
1579.5
6400.0
32.0
6400.0
12.5
6400.0
889.0
6400.0
120.5
6400.0
11.0
6400.0
634.5
6400.0
49.0
6400.0
23.0
6400.0
9117.0
6400.0
1230.5
6400.0
274.5
6400.0
200.5
6400.0
131.5
6400.0
83.0
6400.0
180.0
6400.0
1015.0
6400.0
9.5
6400.0
4.5
6400.0
223.0
6400.0
6.5
6400.0
790.0
6400.0
134.5
6400.0
38.5
6400.0
6.5
6400.0
185.5
6400.0
2740.5
6400.0
4.0
6400.0
199.0
6400.0
7.5
6400.0
31.0
6400.0
445.0
6400.0
375.5
6400.0
59.5
6400.0
340.0
6400.0
87.5
6400.0
526.0
6400.0
25.0
6400.0
442.5
6400.0
1139.0
6400.0
175.0
6400.0
18.5
6400.0
27.5
6400.0
3.0
6400.0
17.5
6400.0
29.0
6400.0
199.0
6400.0
130.0
6400.0
13.5
6400.0
256.0
6400.0
453.0
6400.0
179.5
6400.0
517.5
6400.0
101.5
6400.0
52.0
6400.0
608.5
6400.0
20.5
6400.0
1.0
6400.0
55.5
6400.0
1110.5
6400.0
88.0
6400.0
73.0
6400.0
1001.0
6400.0
6.5
6400.0
804.0
6400.0
0.5
6400.0
413.0
6400.0
23.5
6400.0
152.5
6400.0
49.0
6400.0
8.5
6400.0
31.0
6400.0
134.0
6400.0
420.0
6400.0
191.0
6400.0
99.5
6400.0
18.0
6400.0
15.0
6400.0
16.0
6400.0
6.0
6400.0
830.0
6400.0
48.0
6400.0
72.0
6400.0
171.5
6400.0
53.5
6400.0
5.5
6400.0
53.0
6400.0
1.0
6400.0
94.5
6400.0
287.5
6400.0
29.0
6400.0
7.0
6400.0
199.0
6400.0
0.5
6400.0
29.0
6400.0
383.0
6400.0
10.0
6400.0
115.0
6400.0
59.0
6400.0
40.5
6400.0
2.0
6400.0
411.5
6400.0
132.5
6400.0
0.5
6400.0
462.5
6400.0
29.0
6400.0
46.0
6400.0
45.5
6400.0
200.5
6400.0
689.5
6400.0
7.5
6400.0
27.0
6400.0
3.0
6400.0
489.5
6400.0
933.0
6400.0
22.0
6400.0
15.0
6400.0
152.5
6400.0
25.0
6400.0
65.5
6400.0
12.0
6400.0
269.0
6400.0
2530.5
6400.0
353.0
6400.0
141.0
6400.0
202.0
6400.0
87.0
6400.0
666.5
6400.0
16.5
6400.0
106.5
6400.0
18.5
6400.0
128.5
6400.0
19.0
6400.0
708.5
6400.0
3350.0
6400.0
1.5
6400.0
15.0
6400.0
228.0
6400.0
23.5
6400.0
310517.0
6400.0
11.5
6400.0
364.5
6400.0
65.5
6400.0
34.0
6400.0
2.5
6400.0
245.0
6400.0
1025.5
6400.0
118.0
6400.0
2242.0
6400.0
95.5
6400.0
230.5
6400.0
13.0
6400.0
73.0
6400.0
62.0
6400.0
38.5
6400.0
3.0
6400.0
0.5
6400.0
301.0
6400.0
12.0
6400.0
2.0
6400.0
460.0
6400.0
29.0
6400.0
10870.5
6400.0
25.0
6400.0
271.0
6400.0
168.5
6400.0
43.5
6400.0
9082.5
6400.0
30.0
6400.0
39.5
6400.0
9.5
6400.0
8.5
6400.0
99.0
6400.0
875.0
6400.0
122.5
6400.0
3958.0
6400.0
52.0
6400.0
41.0
6400.0
2829.0
6400.0
112.5
6400.0
966759.5
6400.0
1.5
6400.0
52.0
6400.0
3.5
6400.0
3.0
6400.0
30.0
6400.0
4850.5
6400.0
181.5
6400.0
271.5
6400.0
721.0
6400.0
2792.5
6400.0
330.5
6400.0
1956.5
6400.0
2891.0
6400.0
5481.5
6400.0
Number of filtered contours: 5
Number of hole contours: 16
Number of tissue contours: 5
Number of hole contours: 5
Final number of tissue contours: 5
Final number of hole contours: 5
Segmentation completed in 0.17 seconds
Mask saved at: /nemo/project/proj-tracerx-lung/tctProjects/kilimo/TracerX_WSIs/10X/patches/masks/LTX0717_A8_SU.jpg
Creating patches for:  LTX0717_A8_SU ...
Total number of contours to process:  5
Bounding Box: 204544 88448 9281 9089
Contour Area: 37343232.0
Extracted 29 coordinates
Bounding Box: 84032 26944 61953 65281
Contour Area: 1520758784.0
Extracted 1177 coordinates
Bounding Box: 90176 16512 12097 15809
Contour Area: 46991360.0
Extracted 69 coordinates
Bounding Box: 204544 9088 9153 9345
Contour Area: 37201920.0
Extracted 29 coordinates
Bounding Box: 6848 4160 90305 98049
Contour Area: 4835799040.0
Extracted 3464 coordinates
original size: 215040 x 112640
downscaled size for stiching: 3360 x 1760
start stitching LTX0717_A8_SU
number of patches: 4768
patch size: 1161 x 1161 patch level: 0
ref patch size: (np.int32(1161), np.int32(1161)) x (np.int32(1161), np.int32(1161))
downscaled patch size: 19x19
segmentation took 0.17346501350402832 seconds
patching took 0.4087369441986084 seconds
stitching took 0.3203136920928955 seconds


progress: 0.91, 110/121
processing LTX0721_E3_SU.ndpi
MPP X: 0.22049744222967013, MPP Y: 0.22049744222967013
metadata microns per pixel 0.22049744222967013
Patch size for this slide is 1161
Using custom parameters for slide: LTX0721_E3_SU
Visualization parameters: {'vis_level': np.int8(-1), 'line_thickness': np.uint32(150)}
Filter parameters: {'a_t': np.float32(100.0), 'a_h': np.float32(16.0), 'max_n_holes': np.uint32(8)}
Segmentation parameters: {'seg_level': np.int8(-1), 'sthresh': np.uint8(15), 'mthresh': np.uint8(11), 'close': np.uint32(4), 'use_otsu': np.False_, 'keep_ids': 'none', 'exclude_ids': 'none', 'remove_markings': np.False_}
Patch parameters: {'use_padding': np.True_, 'contour_fn': 'four_pt'}
Visualization level set to: 6
Segmentation level set to: 6
Keep IDs: []
Exclude IDs: []
Image shape: (1672, 2340, 4)
HSV image shape: (1672, 2340, 3)
Median blurred image shape: (1672, 2340)
Otsu thresholded image shape: (1672, 2340)
Filter params: {'a_t': np.float32(6400.0), 'a_h': np.float32(1024.0), 'max_n_holes': np.uint32(8)}
Number of contours: 824
Number of foreground contours: 27
35.0
6400.0
4.0
6400.0
16.0
6400.0
1383.0
6400.0
16.5
6400.0
152.0
6400.0
73.5
6400.0
200.0
6400.0
2.5
6400.0
28.5
6400.0
118.0
6400.0
1.5
6400.0
31.0
6400.0
74.0
6400.0
73.5
6400.0
6.5
6400.0
98.5
6400.0
2121272.0
6400.0
Number of filtered contours: 1
Number of hole contours: 8
Number of tissue contours: 1
Number of hole contours: 1
Final number of tissue contours: 1
Final number of hole contours: 1
Segmentation completed in 1.58 seconds
Mask saved at: /nemo/project/proj-tracerx-lung/tctProjects/kilimo/TracerX_WSIs/10X/patches/masks/LTX0721_E3_SU.jpg
Creating patches for:  LTX0721_E3_SU ...
Total number of contours to process:  1
Bounding Box: 7424 8832 128193 94593
Contour Area: 10330132480.0
Extracted 7617 coordinates
original size: 149760 x 107008
downscaled size for stiching: 2340 x 1672
start stitching LTX0721_E3_SU
number of patches: 7617
patch size: 1161 x 1161 patch level: 0
ref patch size: (np.int32(1161), np.int32(1161)) x (np.int32(1161), np.int32(1161))
downscaled patch size: 19x19
segmentation took 1.5848679542541504 seconds
patching took 0.3155388832092285 seconds
stitching took 0.8656837940216064 seconds


progress: 0.92, 111/121
processing LTX0721_SU.ndpi
MPP X: 0.22049744222967013, MPP Y: 0.22049744222967013
metadata microns per pixel 0.22049744222967013
Patch size for this slide is 1161
Using custom parameters for slide: LTX0721_SU
Visualization parameters: {'vis_level': np.int8(-1), 'line_thickness': np.uint32(150)}
Filter parameters: {'a_t': np.float32(100.0), 'a_h': np.float32(16.0), 'max_n_holes': np.uint32(8)}
Segmentation parameters: {'seg_level': np.int8(-1), 'sthresh': np.uint8(15), 'mthresh': np.uint8(11), 'close': np.uint32(4), 'use_otsu': np.False_, 'keep_ids': 'none', 'exclude_ids': 'none', 'remove_markings': np.False_}
Patch parameters: {'use_padding': np.True_, 'contour_fn': 'four_pt'}
Visualization level set to: 6
Segmentation level set to: 6
Keep IDs: []
Exclude IDs: []
Image shape: (1540, 2040, 4)
HSV image shape: (1540, 2040, 3)
Median blurred image shape: (1540, 2040)
Otsu thresholded image shape: (1540, 2040)
Filter params: {'a_t': np.float32(6400.0), 'a_h': np.float32(1024.0), 'max_n_holes': np.uint32(8)}
Number of contours: 823
Number of foreground contours: 15
137.0
6400.0
256.0
6400.0
27.5
6400.0
95.0
6400.0
81.0
6400.0
41.0
6400.0
5.0
6400.0
32.0
6400.0
202.5
6400.0
52.0
6400.0
125.0
6400.0
3.5
6400.0
1909911.0
6400.0
Number of filtered contours: 1
Number of hole contours: 8
Number of tissue contours: 1
Number of hole contours: 1
Final number of tissue contours: 1
Final number of hole contours: 1
Segmentation completed in 1.28 seconds
Mask saved at: /nemo/project/proj-tracerx-lung/tctProjects/kilimo/TracerX_WSIs/10X/patches/masks/LTX0721_SU.jpg
Creating patches for:  LTX0721_SU ...
Total number of contours to process:  1
Bounding Box: 2944 3776 123713 91649
Contour Area: 9417043968.0
Extracted 7011 coordinates
original size: 130560 x 98560
downscaled size for stiching: 2040 x 1540
start stitching LTX0721_SU
number of patches: 7011
patch size: 1161 x 1161 patch level: 0
ref patch size: (np.int32(1161), np.int32(1161)) x (np.int32(1161), np.int32(1161))
downscaled patch size: 19x19
segmentation took 1.2836296558380127 seconds
patching took 0.3040482997894287 seconds
stitching took 0.8010871410369873 seconds


progress: 0.93, 112/121
processing LTX0738_A3_SU.ndpi
MPP X: 0.22049744222967013, MPP Y: 0.22049744222967013
metadata microns per pixel 0.22049744222967013
Patch size for this slide is 1161
Using custom parameters for slide: LTX0738_A3_SU
Visualization parameters: {'vis_level': np.int8(-1), 'line_thickness': np.uint32(150)}
Filter parameters: {'a_t': np.float32(100.0), 'a_h': np.float32(16.0), 'max_n_holes': np.uint32(8)}
Segmentation parameters: {'seg_level': np.int8(-1), 'sthresh': np.uint8(15), 'mthresh': np.uint8(11), 'close': np.uint32(4), 'use_otsu': np.False_, 'keep_ids': 'none', 'exclude_ids': 'none', 'remove_markings': np.False_}
Patch parameters: {'use_padding': np.True_, 'contour_fn': 'four_pt'}
Visualization level set to: 6
Segmentation level set to: 6
Keep IDs: []
Exclude IDs: []
Image shape: (1760, 2100, 4)
HSV image shape: (1760, 2100, 3)
Median blurred image shape: (1760, 2100)
Otsu thresholded image shape: (1760, 2100)
Filter params: {'a_t': np.float32(6400.0), 'a_h': np.float32(1024.0), 'max_n_holes': np.uint32(8)}
Number of contours: 506
Number of foreground contours: 36
25.5
6400.0
15.0
6400.0
123.5
6400.0
317.5
6400.0
43.5
6400.0
103.0
6400.0
166.5
6400.0
61.0
6400.0
108.0
6400.0
15.5
6400.0
67.0
6400.0
133.5
6400.0
135.5
6400.0
53.5
6400.0
32.0
6400.0
1.0
6400.0
86.5
6400.0
19.0
6400.0
482.0
6400.0
41.5
6400.0
19.5
6400.0
10.0
6400.0
55.0
6400.0
201.5
6400.0
122.5
6400.0
2119330.0
6400.0
2091.0
6400.0
8839.0
6400.0
3431.5
6400.0
Number of filtered contours: 2
Number of hole contours: 8
Number of tissue contours: 2
Number of hole contours: 2
Final number of tissue contours: 2
Final number of hole contours: 2
Segmentation completed in 1.45 seconds
Mask saved at: /nemo/project/proj-tracerx-lung/tctProjects/kilimo/TracerX_WSIs/10X/patches/masks/LTX0738_A3_SU.jpg
Creating patches for:  LTX0738_A3_SU ...
Total number of contours to process:  2
Bounding Box: 2688 1728 127105 107201
Contour Area: 9799258112.0
Extracted 7228 coordinates
Bounding Box: 24192 0 89217 705
Contour Area: 36204544.0
Extracted 76 coordinates
original size: 134400 x 112640
downscaled size for stiching: 2100 x 1760
start stitching LTX0738_A3_SU
number of patches: 7304
patch size: 1161 x 1161 patch level: 0
ref patch size: (np.int32(1161), np.int32(1161)) x (np.int32(1161), np.int32(1161))
downscaled patch size: 19x19
segmentation took 1.4538688659667969 seconds
patching took 0.3599424362182617 seconds
stitching took 0.8428430557250977 seconds


progress: 0.93, 113/121
processing LTX0762_A1_SU.ndpi
MPP X: 0.22049744222967013, MPP Y: 0.22049744222967013
metadata microns per pixel 0.22049744222967013
Patch size for this slide is 1161
Using custom parameters for slide: LTX0762_A1_SU
Visualization parameters: {'vis_level': np.int8(-1), 'line_thickness': np.uint32(150)}
Filter parameters: {'a_t': np.float32(100.0), 'a_h': np.float32(16.0), 'max_n_holes': np.uint32(8)}
Segmentation parameters: {'seg_level': np.int8(-1), 'sthresh': np.uint8(15), 'mthresh': np.uint8(11), 'close': np.uint32(4), 'use_otsu': np.False_, 'keep_ids': 'none', 'exclude_ids': 'none', 'remove_markings': np.False_}
Patch parameters: {'use_padding': np.True_, 'contour_fn': 'four_pt'}
Visualization level set to: 6
Segmentation level set to: 6
Keep IDs: []
Exclude IDs: []
Image shape: (1540, 2340, 4)
HSV image shape: (1540, 2340, 3)
Median blurred image shape: (1540, 2340)
Otsu thresholded image shape: (1540, 2340)
Filter params: {'a_t': np.float32(6400.0), 'a_h': np.float32(1024.0), 'max_n_holes': np.uint32(8)}
Number of contours: 768
Number of foreground contours: 38
17.0
6400.0
203.0
6400.0
2.0
6400.0
1.5
6400.0
180.0
6400.0
35.5
6400.0
277.0
6400.0
1.5
6400.0
5.5
6400.0
10.0
6400.0
0.5
6400.0
4586.5
6400.0
1218.5
6400.0
6.5
6400.0
3.5
6400.0
2.0
6400.0
247.5
6400.0
115.0
6400.0
470.0
6400.0
22731.0
6400.0
4125.5
6400.0
2351.5
6400.0
1.0
6400.0
57.0
6400.0
33.5
6400.0
71.5
6400.0
1.0
6400.0
22.0
6400.0
299.5
6400.0
24.0
6400.0
42.5
6400.0
1731061.0
6400.0
60347.5
6400.0
Number of filtered contours: 3
Number of hole contours: 8
Number of tissue contours: 3
Number of hole contours: 3
Final number of tissue contours: 3
Final number of hole contours: 3
Segmentation completed in 1.41 seconds
Mask saved at: /nemo/project/proj-tracerx-lung/tctProjects/kilimo/TracerX_WSIs/10X/patches/masks/LTX0762_A1_SU.jpg
Creating patches for:  LTX0762_A1_SU ...
Total number of contours to process:  3
Bounding Box: 122560 62080 11457 17665
Contour Area: 93220864.0
Extracted 86 coordinates
Bounding Box: 4096 3520 136129 92929
Contour Area: 7968784384.0
Extracted 5973 coordinates
Bounding Box: 0 0 4481 96641
Contour Area: 247183360.0
Extracted 208 coordinates
original size: 149760 x 98560
downscaled size for stiching: 2340 x 1540
start stitching LTX0762_A1_SU
number of patches: 6267
patch size: 1161 x 1161 patch level: 0
ref patch size: (np.int32(1161), np.int32(1161)) x (np.int32(1161), np.int32(1161))
downscaled patch size: 19x19
segmentation took 1.4063925743103027 seconds
patching took 0.37296271324157715 seconds
stitching took 0.722848653793335 seconds


progress: 0.94, 114/121
processing LTX0771_A1_SU.ndpi
MPP X: 0.22049744222967013, MPP Y: 0.22049744222967013
metadata microns per pixel 0.22049744222967013
Patch size for this slide is 1161
Using custom parameters for slide: LTX0771_A1_SU
Visualization parameters: {'vis_level': np.int8(-1), 'line_thickness': np.uint32(150)}
Filter parameters: {'a_t': np.float32(100.0), 'a_h': np.float32(16.0), 'max_n_holes': np.uint32(8)}
Segmentation parameters: {'seg_level': np.int8(-1), 'sthresh': np.uint8(15), 'mthresh': np.uint8(11), 'close': np.uint32(4), 'use_otsu': np.False_, 'keep_ids': 'none', 'exclude_ids': 'none', 'remove_markings': np.False_}
Patch parameters: {'use_padding': np.True_, 'contour_fn': 'four_pt'}
Visualization level set to: 6
Segmentation level set to: 6
Keep IDs: []
Exclude IDs: []
Image shape: (1496, 2100, 4)
HSV image shape: (1496, 2100, 3)
Median blurred image shape: (1496, 2100)
Otsu thresholded image shape: (1496, 2100)
Filter params: {'a_t': np.float32(6400.0), 'a_h': np.float32(1024.0), 'max_n_holes': np.uint32(8)}
Number of contours: 174
Number of foreground contours: 9
29.0
6400.0
127.0
6400.0
3.0
6400.0
189.5
6400.0
10.0
6400.0
1478.0
6400.0
27.5
6400.0
1285790.5
6400.0
Number of filtered contours: 1
Number of hole contours: 8
Number of tissue contours: 1
Number of hole contours: 1
Final number of tissue contours: 1
Final number of hole contours: 1
Segmentation completed in 1.27 seconds
Mask saved at: /nemo/project/proj-tracerx-lung/tctProjects/kilimo/TracerX_WSIs/10X/patches/masks/LTX0771_A1_SU.jpg
Creating patches for:  LTX0771_A1_SU ...
Total number of contours to process:  1
Bounding Box: 6336 8256 118785 78465
Contour Area: 5618718720.0
Extracted 4159 coordinates
original size: 134400 x 95744
downscaled size for stiching: 2100 x 1496
start stitching LTX0771_A1_SU
number of patches: 4159
patch size: 1161 x 1161 patch level: 0
ref patch size: (np.int32(1161), np.int32(1161)) x (np.int32(1161), np.int32(1161))
downscaled patch size: 19x19
segmentation took 1.2712647914886475 seconds
patching took 0.21579384803771973 seconds
stitching took 0.4844074249267578 seconds


progress: 0.95, 115/121
processing LTX0777_D3_SU.ndpi
MPP X: 0.22049744222967013, MPP Y: 0.22049744222967013
metadata microns per pixel 0.22049744222967013
Patch size for this slide is 1161
Using custom parameters for slide: LTX0777_D3_SU
Visualization parameters: {'vis_level': np.int8(-1), 'line_thickness': np.uint32(150)}
Filter parameters: {'a_t': np.float32(100.0), 'a_h': np.float32(16.0), 'max_n_holes': np.uint32(8)}
Segmentation parameters: {'seg_level': np.int8(-1), 'sthresh': np.uint8(15), 'mthresh': np.uint8(11), 'close': np.uint32(4), 'use_otsu': np.False_, 'keep_ids': 'none', 'exclude_ids': 'none', 'remove_markings': np.False_}
Patch parameters: {'use_padding': np.True_, 'contour_fn': 'four_pt'}
Visualization level set to: 6
Segmentation level set to: 6
Keep IDs: []
Exclude IDs: []
Image shape: (1628, 2640, 4)
HSV image shape: (1628, 2640, 3)
Median blurred image shape: (1628, 2640)
Otsu thresholded image shape: (1628, 2640)
Filter params: {'a_t': np.float32(6400.0), 'a_h': np.float32(1024.0), 'max_n_holes': np.uint32(8)}
Number of contours: 410
Number of foreground contours: 22
2.0
6400.0
5.0
6400.0
84.0
6400.0
306.0
6400.0
1010.0
6400.0
8.0
6400.0
201.5
6400.0
30.0
6400.0
95.5
6400.0
18.0
6400.0
119.5
6400.0
6.0
6400.0
76.0
6400.0
2515021.0
6400.0
Number of filtered contours: 1
Number of hole contours: 8
Number of tissue contours: 1
Number of hole contours: 1
Final number of tissue contours: 1
Final number of hole contours: 1
Segmentation completed in 1.69 seconds
Mask saved at: /nemo/project/proj-tracerx-lung/tctProjects/kilimo/TracerX_WSIs/10X/patches/masks/LTX0777_D3_SU.jpg
Creating patches for:  LTX0777_D3_SU ...
Total number of contours to process:  1
Bounding Box: 7872 7680 134401 94977
Contour Area: 11138107392.0
Extracted 8209 coordinates
original size: 168960 x 104192
downscaled size for stiching: 2640 x 1628
start stitching LTX0777_D3_SU
number of patches: 8209
patch size: 1161 x 1161 patch level: 0
ref patch size: (np.int32(1161), np.int32(1161)) x (np.int32(1161), np.int32(1161))
downscaled patch size: 19x19
segmentation took 1.691669225692749 seconds
patching took 0.3067626953125 seconds
stitching took 0.9408373832702637 seconds


progress: 0.96, 116/121
processing LTX0779_A4_SU.ndpi
MPP X: 0.22049744222967013, MPP Y: 0.22049744222967013
metadata microns per pixel 0.22049744222967013
Patch size for this slide is 1161
Using custom parameters for slide: LTX0779_A4_SU
Visualization parameters: {'vis_level': np.int8(-1), 'line_thickness': np.uint32(150)}
Filter parameters: {'a_t': np.float32(100.0), 'a_h': np.float32(16.0), 'max_n_holes': np.uint32(8)}
Segmentation parameters: {'seg_level': np.int8(-1), 'sthresh': np.uint8(15), 'mthresh': np.uint8(11), 'close': np.uint32(4), 'use_otsu': np.False_, 'keep_ids': 'none', 'exclude_ids': 'none', 'remove_markings': np.False_}
Patch parameters: {'use_padding': np.True_, 'contour_fn': 'four_pt'}
Visualization level set to: 6
Segmentation level set to: 6
Keep IDs: []
Exclude IDs: []
Image shape: (1672, 1980, 4)
HSV image shape: (1672, 1980, 3)
Median blurred image shape: (1672, 1980)
Otsu thresholded image shape: (1672, 1980)
Filter params: {'a_t': np.float32(6400.0), 'a_h': np.float32(1024.0), 'max_n_holes': np.uint32(8)}
Number of contours: 346
Number of foreground contours: 23
10.0
6400.0
11692.0
6400.0
17.0
6400.0
38.0
6400.0
175.5
6400.0
4.0
6400.0
214.5
6400.0
208.5
6400.0
21.5
6400.0
1.0
6400.0
50.5
6400.0
10.5
6400.0
80.5
6400.0
51.0
6400.0
523.0
6400.0
10.5
6400.0
33.0
6400.0
1.0
6400.0
1713848.5
6400.0
Number of filtered contours: 2
Number of hole contours: 8
Number of tissue contours: 2
Number of hole contours: 2
Final number of tissue contours: 2
Final number of hole contours: 2
Segmentation completed in 1.30 seconds
Mask saved at: /nemo/project/proj-tracerx-lung/tctProjects/kilimo/TracerX_WSIs/10X/patches/masks/LTX0779_A4_SU.jpg
Creating patches for:  LTX0779_A4_SU ...
Total number of contours to process:  2
Bounding Box: 14848 93504 11201 6337
Contour Area: 47890432.0
Extracted 43 coordinates
Bounding Box: 5696 4224 112001 94273
Contour Area: 7786334208.0
Extracted 5704 coordinates
original size: 126720 x 107008
downscaled size for stiching: 1980 x 1672
start stitching LTX0779_A4_SU
number of patches: 5747
patch size: 1161 x 1161 patch level: 0
ref patch size: (np.int32(1161), np.int32(1161)) x (np.int32(1161), np.int32(1161))
downscaled patch size: 19x19
segmentation took 1.3032050132751465 seconds
patching took 0.2778966426849365 seconds
stitching took 0.6643276214599609 seconds


progress: 0.97, 117/121
processing LTX0795_A6_SU.ndpi
MPP X: 0.22049744222967013, MPP Y: 0.22049744222967013
metadata microns per pixel 0.22049744222967013
Patch size for this slide is 1161
Using custom parameters for slide: LTX0795_A6_SU
Visualization parameters: {'vis_level': np.int8(-1), 'line_thickness': np.uint32(150)}
Filter parameters: {'a_t': np.float32(100.0), 'a_h': np.float32(16.0), 'max_n_holes': np.uint32(8)}
Segmentation parameters: {'seg_level': np.int8(-1), 'sthresh': np.uint8(15), 'mthresh': np.uint8(11), 'close': np.uint32(4), 'use_otsu': np.False_, 'keep_ids': 'none', 'exclude_ids': 'none', 'remove_markings': np.False_}
Patch parameters: {'use_padding': np.True_, 'contour_fn': 'four_pt'}
Visualization level set to: 6
Segmentation level set to: 6
Keep IDs: []
Exclude IDs: []
Image shape: (1100, 1920, 4)
HSV image shape: (1100, 1920, 3)
Median blurred image shape: (1100, 1920)
Otsu thresholded image shape: (1100, 1920)
Filter params: {'a_t': np.float32(6400.0), 'a_h': np.float32(1024.0), 'max_n_holes': np.uint32(8)}
Number of contours: 351
Number of foreground contours: 25
24.0
6400.0
3.0
6400.0
90.0
6400.0
15.0
6400.0
364.5
6400.0
133.0
6400.0
25.0
6400.0
9.5
6400.0
53.0
6400.0
19.0
6400.0
61.0
6400.0
18.0
6400.0
236.5
6400.0
53.5
6400.0
164.5
6400.0
152.5
6400.0
162.0
6400.0
8.0
6400.0
30.0
6400.0
10.5
6400.0
659.0
6400.0
957794.5
6400.0
Number of filtered contours: 1
Number of hole contours: 8
Number of tissue contours: 1
Number of hole contours: 1
Final number of tissue contours: 1
Final number of hole contours: 1
Segmentation completed in 0.82 seconds
Mask saved at: /nemo/project/proj-tracerx-lung/tctProjects/kilimo/TracerX_WSIs/10X/patches/masks/LTX0795_A6_SU.jpg
Creating patches for:  LTX0795_A6_SU ...
Total number of contours to process:  1
Bounding Box: 5184 3264 112705 64001
Contour Area: 4576215040.0
Extracted 3373 coordinates
original size: 122880 x 70400
downscaled size for stiching: 1920 x 1100
start stitching LTX0795_A6_SU
number of patches: 3373
patch size: 1161 x 1161 patch level: 0
ref patch size: (np.int32(1161), np.int32(1161)) x (np.int32(1161), np.int32(1161))
downscaled patch size: 19x19
segmentation took 0.8244893550872803 seconds
patching took 0.1738266944885254 seconds
stitching took 0.3908121585845947 seconds


progress: 0.98, 118/121
processing LTX0796_A3_SU.ndpi
MPP X: 0.22049744222967013, MPP Y: 0.22049744222967013
metadata microns per pixel 0.22049744222967013
Patch size for this slide is 1161
Using custom parameters for slide: LTX0796_A3_SU
Visualization parameters: {'vis_level': np.int8(-1), 'line_thickness': np.uint32(150)}
Filter parameters: {'a_t': np.float32(100.0), 'a_h': np.float32(16.0), 'max_n_holes': np.uint32(8)}
Segmentation parameters: {'seg_level': np.int8(-1), 'sthresh': np.uint8(15), 'mthresh': np.uint8(11), 'close': np.uint32(4), 'use_otsu': np.False_, 'keep_ids': 'none', 'exclude_ids': 'none', 'remove_markings': np.False_}
Patch parameters: {'use_padding': np.True_, 'contour_fn': 'four_pt'}
Visualization level set to: 6
Segmentation level set to: 6
Keep IDs: []
Exclude IDs: []
Image shape: (1804, 2460, 4)
HSV image shape: (1804, 2460, 3)
Median blurred image shape: (1804, 2460)
Otsu thresholded image shape: (1804, 2460)
Filter params: {'a_t': np.float32(6400.0), 'a_h': np.float32(1024.0), 'max_n_holes': np.uint32(8)}
Number of contours: 557
Number of foreground contours: 47
2.0
6400.0
1.0
6400.0
539.0
6400.0
39.0
6400.0
89.0
6400.0
37.0
6400.0
51.5
6400.0
25.0
6400.0
17.5
6400.0
25.0
6400.0
311.5
6400.0
6.5
6400.0
0.5
6400.0
11.0
6400.0
21.0
6400.0
6.5
6400.0
82.5
6400.0
1020.0
6400.0
30.5
6400.0
1.0
6400.0
60.0
6400.0
196.0
6400.0
61.0
6400.0
2443020.5
6400.0
18.0
6400.0
3.0
6400.0
18.0
6400.0
40.0
6400.0
5.0
6400.0
49.0
6400.0
15.0
6400.0
509.0
6400.0
2254.0
6400.0
4176.5
6400.0
744.5
6400.0
131.5
6400.0
432.5
6400.0
7.5
6400.0
Number of filtered contours: 1
Number of hole contours: 8
Number of tissue contours: 1
Number of hole contours: 1
Final number of tissue contours: 1
Final number of hole contours: 1
Segmentation completed in 1.74 seconds
Mask saved at: /nemo/project/proj-tracerx-lung/tctProjects/kilimo/TracerX_WSIs/10X/patches/masks/LTX0796_A3_SU.jpg
Creating patches for:  LTX0796_A3_SU ...
Total number of contours to process:  1
Bounding Box: 7360 3712 139201 111681
Contour Area: 11115044864.0
Extracted 8201 coordinates
original size: 157440 x 115456
downscaled size for stiching: 2460 x 1804
start stitching LTX0796_A3_SU
number of patches: 8201
patch size: 1161 x 1161 patch level: 0
ref patch size: (np.int32(1161), np.int32(1161)) x (np.int32(1161), np.int32(1161))
downscaled patch size: 19x19
segmentation took 1.7419188022613525 seconds
patching took 0.3755970001220703 seconds
stitching took 0.9327733516693115 seconds


progress: 0.98, 119/121
processing LTX0804_1B_SU.ndpi
MPP X: 0.22049744222967013, MPP Y: 0.22049744222967013
metadata microns per pixel 0.22049744222967013
Patch size for this slide is 1161
Using custom parameters for slide: LTX0804_1B_SU
Visualization parameters: {'vis_level': np.int8(-1), 'line_thickness': np.uint32(150)}
Filter parameters: {'a_t': np.float32(100.0), 'a_h': np.float32(16.0), 'max_n_holes': np.uint32(8)}
Segmentation parameters: {'seg_level': np.int8(-1), 'sthresh': np.uint8(15), 'mthresh': np.uint8(11), 'close': np.uint32(4), 'use_otsu': np.False_, 'keep_ids': 'none', 'exclude_ids': 'none', 'remove_markings': np.False_}
Patch parameters: {'use_padding': np.True_, 'contour_fn': 'four_pt'}
Visualization level set to: 6
Segmentation level set to: 6
Keep IDs: []
Exclude IDs: []
Image shape: (1100, 1080, 4)
HSV image shape: (1100, 1080, 3)
Median blurred image shape: (1100, 1080)
Otsu thresholded image shape: (1100, 1080)
Filter params: {'a_t': np.float32(6400.0), 'a_h': np.float32(1024.0), 'max_n_holes': np.uint32(8)}
Number of contours: 65
Number of foreground contours: 25
354.5
6400.0
39.5
6400.0
26.5
6400.0
1.5
6400.0
398.0
6400.0
12.5
6400.0
753.0
6400.0
24.5
6400.0
72.0
6400.0
15747.0
6400.0
280.5
6400.0
1961.0
6400.0
68.5
6400.0
18.5
6400.0
5064.0
6400.0
941.5
6400.0
328504.0
6400.0
55.5
6400.0
1342.0
6400.0
119.5
6400.0
30.0
6400.0
829.0
6400.0
110.5
6400.0
Number of filtered contours: 2
Number of hole contours: 1
Number of tissue contours: 2
Number of hole contours: 2
Final number of tissue contours: 2
Final number of hole contours: 2
Segmentation completed in 0.46 seconds
Mask saved at: /nemo/project/proj-tracerx-lung/tctProjects/kilimo/TracerX_WSIs/10X/patches/masks/LTX0804_1B_SU.jpg
Creating patches for:  LTX0804_1B_SU ...
Total number of contours to process:  2
Bounding Box: 3200 22592 11521 9985
Contour Area: 67043328.0
Extracted 59 coordinates
Bounding Box: 10112 7872 51713 57217
Contour Area: 1371811840.0
Extracted 1101 coordinates
original size: 69120 x 70400
downscaled size for stiching: 1080 x 1100
start stitching LTX0804_1B_SU
number of patches: 1160
patch size: 1161 x 1161 patch level: 0
ref patch size: (np.int32(1161), np.int32(1161)) x (np.int32(1161), np.int32(1161))
downscaled patch size: 19x19
segmentation took 0.45772790908813477 seconds
patching took 0.09684967994689941 seconds
stitching took 0.13872814178466797 seconds


progress: 0.99, 120/121
processing LTX0804_SU.ndpi
MPP X: 0.22049744222967013, MPP Y: 0.22049744222967013
metadata microns per pixel 0.22049744222967013
Patch size for this slide is 1161
Using custom parameters for slide: LTX0804_SU
Visualization parameters: {'vis_level': np.int8(-1), 'line_thickness': np.uint32(150)}
Filter parameters: {'a_t': np.float32(100.0), 'a_h': np.float32(16.0), 'max_n_holes': np.uint32(8)}
Segmentation parameters: {'seg_level': np.int8(-1), 'sthresh': np.uint8(15), 'mthresh': np.uint8(11), 'close': np.uint32(4), 'use_otsu': np.False_, 'keep_ids': 'none', 'exclude_ids': 'none', 'remove_markings': np.False_}
Patch parameters: {'use_padding': np.True_, 'contour_fn': 'four_pt'}
Visualization level set to: 6
Segmentation level set to: 6
Keep IDs: []
Exclude IDs: []
Image shape: (1056, 1140, 4)
HSV image shape: (1056, 1140, 3)
Median blurred image shape: (1056, 1140)
Otsu thresholded image shape: (1056, 1140)
Filter params: {'a_t': np.float32(6400.0), 'a_h': np.float32(1024.0), 'max_n_holes': np.uint32(8)}
Number of contours: 58
Number of foreground contours: 20
203.5
6400.0
18.0
6400.0
2.5
6400.0
2264.0
6400.0
356.0
6400.0
14794.5
6400.0
371.5
6400.0
234.5
6400.0
1636.0
6400.0
25.0
6400.0
1.5
6400.0
1109.5
6400.0
2335.5
6400.0
7.5
6400.0
345731.5
6400.0
228.0
6400.0
92.5
6400.0
6.0
6400.0
211.0
6400.0
652.5
6400.0
Number of filtered contours: 2
Number of hole contours: 5
Number of tissue contours: 2
Number of hole contours: 2
Final number of tissue contours: 2
Final number of hole contours: 2
Segmentation completed in 0.47 seconds
Mask saved at: /nemo/project/proj-tracerx-lung/tctProjects/kilimo/TracerX_WSIs/10X/patches/masks/LTX0804_SU.jpg
Creating patches for:  LTX0804_SU ...
Total number of contours to process:  2
Bounding Box: 8320 22784 12481 9345
Contour Area: 63760384.0
Extracted 57 coordinates
Bounding Box: 16000 4480 51841 60609
Contour Area: 1468387328.0
Extracted 1142 coordinates
original size: 72960 x 67584
downscaled size for stiching: 1140 x 1056
start stitching LTX0804_SU
number of patches: 1199
patch size: 1161 x 1161 patch level: 0
ref patch size: (np.int32(1161), np.int32(1161)) x (np.int32(1161), np.int32(1161))
downscaled patch size: 19x19
segmentation took 0.46922802925109863 seconds
patching took 0.10348200798034668 seconds
stitching took 0.14363718032836914 seconds
average segmentation time in s per slide: 0.8092657554248148
average patching time in s per slide: 0.25729046183184157
average stiching time in s per slide: 0.4532988032033621
🚀 Starting optimized feature extraction...
🚀 Initializing optimized feature extraction...
📋 Loading model: uni_v2
loading model checkpoint
⚠️  TorchScript optimization not available for this model
📊 Using specified batch size: 512
📁 Processing 121 slides
⚙️  DataLoader settings: {'num_workers': 4, 'pin_memory': True, 'prefetch_factor': 2, 'persistent_workers': True, 'drop_last': False}

🔄 Processing slide 1/121: Diagnostic H&E Scan Tracker_Single.xlsx
❌ Error processing slide 0: [Errno 2] No such file or directory: '/nemo/project/proj-tracerx-lung/tctProjects/kilimo/slides/to_transfer/Diagnostic H&E Scan Tracker_Single.xlsx.ndpi'

🔄 Processing slide 2/121: LTX0001_A5_SU
downsample [1. 1.]
downsampled_level_dim [69120 46464]
level_dim [69120 46464]
name LTX0001_A5_SU
patch_level 0
patch_size 580
save_path /nemo/project/proj-tracerx-lung/tctProjects/kilimo/TracerX_WSIs/10X/patches/patches

feature extraction settings
transformations:  Compose(
    Resize(size=224, interpolation=bilinear, max_size=None, antialias=True)
    CenterCrop(size=(224, 224))
    MaybeToTensor()
    Normalize(mean=tensor([0.4850, 0.4560, 0.4060]), std=tensor([0.2290, 0.2240, 0.2250]))
)
📦 Dataset size: 5877 patches, 12 batches
🔍 Processing a total of 12 batches with profiling enabled
Saving random samples to /nemo/project/proj-tracerx-lung/tctProjects/kilimo/TracerX_WSIs/10X/uni_v2/samples/LTX0001_A5_SU
Saved 10/10 random sample images for slide LTX0001_A5_SU
✅ Features extracted in 58.7s

================================================================================
🔍 PERFORMANCE PROFILING SUMMARY - LTX0001_A5_SU
================================================================================
⏱️  model_loading:
   Total: 61.816s | Avg: 61.8161s | Calls: 1
⏱️  wsi_loading:
   Total: 2.412s | Avg: 2.4118s | Calls: 1
⏱️  dataset_creation:
   Total: 0.365s | Avg: 0.3646s | Calls: 1
⏱️  data_loading:
   Total: 0.003s | Avg: 0.0002s | Calls: 12
   Min: 0.0001s | Max: 0.0006s
⏱️  sample_saving:
   Total: 0.981s | Avg: 0.0981s | Calls: 10
   Min: 0.0026s | Max: 0.9453s
⏱️  data_transfer:
   Total: 0.001s | Avg: 0.0001s | Calls: 12
   Min: 0.0000s | Max: 0.0006s
⏱️  model_inference:
   Total: 12.974s | Avg: 1.0812s | Calls: 12
   Min: 0.0168s | Max: 12.7210s
⏱️  feature_processing:
   Total: 14.552s | Avg: 1.2127s | Calls: 12
   Min: 0.6060s | Max: 1.2835s
⏱️  feature_accumulation:
   Total: 0.000s | Avg: 0.0000s | Calls: 12
   Min: 0.0000s | Max: 0.0000s
⏱️  batch_processing:
   Total: 30.630s | Avg: 2.5525s | Calls: 12
   Min: 1.2936s | Max: 14.8862s
⏱️  feature_combining:
   Total: 0.007s | Avg: 0.0035s | Calls: 2
   Min: 0.0004s | Max: 0.0065s
⏱️  hdf5_writing:
   Total: 1.791s | Avg: 0.8953s | Calls: 2
   Min: 0.6201s | Max: 1.1705s
⏱️  memory_cleanup:
   Total: 0.216s | Avg: 0.1080s | Calls: 2
   Min: 0.0898s | Max: 0.1262s
⏱️  total_computation:
   Total: 55.911s | Avg: 55.9109s | Calls: 1
⏱️  slide_processing:
   Total: 55.911s | Avg: 55.9109s | Calls: 1

🚨 BOTTLENECK ANALYSIS (Total Runtime: 237.570s):
   🔥 model_loading: 61.816s (26.0%)
   🔥 slide_processing: 55.911s (23.5%)
   🔥 total_computation: 55.911s (23.5%)
   🔥 batch_processing: 30.630s (12.9%)
   🔥 feature_processing: 14.552s (6.1%)
   🔥 model_inference: 12.974s (5.5%)

📊 OPERATION COUNTS:
   hdf5_write_operations: 2
   patches_processed: 5,877
   GPU Memory - Max: 4226.2MB | Avg: 3640.7MB

💡 OPTIMIZATION RECOMMENDATIONS:
================================================================================
📊 Features shape: (5877, 1536), Coords shape: (5877, 2)
💾 Saved features to /nemo/project/proj-tracerx-lung/tctProjects/kilimo/TracerX_WSIs/10X/uni_v2/pt_files/LTX0001_A5_SU.pt

🔄 Processing slide 3/121: LTX0013_SU
downsample [1. 1.]
downsampled_level_dim [44160 43648]
level_dim [44160 43648]
name LTX0013_SU
patch_level 0
patch_size 580
save_path /nemo/project/proj-tracerx-lung/tctProjects/kilimo/TracerX_WSIs/10X/patches/patches

feature extraction settings
transformations:  Compose(
    Resize(size=224, interpolation=bilinear, max_size=None, antialias=True)
    CenterCrop(size=(224, 224))
    MaybeToTensor()
    Normalize(mean=tensor([0.4850, 0.4560, 0.4060]), std=tensor([0.2290, 0.2240, 0.2250]))
)
📦 Dataset size: 3535 patches, 7 batches
🔍 Processing a total of 7 batches with profiling enabled
Saving random samples to /nemo/project/proj-tracerx-lung/tctProjects/kilimo/TracerX_WSIs/10X/uni_v2/samples/LTX0013_SU
Saved 7/10 random sample images for slide LTX0013_SU
✅ Features extracted in 40.0s

================================================================================
🔍 PERFORMANCE PROFILING SUMMARY - LTX0013_SU
================================================================================
⏱️  wsi_loading:
   Total: 1.661s | Avg: 1.6608s | Calls: 1
⏱️  dataset_creation:
   Total: 0.148s | Avg: 0.1483s | Calls: 1
⏱️  data_loading:
   Total: 0.004s | Avg: 0.0006s | Calls: 7
   Min: 0.0002s | Max: 0.0030s
⏱️  sample_saving:
   Total: 0.031s | Avg: 0.0044s | Calls: 7
   Min: 0.0029s | Max: 0.0060s
⏱️  data_transfer:
   Total: 0.001s | Avg: 0.0001s | Calls: 7
   Min: 0.0001s | Max: 0.0002s
⏱️  model_inference:
   Total: 0.172s | Avg: 0.0246s | Calls: 7
   Min: 0.0181s | Max: 0.0305s
⏱️  feature_processing:
   Total: 8.790s | Avg: 1.2557s | Calls: 7
   Min: 1.1515s | Max: 1.2820s
⏱️  feature_accumulation:
   Total: 0.000s | Avg: 0.0000s | Calls: 7
   Min: 0.0000s | Max: 0.0000s
⏱️  batch_processing:
   Total: 9.670s | Avg: 1.3814s | Calls: 7
   Min: 1.2974s | Max: 1.8423s
⏱️  feature_combining:
   Total: 0.003s | Avg: 0.0034s | Calls: 1
⏱️  hdf5_writing:
   Total: 0.490s | Avg: 0.4898s | Calls: 1
⏱️  memory_cleanup:
   Total: 0.110s | Avg: 0.1103s | Calls: 1
⏱️  total_computation:
   Total: 38.165s | Avg: 38.1650s | Calls: 1
⏱️  slide_processing:
   Total: 38.165s | Avg: 38.1651s | Calls: 1

🚨 BOTTLENECK ANALYSIS (Total Runtime: 97.410s):
   🔥 slide_processing: 38.165s (39.2%)
   🔥 total_computation: 38.165s (39.2%)
   🔥 batch_processing: 9.670s (9.9%)
   🔥 feature_processing: 8.790s (9.0%)

📊 OPERATION COUNTS:
   hdf5_write_operations: 1
   patches_processed: 3,535
   GPU Memory - Max: 4199.4MB | Avg: 3415.7MB

💡 OPTIMIZATION RECOMMENDATIONS:
================================================================================
📊 Features shape: (3535, 1536), Coords shape: (3535, 2)
💾 Saved features to /nemo/project/proj-tracerx-lung/tctProjects/kilimo/TracerX_WSIs/10X/uni_v2/pt_files/LTX0013_SU.pt

🔄 Processing slide 4/121: LTX0029_SU
downsample [1. 1.]
downsampled_level_dim [74880 36608]
level_dim [74880 36608]
name LTX0029_SU
patch_level 0
patch_size 580
save_path /nemo/project/proj-tracerx-lung/tctProjects/kilimo/TracerX_WSIs/10X/patches/patches

feature extraction settings
transformations:  Compose(
    Resize(size=224, interpolation=bilinear, max_size=None, antialias=True)
    CenterCrop(size=(224, 224))
    MaybeToTensor()
    Normalize(mean=tensor([0.4850, 0.4560, 0.4060]), std=tensor([0.2290, 0.2240, 0.2250]))
)
📦 Dataset size: 4330 patches, 9 batches
🔍 Processing a total of 9 batches with profiling enabled
Saving random samples to /nemo/project/proj-tracerx-lung/tctProjects/kilimo/TracerX_WSIs/10X/uni_v2/samples/LTX0029_SU
Saved 9/10 random sample images for slide LTX0029_SU
✅ Features extracted in 56.4s

================================================================================
🔍 PERFORMANCE PROFILING SUMMARY - LTX0029_SU
================================================================================
⏱️  wsi_loading:
   Total: 4.012s | Avg: 4.0117s | Calls: 1
⏱️  dataset_creation:
   Total: 0.120s | Avg: 0.1197s | Calls: 1
⏱️  data_loading:
   Total: 0.002s | Avg: 0.0002s | Calls: 9
   Min: 0.0001s | Max: 0.0003s
⏱️  sample_saving:
   Total: 0.037s | Avg: 0.0041s | Calls: 9
   Min: 0.0027s | Max: 0.0069s
⏱️  data_transfer:
   Total: 0.001s | Avg: 0.0001s | Calls: 9
   Min: 0.0000s | Max: 0.0002s
⏱️  model_inference:
   Total: 0.190s | Avg: 0.0211s | Calls: 9
   Min: 0.0171s | Max: 0.0312s
⏱️  feature_processing:
   Total: 10.835s | Avg: 1.2038s | Calls: 9
   Min: 0.6041s | Max: 1.2940s
⏱️  feature_accumulation:
   Total: 0.000s | Avg: 0.0000s | Calls: 9
   Min: 0.0000s | Max: 0.0000s
⏱️  batch_processing:
   Total: 11.250s | Avg: 1.2499s | Calls: 9
   Min: 0.8063s | Max: 1.3194s
⏱️  feature_combining:
   Total: 0.006s | Avg: 0.0059s | Calls: 1
⏱️  hdf5_writing:
   Total: 0.068s | Avg: 0.0680s | Calls: 1
⏱️  memory_cleanup:
   Total: 0.108s | Avg: 0.1078s | Calls: 1
⏱️  total_computation:
   Total: 52.311s | Avg: 52.3113s | Calls: 1
⏱️  slide_processing:
   Total: 52.311s | Avg: 52.3114s | Calls: 1

🚨 BOTTLENECK ANALYSIS (Total Runtime: 131.250s):
   🔥 slide_processing: 52.311s (39.9%)
   🔥 total_computation: 52.311s (39.9%)
   🔥 batch_processing: 11.250s (8.6%)
   🔥 feature_processing: 10.835s (8.3%)

📊 OPERATION COUNTS:
   hdf5_write_operations: 1
   patches_processed: 4,330
   GPU Memory - Max: 4065.2MB | Avg: 3348.6MB

💡 OPTIMIZATION RECOMMENDATIONS:
================================================================================
📊 Features shape: (4330, 1536), Coords shape: (4330, 2)
💾 Saved features to /nemo/project/proj-tracerx-lung/tctProjects/kilimo/TracerX_WSIs/10X/uni_v2/pt_files/LTX0029_SU.pt

🔄 Processing slide 5/121: LTX0034_SU
downsample [1. 1.]
downsampled_level_dim [48000 49280]
level_dim [48000 49280]
name LTX0034_SU
patch_level 0
patch_size 580
save_path /nemo/project/proj-tracerx-lung/tctProjects/kilimo/TracerX_WSIs/10X/patches/patches

feature extraction settings
transformations:  Compose(
    Resize(size=224, interpolation=bilinear, max_size=None, antialias=True)
    CenterCrop(size=(224, 224))
    MaybeToTensor()
    Normalize(mean=tensor([0.4850, 0.4560, 0.4060]), std=tensor([0.2290, 0.2240, 0.2250]))
)
📦 Dataset size: 3157 patches, 7 batches
🔍 Processing a total of 7 batches with profiling enabled
Saving random samples to /nemo/project/proj-tracerx-lung/tctProjects/kilimo/TracerX_WSIs/10X/uni_v2/samples/LTX0034_SU
Saved 7/10 random sample images for slide LTX0034_SU
✅ Features extracted in 38.0s

================================================================================
🔍 PERFORMANCE PROFILING SUMMARY - LTX0034_SU
================================================================================
⏱️  wsi_loading:
   Total: 0.462s | Avg: 0.4624s | Calls: 1
⏱️  dataset_creation:
   Total: 0.100s | Avg: 0.1000s | Calls: 1
⏱️  data_loading:
   Total: 0.001s | Avg: 0.0001s | Calls: 7
   Min: 0.0001s | Max: 0.0003s
⏱️  sample_saving:
   Total: 0.055s | Avg: 0.0079s | Calls: 7
   Min: 0.0024s | Max: 0.0309s
⏱️  data_transfer:
   Total: 0.000s | Avg: 0.0001s | Calls: 7
   Min: 0.0000s | Max: 0.0001s
⏱️  model_inference:
   Total: 0.125s | Avg: 0.0179s | Calls: 7
   Min: 0.0164s | Max: 0.0207s
⏱️  feature_processing:
   Total: 7.898s | Avg: 1.1283s | Calls: 7
   Min: 0.2046s | Max: 1.2976s
⏱️  feature_accumulation:
   Total: 0.000s | Avg: 0.0000s | Calls: 7
   Min: 0.0000s | Max: 0.0000s
⏱️  batch_processing:
   Total: 8.419s | Avg: 1.2027s | Calls: 7
   Min: 0.5607s | Max: 1.3434s
⏱️  feature_combining:
   Total: 0.007s | Avg: 0.0072s | Calls: 1
⏱️  hdf5_writing:
   Total: 0.220s | Avg: 0.2198s | Calls: 1
⏱️  memory_cleanup:
   Total: 0.113s | Avg: 0.1125s | Calls: 1
⏱️  total_computation:
   Total: 37.483s | Avg: 37.4828s | Calls: 1
⏱️  slide_processing:
   Total: 37.483s | Avg: 37.4829s | Calls: 1

🚨 BOTTLENECK ANALYSIS (Total Runtime: 92.367s):
   🔥 slide_processing: 37.483s (40.6%)
   🔥 total_computation: 37.483s (40.6%)
   🔥 batch_processing: 8.419s (9.1%)
   🔥 feature_processing: 7.898s (8.6%)

📊 OPERATION COUNTS:
   hdf5_write_operations: 1
   patches_processed: 3,157
   GPU Memory - Max: 3983.1MB | Avg: 3307.5MB

💡 OPTIMIZATION RECOMMENDATIONS:
================================================================================
📊 Features shape: (3157, 1536), Coords shape: (3157, 2)
💾 Saved features to /nemo/project/proj-tracerx-lung/tctProjects/kilimo/TracerX_WSIs/10X/uni_v2/pt_files/LTX0034_SU.pt

🔄 Processing slide 6/121: LTX0035_SU
downsample [1. 1.]
downsampled_level_dim [80640 78848]
level_dim [80640 78848]
name LTX0035_SU
patch_level 0
patch_size 1161
save_path /nemo/project/proj-tracerx-lung/tctProjects/kilimo/TracerX_WSIs/10X/patches/patches

feature extraction settings
transformations:  Compose(
    Resize(size=224, interpolation=bilinear, max_size=None, antialias=True)
    CenterCrop(size=(224, 224))
    MaybeToTensor()
    Normalize(mean=tensor([0.4850, 0.4560, 0.4060]), std=tensor([0.2290, 0.2240, 0.2250]))
)
📦 Dataset size: 2309 patches, 5 batches
🔍 Processing a total of 5 batches with profiling enabled
Saving random samples to /nemo/project/proj-tracerx-lung/tctProjects/kilimo/TracerX_WSIs/10X/uni_v2/samples/LTX0035_SU
Saved 5/10 random sample images for slide LTX0035_SU
✅ Features extracted in 57.7s

================================================================================
🔍 PERFORMANCE PROFILING SUMMARY - LTX0035_SU
================================================================================
⏱️  wsi_loading:
   Total: 0.916s | Avg: 0.9161s | Calls: 1
⏱️  dataset_creation:
   Total: 0.120s | Avg: 0.1197s | Calls: 1
⏱️  data_loading:
   Total: 0.001s | Avg: 0.0002s | Calls: 5
   Min: 0.0001s | Max: 0.0003s
⏱️  sample_saving:
   Total: 0.183s | Avg: 0.0365s | Calls: 5
   Min: 0.0028s | Max: 0.1689s
⏱️  data_transfer:
   Total: 0.000s | Avg: 0.0001s | Calls: 5
   Min: 0.0001s | Max: 0.0002s
⏱️  model_inference:
   Total: 0.102s | Avg: 0.0204s | Calls: 5
   Min: 0.0178s | Max: 0.0296s
⏱️  feature_processing:
   Total: 5.762s | Avg: 1.1525s | Calls: 5
   Min: 0.6467s | Max: 1.2916s
⏱️  feature_accumulation:
   Total: 0.000s | Avg: 0.0000s | Calls: 5
   Min: 0.0000s | Max: 0.0000s
⏱️  batch_processing:
   Total: 6.439s | Avg: 1.2879s | Calls: 5
   Min: 1.0576s | Max: 1.4624s
⏱️  feature_combining:
   Total: 0.007s | Avg: 0.0070s | Calls: 1
⏱️  hdf5_writing:
   Total: 0.277s | Avg: 0.2774s | Calls: 1
⏱️  memory_cleanup:
   Total: 0.111s | Avg: 0.1110s | Calls: 1
⏱️  total_computation:
   Total: 56.659s | Avg: 56.6589s | Calls: 1
⏱️  slide_processing:
   Total: 56.659s | Avg: 56.6590s | Calls: 1

🚨 BOTTLENECK ANALYSIS (Total Runtime: 127.237s):
   🔥 slide_processing: 56.659s (44.5%)
   🔥 total_computation: 56.659s (44.5%)
   🔥 batch_processing: 6.439s (5.1%)

📊 OPERATION COUNTS:
   hdf5_write_operations: 1
   patches_processed: 2,309
   GPU Memory - Max: 4081.5MB | Avg: 3356.7MB

💡 OPTIMIZATION RECOMMENDATIONS:
================================================================================
📊 Features shape: (2309, 1536), Coords shape: (2309, 2)
💾 Saved features to /nemo/project/proj-tracerx-lung/tctProjects/kilimo/TracerX_WSIs/10X/uni_v2/pt_files/LTX0035_SU.pt

🔄 Processing slide 7/121: LTX0041_SU
downsample [1. 1.]
downsampled_level_dim [55680 45056]
level_dim [55680 45056]
name LTX0041_SU
patch_level 0
patch_size 580
save_path /nemo/project/proj-tracerx-lung/tctProjects/kilimo/TracerX_WSIs/10X/patches/patches

feature extraction settings
transformations:  Compose(
    Resize(size=224, interpolation=bilinear, max_size=None, antialias=True)
    CenterCrop(size=(224, 224))
    MaybeToTensor()
    Normalize(mean=tensor([0.4850, 0.4560, 0.4060]), std=tensor([0.2290, 0.2240, 0.2250]))
)
📦 Dataset size: 4846 patches, 10 batches
🔍 Processing a total of 10 batches with profiling enabled
Saving random samples to /nemo/project/proj-tracerx-lung/tctProjects/kilimo/TracerX_WSIs/10X/uni_v2/samples/LTX0041_SU
Saved 10/10 random sample images for slide LTX0041_SU
✅ Features extracted in 47.0s

================================================================================
🔍 PERFORMANCE PROFILING SUMMARY - LTX0041_SU
================================================================================
⏱️  wsi_loading:
   Total: 0.563s | Avg: 0.5626s | Calls: 1
⏱️  dataset_creation:
   Total: 0.143s | Avg: 0.1427s | Calls: 1
⏱️  data_loading:
   Total: 0.001s | Avg: 0.0001s | Calls: 10
   Min: 0.0001s | Max: 0.0004s
⏱️  sample_saving:
   Total: 0.038s | Avg: 0.0038s | Calls: 10
   Min: 0.0025s | Max: 0.0096s
⏱️  data_transfer:
   Total: 0.001s | Avg: 0.0001s | Calls: 10
   Min: 0.0000s | Max: 0.0001s
⏱️  model_inference:
   Total: 0.177s | Avg: 0.0177s | Calls: 10
   Min: 0.0168s | Max: 0.0207s
⏱️  feature_processing:
   Total: 12.119s | Avg: 1.2119s | Calls: 10
   Min: 0.5884s | Max: 1.2937s
⏱️  feature_accumulation:
   Total: 0.000s | Avg: 0.0000s | Calls: 10
   Min: 0.0000s | Max: 0.0000s
⏱️  batch_processing:
   Total: 12.762s | Avg: 1.2762s | Calls: 10
   Min: 1.0316s | Max: 1.3181s
⏱️  feature_combining:
   Total: 0.011s | Avg: 0.0107s | Calls: 1
⏱️  hdf5_writing:
   Total: 0.300s | Avg: 0.2999s | Calls: 1
⏱️  memory_cleanup:
   Total: 0.123s | Avg: 0.1226s | Calls: 1
⏱️  total_computation:
   Total: 46.317s | Avg: 46.3165s | Calls: 1
⏱️  slide_processing:
   Total: 46.317s | Avg: 46.3166s | Calls: 1

🚨 BOTTLENECK ANALYSIS (Total Runtime: 118.869s):
   🔥 slide_processing: 46.317s (39.0%)
   🔥 total_computation: 46.317s (39.0%)
   🔥 batch_processing: 12.762s (10.7%)
   🔥 feature_processing: 12.119s (10.2%)

📊 OPERATION COUNTS:
   hdf5_write_operations: 1
   patches_processed: 4,846
   GPU Memory - Max: 4068.8MB | Avg: 3350.4MB

💡 OPTIMIZATION RECOMMENDATIONS:
================================================================================
📊 Features shape: (4846, 1536), Coords shape: (4846, 2)
💾 Saved features to /nemo/project/proj-tracerx-lung/tctProjects/kilimo/TracerX_WSIs/10X/uni_v2/pt_files/LTX0041_SU.pt

🔄 Processing slide 8/121: LTX0043_Marked_SU
downsample [1. 1.]
downsampled_level_dim [110592  97792]
level_dim [110592  97792]
name LTX0043_Marked_SU
patch_level 0
patch_size 1122
save_path /nemo/project/proj-tracerx-lung/tctProjects/kilimo/TracerX_WSIs/10X/patches/patches

feature extraction settings
transformations:  Compose(
    Resize(size=224, interpolation=bilinear, max_size=None, antialias=True)
    CenterCrop(size=(224, 224))
    MaybeToTensor()
    Normalize(mean=tensor([0.4850, 0.4560, 0.4060]), std=tensor([0.2290, 0.2240, 0.2250]))
)
📦 Dataset size: 5778 patches, 12 batches
🔍 Processing a total of 12 batches with profiling enabled
Saving random samples to /nemo/project/proj-tracerx-lung/tctProjects/kilimo/TracerX_WSIs/10X/uni_v2/samples/LTX0043_Marked_SU
Saved 10/10 random sample images for slide LTX0043_Marked_SU
✅ Features extracted in 123.5s

================================================================================
🔍 PERFORMANCE PROFILING SUMMARY - LTX0043_Marked_SU
================================================================================
⏱️  wsi_loading:
   Total: 0.468s | Avg: 0.4679s | Calls: 1
⏱️  dataset_creation:
   Total: 0.149s | Avg: 0.1494s | Calls: 1
⏱️  data_loading:
   Total: 0.002s | Avg: 0.0002s | Calls: 12
   Min: 0.0001s | Max: 0.0003s
⏱️  sample_saving:
   Total: 0.033s | Avg: 0.0033s | Calls: 10
   Min: 0.0027s | Max: 0.0043s
⏱️  data_transfer:
   Total: 0.001s | Avg: 0.0001s | Calls: 12
   Min: 0.0000s | Max: 0.0001s
⏱️  model_inference:
   Total: 0.224s | Avg: 0.0187s | Calls: 12
   Min: 0.0163s | Max: 0.0273s
⏱️  feature_processing:
   Total: 14.422s | Avg: 1.2018s | Calls: 12
   Min: 0.3582s | Max: 1.2989s
⏱️  feature_accumulation:
   Total: 0.000s | Avg: 0.0000s | Calls: 12
   Min: 0.0000s | Max: 0.0000s
⏱️  batch_processing:
   Total: 15.624s | Avg: 1.3020s | Calls: 12
   Min: 0.4903s | Max: 2.1210s
⏱️  feature_combining:
   Total: 0.006s | Avg: 0.0031s | Calls: 2
   Min: 0.0004s | Max: 0.0058s
⏱️  hdf5_writing:
   Total: 0.730s | Avg: 0.3652s | Calls: 2
   Min: 0.0190s | Max: 0.7113s
⏱️  memory_cleanup:
   Total: 0.207s | Avg: 0.1034s | Calls: 2
   Min: 0.0914s | Max: 0.1155s
⏱️  total_computation:
   Total: 122.919s | Avg: 122.9187s | Calls: 1
⏱️  slide_processing:
   Total: 122.919s | Avg: 122.9188s | Calls: 1

🚨 BOTTLENECK ANALYSIS (Total Runtime: 277.705s):
   🔥 slide_processing: 122.919s (44.3%)
   🔥 total_computation: 122.919s (44.3%)
   🔥 batch_processing: 15.624s (5.6%)
   🔥 feature_processing: 14.422s (5.2%)

📊 OPERATION COUNTS:
   hdf5_write_operations: 2
   patches_processed: 5,778
   GPU Memory - Max: 4226.2MB | Avg: 3626.2MB

💡 OPTIMIZATION RECOMMENDATIONS:
================================================================================
📊 Features shape: (5778, 1536), Coords shape: (5778, 2)
💾 Saved features to /nemo/project/proj-tracerx-lung/tctProjects/kilimo/TracerX_WSIs/10X/uni_v2/pt_files/LTX0043_Marked_SU.pt

🔄 Processing slide 9/121: LTX0051_SU
downsample [1. 1.]
downsampled_level_dim [72960 56320]
level_dim [72960 56320]
name LTX0051_SU
patch_level 0
patch_size 580
save_path /nemo/project/proj-tracerx-lung/tctProjects/kilimo/TracerX_WSIs/10X/patches/patches

feature extraction settings
transformations:  Compose(
    Resize(size=224, interpolation=bilinear, max_size=None, antialias=True)
    CenterCrop(size=(224, 224))
    MaybeToTensor()
    Normalize(mean=tensor([0.4850, 0.4560, 0.4060]), std=tensor([0.2290, 0.2240, 0.2250]))
)
📦 Dataset size: 4970 patches, 10 batches
🔍 Processing a total of 10 batches with profiling enabled
Saving random samples to /nemo/project/proj-tracerx-lung/tctProjects/kilimo/TracerX_WSIs/10X/uni_v2/samples/LTX0051_SU
Saved 10/10 random sample images for slide LTX0051_SU
✅ Features extracted in 46.6s

================================================================================
🔍 PERFORMANCE PROFILING SUMMARY - LTX0051_SU
================================================================================
⏱️  wsi_loading:
   Total: 0.611s | Avg: 0.6105s | Calls: 1
⏱️  dataset_creation:
   Total: 0.119s | Avg: 0.1186s | Calls: 1
⏱️  data_loading:
   Total: 0.001s | Avg: 0.0001s | Calls: 10
   Min: 0.0001s | Max: 0.0003s
⏱️  sample_saving:
   Total: 0.030s | Avg: 0.0030s | Calls: 10
   Min: 0.0024s | Max: 0.0043s
⏱️  data_transfer:
   Total: 0.001s | Avg: 0.0001s | Calls: 10
   Min: 0.0000s | Max: 0.0002s
⏱️  model_inference:
   Total: 0.192s | Avg: 0.0192s | Calls: 10
   Min: 0.0175s | Max: 0.0308s
⏱️  feature_processing:
   Total: 12.437s | Avg: 1.2437s | Calls: 10
   Min: 0.9001s | Max: 1.2994s
⏱️  feature_accumulation:
   Total: 0.000s | Avg: 0.0000s | Calls: 10
   Min: 0.0000s | Max: 0.0000s
⏱️  batch_processing:
   Total: 13.528s | Avg: 1.3528s | Calls: 10
   Min: 1.2958s | Max: 1.7845s
⏱️  feature_combining:
   Total: 0.006s | Avg: 0.0059s | Calls: 1
⏱️  hdf5_writing:
   Total: 0.750s | Avg: 0.7499s | Calls: 1
⏱️  memory_cleanup:
   Total: 0.113s | Avg: 0.1134s | Calls: 1
⏱️  total_computation:
   Total: 45.874s | Avg: 45.8739s | Calls: 1
⏱️  slide_processing:
   Total: 45.874s | Avg: 45.8740s | Calls: 1

🚨 BOTTLENECK ANALYSIS (Total Runtime: 119.535s):
   🔥 slide_processing: 45.874s (38.4%)
   🔥 total_computation: 45.874s (38.4%)
   🔥 batch_processing: 13.528s (11.3%)
   🔥 feature_processing: 12.437s (10.4%)

📊 OPERATION COUNTS:
   hdf5_write_operations: 1
   patches_processed: 4,970
   GPU Memory - Max: 4139.4MB | Avg: 3385.7MB

💡 OPTIMIZATION RECOMMENDATIONS:
================================================================================
📊 Features shape: (4970, 1536), Coords shape: (4970, 2)
💾 Saved features to /nemo/project/proj-tracerx-lung/tctProjects/kilimo/TracerX_WSIs/10X/uni_v2/pt_files/LTX0051_SU.pt

🔄 Processing slide 10/121: LTX0062_SU
downsample [1. 1.]
downsampled_level_dim [61440 50688]
level_dim [61440 50688]
name LTX0062_SU
patch_level 0
patch_size 580
save_path /nemo/project/proj-tracerx-lung/tctProjects/kilimo/TracerX_WSIs/10X/patches/patches

feature extraction settings
transformations:  Compose(
    Resize(size=224, interpolation=bilinear, max_size=None, antialias=True)
    CenterCrop(size=(224, 224))
    MaybeToTensor()
    Normalize(mean=tensor([0.4850, 0.4560, 0.4060]), std=tensor([0.2290, 0.2240, 0.2250]))
)
📦 Dataset size: 5739 patches, 12 batches
🔍 Processing a total of 12 batches with profiling enabled
Saving random samples to /nemo/project/proj-tracerx-lung/tctProjects/kilimo/TracerX_WSIs/10X/uni_v2/samples/LTX0062_SU
Saved 9/10 random sample images for slide LTX0062_SU
✅ Features extracted in 48.2s

================================================================================
🔍 PERFORMANCE PROFILING SUMMARY - LTX0062_SU
================================================================================
⏱️  wsi_loading:
   Total: 0.888s | Avg: 0.8879s | Calls: 1
⏱️  dataset_creation:
   Total: 0.150s | Avg: 0.1498s | Calls: 1
⏱️  data_loading:
   Total: 0.002s | Avg: 0.0001s | Calls: 12
   Min: 0.0001s | Max: 0.0003s
⏱️  sample_saving:
   Total: 0.029s | Avg: 0.0032s | Calls: 9
   Min: 0.0027s | Max: 0.0045s
⏱️  data_transfer:
   Total: 0.001s | Avg: 0.0001s | Calls: 12
   Min: 0.0001s | Max: 0.0001s
⏱️  model_inference:
   Total: 0.228s | Avg: 0.0190s | Calls: 12
   Min: 0.0166s | Max: 0.0274s
⏱️  feature_processing:
   Total: 14.354s | Avg: 1.1962s | Calls: 12
   Min: 0.2605s | Max: 1.2949s
⏱️  feature_accumulation:
   Total: 0.000s | Avg: 0.0000s | Calls: 12
   Min: 0.0000s | Max: 0.0000s
⏱️  batch_processing:
   Total: 15.561s | Avg: 1.2968s | Calls: 12
   Min: 0.7280s | Max: 1.7909s
⏱️  feature_combining:
   Total: 0.008s | Avg: 0.0040s | Calls: 2
   Min: 0.0004s | Max: 0.0077s
⏱️  hdf5_writing:
   Total: 0.735s | Avg: 0.3677s | Calls: 2
   Min: 0.3546s | Max: 0.3808s
⏱️  memory_cleanup:
   Total: 0.208s | Avg: 0.1038s | Calls: 2
   Min: 0.0954s | Max: 0.1123s
⏱️  total_computation:
   Total: 47.128s | Avg: 47.1284s | Calls: 1
⏱️  slide_processing:
   Total: 47.128s | Avg: 47.1285s | Calls: 1

🚨 BOTTLENECK ANALYSIS (Total Runtime: 126.420s):
   🔥 slide_processing: 47.128s (37.3%)
   🔥 total_computation: 47.128s (37.3%)
   🔥 batch_processing: 15.561s (12.3%)
   🔥 feature_processing: 14.354s (11.4%)

📊 OPERATION COUNTS:
   hdf5_write_operations: 2
   patches_processed: 5,739
   GPU Memory - Max: 4226.2MB | Avg: 3617.5MB

💡 OPTIMIZATION RECOMMENDATIONS:
================================================================================
📊 Features shape: (5739, 1536), Coords shape: (5739, 2)
💾 Saved features to /nemo/project/proj-tracerx-lung/tctProjects/kilimo/TracerX_WSIs/10X/uni_v2/pt_files/LTX0062_SU.pt

🔄 Processing slide 11/121: LTX0070_SU
downsample [1. 1.]
downsampled_level_dim [72960 56320]
level_dim [72960 56320]
name LTX0070_SU
patch_level 0
patch_size 580
save_path /nemo/project/proj-tracerx-lung/tctProjects/kilimo/TracerX_WSIs/10X/patches/patches

feature extraction settings
transformations:  Compose(
    Resize(size=224, interpolation=bilinear, max_size=None, antialias=True)
    CenterCrop(size=(224, 224))
    MaybeToTensor()
    Normalize(mean=tensor([0.4850, 0.4560, 0.4060]), std=tensor([0.2290, 0.2240, 0.2250]))
)
📦 Dataset size: 6143 patches, 12 batches
🔍 Processing a total of 12 batches with profiling enabled
Saving random samples to /nemo/project/proj-tracerx-lung/tctProjects/kilimo/TracerX_WSIs/10X/uni_v2/samples/LTX0070_SU
Saved 10/10 random sample images for slide LTX0070_SU
✅ Features extracted in 54.6s

================================================================================
🔍 PERFORMANCE PROFILING SUMMARY - LTX0070_SU
================================================================================
⏱️  wsi_loading:
   Total: 0.625s | Avg: 0.6249s | Calls: 1
⏱️  dataset_creation:
   Total: 0.141s | Avg: 0.1412s | Calls: 1
⏱️  data_loading:
   Total: 0.002s | Avg: 0.0001s | Calls: 12
   Min: 0.0001s | Max: 0.0003s
⏱️  sample_saving:
   Total: 0.034s | Avg: 0.0034s | Calls: 10
   Min: 0.0027s | Max: 0.0045s
⏱️  data_transfer:
   Total: 0.001s | Avg: 0.0001s | Calls: 12
   Min: 0.0000s | Max: 0.0001s
⏱️  model_inference:
   Total: 0.226s | Avg: 0.0189s | Calls: 12
   Min: 0.0171s | Max: 0.0289s
⏱️  feature_processing:
   Total: 15.338s | Avg: 1.2782s | Calls: 12
   Min: 1.2730s | Max: 1.2896s
⏱️  feature_accumulation:
   Total: 0.000s | Avg: 0.0000s | Calls: 12
   Min: 0.0000s | Max: 0.0000s
⏱️  batch_processing:
   Total: 16.130s | Avg: 1.3442s | Calls: 12
   Min: 1.2953s | Max: 1.6675s
⏱️  feature_combining:
   Total: 0.008s | Avg: 0.0039s | Calls: 2
   Min: 0.0005s | Max: 0.0072s
⏱️  hdf5_writing:
   Total: 0.323s | Avg: 0.1614s | Calls: 2
   Min: 0.0392s | Max: 0.2836s
⏱️  memory_cleanup:
   Total: 0.202s | Avg: 0.1008s | Calls: 2
   Min: 0.0913s | Max: 0.1103s
⏱️  total_computation:
   Total: 53.821s | Avg: 53.8209s | Calls: 1
⏱️  slide_processing:
   Total: 53.821s | Avg: 53.8209s | Calls: 1

🚨 BOTTLENECK ANALYSIS (Total Runtime: 140.671s):
   🔥 slide_processing: 53.821s (38.3%)
   🔥 total_computation: 53.821s (38.3%)
   🔥 batch_processing: 16.130s (11.5%)
   🔥 feature_processing: 15.338s (10.9%)

📊 OPERATION COUNTS:
   hdf5_write_operations: 2
   patches_processed: 6,143
   GPU Memory - Max: 4226.2MB | Avg: 3694.3MB

💡 OPTIMIZATION RECOMMENDATIONS:
================================================================================
📊 Features shape: (6143, 1536), Coords shape: (6143, 2)
💾 Saved features to /nemo/project/proj-tracerx-lung/tctProjects/kilimo/TracerX_WSIs/10X/uni_v2/pt_files/LTX0070_SU.pt

🔄 Processing slide 12/121: LTX0073_Marked_SU
downsample [1. 1.]
downsampled_level_dim [40320 50688]
level_dim [40320 50688]
name LTX0073_Marked_SU
patch_level 0
patch_size 580
save_path /nemo/project/proj-tracerx-lung/tctProjects/kilimo/TracerX_WSIs/10X/patches/patches

feature extraction settings
transformations:  Compose(
    Resize(size=224, interpolation=bilinear, max_size=None, antialias=True)
    CenterCrop(size=(224, 224))
    MaybeToTensor()
    Normalize(mean=tensor([0.4850, 0.4560, 0.4060]), std=tensor([0.2290, 0.2240, 0.2250]))
)
📦 Dataset size: 3511 patches, 7 batches
🔍 Processing a total of 7 batches with profiling enabled
Saving random samples to /nemo/project/proj-tracerx-lung/tctProjects/kilimo/TracerX_WSIs/10X/uni_v2/samples/LTX0073_Marked_SU
Saved 7/10 random sample images for slide LTX0073_Marked_SU
✅ Features extracted in 42.8s

================================================================================
🔍 PERFORMANCE PROFILING SUMMARY - LTX0073_Marked_SU
================================================================================
⏱️  wsi_loading:
   Total: 1.856s | Avg: 1.8564s | Calls: 1
⏱️  dataset_creation:
   Total: 0.116s | Avg: 0.1156s | Calls: 1
⏱️  data_loading:
   Total: 0.001s | Avg: 0.0001s | Calls: 7
   Min: 0.0001s | Max: 0.0003s
⏱️  sample_saving:
   Total: 0.022s | Avg: 0.0031s | Calls: 7
   Min: 0.0026s | Max: 0.0047s
⏱️  data_transfer:
   Total: 0.000s | Avg: 0.0001s | Calls: 7
   Min: 0.0000s | Max: 0.0001s
⏱️  model_inference:
   Total: 0.126s | Avg: 0.0180s | Calls: 7
   Min: 0.0168s | Max: 0.0206s
⏱️  feature_processing:
   Total: 8.776s | Avg: 1.2537s | Calls: 7
   Min: 1.0928s | Max: 1.2968s
⏱️  feature_accumulation:
   Total: 0.000s | Avg: 0.0000s | Calls: 7
   Min: 0.0000s | Max: 0.0000s
⏱️  batch_processing:
   Total: 9.073s | Avg: 1.2961s | Calls: 7
   Min: 1.2606s | Max: 1.3179s
⏱️  feature_combining:
   Total: 0.005s | Avg: 0.0054s | Calls: 1
⏱️  hdf5_writing:
   Total: 0.032s | Avg: 0.0322s | Calls: 1
⏱️  memory_cleanup:
   Total: 0.114s | Avg: 0.1139s | Calls: 1
⏱️  total_computation:
   Total: 40.835s | Avg: 40.8346s | Calls: 1
⏱️  slide_processing:
   Total: 40.835s | Avg: 40.8347s | Calls: 1

🚨 BOTTLENECK ANALYSIS (Total Runtime: 101.790s):
   🔥 slide_processing: 40.835s (40.1%)
   🔥 total_computation: 40.835s (40.1%)
   🔥 batch_processing: 9.073s (8.9%)
   🔥 feature_processing: 8.776s (8.6%)

📊 OPERATION COUNTS:
   hdf5_write_operations: 1
   patches_processed: 3,511
   GPU Memory - Max: 4183.8MB | Avg: 3407.9MB

💡 OPTIMIZATION RECOMMENDATIONS:
================================================================================
📊 Features shape: (3511, 1536), Coords shape: (3511, 2)
💾 Saved features to /nemo/project/proj-tracerx-lung/tctProjects/kilimo/TracerX_WSIs/10X/uni_v2/pt_files/LTX0073_Marked_SU.pt

🔄 Processing slide 13/121: LTX0075_SU
downsample [1. 1.]
downsampled_level_dim [67200 52096]
level_dim [67200 52096]
name LTX0075_SU
patch_level 0
patch_size 580
save_path /nemo/project/proj-tracerx-lung/tctProjects/kilimo/TracerX_WSIs/10X/patches/patches

feature extraction settings
transformations:  Compose(
    Resize(size=224, interpolation=bilinear, max_size=None, antialias=True)
    CenterCrop(size=(224, 224))
    MaybeToTensor()
    Normalize(mean=tensor([0.4850, 0.4560, 0.4060]), std=tensor([0.2290, 0.2240, 0.2250]))
)
📦 Dataset size: 4465 patches, 9 batches
🔍 Processing a total of 9 batches with profiling enabled
Saving random samples to /nemo/project/proj-tracerx-lung/tctProjects/kilimo/TracerX_WSIs/10X/uni_v2/samples/LTX0075_SU
Saved 9/10 random sample images for slide LTX0075_SU
✅ Features extracted in 40.7s

================================================================================
🔍 PERFORMANCE PROFILING SUMMARY - LTX0075_SU
================================================================================
⏱️  wsi_loading:
   Total: 0.612s | Avg: 0.6118s | Calls: 1
⏱️  dataset_creation:
   Total: 0.164s | Avg: 0.1635s | Calls: 1
⏱️  data_loading:
   Total: 0.001s | Avg: 0.0001s | Calls: 9
   Min: 0.0001s | Max: 0.0003s
⏱️  sample_saving:
   Total: 0.082s | Avg: 0.0091s | Calls: 9
   Min: 0.0025s | Max: 0.0544s
⏱️  data_transfer:
   Total: 0.001s | Avg: 0.0001s | Calls: 9
   Min: 0.0000s | Max: 0.0001s
⏱️  model_inference:
   Total: 0.171s | Avg: 0.0190s | Calls: 9
   Min: 0.0167s | Max: 0.0279s
⏱️  feature_processing:
   Total: 11.141s | Avg: 1.2379s | Calls: 9
   Min: 0.9251s | Max: 1.2899s
⏱️  feature_accumulation:
   Total: 0.000s | Avg: 0.0000s | Calls: 9
   Min: 0.0000s | Max: 0.0000s
⏱️  batch_processing:
   Total: 11.774s | Avg: 1.3082s | Calls: 9
   Min: 1.2962s | Max: 1.3475s
⏱️  feature_combining:
   Total: 0.007s | Avg: 0.0070s | Calls: 1
⏱️  hdf5_writing:
   Total: 0.261s | Avg: 0.2614s | Calls: 1
⏱️  memory_cleanup:
   Total: 0.113s | Avg: 0.1134s | Calls: 1
⏱️  total_computation:
   Total: 39.898s | Avg: 39.8985s | Calls: 1
⏱️  slide_processing:
   Total: 39.899s | Avg: 39.8985s | Calls: 1

🚨 BOTTLENECK ANALYSIS (Total Runtime: 104.123s):
   🔥 slide_processing: 39.899s (38.3%)
   🔥 total_computation: 39.898s (38.3%)
   🔥 batch_processing: 11.774s (11.3%)
   🔥 feature_processing: 11.141s (10.7%)

📊 OPERATION COUNTS:
   hdf5_write_operations: 1
   patches_processed: 4,465
   GPU Memory - Max: 4142.6MB | Avg: 3387.2MB

💡 OPTIMIZATION RECOMMENDATIONS:
================================================================================
📊 Features shape: (4465, 1536), Coords shape: (4465, 2)
💾 Saved features to /nemo/project/proj-tracerx-lung/tctProjects/kilimo/TracerX_WSIs/10X/uni_v2/pt_files/LTX0075_SU.pt

🔄 Processing slide 14/121: LTX0079_SU
downsample [1. 1.]
downsampled_level_dim [32640 26752]
level_dim [32640 26752]
name LTX0079_SU
patch_level 0
patch_size 580
save_path /nemo/project/proj-tracerx-lung/tctProjects/kilimo/TracerX_WSIs/10X/patches/patches

feature extraction settings
transformations:  Compose(
    Resize(size=224, interpolation=bilinear, max_size=None, antialias=True)
    CenterCrop(size=(224, 224))
    MaybeToTensor()
    Normalize(mean=tensor([0.4850, 0.4560, 0.4060]), std=tensor([0.2290, 0.2240, 0.2250]))
)
📦 Dataset size: 1307 patches, 3 batches
🔍 Processing a total of 3 batches with profiling enabled
Saving random samples to /nemo/project/proj-tracerx-lung/tctProjects/kilimo/TracerX_WSIs/10X/uni_v2/samples/LTX0079_SU
Saved 3/10 random sample images for slide LTX0079_SU
✅ Features extracted in 16.6s

================================================================================
🔍 PERFORMANCE PROFILING SUMMARY - LTX0079_SU
================================================================================
⏱️  wsi_loading:
   Total: 1.215s | Avg: 1.2154s | Calls: 1
⏱️  dataset_creation:
   Total: 0.216s | Avg: 0.2165s | Calls: 1
⏱️  data_loading:
   Total: 0.000s | Avg: 0.0001s | Calls: 3
   Min: 0.0001s | Max: 0.0002s
⏱️  sample_saving:
   Total: 0.011s | Avg: 0.0036s | Calls: 3
   Min: 0.0028s | Max: 0.0042s
⏱️  data_transfer:
   Total: 0.000s | Avg: 0.0001s | Calls: 3
   Min: 0.0000s | Max: 0.0001s
⏱️  model_inference:
   Total: 0.055s | Avg: 0.0182s | Calls: 3
   Min: 0.0170s | Max: 0.0202s
⏱️  feature_processing:
   Total: 3.271s | Avg: 1.0905s | Calls: 3
   Min: 0.7008s | Max: 1.2945s
⏱️  feature_accumulation:
   Total: 0.000s | Avg: 0.0000s | Calls: 3
   Min: 0.0000s | Max: 0.0000s
⏱️  batch_processing:
   Total: 3.460s | Avg: 1.1532s | Calls: 3
   Min: 0.8427s | Max: 1.3195s
⏱️  feature_combining:
   Total: 0.002s | Avg: 0.0017s | Calls: 1
⏱️  hdf5_writing:
   Total: 0.010s | Avg: 0.0097s | Calls: 1
⏱️  memory_cleanup:
   Total: 0.111s | Avg: 0.1110s | Calls: 1
⏱️  total_computation:
   Total: 15.155s | Avg: 15.1548s | Calls: 1
⏱️  slide_processing:
   Total: 15.155s | Avg: 15.1549s | Calls: 1

🚨 BOTTLENECK ANALYSIS (Total Runtime: 38.661s):
   🔥 slide_processing: 15.155s (39.2%)
   🔥 total_computation: 15.155s (39.2%)
   🔥 batch_processing: 3.460s (8.9%)
   🔥 feature_processing: 3.271s (8.5%)

📊 OPERATION COUNTS:
   hdf5_write_operations: 1
   patches_processed: 1,307
   GPU Memory - Max: 4093.2MB | Avg: 3362.6MB

💡 OPTIMIZATION RECOMMENDATIONS:
================================================================================
📊 Features shape: (1307, 1536), Coords shape: (1307, 2)
💾 Saved features to /nemo/project/proj-tracerx-lung/tctProjects/kilimo/TracerX_WSIs/10X/uni_v2/pt_files/LTX0079_SU.pt

🔄 Processing slide 15/121: LTX0080_SU
downsample [1. 1.]
downsampled_level_dim [48000 50688]
level_dim [48000 50688]
name LTX0080_SU
patch_level 0
patch_size 580
save_path /nemo/project/proj-tracerx-lung/tctProjects/kilimo/TracerX_WSIs/10X/patches/patches

feature extraction settings
transformations:  Compose(
    Resize(size=224, interpolation=bilinear, max_size=None, antialias=True)
    CenterCrop(size=(224, 224))
    MaybeToTensor()
    Normalize(mean=tensor([0.4850, 0.4560, 0.4060]), std=tensor([0.2290, 0.2240, 0.2250]))
)
📦 Dataset size: 4415 patches, 9 batches
🔍 Processing a total of 9 batches with profiling enabled
Saving random samples to /nemo/project/proj-tracerx-lung/tctProjects/kilimo/TracerX_WSIs/10X/uni_v2/samples/LTX0080_SU
Saved 9/10 random sample images for slide LTX0080_SU
✅ Features extracted in 59.6s

================================================================================
🔍 PERFORMANCE PROFILING SUMMARY - LTX0080_SU
================================================================================
⏱️  wsi_loading:
   Total: 1.263s | Avg: 1.2628s | Calls: 1
⏱️  dataset_creation:
   Total: 0.076s | Avg: 0.0764s | Calls: 1
⏱️  data_loading:
   Total: 0.001s | Avg: 0.0001s | Calls: 9
   Min: 0.0001s | Max: 0.0003s
⏱️  sample_saving:
   Total: 0.050s | Avg: 0.0055s | Calls: 9
   Min: 0.0026s | Max: 0.0248s
⏱️  data_transfer:
   Total: 0.001s | Avg: 0.0001s | Calls: 9
   Min: 0.0000s | Max: 0.0001s
⏱️  model_inference:
   Total: 0.158s | Avg: 0.0176s | Calls: 9
   Min: 0.0167s | Max: 0.0202s
⏱️  feature_processing:
   Total: 11.046s | Avg: 1.2274s | Calls: 9
   Min: 0.8110s | Max: 1.2960s
⏱️  feature_accumulation:
   Total: 0.000s | Avg: 0.0000s | Calls: 9
   Min: 0.0000s | Max: 0.0000s
⏱️  batch_processing:
   Total: 11.478s | Avg: 1.2754s | Calls: 9
   Min: 1.0523s | Max: 1.3390s
⏱️  feature_combining:
   Total: 0.006s | Avg: 0.0057s | Calls: 1
⏱️  hdf5_writing:
   Total: 0.081s | Avg: 0.0815s | Calls: 1
⏱️  memory_cleanup:
   Total: 0.113s | Avg: 0.1131s | Calls: 1
⏱️  total_computation:
   Total: 58.230s | Avg: 58.2303s | Calls: 1
⏱️  slide_processing:
   Total: 58.230s | Avg: 58.2304s | Calls: 1

🚨 BOTTLENECK ANALYSIS (Total Runtime: 140.735s):
   🔥 slide_processing: 58.230s (41.4%)
   🔥 total_computation: 58.230s (41.4%)
   🔥 batch_processing: 11.478s (8.2%)
   🔥 feature_processing: 11.046s (7.8%)

📊 OPERATION COUNTS:
   hdf5_write_operations: 1
   patches_processed: 4,415
   GPU Memory - Max: 4114.6MB | Avg: 3373.2MB

💡 OPTIMIZATION RECOMMENDATIONS:
================================================================================
📊 Features shape: (4415, 1536), Coords shape: (4415, 2)
💾 Saved features to /nemo/project/proj-tracerx-lung/tctProjects/kilimo/TracerX_WSIs/10X/uni_v2/pt_files/LTX0080_SU.pt

🔄 Processing slide 16/121: LTX0083_SU
downsample [1. 1.]
downsampled_level_dim [53760 46464]
level_dim [53760 46464]
name LTX0083_SU
patch_level 0
patch_size 580
save_path /nemo/project/proj-tracerx-lung/tctProjects/kilimo/TracerX_WSIs/10X/patches/patches

feature extraction settings
transformations:  Compose(
    Resize(size=224, interpolation=bilinear, max_size=None, antialias=True)
    CenterCrop(size=(224, 224))
    MaybeToTensor()
    Normalize(mean=tensor([0.4850, 0.4560, 0.4060]), std=tensor([0.2290, 0.2240, 0.2250]))
)
📦 Dataset size: 4120 patches, 9 batches
🔍 Processing a total of 9 batches with profiling enabled
Saving random samples to /nemo/project/proj-tracerx-lung/tctProjects/kilimo/TracerX_WSIs/10X/uni_v2/samples/LTX0083_SU
Saved 9/10 random sample images for slide LTX0083_SU
✅ Features extracted in 37.9s

================================================================================
🔍 PERFORMANCE PROFILING SUMMARY - LTX0083_SU
================================================================================
⏱️  wsi_loading:
   Total: 0.410s | Avg: 0.4102s | Calls: 1
⏱️  dataset_creation:
   Total: 0.123s | Avg: 0.1234s | Calls: 1
⏱️  data_loading:
   Total: 0.001s | Avg: 0.0001s | Calls: 9
   Min: 0.0001s | Max: 0.0002s
⏱️  sample_saving:
   Total: 0.044s | Avg: 0.0049s | Calls: 9
   Min: 0.0026s | Max: 0.0201s
⏱️  data_transfer:
   Total: 0.001s | Avg: 0.0001s | Calls: 9
   Min: 0.0000s | Max: 0.0001s
⏱️  model_inference:
   Total: 0.170s | Avg: 0.0189s | Calls: 9
   Min: 0.0158s | Max: 0.0268s
⏱️  feature_processing:
   Total: 10.299s | Avg: 1.1444s | Calls: 9
   Min: 0.0529s | Max: 1.2937s
⏱️  feature_accumulation:
   Total: 0.000s | Avg: 0.0000s | Calls: 9
   Min: 0.0000s | Max: 0.0000s
⏱️  batch_processing:
   Total: 10.677s | Avg: 1.1863s | Calls: 9
   Min: 0.2307s | Max: 1.3293s
⏱️  feature_combining:
   Total: 0.005s | Avg: 0.0046s | Calls: 1
⏱️  hdf5_writing:
   Total: 0.037s | Avg: 0.0367s | Calls: 1
⏱️  memory_cleanup:
   Total: 0.116s | Avg: 0.1157s | Calls: 1
⏱️  total_computation:
   Total: 37.414s | Avg: 37.4140s | Calls: 1
⏱️  slide_processing:
   Total: 37.414s | Avg: 37.4141s | Calls: 1

🚨 BOTTLENECK ANALYSIS (Total Runtime: 96.711s):
   🔥 slide_processing: 37.414s (38.7%)
   🔥 total_computation: 37.414s (38.7%)
   🔥 batch_processing: 10.677s (11.0%)
   🔥 feature_processing: 10.299s (10.6%)

📊 OPERATION COUNTS:
   hdf5_write_operations: 1
   patches_processed: 4,120
   GPU Memory - Max: 3956.8MB | Avg: 3294.4MB

💡 OPTIMIZATION RECOMMENDATIONS:
================================================================================
📊 Features shape: (4120, 1536), Coords shape: (4120, 2)
💾 Saved features to /nemo/project/proj-tracerx-lung/tctProjects/kilimo/TracerX_WSIs/10X/uni_v2/pt_files/LTX0083_SU.pt

🔄 Processing slide 17/121: LTX0091_A1_SU
downsample [1. 1.]
downsampled_level_dim [72960 56320]
level_dim [72960 56320]
name LTX0091_A1_SU
patch_level 0
patch_size 580
save_path /nemo/project/proj-tracerx-lung/tctProjects/kilimo/TracerX_WSIs/10X/patches/patches

feature extraction settings
transformations:  Compose(
    Resize(size=224, interpolation=bilinear, max_size=None, antialias=True)
    CenterCrop(size=(224, 224))
    MaybeToTensor()
    Normalize(mean=tensor([0.4850, 0.4560, 0.4060]), std=tensor([0.2290, 0.2240, 0.2250]))
)
📦 Dataset size: 6479 patches, 13 batches
🔍 Processing a total of 13 batches with profiling enabled
Saving random samples to /nemo/project/proj-tracerx-lung/tctProjects/kilimo/TracerX_WSIs/10X/uni_v2/samples/LTX0091_A1_SU
Saved 10/10 random sample images for slide LTX0091_A1_SU
✅ Features extracted in 57.9s

================================================================================
🔍 PERFORMANCE PROFILING SUMMARY - LTX0091_A1_SU
================================================================================
⏱️  wsi_loading:
   Total: 0.657s | Avg: 0.6569s | Calls: 1
⏱️  dataset_creation:
   Total: 0.115s | Avg: 0.1152s | Calls: 1
⏱️  data_loading:
   Total: 0.002s | Avg: 0.0001s | Calls: 13
   Min: 0.0001s | Max: 0.0003s
⏱️  sample_saving:
   Total: 0.112s | Avg: 0.0112s | Calls: 10
   Min: 0.0028s | Max: 0.0752s
⏱️  data_transfer:
   Total: 0.001s | Avg: 0.0001s | Calls: 13
   Min: 0.0000s | Max: 0.0002s
⏱️  model_inference:
   Total: 0.261s | Avg: 0.0201s | Calls: 13
   Min: 0.0167s | Max: 0.0305s
⏱️  feature_processing:
   Total: 16.181s | Avg: 1.2447s | Calls: 13
   Min: 0.8512s | Max: 1.2908s
⏱️  feature_accumulation:
   Total: 0.000s | Avg: 0.0000s | Calls: 13
   Min: 0.0000s | Max: 0.0000s
⏱️  batch_processing:
   Total: 16.971s | Avg: 1.3054s | Calls: 13
   Min: 0.9885s | Max: 1.5888s
⏱️  feature_combining:
   Total: 0.007s | Avg: 0.0037s | Calls: 2
   Min: 0.0022s | Max: 0.0051s
⏱️  hdf5_writing:
   Total: 0.196s | Avg: 0.0978s | Calls: 2
   Min: 0.0200s | Max: 0.1756s
⏱️  memory_cleanup:
   Total: 0.208s | Avg: 0.1038s | Calls: 2
   Min: 0.0981s | Max: 0.1095s
⏱️  total_computation:
   Total: 57.132s | Avg: 57.1316s | Calls: 1
⏱️  slide_processing:
   Total: 57.132s | Avg: 57.1317s | Calls: 1

🚨 BOTTLENECK ANALYSIS (Total Runtime: 148.974s):
   🔥 slide_processing: 57.132s (38.4%)
   🔥 total_computation: 57.132s (38.4%)
   🔥 batch_processing: 16.971s (11.4%)
   🔥 feature_processing: 16.181s (10.9%)

📊 OPERATION COUNTS:
   hdf5_write_operations: 2
   patches_processed: 6,479
   GPU Memory - Max: 4226.2MB | Avg: 3660.5MB

💡 OPTIMIZATION RECOMMENDATIONS:
================================================================================
📊 Features shape: (6479, 1536), Coords shape: (6479, 2)
💾 Saved features to /nemo/project/proj-tracerx-lung/tctProjects/kilimo/TracerX_WSIs/10X/uni_v2/pt_files/LTX0091_A1_SU.pt

🔄 Processing slide 18/121: LTX0094_SU
downsample [1. 1.]
downsampled_level_dim [72960 56320]
level_dim [72960 56320]
name LTX0094_SU
patch_level 0
patch_size 580
save_path /nemo/project/proj-tracerx-lung/tctProjects/kilimo/TracerX_WSIs/10X/patches/patches

feature extraction settings
transformations:  Compose(
    Resize(size=224, interpolation=bilinear, max_size=None, antialias=True)
    CenterCrop(size=(224, 224))
    MaybeToTensor()
    Normalize(mean=tensor([0.4850, 0.4560, 0.4060]), std=tensor([0.2290, 0.2240, 0.2250]))
)
📦 Dataset size: 4332 patches, 9 batches
🔍 Processing a total of 9 batches with profiling enabled
Saving random samples to /nemo/project/proj-tracerx-lung/tctProjects/kilimo/TracerX_WSIs/10X/uni_v2/samples/LTX0094_SU
Saved 9/10 random sample images for slide LTX0094_SU
✅ Features extracted in 40.0s

================================================================================
🔍 PERFORMANCE PROFILING SUMMARY - LTX0094_SU
================================================================================
⏱️  wsi_loading:
   Total: 0.402s | Avg: 0.4015s | Calls: 1
⏱️  dataset_creation:
   Total: 0.135s | Avg: 0.1347s | Calls: 1
⏱️  data_loading:
   Total: 0.001s | Avg: 0.0001s | Calls: 9
   Min: 0.0001s | Max: 0.0003s
⏱️  sample_saving:
   Total: 0.032s | Avg: 0.0035s | Calls: 9
   Min: 0.0026s | Max: 0.0047s
⏱️  data_transfer:
   Total: 0.001s | Avg: 0.0001s | Calls: 9
   Min: 0.0000s | Max: 0.0001s
⏱️  model_inference:
   Total: 0.189s | Avg: 0.0210s | Calls: 9
   Min: 0.0166s | Max: 0.0306s
⏱️  feature_processing:
   Total: 10.819s | Avg: 1.2021s | Calls: 9
   Min: 0.5838s | Max: 1.2854s
⏱️  feature_accumulation:
   Total: 0.000s | Avg: 0.0000s | Calls: 9
   Min: 0.0000s | Max: 0.0000s
⏱️  batch_processing:
   Total: 11.407s | Avg: 1.2675s | Calls: 9
   Min: 0.9661s | Max: 1.3217s
⏱️  feature_combining:
   Total: 0.005s | Avg: 0.0046s | Calls: 1
⏱️  hdf5_writing:
   Total: 0.252s | Avg: 0.2519s | Calls: 1
⏱️  memory_cleanup:
   Total: 0.110s | Avg: 0.1098s | Calls: 1
⏱️  total_computation:
   Total: 39.487s | Avg: 39.4872s | Calls: 1
⏱️  slide_processing:
   Total: 39.487s | Avg: 39.4873s | Calls: 1

🚨 BOTTLENECK ANALYSIS (Total Runtime: 102.326s):
   🔥 slide_processing: 39.487s (38.6%)
   🔥 total_computation: 39.487s (38.6%)
   🔥 batch_processing: 11.407s (11.1%)
   🔥 feature_processing: 10.819s (10.6%)

📊 OPERATION COUNTS:
   hdf5_write_operations: 1
   patches_processed: 4,332
   GPU Memory - Max: 4067.9MB | Avg: 3349.9MB

💡 OPTIMIZATION RECOMMENDATIONS:
================================================================================
📊 Features shape: (4332, 1536), Coords shape: (4332, 2)
💾 Saved features to /nemo/project/proj-tracerx-lung/tctProjects/kilimo/TracerX_WSIs/10X/uni_v2/pt_files/LTX0094_SU.pt

🔄 Processing slide 19/121: LTX0095_A5_SU
downsample [1. 1.]
downsampled_level_dim [72960 56320]
level_dim [72960 56320]
name LTX0095_A5_SU
patch_level 0
patch_size 580
save_path /nemo/project/proj-tracerx-lung/tctProjects/kilimo/TracerX_WSIs/10X/patches/patches

feature extraction settings
transformations:  Compose(
    Resize(size=224, interpolation=bilinear, max_size=None, antialias=True)
    CenterCrop(size=(224, 224))
    MaybeToTensor()
    Normalize(mean=tensor([0.4850, 0.4560, 0.4060]), std=tensor([0.2290, 0.2240, 0.2250]))
)
📦 Dataset size: 5492 patches, 11 batches
🔍 Processing a total of 11 batches with profiling enabled
Saving random samples to /nemo/project/proj-tracerx-lung/tctProjects/kilimo/TracerX_WSIs/10X/uni_v2/samples/LTX0095_A5_SU
Saved 10/10 random sample images for slide LTX0095_A5_SU
✅ Features extracted in 46.5s

================================================================================
🔍 PERFORMANCE PROFILING SUMMARY - LTX0095_A5_SU
================================================================================
⏱️  wsi_loading:
   Total: 0.546s | Avg: 0.5463s | Calls: 1
⏱️  dataset_creation:
   Total: 0.107s | Avg: 0.1067s | Calls: 1
⏱️  data_loading:
   Total: 0.001s | Avg: 0.0001s | Calls: 11
   Min: 0.0001s | Max: 0.0003s
⏱️  sample_saving:
   Total: 0.034s | Avg: 0.0034s | Calls: 10
   Min: 0.0027s | Max: 0.0042s
⏱️  data_transfer:
   Total: 0.001s | Avg: 0.0001s | Calls: 11
   Min: 0.0001s | Max: 0.0001s
⏱️  model_inference:
   Total: 0.207s | Avg: 0.0188s | Calls: 11
   Min: 0.0172s | Max: 0.0276s
⏱️  feature_processing:
   Total: 13.734s | Avg: 1.2486s | Calls: 11
   Min: 0.9246s | Max: 1.2973s
⏱️  feature_accumulation:
   Total: 0.000s | Avg: 0.0000s | Calls: 11
   Min: 0.0000s | Max: 0.0000s
⏱️  batch_processing:
   Total: 14.809s | Avg: 1.3463s | Calls: 11
   Min: 1.0491s | Max: 2.0224s
⏱️  feature_combining:
   Total: 0.004s | Avg: 0.0019s | Calls: 2
   Min: 0.0001s | Max: 0.0037s
⏱️  hdf5_writing:
   Total: 0.624s | Avg: 0.3121s | Calls: 2
   Min: 0.0141s | Max: 0.6101s
⏱️  memory_cleanup:
   Total: 0.203s | Avg: 0.1014s | Calls: 2
   Min: 0.0889s | Max: 0.1138s
⏱️  total_computation:
   Total: 45.881s | Avg: 45.8810s | Calls: 1
⏱️  slide_processing:
   Total: 45.882s | Avg: 45.8816s | Calls: 1

🚨 BOTTLENECK ANALYSIS (Total Runtime: 122.033s):
   🔥 slide_processing: 45.882s (37.6%)
   🔥 total_computation: 45.881s (37.6%)
   🔥 batch_processing: 14.809s (12.1%)
   🔥 feature_processing: 13.734s (11.3%)

📊 OPERATION COUNTS:
   hdf5_write_operations: 2
   patches_processed: 5,492
   GPU Memory - Max: 4226.2MB | Avg: 3668.0MB

💡 OPTIMIZATION RECOMMENDATIONS:
================================================================================
📊 Features shape: (5492, 1536), Coords shape: (5492, 2)
💾 Saved features to /nemo/project/proj-tracerx-lung/tctProjects/kilimo/TracerX_WSIs/10X/uni_v2/pt_files/LTX0095_A5_SU.pt

🔄 Processing slide 20/121: LTX0100_SU
downsample [1. 1.]
downsampled_level_dim [67200 47872]
level_dim [67200 47872]
name LTX0100_SU
patch_level 0
patch_size 580
save_path /nemo/project/proj-tracerx-lung/tctProjects/kilimo/TracerX_WSIs/10X/patches/patches

feature extraction settings
transformations:  Compose(
    Resize(size=224, interpolation=bilinear, max_size=None, antialias=True)
    CenterCrop(size=(224, 224))
    MaybeToTensor()
    Normalize(mean=tensor([0.4850, 0.4560, 0.4060]), std=tensor([0.2290, 0.2240, 0.2250]))
)
📦 Dataset size: 6320 patches, 13 batches
🔍 Processing a total of 13 batches with profiling enabled
Saving random samples to /nemo/project/proj-tracerx-lung/tctProjects/kilimo/TracerX_WSIs/10X/uni_v2/samples/LTX0100_SU
Saved 10/10 random sample images for slide LTX0100_SU
✅ Features extracted in 54.7s

================================================================================
🔍 PERFORMANCE PROFILING SUMMARY - LTX0100_SU
================================================================================
⏱️  wsi_loading:
   Total: 0.431s | Avg: 0.4311s | Calls: 1
⏱️  dataset_creation:
   Total: 0.128s | Avg: 0.1275s | Calls: 1
⏱️  data_loading:
   Total: 0.002s | Avg: 0.0001s | Calls: 13
   Min: 0.0001s | Max: 0.0003s
⏱️  sample_saving:
   Total: 0.031s | Avg: 0.0031s | Calls: 10
   Min: 0.0028s | Max: 0.0037s
⏱️  data_transfer:
   Total: 0.001s | Avg: 0.0001s | Calls: 13
   Min: 0.0000s | Max: 0.0001s
⏱️  model_inference:
   Total: 0.241s | Avg: 0.0185s | Calls: 13
   Min: 0.0166s | Max: 0.0268s
⏱️  feature_processing:
   Total: 15.794s | Avg: 1.2149s | Calls: 13
   Min: 0.4341s | Max: 1.2990s
⏱️  feature_accumulation:
   Total: 0.000s | Avg: 0.0000s | Calls: 13
   Min: 0.0000s | Max: 0.0000s
⏱️  batch_processing:
   Total: 16.342s | Avg: 1.2571s | Calls: 13
   Min: 0.5726s | Max: 1.4446s
⏱️  feature_combining:
   Total: 0.006s | Avg: 0.0032s | Calls: 2
   Min: 0.0015s | Max: 0.0049s
⏱️  hdf5_writing:
   Total: 0.056s | Avg: 0.0281s | Calls: 2
   Min: 0.0202s | Max: 0.0359s
⏱️  memory_cleanup:
   Total: 0.212s | Avg: 0.1062s | Calls: 2
   Min: 0.1006s | Max: 0.1118s
⏱️  total_computation:
   Total: 54.098s | Avg: 54.0981s | Calls: 1
⏱️  slide_processing:
   Total: 54.098s | Avg: 54.0982s | Calls: 1

🚨 BOTTLENECK ANALYSIS (Total Runtime: 141.440s):
   🔥 slide_processing: 54.098s (38.2%)
   🔥 total_computation: 54.098s (38.2%)
   🔥 batch_processing: 16.342s (11.6%)
   🔥 feature_processing: 15.794s (11.2%)

📊 OPERATION COUNTS:
   hdf5_write_operations: 2
   patches_processed: 6,320
   GPU Memory - Max: 4226.2MB | Avg: 3630.4MB

💡 OPTIMIZATION RECOMMENDATIONS:
================================================================================
📊 Features shape: (6320, 1536), Coords shape: (6320, 2)
💾 Saved features to /nemo/project/proj-tracerx-lung/tctProjects/kilimo/TracerX_WSIs/10X/uni_v2/pt_files/LTX0100_SU.pt

🔄 Processing slide 21/121: LTX0108_SU
downsample [1. 1.]
downsampled_level_dim [72960 56320]
level_dim [72960 56320]
name LTX0108_SU
patch_level 0
patch_size 580
save_path /nemo/project/proj-tracerx-lung/tctProjects/kilimo/TracerX_WSIs/10X/patches/patches

feature extraction settings
transformations:  Compose(
    Resize(size=224, interpolation=bilinear, max_size=None, antialias=True)
    CenterCrop(size=(224, 224))
    MaybeToTensor()
    Normalize(mean=tensor([0.4850, 0.4560, 0.4060]), std=tensor([0.2290, 0.2240, 0.2250]))
)
📦 Dataset size: 7926 patches, 16 batches
🔍 Processing a total of 16 batches with profiling enabled
Saving random samples to /nemo/project/proj-tracerx-lung/tctProjects/kilimo/TracerX_WSIs/10X/uni_v2/samples/LTX0108_SU
Saved 10/10 random sample images for slide LTX0108_SU
✅ Features extracted in 66.0s

================================================================================
🔍 PERFORMANCE PROFILING SUMMARY - LTX0108_SU
================================================================================
⏱️  wsi_loading:
   Total: 0.687s | Avg: 0.6865s | Calls: 1
⏱️  dataset_creation:
   Total: 0.124s | Avg: 0.1236s | Calls: 1
⏱️  data_loading:
   Total: 0.002s | Avg: 0.0001s | Calls: 16
   Min: 0.0001s | Max: 0.0003s
⏱️  sample_saving:
   Total: 0.033s | Avg: 0.0033s | Calls: 10
   Min: 0.0027s | Max: 0.0045s
⏱️  data_transfer:
   Total: 0.001s | Avg: 0.0001s | Calls: 16
   Min: 0.0000s | Max: 0.0001s
⏱️  model_inference:
   Total: 0.323s | Avg: 0.0202s | Calls: 16
   Min: 0.0168s | Max: 0.0303s
⏱️  feature_processing:
   Total: 19.777s | Avg: 1.2361s | Calls: 16
   Min: 0.6094s | Max: 1.2933s
⏱️  feature_accumulation:
   Total: 0.000s | Avg: 0.0000s | Calls: 16
   Min: 0.0000s | Max: 0.0000s
⏱️  batch_processing:
   Total: 20.960s | Avg: 1.3100s | Calls: 16
   Min: 0.7599s | Max: 1.9796s
⏱️  feature_combining:
   Total: 0.008s | Avg: 0.0040s | Calls: 2
   Min: 0.0033s | Max: 0.0047s
⏱️  hdf5_writing:
   Total: 0.595s | Avg: 0.2976s | Calls: 2
   Min: 0.0297s | Max: 0.5655s
⏱️  memory_cleanup:
   Total: 0.223s | Avg: 0.1113s | Calls: 2
   Min: 0.1030s | Max: 0.1195s
⏱️  total_computation:
   Total: 65.156s | Avg: 65.1563s | Calls: 1
⏱️  slide_processing:
   Total: 65.156s | Avg: 65.1564s | Calls: 1

🚨 BOTTLENECK ANALYSIS (Total Runtime: 173.046s):
   🔥 slide_processing: 65.156s (37.7%)
   🔥 total_computation: 65.156s (37.7%)
   🔥 batch_processing: 20.960s (12.1%)
   🔥 feature_processing: 19.777s (11.4%)

📊 OPERATION COUNTS:
   hdf5_write_operations: 2
   patches_processed: 7,926
   GPU Memory - Max: 4226.2MB | Avg: 3643.5MB

💡 OPTIMIZATION RECOMMENDATIONS:
================================================================================
📊 Features shape: (7926, 1536), Coords shape: (7926, 2)
💾 Saved features to /nemo/project/proj-tracerx-lung/tctProjects/kilimo/TracerX_WSIs/10X/uni_v2/pt_files/LTX0108_SU.pt

🔄 Processing slide 22/121: LTX0118_10_SU
downsample [1. 1.]
downsampled_level_dim [72960 56320]
level_dim [72960 56320]
name LTX0118_10_SU
patch_level 0
patch_size 580
save_path /nemo/project/proj-tracerx-lung/tctProjects/kilimo/TracerX_WSIs/10X/patches/patches

feature extraction settings
transformations:  Compose(
    Resize(size=224, interpolation=bilinear, max_size=None, antialias=True)
    CenterCrop(size=(224, 224))
    MaybeToTensor()
    Normalize(mean=tensor([0.4850, 0.4560, 0.4060]), std=tensor([0.2290, 0.2240, 0.2250]))
)
📦 Dataset size: 4385 patches, 9 batches
🔍 Processing a total of 9 batches with profiling enabled
Saving random samples to /nemo/project/proj-tracerx-lung/tctProjects/kilimo/TracerX_WSIs/10X/uni_v2/samples/LTX0118_10_SU
Saved 9/10 random sample images for slide LTX0118_10_SU
✅ Features extracted in 41.7s

================================================================================
🔍 PERFORMANCE PROFILING SUMMARY - LTX0118_10_SU
================================================================================
⏱️  wsi_loading:
   Total: 1.379s | Avg: 1.3793s | Calls: 1
⏱️  dataset_creation:
   Total: 0.088s | Avg: 0.0883s | Calls: 1
⏱️  data_loading:
   Total: 0.001s | Avg: 0.0001s | Calls: 9
   Min: 0.0001s | Max: 0.0002s
⏱️  sample_saving:
   Total: 0.037s | Avg: 0.0041s | Calls: 9
   Min: 0.0025s | Max: 0.0086s
⏱️  data_transfer:
   Total: 0.001s | Avg: 0.0001s | Calls: 9
   Min: 0.0000s | Max: 0.0001s
⏱️  model_inference:
   Total: 0.172s | Avg: 0.0191s | Calls: 9
   Min: 0.0170s | Max: 0.0285s
⏱️  feature_processing:
   Total: 10.968s | Avg: 1.2187s | Calls: 9
   Min: 0.7166s | Max: 1.2986s
⏱️  feature_accumulation:
   Total: 0.000s | Avg: 0.0000s | Calls: 9
   Min: 0.0000s | Max: 0.0000s
⏱️  batch_processing:
   Total: 12.426s | Avg: 1.3807s | Calls: 9
   Min: 1.2963s | Max: 1.9823s
⏱️  feature_combining:
   Total: 0.006s | Avg: 0.0061s | Calls: 1
⏱️  hdf5_writing:
   Total: 1.127s | Avg: 1.1270s | Calls: 1
⏱️  memory_cleanup:
   Total: 0.117s | Avg: 0.1166s | Calls: 1
⏱️  total_computation:
   Total: 40.215s | Avg: 40.2148s | Calls: 1
⏱️  slide_processing:
   Total: 40.215s | Avg: 40.2149s | Calls: 1

🚨 BOTTLENECK ANALYSIS (Total Runtime: 106.752s):
   🔥 slide_processing: 40.215s (37.7%)
   🔥 total_computation: 40.215s (37.7%)
   🔥 batch_processing: 12.426s (11.6%)
   🔥 feature_processing: 10.968s (10.3%)

📊 OPERATION COUNTS:
   hdf5_write_operations: 1
   patches_processed: 4,385
   GPU Memory - Max: 4097.1MB | Avg: 3364.5MB

💡 OPTIMIZATION RECOMMENDATIONS:
================================================================================
📊 Features shape: (4385, 1536), Coords shape: (4385, 2)
💾 Saved features to /nemo/project/proj-tracerx-lung/tctProjects/kilimo/TracerX_WSIs/10X/uni_v2/pt_files/LTX0118_10_SU.pt

🔄 Processing slide 23/121: LTX0125_1A_SU
downsample [1. 1.]
downsampled_level_dim [72960 56320]
level_dim [72960 56320]
name LTX0125_1A_SU
patch_level 0
patch_size 580
save_path /nemo/project/proj-tracerx-lung/tctProjects/kilimo/TracerX_WSIs/10X/patches/patches

feature extraction settings
transformations:  Compose(
    Resize(size=224, interpolation=bilinear, max_size=None, antialias=True)
    CenterCrop(size=(224, 224))
    MaybeToTensor()
    Normalize(mean=tensor([0.4850, 0.4560, 0.4060]), std=tensor([0.2290, 0.2240, 0.2250]))
)
📦 Dataset size: 6783 patches, 14 batches
🔍 Processing a total of 14 batches with profiling enabled
Saving random samples to /nemo/project/proj-tracerx-lung/tctProjects/kilimo/TracerX_WSIs/10X/uni_v2/samples/LTX0125_1A_SU
Saved 10/10 random sample images for slide LTX0125_1A_SU
✅ Features extracted in 58.6s

================================================================================
🔍 PERFORMANCE PROFILING SUMMARY - LTX0125_1A_SU
================================================================================
⏱️  wsi_loading:
   Total: 0.553s | Avg: 0.5534s | Calls: 1
⏱️  dataset_creation:
   Total: 0.117s | Avg: 0.1168s | Calls: 1
⏱️  data_loading:
   Total: 0.002s | Avg: 0.0001s | Calls: 14
   Min: 0.0001s | Max: 0.0003s
⏱️  sample_saving:
   Total: 0.031s | Avg: 0.0031s | Calls: 10
   Min: 0.0027s | Max: 0.0039s
⏱️  data_transfer:
   Total: 0.001s | Avg: 0.0001s | Calls: 14
   Min: 0.0000s | Max: 0.0002s
⏱️  model_inference:
   Total: 0.264s | Avg: 0.0189s | Calls: 14
   Min: 0.0165s | Max: 0.0274s
⏱️  feature_processing:
   Total: 16.974s | Avg: 1.2124s | Calls: 14
   Min: 0.3112s | Max: 1.2968s
⏱️  feature_accumulation:
   Total: 0.000s | Avg: 0.0000s | Calls: 14
   Min: 0.0000s | Max: 0.0000s
⏱️  batch_processing:
   Total: 17.653s | Avg: 1.2609s | Calls: 14
   Min: 0.4602s | Max: 1.5652s
⏱️  feature_combining:
   Total: 0.007s | Avg: 0.0036s | Calls: 2
   Min: 0.0015s | Max: 0.0057s
⏱️  hdf5_writing:
   Total: 0.163s | Avg: 0.0815s | Calls: 2
   Min: 0.0339s | Max: 0.1290s
⏱️  memory_cleanup:
   Total: 0.213s | Avg: 0.1067s | Calls: 2
   Min: 0.0975s | Max: 0.1159s
⏱️  total_computation:
   Total: 57.955s | Avg: 57.9545s | Calls: 1
⏱️  slide_processing:
   Total: 57.955s | Avg: 57.9546s | Calls: 1

🚨 BOTTLENECK ANALYSIS (Total Runtime: 151.887s):
   🔥 slide_processing: 57.955s (38.2%)
   🔥 total_computation: 57.955s (38.2%)
   🔥 batch_processing: 17.653s (11.6%)
   🔥 feature_processing: 16.974s (11.2%)

📊 OPERATION COUNTS:
   hdf5_write_operations: 2
   patches_processed: 6,783
   GPU Memory - Max: 4226.2MB | Avg: 3620.6MB

💡 OPTIMIZATION RECOMMENDATIONS:
================================================================================
📊 Features shape: (6783, 1536), Coords shape: (6783, 2)
💾 Saved features to /nemo/project/proj-tracerx-lung/tctProjects/kilimo/TracerX_WSIs/10X/uni_v2/pt_files/LTX0125_1A_SU.pt

🔄 Processing slide 24/121: LTX0137_A2_SU
downsample [1. 1.]
downsampled_level_dim [61440 38016]
level_dim [61440 38016]
name LTX0137_A2_SU
patch_level 0
patch_size 580
save_path /nemo/project/proj-tracerx-lung/tctProjects/kilimo/TracerX_WSIs/10X/patches/patches

feature extraction settings
transformations:  Compose(
    Resize(size=224, interpolation=bilinear, max_size=None, antialias=True)
    CenterCrop(size=(224, 224))
    MaybeToTensor()
    Normalize(mean=tensor([0.4850, 0.4560, 0.4060]), std=tensor([0.2290, 0.2240, 0.2250]))
)
📦 Dataset size: 2497 patches, 5 batches
🔍 Processing a total of 5 batches with profiling enabled
Saving random samples to /nemo/project/proj-tracerx-lung/tctProjects/kilimo/TracerX_WSIs/10X/uni_v2/samples/LTX0137_A2_SU
Saved 5/10 random sample images for slide LTX0137_A2_SU
✅ Features extracted in 26.6s

================================================================================
🔍 PERFORMANCE PROFILING SUMMARY - LTX0137_A2_SU
================================================================================
⏱️  wsi_loading:
   Total: 0.398s | Avg: 0.3979s | Calls: 1
⏱️  dataset_creation:
   Total: 0.107s | Avg: 0.1074s | Calls: 1
⏱️  data_loading:
   Total: 0.001s | Avg: 0.0002s | Calls: 5
   Min: 0.0001s | Max: 0.0004s
⏱️  sample_saving:
   Total: 0.016s | Avg: 0.0033s | Calls: 5
   Min: 0.0029s | Max: 0.0040s
⏱️  data_transfer:
   Total: 0.000s | Avg: 0.0001s | Calls: 5
   Min: 0.0000s | Max: 0.0001s
⏱️  model_inference:
   Total: 0.090s | Avg: 0.0180s | Calls: 5
   Min: 0.0168s | Max: 0.0209s
⏱️  feature_processing:
   Total: 6.246s | Avg: 1.2492s | Calls: 5
   Min: 1.1234s | Max: 1.2923s
⏱️  feature_accumulation:
   Total: 0.000s | Avg: 0.0000s | Calls: 5
   Min: 0.0000s | Max: 0.0000s
⏱️  batch_processing:
   Total: 6.500s | Avg: 1.3000s | Calls: 5
   Min: 1.2906s | Max: 1.3179s
⏱️  feature_combining:
   Total: 0.005s | Avg: 0.0048s | Calls: 1
⏱️  hdf5_writing:
   Total: 0.030s | Avg: 0.0302s | Calls: 1
⏱️  memory_cleanup:
   Total: 0.114s | Avg: 0.1144s | Calls: 1
⏱️  total_computation:
   Total: 26.052s | Avg: 26.0522s | Calls: 1
⏱️  slide_processing:
   Total: 26.052s | Avg: 26.0522s | Calls: 1

🚨 BOTTLENECK ANALYSIS (Total Runtime: 65.612s):
   🔥 slide_processing: 26.052s (39.7%)
   🔥 total_computation: 26.052s (39.7%)
   🔥 batch_processing: 6.500s (9.9%)
   🔥 feature_processing: 6.246s (9.5%)

📊 OPERATION COUNTS:
   hdf5_write_operations: 1
   patches_processed: 2,497
   GPU Memory - Max: 4192.0MB | Avg: 3412.0MB

💡 OPTIMIZATION RECOMMENDATIONS:
================================================================================
📊 Features shape: (2497, 1536), Coords shape: (2497, 2)
💾 Saved features to /nemo/project/proj-tracerx-lung/tctProjects/kilimo/TracerX_WSIs/10X/uni_v2/pt_files/LTX0137_A2_SU.pt

🔄 Processing slide 25/121: LTX0144_F5_SU
downsample [1. 1.]
downsampled_level_dim [72960 56320]
level_dim [72960 56320]
name LTX0144_F5_SU
patch_level 0
patch_size 580
save_path /nemo/project/proj-tracerx-lung/tctProjects/kilimo/TracerX_WSIs/10X/patches/patches

feature extraction settings
transformations:  Compose(
    Resize(size=224, interpolation=bilinear, max_size=None, antialias=True)
    CenterCrop(size=(224, 224))
    MaybeToTensor()
    Normalize(mean=tensor([0.4850, 0.4560, 0.4060]), std=tensor([0.2290, 0.2240, 0.2250]))
)
📦 Dataset size: 7911 patches, 16 batches
🔍 Processing a total of 16 batches with profiling enabled
Saving random samples to /nemo/project/proj-tracerx-lung/tctProjects/kilimo/TracerX_WSIs/10X/uni_v2/samples/LTX0144_F5_SU
Saved 10/10 random sample images for slide LTX0144_F5_SU
✅ Features extracted in 59.6s

================================================================================
🔍 PERFORMANCE PROFILING SUMMARY - LTX0144_F5_SU
================================================================================
⏱️  wsi_loading:
   Total: 0.518s | Avg: 0.5182s | Calls: 1
⏱️  dataset_creation:
   Total: 0.125s | Avg: 0.1252s | Calls: 1
⏱️  data_loading:
   Total: 0.002s | Avg: 0.0001s | Calls: 16
   Min: 0.0001s | Max: 0.0003s
⏱️  sample_saving:
   Total: 0.093s | Avg: 0.0093s | Calls: 10
   Min: 0.0029s | Max: 0.0593s
⏱️  data_transfer:
   Total: 0.001s | Avg: 0.0001s | Calls: 16
   Min: 0.0000s | Max: 0.0002s
⏱️  model_inference:
   Total: 0.318s | Avg: 0.0199s | Calls: 16
   Min: 0.0166s | Max: 0.0312s
⏱️  feature_processing:
   Total: 19.772s | Avg: 1.2358s | Calls: 16
   Min: 0.5719s | Max: 1.2908s
⏱️  feature_accumulation:
   Total: 0.000s | Avg: 0.0000s | Calls: 16
   Min: 0.0000s | Max: 0.0000s
⏱️  batch_processing:
   Total: 20.701s | Avg: 1.2938s | Calls: 16
   Min: 0.7344s | Max: 1.6811s
⏱️  feature_combining:
   Total: 0.012s | Avg: 0.0058s | Calls: 2
   Min: 0.0039s | Max: 0.0077s
⏱️  hdf5_writing:
   Total: 0.269s | Avg: 0.1347s | Calls: 2
   Min: 0.0309s | Max: 0.2385s
⏱️  memory_cleanup:
   Total: 0.239s | Avg: 0.1195s | Calls: 2
   Min: 0.1109s | Max: 0.1282s
⏱️  total_computation:
   Total: 59.004s | Avg: 59.0044s | Calls: 1
⏱️  slide_processing:
   Total: 59.005s | Avg: 59.0045s | Calls: 1

🚨 BOTTLENECK ANALYSIS (Total Runtime: 160.060s):
   🔥 slide_processing: 59.005s (36.9%)
   🔥 total_computation: 59.004s (36.9%)
   🔥 batch_processing: 20.701s (12.9%)
   🔥 feature_processing: 19.772s (12.4%)

📊 OPERATION COUNTS:
   hdf5_write_operations: 2
   patches_processed: 7,911
   GPU Memory - Max: 4226.2MB | Avg: 3641.0MB

💡 OPTIMIZATION RECOMMENDATIONS:
================================================================================
📊 Features shape: (7911, 1536), Coords shape: (7911, 2)
💾 Saved features to /nemo/project/proj-tracerx-lung/tctProjects/kilimo/TracerX_WSIs/10X/uni_v2/pt_files/LTX0144_F5_SU.pt

🔄 Processing slide 26/121: LTX0148_A5_SU
downsample [1. 1.]
downsampled_level_dim [153600  92928]
level_dim [153600  92928]
name LTX0148_A5_SU
patch_level 0
patch_size 1161
save_path /nemo/project/proj-tracerx-lung/tctProjects/kilimo/TracerX_WSIs/10X/patches/patches

feature extraction settings
transformations:  Compose(
    Resize(size=224, interpolation=bilinear, max_size=None, antialias=True)
    CenterCrop(size=(224, 224))
    MaybeToTensor()
    Normalize(mean=tensor([0.4850, 0.4560, 0.4060]), std=tensor([0.2290, 0.2240, 0.2250]))
)
📦 Dataset size: 5832 patches, 12 batches
🔍 Processing a total of 12 batches with profiling enabled
Saving random samples to /nemo/project/proj-tracerx-lung/tctProjects/kilimo/TracerX_WSIs/10X/uni_v2/samples/LTX0148_A5_SU
Saved 10/10 random sample images for slide LTX0148_A5_SU
✅ Features extracted in 129.5s

================================================================================
🔍 PERFORMANCE PROFILING SUMMARY - LTX0148_A5_SU
================================================================================
⏱️  wsi_loading:
   Total: 0.611s | Avg: 0.6111s | Calls: 1
⏱️  dataset_creation:
   Total: 0.137s | Avg: 0.1373s | Calls: 1
⏱️  data_loading:
   Total: 0.002s | Avg: 0.0002s | Calls: 12
   Min: 0.0001s | Max: 0.0003s
⏱️  sample_saving:
   Total: 0.037s | Avg: 0.0037s | Calls: 10
   Min: 0.0030s | Max: 0.0057s
⏱️  data_transfer:
   Total: 0.001s | Avg: 0.0001s | Calls: 12
   Min: 0.0000s | Max: 0.0001s
⏱️  model_inference:
   Total: 0.241s | Avg: 0.0201s | Calls: 12
   Min: 0.0166s | Max: 0.0280s
⏱️  feature_processing:
   Total: 14.593s | Avg: 1.2161s | Calls: 12
   Min: 0.4951s | Max: 1.2902s
⏱️  feature_accumulation:
   Total: 0.000s | Avg: 0.0000s | Calls: 12
   Min: 0.0000s | Max: 0.0000s
⏱️  batch_processing:
   Total: 15.448s | Avg: 1.2874s | Calls: 12
   Min: 0.9262s | Max: 1.4674s
⏱️  feature_combining:
   Total: 0.009s | Avg: 0.0046s | Calls: 2
   Min: 0.0008s | Max: 0.0084s
⏱️  hdf5_writing:
   Total: 0.352s | Avg: 0.1758s | Calls: 2
   Min: 0.0375s | Max: 0.3141s
⏱️  memory_cleanup:
   Total: 0.217s | Avg: 0.1086s | Calls: 2
   Min: 0.0994s | Max: 0.1179s
⏱️  total_computation:
   Total: 128.732s | Avg: 128.7317s | Calls: 1
⏱️  slide_processing:
   Total: 128.732s | Avg: 128.7318s | Calls: 1

🚨 BOTTLENECK ANALYSIS (Total Runtime: 289.112s):
   🔥 slide_processing: 128.732s (44.5%)
   🔥 total_computation: 128.732s (44.5%)
   🔥 batch_processing: 15.448s (5.3%)
   🔥 feature_processing: 14.593s (5.0%)

📊 OPERATION COUNTS:
   hdf5_write_operations: 2
   patches_processed: 5,832
   GPU Memory - Max: 4226.2MB | Avg: 3634.9MB

💡 OPTIMIZATION RECOMMENDATIONS:
================================================================================
📊 Features shape: (5832, 1536), Coords shape: (5832, 2)
💾 Saved features to /nemo/project/proj-tracerx-lung/tctProjects/kilimo/TracerX_WSIs/10X/uni_v2/pt_files/LTX0148_A5_SU.pt

🔄 Processing slide 27/121: LTX0151_A2_SU
downsample [1. 1.]
downsampled_level_dim [142080 104192]
level_dim [142080 104192]
name LTX0151_A2_SU
patch_level 0
patch_size 1161
save_path /nemo/project/proj-tracerx-lung/tctProjects/kilimo/TracerX_WSIs/10X/patches/patches

feature extraction settings
transformations:  Compose(
    Resize(size=224, interpolation=bilinear, max_size=None, antialias=True)
    CenterCrop(size=(224, 224))
    MaybeToTensor()
    Normalize(mean=tensor([0.4850, 0.4560, 0.4060]), std=tensor([0.2290, 0.2240, 0.2250]))
)
📦 Dataset size: 6119 patches, 12 batches
🔍 Processing a total of 12 batches with profiling enabled
Saving random samples to /nemo/project/proj-tracerx-lung/tctProjects/kilimo/TracerX_WSIs/10X/uni_v2/samples/LTX0151_A2_SU
Saved 8/10 random sample images for slide LTX0151_A2_SU
✅ Features extracted in 147.6s

================================================================================
🔍 PERFORMANCE PROFILING SUMMARY - LTX0151_A2_SU
================================================================================
⏱️  wsi_loading:
   Total: 1.177s | Avg: 1.1770s | Calls: 1
⏱️  dataset_creation:
   Total: 0.101s | Avg: 0.1013s | Calls: 1
⏱️  data_loading:
   Total: 0.002s | Avg: 0.0001s | Calls: 12
   Min: 0.0001s | Max: 0.0003s
⏱️  sample_saving:
   Total: 0.331s | Avg: 0.0414s | Calls: 8
   Min: 0.0028s | Max: 0.3076s
⏱️  data_transfer:
   Total: 0.001s | Avg: 0.0001s | Calls: 12
   Min: 0.0000s | Max: 0.0001s
⏱️  model_inference:
   Total: 0.234s | Avg: 0.0195s | Calls: 12
   Min: 0.0167s | Max: 0.0294s
⏱️  feature_processing:
   Total: 15.274s | Avg: 1.2728s | Calls: 12
   Min: 1.2124s | Max: 1.2983s
⏱️  feature_accumulation:
   Total: 0.000s | Avg: 0.0000s | Calls: 12
   Min: 0.0000s | Max: 0.0000s
⏱️  batch_processing:
   Total: 16.428s | Avg: 1.3690s | Calls: 12
   Min: 1.2927s | Max: 1.6604s
⏱️  feature_combining:
   Total: 0.007s | Avg: 0.0033s | Calls: 2
   Min: 0.0005s | Max: 0.0062s
⏱️  hdf5_writing:
   Total: 0.367s | Avg: 0.1837s | Calls: 2
   Min: 0.0364s | Max: 0.3310s
⏱️  memory_cleanup:
   Total: 0.214s | Avg: 0.1070s | Calls: 2
   Min: 0.0975s | Max: 0.1166s
⏱️  total_computation:
   Total: 146.369s | Avg: 146.3693s | Calls: 1
⏱️  slide_processing:
   Total: 146.369s | Avg: 146.3694s | Calls: 1

🚨 BOTTLENECK ANALYSIS (Total Runtime: 326.875s):
   🔥 slide_processing: 146.369s (44.8%)
   🔥 total_computation: 146.369s (44.8%)
   🔥 batch_processing: 16.428s (5.0%)

📊 OPERATION COUNTS:
   hdf5_write_operations: 2
   patches_processed: 6,119
   GPU Memory - Max: 4226.2MB | Avg: 3690.6MB

💡 OPTIMIZATION RECOMMENDATIONS:
================================================================================
📊 Features shape: (6119, 1536), Coords shape: (6119, 2)
💾 Saved features to /nemo/project/proj-tracerx-lung/tctProjects/kilimo/TracerX_WSIs/10X/uni_v2/pt_files/LTX0151_A2_SU.pt

🔄 Processing slide 28/121: LTX0156_A3_SU
downsample [1. 1.]
downsampled_level_dim [72960 56320]
level_dim [72960 56320]
name LTX0156_A3_SU
patch_level 0
patch_size 580
save_path /nemo/project/proj-tracerx-lung/tctProjects/kilimo/TracerX_WSIs/10X/patches/patches

feature extraction settings
transformations:  Compose(
    Resize(size=224, interpolation=bilinear, max_size=None, antialias=True)
    CenterCrop(size=(224, 224))
    MaybeToTensor()
    Normalize(mean=tensor([0.4850, 0.4560, 0.4060]), std=tensor([0.2290, 0.2240, 0.2250]))
)
📦 Dataset size: 7709 patches, 16 batches
🔍 Processing a total of 16 batches with profiling enabled
Saving random samples to /nemo/project/proj-tracerx-lung/tctProjects/kilimo/TracerX_WSIs/10X/uni_v2/samples/LTX0156_A3_SU
Saved 10/10 random sample images for slide LTX0156_A3_SU
✅ Features extracted in 66.3s

================================================================================
🔍 PERFORMANCE PROFILING SUMMARY - LTX0156_A3_SU
================================================================================
⏱️  wsi_loading:
   Total: 1.231s | Avg: 1.2305s | Calls: 1
⏱️  dataset_creation:
   Total: 0.141s | Avg: 0.1413s | Calls: 1
⏱️  data_loading:
   Total: 0.002s | Avg: 0.0001s | Calls: 16
   Min: 0.0001s | Max: 0.0003s
⏱️  sample_saving:
   Total: 0.057s | Avg: 0.0057s | Calls: 10
   Min: 0.0027s | Max: 0.0224s
⏱️  data_transfer:
   Total: 0.001s | Avg: 0.0001s | Calls: 16
   Min: 0.0000s | Max: 0.0002s
⏱️  model_inference:
   Total: 0.314s | Avg: 0.0196s | Calls: 16
   Min: 0.0158s | Max: 0.0306s
⏱️  feature_processing:
   Total: 19.236s | Avg: 1.2022s | Calls: 16
   Min: 0.0670s | Max: 1.3006s
⏱️  feature_accumulation:
   Total: 0.000s | Avg: 0.0000s | Calls: 16
   Min: 0.0000s | Max: 0.0000s
⏱️  batch_processing:
   Total: 20.416s | Avg: 1.2760s | Calls: 16
   Min: 0.2160s | Max: 1.9691s
⏱️  feature_combining:
   Total: 0.012s | Avg: 0.0060s | Calls: 2
   Min: 0.0016s | Max: 0.0103s
⏱️  hdf5_writing:
   Total: 0.582s | Avg: 0.2908s | Calls: 2
   Min: 0.0288s | Max: 0.5528s
⏱️  memory_cleanup:
   Total: 0.220s | Avg: 0.1099s | Calls: 2
   Min: 0.1034s | Max: 0.1163s
⏱️  total_computation:
   Total: 64.897s | Avg: 64.8972s | Calls: 1
⏱️  slide_processing:
   Total: 64.897s | Avg: 64.8973s | Calls: 1

🚨 BOTTLENECK ANALYSIS (Total Runtime: 172.006s):
   🔥 slide_processing: 64.897s (37.7%)
   🔥 total_computation: 64.897s (37.7%)
   🔥 batch_processing: 20.416s (11.9%)
   🔥 feature_processing: 19.236s (11.2%)

📊 OPERATION COUNTS:
   hdf5_write_operations: 2
   patches_processed: 7,709
   GPU Memory - Max: 4226.2MB | Avg: 3602.2MB

💡 OPTIMIZATION RECOMMENDATIONS:
================================================================================
📊 Features shape: (7709, 1536), Coords shape: (7709, 2)
💾 Saved features to /nemo/project/proj-tracerx-lung/tctProjects/kilimo/TracerX_WSIs/10X/uni_v2/pt_files/LTX0156_A3_SU.pt

🔄 Processing slide 29/121: LTX0160_B6_SU
downsample [1. 1.]
downsampled_level_dim [72960 56320]
level_dim [72960 56320]
name LTX0160_B6_SU
patch_level 0
patch_size 580
save_path /nemo/project/proj-tracerx-lung/tctProjects/kilimo/TracerX_WSIs/10X/patches/patches

feature extraction settings
transformations:  Compose(
    Resize(size=224, interpolation=bilinear, max_size=None, antialias=True)
    CenterCrop(size=(224, 224))
    MaybeToTensor()
    Normalize(mean=tensor([0.4850, 0.4560, 0.4060]), std=tensor([0.2290, 0.2240, 0.2250]))
)
📦 Dataset size: 6059 patches, 12 batches
🔍 Processing a total of 12 batches with profiling enabled
Saving random samples to /nemo/project/proj-tracerx-lung/tctProjects/kilimo/TracerX_WSIs/10X/uni_v2/samples/LTX0160_B6_SU
Saved 10/10 random sample images for slide LTX0160_B6_SU
✅ Features extracted in 56.1s

================================================================================
🔍 PERFORMANCE PROFILING SUMMARY - LTX0160_B6_SU
================================================================================
⏱️  wsi_loading:
   Total: 1.388s | Avg: 1.3880s | Calls: 1
⏱️  dataset_creation:
   Total: 0.195s | Avg: 0.1952s | Calls: 1
⏱️  data_loading:
   Total: 0.002s | Avg: 0.0002s | Calls: 12
   Min: 0.0001s | Max: 0.0003s
⏱️  sample_saving:
   Total: 0.037s | Avg: 0.0037s | Calls: 10
   Min: 0.0028s | Max: 0.0058s
⏱️  data_transfer:
   Total: 0.001s | Avg: 0.0001s | Calls: 12
   Min: 0.0000s | Max: 0.0001s
⏱️  model_inference:
   Total: 0.236s | Avg: 0.0196s | Calls: 12
   Min: 0.0172s | Max: 0.0281s
⏱️  feature_processing:
   Total: 15.167s | Avg: 1.2639s | Calls: 12
   Min: 1.0637s | Max: 1.2963s
⏱️  feature_accumulation:
   Total: 0.000s | Avg: 0.0000s | Calls: 12
   Min: 0.0000s | Max: 0.0000s
⏱️  batch_processing:
   Total: 16.588s | Avg: 1.3824s | Calls: 12
   Min: 1.2959s | Max: 2.0149s
⏱️  feature_combining:
   Total: 0.007s | Avg: 0.0033s | Calls: 2
   Min: 0.0012s | Max: 0.0054s
⏱️  hdf5_writing:
   Total: 0.924s | Avg: 0.4618s | Calls: 2
   Min: 0.3321s | Max: 0.5916s
⏱️  memory_cleanup:
   Total: 0.217s | Avg: 0.1085s | Calls: 2
   Min: 0.1024s | Max: 0.1147s
⏱️  total_computation:
   Total: 54.528s | Avg: 54.5276s | Calls: 1
⏱️  slide_processing:
   Total: 54.528s | Avg: 54.5277s | Calls: 1

🚨 BOTTLENECK ANALYSIS (Total Runtime: 143.817s):
   🔥 slide_processing: 54.528s (37.9%)
   🔥 total_computation: 54.528s (37.9%)
   🔥 batch_processing: 16.588s (11.5%)
   🔥 feature_processing: 15.167s (10.5%)

📊 OPERATION COUNTS:
   hdf5_write_operations: 2
   patches_processed: 6,059
   GPU Memory - Max: 4226.2MB | Avg: 3678.6MB

💡 OPTIMIZATION RECOMMENDATIONS:
================================================================================
📊 Features shape: (6059, 1536), Coords shape: (6059, 2)
💾 Saved features to /nemo/project/proj-tracerx-lung/tctProjects/kilimo/TracerX_WSIs/10X/uni_v2/pt_files/LTX0160_B6_SU.pt

🔄 Processing slide 30/121: LTX0162_A3_SU
downsample [1. 1.]
downsampled_level_dim [72960 56320]
level_dim [72960 56320]
name LTX0162_A3_SU
patch_level 0
patch_size 580
save_path /nemo/project/proj-tracerx-lung/tctProjects/kilimo/TracerX_WSIs/10X/patches/patches

feature extraction settings
transformations:  Compose(
    Resize(size=224, interpolation=bilinear, max_size=None, antialias=True)
    CenterCrop(size=(224, 224))
    MaybeToTensor()
    Normalize(mean=tensor([0.4850, 0.4560, 0.4060]), std=tensor([0.2290, 0.2240, 0.2250]))
)
📦 Dataset size: 2172 patches, 5 batches
🔍 Processing a total of 5 batches with profiling enabled
Saving random samples to /nemo/project/proj-tracerx-lung/tctProjects/kilimo/TracerX_WSIs/10X/uni_v2/samples/LTX0162_A3_SU
Saved 5/10 random sample images for slide LTX0162_A3_SU
✅ Features extracted in 23.4s

================================================================================
🔍 PERFORMANCE PROFILING SUMMARY - LTX0162_A3_SU
================================================================================
⏱️  wsi_loading:
   Total: 1.304s | Avg: 1.3037s | Calls: 1
⏱️  dataset_creation:
   Total: 0.106s | Avg: 0.1057s | Calls: 1
⏱️  data_loading:
   Total: 0.001s | Avg: 0.0002s | Calls: 5
   Min: 0.0001s | Max: 0.0003s
⏱️  sample_saving:
   Total: 0.018s | Avg: 0.0036s | Calls: 5
   Min: 0.0026s | Max: 0.0065s
⏱️  data_transfer:
   Total: 0.000s | Avg: 0.0001s | Calls: 5
   Min: 0.0000s | Max: 0.0001s
⏱️  model_inference:
   Total: 0.098s | Avg: 0.0197s | Calls: 5
   Min: 0.0162s | Max: 0.0302s
⏱️  feature_processing:
   Total: 5.411s | Avg: 1.0823s | Calls: 5
   Min: 0.3040s | Max: 1.2782s
⏱️  feature_accumulation:
   Total: 0.000s | Avg: 0.0000s | Calls: 5
   Min: 0.0000s | Max: 0.0000s
⏱️  batch_processing:
   Total: 5.666s | Avg: 1.1331s | Calls: 5
   Min: 0.4583s | Max: 1.3158s
⏱️  feature_combining:
   Total: 0.004s | Avg: 0.0040s | Calls: 1
⏱️  hdf5_writing:
   Total: 0.022s | Avg: 0.0225s | Calls: 1
⏱️  memory_cleanup:
   Total: 0.112s | Avg: 0.1120s | Calls: 1
⏱️  total_computation:
   Total: 22.034s | Avg: 22.0340s | Calls: 1
⏱️  slide_processing:
   Total: 22.034s | Avg: 22.0341s | Calls: 1

🚨 BOTTLENECK ANALYSIS (Total Runtime: 56.810s):
   🔥 slide_processing: 22.034s (38.8%)
   🔥 total_computation: 22.034s (38.8%)
   🔥 batch_processing: 5.666s (10.0%)
   🔥 feature_processing: 5.411s (9.5%)

📊 OPERATION COUNTS:
   hdf5_write_operations: 1
   patches_processed: 2,172
   GPU Memory - Max: 4006.1MB | Avg: 3319.0MB

💡 OPTIMIZATION RECOMMENDATIONS:
================================================================================
📊 Features shape: (2172, 1536), Coords shape: (2172, 2)
💾 Saved features to /nemo/project/proj-tracerx-lung/tctProjects/kilimo/TracerX_WSIs/10X/uni_v2/pt_files/LTX0162_A3_SU.pt

🔄 Processing slide 31/121: LTX0164_A4_SU
downsample [1. 1.]
downsampled_level_dim [72960 56320]
level_dim [72960 56320]
name LTX0164_A4_SU
patch_level 0
patch_size 580
save_path /nemo/project/proj-tracerx-lung/tctProjects/kilimo/TracerX_WSIs/10X/patches/patches

feature extraction settings
transformations:  Compose(
    Resize(size=224, interpolation=bilinear, max_size=None, antialias=True)
    CenterCrop(size=(224, 224))
    MaybeToTensor()
    Normalize(mean=tensor([0.4850, 0.4560, 0.4060]), std=tensor([0.2290, 0.2240, 0.2250]))
)
📦 Dataset size: 4080 patches, 8 batches
🔍 Processing a total of 8 batches with profiling enabled
Saving random samples to /nemo/project/proj-tracerx-lung/tctProjects/kilimo/TracerX_WSIs/10X/uni_v2/samples/LTX0164_A4_SU
Saved 8/10 random sample images for slide LTX0164_A4_SU
✅ Features extracted in 35.7s

================================================================================
🔍 PERFORMANCE PROFILING SUMMARY - LTX0164_A4_SU
================================================================================
⏱️  wsi_loading:
   Total: 0.948s | Avg: 0.9484s | Calls: 1
⏱️  dataset_creation:
   Total: 0.100s | Avg: 0.1005s | Calls: 1
⏱️  data_loading:
   Total: 0.001s | Avg: 0.0001s | Calls: 8
   Min: 0.0001s | Max: 0.0002s
⏱️  sample_saving:
   Total: 0.024s | Avg: 0.0031s | Calls: 8
   Min: 0.0027s | Max: 0.0036s
⏱️  data_transfer:
   Total: 0.001s | Avg: 0.0001s | Calls: 8
   Min: 0.0000s | Max: 0.0001s
⏱️  model_inference:
   Total: 0.149s | Avg: 0.0186s | Calls: 8
   Min: 0.0174s | Max: 0.0229s
⏱️  feature_processing:
   Total: 10.181s | Avg: 1.2727s | Calls: 8
   Min: 1.2355s | Max: 1.2837s
⏱️  feature_accumulation:
   Total: 0.000s | Avg: 0.0000s | Calls: 8
   Min: 0.0000s | Max: 0.0000s
⏱️  batch_processing:
   Total: 11.078s | Avg: 1.3848s | Calls: 8
   Min: 1.2964s | Max: 1.9774s
⏱️  feature_combining:
   Total: 0.004s | Avg: 0.0038s | Calls: 1
⏱️  hdf5_writing:
   Total: 0.605s | Avg: 0.6048s | Calls: 1
⏱️  memory_cleanup:
   Total: 0.114s | Avg: 0.1141s | Calls: 1
⏱️  total_computation:
   Total: 34.607s | Avg: 34.6073s | Calls: 1
⏱️  slide_processing:
   Total: 34.607s | Avg: 34.6073s | Calls: 1

🚨 BOTTLENECK ANALYSIS (Total Runtime: 92.420s):
   🔥 slide_processing: 34.607s (37.4%)
   🔥 total_computation: 34.607s (37.4%)
   🔥 batch_processing: 11.078s (12.0%)
   🔥 feature_processing: 10.181s (11.0%)

📊 OPERATION COUNTS:
   hdf5_write_operations: 1
   patches_processed: 4,080
   GPU Memory - Max: 4216.3MB | Avg: 3424.1MB

💡 OPTIMIZATION RECOMMENDATIONS:
================================================================================
📊 Features shape: (4080, 1536), Coords shape: (4080, 2)
💾 Saved features to /nemo/project/proj-tracerx-lung/tctProjects/kilimo/TracerX_WSIs/10X/uni_v2/pt_files/LTX0164_A4_SU.pt

🔄 Processing slide 32/121: LTX0166_A4_SU
downsample [1. 1.]
downsampled_level_dim [72960 56320]
level_dim [72960 56320]
name LTX0166_A4_SU
patch_level 0
patch_size 580
save_path /nemo/project/proj-tracerx-lung/tctProjects/kilimo/TracerX_WSIs/10X/patches/patches

feature extraction settings
transformations:  Compose(
    Resize(size=224, interpolation=bilinear, max_size=None, antialias=True)
    CenterCrop(size=(224, 224))
    MaybeToTensor()
    Normalize(mean=tensor([0.4850, 0.4560, 0.4060]), std=tensor([0.2290, 0.2240, 0.2250]))
)
📦 Dataset size: 4403 patches, 9 batches
🔍 Processing a total of 9 batches with profiling enabled
Saving random samples to /nemo/project/proj-tracerx-lung/tctProjects/kilimo/TracerX_WSIs/10X/uni_v2/samples/LTX0166_A4_SU
Saved 9/10 random sample images for slide LTX0166_A4_SU
✅ Features extracted in 38.5s

================================================================================
🔍 PERFORMANCE PROFILING SUMMARY - LTX0166_A4_SU
================================================================================
⏱️  wsi_loading:
   Total: 1.204s | Avg: 1.2043s | Calls: 1
⏱️  dataset_creation:
   Total: 0.134s | Avg: 0.1337s | Calls: 1
⏱️  data_loading:
   Total: 0.001s | Avg: 0.0001s | Calls: 9
   Min: 0.0001s | Max: 0.0003s
⏱️  sample_saving:
   Total: 0.321s | Avg: 0.0357s | Calls: 9
   Min: 0.0025s | Max: 0.2929s
⏱️  data_transfer:
   Total: 0.001s | Avg: 0.0001s | Calls: 9
   Min: 0.0000s | Max: 0.0002s
⏱️  model_inference:
   Total: 0.167s | Avg: 0.0186s | Calls: 9
   Min: 0.0168s | Max: 0.0264s
⏱️  feature_processing:
   Total: 10.987s | Avg: 1.2208s | Calls: 9
   Min: 0.7624s | Max: 1.2918s
⏱️  feature_accumulation:
   Total: 0.000s | Avg: 0.0000s | Calls: 9
   Min: 0.0000s | Max: 0.0000s
⏱️  batch_processing:
   Total: 12.111s | Avg: 1.3456s | Calls: 9
   Min: 1.2959s | Max: 1.5879s
⏱️  feature_combining:
   Total: 0.006s | Avg: 0.0057s | Calls: 1
⏱️  hdf5_writing:
   Total: 0.516s | Avg: 0.5161s | Calls: 1
⏱️  memory_cleanup:
   Total: 0.114s | Avg: 0.1142s | Calls: 1
⏱️  total_computation:
   Total: 37.182s | Avg: 37.1820s | Calls: 1
⏱️  slide_processing:
   Total: 37.182s | Avg: 37.1820s | Calls: 1

🚨 BOTTLENECK ANALYSIS (Total Runtime: 99.926s):
   🔥 slide_processing: 37.182s (37.2%)
   🔥 total_computation: 37.182s (37.2%)
   🔥 batch_processing: 12.111s (12.1%)
   🔥 feature_processing: 10.987s (11.0%)

📊 OPERATION COUNTS:
   hdf5_write_operations: 1
   patches_processed: 4,403
   GPU Memory - Max: 4107.7MB | Avg: 3369.8MB

💡 OPTIMIZATION RECOMMENDATIONS:
================================================================================
📊 Features shape: (4403, 1536), Coords shape: (4403, 2)
💾 Saved features to /nemo/project/proj-tracerx-lung/tctProjects/kilimo/TracerX_WSIs/10X/uni_v2/pt_files/LTX0166_A4_SU.pt

🔄 Processing slide 33/121: LTX0170_A6_SU
downsample [1. 1.]
downsampled_level_dim [72960 56320]
level_dim [72960 56320]
name LTX0170_A6_SU
patch_level 0
patch_size 580
save_path /nemo/project/proj-tracerx-lung/tctProjects/kilimo/TracerX_WSIs/10X/patches/patches

feature extraction settings
transformations:  Compose(
    Resize(size=224, interpolation=bilinear, max_size=None, antialias=True)
    CenterCrop(size=(224, 224))
    MaybeToTensor()
    Normalize(mean=tensor([0.4850, 0.4560, 0.4060]), std=tensor([0.2290, 0.2240, 0.2250]))
)
📦 Dataset size: 2802 patches, 6 batches
🔍 Processing a total of 6 batches with profiling enabled
Saving random samples to /nemo/project/proj-tracerx-lung/tctProjects/kilimo/TracerX_WSIs/10X/uni_v2/samples/LTX0170_A6_SU
Saved 6/10 random sample images for slide LTX0170_A6_SU
✅ Features extracted in 29.3s

================================================================================
🔍 PERFORMANCE PROFILING SUMMARY - LTX0170_A6_SU
================================================================================
⏱️  wsi_loading:
   Total: 1.215s | Avg: 1.2153s | Calls: 1
⏱️  dataset_creation:
   Total: 0.152s | Avg: 0.1520s | Calls: 1
⏱️  data_loading:
   Total: 0.001s | Avg: 0.0002s | Calls: 6
   Min: 0.0001s | Max: 0.0002s
⏱️  sample_saving:
   Total: 0.264s | Avg: 0.0439s | Calls: 6
   Min: 0.0026s | Max: 0.2452s
⏱️  data_transfer:
   Total: 0.000s | Avg: 0.0001s | Calls: 6
   Min: 0.0001s | Max: 0.0001s
⏱️  model_inference:
   Total: 0.109s | Avg: 0.0181s | Calls: 6
   Min: 0.0173s | Max: 0.0202s
⏱️  feature_processing:
   Total: 7.021s | Avg: 1.1701s | Calls: 6
   Min: 0.5990s | Max: 1.2957s
⏱️  feature_accumulation:
   Total: 0.000s | Avg: 0.0000s | Calls: 6
   Min: 0.0000s | Max: 0.0000s
⏱️  batch_processing:
   Total: 8.238s | Avg: 1.3730s | Calls: 6
   Min: 1.2967s | Max: 1.7036s
⏱️  feature_combining:
   Total: 0.005s | Avg: 0.0050s | Calls: 1
⏱️  hdf5_writing:
   Total: 0.726s | Avg: 0.7264s | Calls: 1
⏱️  memory_cleanup:
   Total: 0.115s | Avg: 0.1147s | Calls: 1
⏱️  total_computation:
   Total: 27.956s | Avg: 27.9559s | Calls: 1
⏱️  slide_processing:
   Total: 27.956s | Avg: 27.9560s | Calls: 1

🚨 BOTTLENECK ANALYSIS (Total Runtime: 73.758s):
   🔥 slide_processing: 27.956s (37.9%)
   🔥 total_computation: 27.956s (37.9%)
   🔥 batch_processing: 8.238s (11.2%)
   🔥 feature_processing: 7.021s (9.5%)

📊 OPERATION COUNTS:
   hdf5_write_operations: 1
   patches_processed: 2,802
   GPU Memory - Max: 4071.4MB | Avg: 3351.7MB

💡 OPTIMIZATION RECOMMENDATIONS:
================================================================================
📊 Features shape: (2802, 1536), Coords shape: (2802, 2)
💾 Saved features to /nemo/project/proj-tracerx-lung/tctProjects/kilimo/TracerX_WSIs/10X/uni_v2/pt_files/LTX0170_A6_SU.pt

🔄 Processing slide 34/121: LTX0172_11_SU
downsample [1. 1.]
downsampled_level_dim [92160 90112]
level_dim [92160 90112]
name LTX0172_11_SU
patch_level 0
patch_size 1161
save_path /nemo/project/proj-tracerx-lung/tctProjects/kilimo/TracerX_WSIs/10X/patches/patches

feature extraction settings
transformations:  Compose(
    Resize(size=224, interpolation=bilinear, max_size=None, antialias=True)
    CenterCrop(size=(224, 224))
    MaybeToTensor()
    Normalize(mean=tensor([0.4850, 0.4560, 0.4060]), std=tensor([0.2290, 0.2240, 0.2250]))
)
📦 Dataset size: 2924 patches, 6 batches
🔍 Processing a total of 6 batches with profiling enabled
Saving random samples to /nemo/project/proj-tracerx-lung/tctProjects/kilimo/TracerX_WSIs/10X/uni_v2/samples/LTX0172_11_SU
Saved 6/10 random sample images for slide LTX0172_11_SU
✅ Features extracted in 82.0s

================================================================================
🔍 PERFORMANCE PROFILING SUMMARY - LTX0172_11_SU
================================================================================
⏱️  wsi_loading:
   Total: 2.024s | Avg: 2.0241s | Calls: 1
⏱️  dataset_creation:
   Total: 0.110s | Avg: 0.1103s | Calls: 1
⏱️  data_loading:
   Total: 0.001s | Avg: 0.0001s | Calls: 6
   Min: 0.0001s | Max: 0.0003s
⏱️  sample_saving:
   Total: 0.022s | Avg: 0.0036s | Calls: 6
   Min: 0.0028s | Max: 0.0042s
⏱️  data_transfer:
   Total: 0.000s | Avg: 0.0001s | Calls: 6
   Min: 0.0000s | Max: 0.0001s
⏱️  model_inference:
   Total: 0.107s | Avg: 0.0179s | Calls: 6
   Min: 0.0171s | Max: 0.0206s
⏱️  feature_processing:
   Total: 7.325s | Avg: 1.2208s | Calls: 6
   Min: 0.9042s | Max: 1.2903s
⏱️  feature_accumulation:
   Total: 0.000s | Avg: 0.0000s | Calls: 6
   Min: 0.0000s | Max: 0.0000s
⏱️  batch_processing:
   Total: 7.774s | Avg: 1.2957s | Calls: 6
   Min: 1.2429s | Max: 1.3146s
⏱️  feature_combining:
   Total: 0.002s | Avg: 0.0023s | Calls: 1
⏱️  hdf5_writing:
   Total: 0.200s | Avg: 0.2001s | Calls: 1
⏱️  memory_cleanup:
   Total: 0.117s | Avg: 0.1167s | Calls: 1
⏱️  total_computation:
   Total: 79.875s | Avg: 79.8747s | Calls: 1
⏱️  slide_processing:
   Total: 79.875s | Avg: 79.8748s | Calls: 1

🚨 BOTTLENECK ANALYSIS (Total Runtime: 177.433s):
   🔥 slide_processing: 79.875s (45.0%)
   🔥 total_computation: 79.875s (45.0%)

📊 OPERATION COUNTS:
   hdf5_write_operations: 1
   patches_processed: 2,924
   GPU Memory - Max: 4140.7MB | Avg: 3386.3MB

💡 OPTIMIZATION RECOMMENDATIONS:
================================================================================
📊 Features shape: (2924, 1536), Coords shape: (2924, 2)
💾 Saved features to /nemo/project/proj-tracerx-lung/tctProjects/kilimo/TracerX_WSIs/10X/uni_v2/pt_files/LTX0172_11_SU.pt

🔄 Processing slide 35/121: LTX0180_A3_SU
downsample [1. 1.]
downsampled_level_dim [72960 56320]
level_dim [72960 56320]
name LTX0180_A3_SU
patch_level 0
patch_size 580
save_path /nemo/project/proj-tracerx-lung/tctProjects/kilimo/TracerX_WSIs/10X/patches/patches

feature extraction settings
transformations:  Compose(
    Resize(size=224, interpolation=bilinear, max_size=None, antialias=True)
    CenterCrop(size=(224, 224))
    MaybeToTensor()
    Normalize(mean=tensor([0.4850, 0.4560, 0.4060]), std=tensor([0.2290, 0.2240, 0.2250]))
)
📦 Dataset size: 5494 patches, 11 batches
🔍 Processing a total of 11 batches with profiling enabled
Saving random samples to /nemo/project/proj-tracerx-lung/tctProjects/kilimo/TracerX_WSIs/10X/uni_v2/samples/LTX0180_A3_SU
Saved 10/10 random sample images for slide LTX0180_A3_SU
✅ Features extracted in 51.3s

================================================================================
🔍 PERFORMANCE PROFILING SUMMARY - LTX0180_A3_SU
================================================================================
⏱️  wsi_loading:
   Total: 0.968s | Avg: 0.9680s | Calls: 1
⏱️  dataset_creation:
   Total: 0.127s | Avg: 0.1267s | Calls: 1
⏱️  data_loading:
   Total: 0.002s | Avg: 0.0001s | Calls: 11
   Min: 0.0001s | Max: 0.0003s
⏱️  sample_saving:
   Total: 0.040s | Avg: 0.0040s | Calls: 10
   Min: 0.0027s | Max: 0.0095s
⏱️  data_transfer:
   Total: 0.001s | Avg: 0.0001s | Calls: 11
   Min: 0.0000s | Max: 0.0001s
⏱️  model_inference:
   Total: 0.199s | Avg: 0.0181s | Calls: 11
   Min: 0.0169s | Max: 0.0208s
⏱️  feature_processing:
   Total: 13.723s | Avg: 1.2476s | Calls: 11
   Min: 0.9301s | Max: 1.2953s
⏱️  feature_accumulation:
   Total: 0.000s | Avg: 0.0000s | Calls: 11
   Min: 0.0000s | Max: 0.0000s
⏱️  batch_processing:
   Total: 14.656s | Avg: 1.3324s | Calls: 11
   Min: 1.0934s | Max: 1.8432s
⏱️  feature_combining:
   Total: 0.007s | Avg: 0.0036s | Calls: 2
   Min: 0.0002s | Max: 0.0070s
⏱️  hdf5_writing:
   Total: 0.477s | Avg: 0.2383s | Calls: 2
   Min: 0.0461s | Max: 0.4305s
⏱️  memory_cleanup:
   Total: 0.211s | Avg: 0.1055s | Calls: 2
   Min: 0.0953s | Max: 0.1156s
⏱️  total_computation:
   Total: 50.165s | Avg: 50.1646s | Calls: 1
⏱️  slide_processing:
   Total: 50.165s | Avg: 50.1647s | Calls: 1

🚨 BOTTLENECK ANALYSIS (Total Runtime: 130.739s):
   🔥 slide_processing: 50.165s (38.4%)
   🔥 total_computation: 50.165s (38.4%)
   🔥 batch_processing: 14.656s (11.2%)
   🔥 feature_processing: 13.723s (10.5%)

📊 OPERATION COUNTS:
   hdf5_write_operations: 2
   patches_processed: 5,494
   GPU Memory - Max: 4226.2MB | Avg: 3667.8MB

💡 OPTIMIZATION RECOMMENDATIONS:
================================================================================
📊 Features shape: (5494, 1536), Coords shape: (5494, 2)
💾 Saved features to /nemo/project/proj-tracerx-lung/tctProjects/kilimo/TracerX_WSIs/10X/uni_v2/pt_files/LTX0180_A3_SU.pt

🔄 Processing slide 36/121: LTX0181_A4_SU
downsample [1. 1.]
downsampled_level_dim [88320 98560]
level_dim [88320 98560]
name LTX0181_A4_SU
patch_level 0
patch_size 1161
save_path /nemo/project/proj-tracerx-lung/tctProjects/kilimo/TracerX_WSIs/10X/patches/patches

feature extraction settings
transformations:  Compose(
    Resize(size=224, interpolation=bilinear, max_size=None, antialias=True)
    CenterCrop(size=(224, 224))
    MaybeToTensor()
    Normalize(mean=tensor([0.4850, 0.4560, 0.4060]), std=tensor([0.2290, 0.2240, 0.2250]))
)
📦 Dataset size: 3364 patches, 7 batches
🔍 Processing a total of 7 batches with profiling enabled
Saving random samples to /nemo/project/proj-tracerx-lung/tctProjects/kilimo/TracerX_WSIs/10X/uni_v2/samples/LTX0181_A4_SU
Saved 7/10 random sample images for slide LTX0181_A4_SU
✅ Features extracted in 97.8s

================================================================================
🔍 PERFORMANCE PROFILING SUMMARY - LTX0181_A4_SU
================================================================================
⏱️  wsi_loading:
   Total: 2.073s | Avg: 2.0732s | Calls: 1
⏱️  dataset_creation:
   Total: 0.128s | Avg: 0.1277s | Calls: 1
⏱️  data_loading:
   Total: 0.001s | Avg: 0.0001s | Calls: 7
   Min: 0.0001s | Max: 0.0003s
⏱️  sample_saving:
   Total: 0.023s | Avg: 0.0033s | Calls: 7
   Min: 0.0028s | Max: 0.0039s
⏱️  data_transfer:
   Total: 0.000s | Avg: 0.0001s | Calls: 7
   Min: 0.0000s | Max: 0.0001s
⏱️  model_inference:
   Total: 0.127s | Avg: 0.0181s | Calls: 7
   Min: 0.0172s | Max: 0.0207s
⏱️  feature_processing:
   Total: 8.416s | Avg: 1.2022s | Calls: 7
   Min: 0.7249s | Max: 1.2966s
⏱️  feature_accumulation:
   Total: 0.000s | Avg: 0.0000s | Calls: 7
   Min: 0.0000s | Max: 0.0000s
⏱️  batch_processing:
   Total: 8.719s | Avg: 1.2456s | Calls: 7
   Min: 0.8959s | Max: 1.3221s
⏱️  feature_combining:
   Total: 0.005s | Avg: 0.0047s | Calls: 1
⏱️  hdf5_writing:
   Total: 0.034s | Avg: 0.0339s | Calls: 1
⏱️  memory_cleanup:
   Total: 0.115s | Avg: 0.1154s | Calls: 1
⏱️  total_computation:
   Total: 95.643s | Avg: 95.6433s | Calls: 1
⏱️  slide_processing:
   Total: 95.643s | Avg: 95.6434s | Calls: 1

🚨 BOTTLENECK ANALYSIS (Total Runtime: 210.928s):
   🔥 slide_processing: 95.643s (45.3%)
   🔥 total_computation: 95.643s (45.3%)

📊 OPERATION COUNTS:
   hdf5_write_operations: 1
   patches_processed: 3,364
   GPU Memory - Max: 4098.9MB | Avg: 3365.4MB

💡 OPTIMIZATION RECOMMENDATIONS:
================================================================================
📊 Features shape: (3364, 1536), Coords shape: (3364, 2)
💾 Saved features to /nemo/project/proj-tracerx-lung/tctProjects/kilimo/TracerX_WSIs/10X/uni_v2/pt_files/LTX0181_A4_SU.pt

🔄 Processing slide 37/121: LTX0183_6__SU
downsample [1. 1.]
downsampled_level_dim [48000 45056]
level_dim [48000 45056]
name LTX0183_6__SU
patch_level 0
patch_size 580
save_path /nemo/project/proj-tracerx-lung/tctProjects/kilimo/TracerX_WSIs/10X/patches/patches

feature extraction settings
transformations:  Compose(
    Resize(size=224, interpolation=bilinear, max_size=None, antialias=True)
    CenterCrop(size=(224, 224))
    MaybeToTensor()
    Normalize(mean=tensor([0.4850, 0.4560, 0.4060]), std=tensor([0.2290, 0.2240, 0.2250]))
)
📦 Dataset size: 2301 patches, 5 batches
🔍 Processing a total of 5 batches with profiling enabled
Saving random samples to /nemo/project/proj-tracerx-lung/tctProjects/kilimo/TracerX_WSIs/10X/uni_v2/samples/LTX0183_6__SU
Saved 5/10 random sample images for slide LTX0183_6__SU
✅ Features extracted in 20.0s

================================================================================
🔍 PERFORMANCE PROFILING SUMMARY - LTX0183_6__SU
================================================================================
⏱️  wsi_loading:
   Total: 0.416s | Avg: 0.4159s | Calls: 1
⏱️  dataset_creation:
   Total: 0.098s | Avg: 0.0985s | Calls: 1
⏱️  data_loading:
   Total: 0.001s | Avg: 0.0002s | Calls: 5
   Min: 0.0001s | Max: 0.0003s
⏱️  sample_saving:
   Total: 0.019s | Avg: 0.0039s | Calls: 5
   Min: 0.0028s | Max: 0.0047s
⏱️  data_transfer:
   Total: 0.000s | Avg: 0.0001s | Calls: 5
   Min: 0.0000s | Max: 0.0001s
⏱️  model_inference:
   Total: 0.096s | Avg: 0.0192s | Calls: 5
   Min: 0.0171s | Max: 0.0259s
⏱️  feature_processing:
   Total: 5.748s | Avg: 1.1495s | Calls: 5
   Min: 0.6255s | Max: 1.2939s
⏱️  feature_accumulation:
   Total: 0.000s | Avg: 0.0000s | Calls: 5
   Min: 0.0000s | Max: 0.0000s
⏱️  batch_processing:
   Total: 6.050s | Avg: 1.2100s | Calls: 5
   Min: 0.8303s | Max: 1.3250s
⏱️  feature_combining:
   Total: 0.004s | Avg: 0.0038s | Calls: 1
⏱️  hdf5_writing:
   Total: 0.069s | Avg: 0.0687s | Calls: 1
⏱️  memory_cleanup:
   Total: 0.115s | Avg: 0.1150s | Calls: 1
⏱️  total_computation:
   Total: 19.521s | Avg: 19.5210s | Calls: 1
⏱️  slide_processing:
   Total: 19.521s | Avg: 19.5211s | Calls: 1

🚨 BOTTLENECK ANALYSIS (Total Runtime: 51.658s):
   🔥 slide_processing: 19.521s (37.8%)
   🔥 total_computation: 19.521s (37.8%)
   🔥 batch_processing: 6.050s (11.7%)
   🔥 feature_processing: 5.748s (11.1%)

📊 OPERATION COUNTS:
   hdf5_write_operations: 1
   patches_processed: 2,301
   GPU Memory - Max: 4077.5MB | Avg: 3354.7MB

💡 OPTIMIZATION RECOMMENDATIONS:
================================================================================
📊 Features shape: (2301, 1536), Coords shape: (2301, 2)
💾 Saved features to /nemo/project/proj-tracerx-lung/tctProjects/kilimo/TracerX_WSIs/10X/uni_v2/pt_files/LTX0183_6__SU.pt

🔄 Processing slide 38/121: LTX0185_A5_SU
downsample [1. 1.]
downsampled_level_dim [72960 56320]
level_dim [72960 56320]
name LTX0185_A5_SU
patch_level 0
patch_size 580
save_path /nemo/project/proj-tracerx-lung/tctProjects/kilimo/TracerX_WSIs/10X/patches/patches

feature extraction settings
transformations:  Compose(
    Resize(size=224, interpolation=bilinear, max_size=None, antialias=True)
    CenterCrop(size=(224, 224))
    MaybeToTensor()
    Normalize(mean=tensor([0.4850, 0.4560, 0.4060]), std=tensor([0.2290, 0.2240, 0.2250]))
)
📦 Dataset size: 7806 patches, 16 batches
🔍 Processing a total of 16 batches with profiling enabled
Saving random samples to /nemo/project/proj-tracerx-lung/tctProjects/kilimo/TracerX_WSIs/10X/uni_v2/samples/LTX0185_A5_SU
Saved 9/10 random sample images for slide LTX0185_A5_SU
✅ Features extracted in 74.3s

================================================================================
🔍 PERFORMANCE PROFILING SUMMARY - LTX0185_A5_SU
================================================================================
⏱️  wsi_loading:
   Total: 0.389s | Avg: 0.3894s | Calls: 1
⏱️  dataset_creation:
   Total: 0.109s | Avg: 0.1089s | Calls: 1
⏱️  data_loading:
   Total: 0.002s | Avg: 0.0001s | Calls: 16
   Min: 0.0001s | Max: 0.0003s
⏱️  sample_saving:
   Total: 0.054s | Avg: 0.0060s | Calls: 9
   Min: 0.0029s | Max: 0.0219s
⏱️  data_transfer:
   Total: 0.001s | Avg: 0.0001s | Calls: 16
   Min: 0.0000s | Max: 0.0001s
⏱️  model_inference:
   Total: 0.330s | Avg: 0.0206s | Calls: 16
   Min: 0.0165s | Max: 0.0288s
⏱️  feature_processing:
   Total: 19.472s | Avg: 1.2170s | Calls: 16
   Min: 0.3087s | Max: 1.2950s
⏱️  feature_accumulation:
   Total: 0.000s | Avg: 0.0000s | Calls: 16
   Min: 0.0000s | Max: 0.0000s
⏱️  batch_processing:
   Total: 20.435s | Avg: 1.2772s | Calls: 16
   Min: 0.5863s | Max: 1.6323s
⏱️  feature_combining:
   Total: 0.010s | Avg: 0.0049s | Calls: 2
   Min: 0.0029s | Max: 0.0068s
⏱️  hdf5_writing:
   Total: 0.328s | Avg: 0.1639s | Calls: 2
   Min: 0.1517s | Max: 0.1761s
⏱️  memory_cleanup:
   Total: 0.242s | Avg: 0.1208s | Calls: 2
   Min: 0.1085s | Max: 0.1331s
⏱️  total_computation:
   Total: 73.844s | Avg: 73.8438s | Calls: 1
⏱️  slide_processing:
   Total: 73.844s | Avg: 73.8439s | Calls: 1

🚨 BOTTLENECK ANALYSIS (Total Runtime: 189.060s):
   🔥 slide_processing: 73.844s (39.1%)
   🔥 total_computation: 73.844s (39.1%)
   🔥 batch_processing: 20.435s (10.8%)
   🔥 feature_processing: 19.472s (10.3%)

📊 OPERATION COUNTS:
   hdf5_write_operations: 2
   patches_processed: 7,806
   GPU Memory - Max: 4226.2MB | Avg: 3621.2MB

💡 OPTIMIZATION RECOMMENDATIONS:
================================================================================
📊 Features shape: (7806, 1536), Coords shape: (7806, 2)
💾 Saved features to /nemo/project/proj-tracerx-lung/tctProjects/kilimo/TracerX_WSIs/10X/uni_v2/pt_files/LTX0185_A5_SU.pt

🔄 Processing slide 39/121: LTX0193_D2_SU
downsample [1. 1.]
downsampled_level_dim [55680 43648]
level_dim [55680 43648]
name LTX0193_D2_SU
patch_level 0
patch_size 580
save_path /nemo/project/proj-tracerx-lung/tctProjects/kilimo/TracerX_WSIs/10X/patches/patches

feature extraction settings
transformations:  Compose(
    Resize(size=224, interpolation=bilinear, max_size=None, antialias=True)
    CenterCrop(size=(224, 224))
    MaybeToTensor()
    Normalize(mean=tensor([0.4850, 0.4560, 0.4060]), std=tensor([0.2290, 0.2240, 0.2250]))
)
📦 Dataset size: 4378 patches, 9 batches
🔍 Processing a total of 9 batches with profiling enabled
Saving random samples to /nemo/project/proj-tracerx-lung/tctProjects/kilimo/TracerX_WSIs/10X/uni_v2/samples/LTX0193_D2_SU
Saved 9/10 random sample images for slide LTX0193_D2_SU
✅ Features extracted in 37.2s

================================================================================
🔍 PERFORMANCE PROFILING SUMMARY - LTX0193_D2_SU
================================================================================
⏱️  wsi_loading:
   Total: 0.419s | Avg: 0.4195s | Calls: 1
⏱️  dataset_creation:
   Total: 0.126s | Avg: 0.1257s | Calls: 1
⏱️  data_loading:
   Total: 0.001s | Avg: 0.0001s | Calls: 9
   Min: 0.0001s | Max: 0.0003s
⏱️  sample_saving:
   Total: 0.077s | Avg: 0.0085s | Calls: 9
   Min: 0.0028s | Max: 0.0481s
⏱️  data_transfer:
   Total: 0.001s | Avg: 0.0001s | Calls: 9
   Min: 0.0000s | Max: 0.0002s
⏱️  model_inference:
   Total: 0.190s | Avg: 0.0211s | Calls: 9
   Min: 0.0170s | Max: 0.0307s
⏱️  feature_processing:
   Total: 10.918s | Avg: 1.2131s | Calls: 9
   Min: 0.6991s | Max: 1.2838s
⏱️  feature_accumulation:
   Total: 0.000s | Avg: 0.0000s | Calls: 9
   Min: 0.0000s | Max: 0.0000s
⏱️  batch_processing:
   Total: 11.341s | Avg: 1.2601s | Calls: 9
   Min: 0.8706s | Max: 1.3424s
⏱️  feature_combining:
   Total: 0.005s | Avg: 0.0053s | Calls: 1
⏱️  hdf5_writing:
   Total: 0.038s | Avg: 0.0383s | Calls: 1
⏱️  memory_cleanup:
   Total: 0.112s | Avg: 0.1121s | Calls: 1
⏱️  total_computation:
   Total: 36.698s | Avg: 36.6983s | Calls: 1
⏱️  slide_processing:
   Total: 36.698s | Avg: 36.6984s | Calls: 1

🚨 BOTTLENECK ANALYSIS (Total Runtime: 96.626s):
   🔥 slide_processing: 36.698s (38.0%)
   🔥 total_computation: 36.698s (38.0%)
   🔥 batch_processing: 11.341s (11.7%)
   🔥 feature_processing: 10.918s (11.3%)

📊 OPERATION COUNTS:
   hdf5_write_operations: 1
   patches_processed: 4,378
   GPU Memory - Max: 4094.5MB | Avg: 3363.2MB

💡 OPTIMIZATION RECOMMENDATIONS:
================================================================================
📊 Features shape: (4378, 1536), Coords shape: (4378, 2)
💾 Saved features to /nemo/project/proj-tracerx-lung/tctProjects/kilimo/TracerX_WSIs/10X/uni_v2/pt_files/LTX0193_D2_SU.pt

🔄 Processing slide 40/121: LTX0199_A2_SU
downsample [1. 1.]
downsampled_level_dim [142080 101376]
level_dim [142080 101376]
name LTX0199_A2_SU
patch_level 0
patch_size 1161
save_path /nemo/project/proj-tracerx-lung/tctProjects/kilimo/TracerX_WSIs/10X/patches/patches

feature extraction settings
transformations:  Compose(
    Resize(size=224, interpolation=bilinear, max_size=None, antialias=True)
    CenterCrop(size=(224, 224))
    MaybeToTensor()
    Normalize(mean=tensor([0.4850, 0.4560, 0.4060]), std=tensor([0.2290, 0.2240, 0.2250]))
)
📦 Dataset size: 5394 patches, 11 batches
🔍 Processing a total of 11 batches with profiling enabled
Saving random samples to /nemo/project/proj-tracerx-lung/tctProjects/kilimo/TracerX_WSIs/10X/uni_v2/samples/LTX0199_A2_SU
Saved 10/10 random sample images for slide LTX0199_A2_SU
✅ Features extracted in 131.1s

================================================================================
🔍 PERFORMANCE PROFILING SUMMARY - LTX0199_A2_SU
================================================================================
⏱️  wsi_loading:
   Total: 0.719s | Avg: 0.7189s | Calls: 1
⏱️  dataset_creation:
   Total: 0.106s | Avg: 0.1062s | Calls: 1
⏱️  data_loading:
   Total: 0.002s | Avg: 0.0001s | Calls: 11
   Min: 0.0001s | Max: 0.0002s
⏱️  sample_saving:
   Total: 0.041s | Avg: 0.0041s | Calls: 10
   Min: 0.0030s | Max: 0.0068s
⏱️  data_transfer:
   Total: 0.001s | Avg: 0.0001s | Calls: 11
   Min: 0.0001s | Max: 0.0001s
⏱️  model_inference:
   Total: 0.233s | Avg: 0.0212s | Calls: 11
   Min: 0.0173s | Max: 0.0280s
⏱️  feature_processing:
   Total: 13.480s | Avg: 1.2255s | Calls: 11
   Min: 0.6785s | Max: 1.2976s
⏱️  feature_accumulation:
   Total: 0.000s | Avg: 0.0000s | Calls: 11
   Min: 0.0000s | Max: 0.0000s
⏱️  batch_processing:
   Total: 14.687s | Avg: 1.3352s | Calls: 11
   Min: 0.7888s | Max: 2.1405s
⏱️  feature_combining:
   Total: 0.008s | Avg: 0.0041s | Calls: 2
   Min: 0.0001s | Max: 0.0082s
⏱️  hdf5_writing:
   Total: 0.724s | Avg: 0.3621s | Calls: 2
   Min: 0.0037s | Max: 0.7205s
⏱️  memory_cleanup:
   Total: 0.201s | Avg: 0.1005s | Calls: 2
   Min: 0.0882s | Max: 0.1127s
⏱️  total_computation:
   Total: 130.286s | Avg: 130.2860s | Calls: 1
⏱️  slide_processing:
   Total: 130.286s | Avg: 130.2861s | Calls: 1

🚨 BOTTLENECK ANALYSIS (Total Runtime: 290.775s):
   🔥 slide_processing: 130.286s (44.8%)
   🔥 total_computation: 130.286s (44.8%)
   🔥 batch_processing: 14.687s (5.1%)

📊 OPERATION COUNTS:
   hdf5_write_operations: 2
   patches_processed: 5,394
   GPU Memory - Max: 4226.2MB | Avg: 3649.2MB

💡 OPTIMIZATION RECOMMENDATIONS:
================================================================================
📊 Features shape: (5394, 1536), Coords shape: (5394, 2)
💾 Saved features to /nemo/project/proj-tracerx-lung/tctProjects/kilimo/TracerX_WSIs/10X/uni_v2/pt_files/LTX0199_A2_SU.pt

🔄 Processing slide 41/121: LTX0206_A7_SU
downsample [1. 1.]
downsampled_level_dim [71040 47872]
level_dim [71040 47872]
name LTX0206_A7_SU
patch_level 0
patch_size 580
save_path /nemo/project/proj-tracerx-lung/tctProjects/kilimo/TracerX_WSIs/10X/patches/patches

feature extraction settings
transformations:  Compose(
    Resize(size=224, interpolation=bilinear, max_size=None, antialias=True)
    CenterCrop(size=(224, 224))
    MaybeToTensor()
    Normalize(mean=tensor([0.4850, 0.4560, 0.4060]), std=tensor([0.2290, 0.2240, 0.2250]))
)
📦 Dataset size: 6169 patches, 13 batches
🔍 Processing a total of 13 batches with profiling enabled
Saving random samples to /nemo/project/proj-tracerx-lung/tctProjects/kilimo/TracerX_WSIs/10X/uni_v2/samples/LTX0206_A7_SU
Saved 10/10 random sample images for slide LTX0206_A7_SU
✅ Features extracted in 52.7s

================================================================================
🔍 PERFORMANCE PROFILING SUMMARY - LTX0206_A7_SU
================================================================================
⏱️  wsi_loading:
   Total: 1.005s | Avg: 1.0047s | Calls: 1
⏱️  dataset_creation:
   Total: 0.107s | Avg: 0.1073s | Calls: 1
⏱️  data_loading:
   Total: 0.002s | Avg: 0.0001s | Calls: 13
   Min: 0.0001s | Max: 0.0003s
⏱️  sample_saving:
   Total: 0.035s | Avg: 0.0035s | Calls: 10
   Min: 0.0026s | Max: 0.0046s
⏱️  data_transfer:
   Total: 0.001s | Avg: 0.0001s | Calls: 13
   Min: 0.0000s | Max: 0.0001s
⏱️  model_inference:
   Total: 0.280s | Avg: 0.0216s | Calls: 13
   Min: 0.0155s | Max: 0.0291s
⏱️  feature_processing:
   Total: 15.367s | Avg: 1.1821s | Calls: 13
   Min: 0.0552s | Max: 1.2991s
⏱️  feature_accumulation:
   Total: 0.000s | Avg: 0.0000s | Calls: 13
   Min: 0.0000s | Max: 0.0000s
⏱️  batch_processing:
   Total: 16.388s | Avg: 1.2606s | Calls: 13
   Min: 0.6146s | Max: 1.4520s
⏱️  feature_combining:
   Total: 0.007s | Avg: 0.0036s | Calls: 2
   Min: 0.0006s | Max: 0.0065s
⏱️  hdf5_writing:
   Total: 0.484s | Avg: 0.2421s | Calls: 2
   Min: 0.0395s | Max: 0.4447s
⏱️  memory_cleanup:
   Total: 0.213s | Avg: 0.1065s | Calls: 2
   Min: 0.0982s | Max: 0.1147s
⏱️  total_computation:
   Total: 51.597s | Avg: 51.5973s | Calls: 1
⏱️  slide_processing:
   Total: 51.597s | Avg: 51.5974s | Calls: 1

🚨 BOTTLENECK ANALYSIS (Total Runtime: 137.084s):
   🔥 slide_processing: 51.597s (37.6%)
   🔥 total_computation: 51.597s (37.6%)
   🔥 batch_processing: 16.388s (12.0%)
   🔥 feature_processing: 15.367s (11.2%)

📊 OPERATION COUNTS:
   hdf5_write_operations: 2
   patches_processed: 6,169
   GPU Memory - Max: 4226.2MB | Avg: 3601.5MB

💡 OPTIMIZATION RECOMMENDATIONS:
================================================================================
📊 Features shape: (6169, 1536), Coords shape: (6169, 2)
💾 Saved features to /nemo/project/proj-tracerx-lung/tctProjects/kilimo/TracerX_WSIs/10X/uni_v2/pt_files/LTX0206_A7_SU.pt

🔄 Processing slide 42/121: LTX0216_B1_SU
downsample [1. 1.]
downsampled_level_dim [72960 56320]
level_dim [72960 56320]
name LTX0216_B1_SU
patch_level 0
patch_size 580
save_path /nemo/project/proj-tracerx-lung/tctProjects/kilimo/TracerX_WSIs/10X/patches/patches

feature extraction settings
transformations:  Compose(
    Resize(size=224, interpolation=bilinear, max_size=None, antialias=True)
    CenterCrop(size=(224, 224))
    MaybeToTensor()
    Normalize(mean=tensor([0.4850, 0.4560, 0.4060]), std=tensor([0.2290, 0.2240, 0.2250]))
)
📦 Dataset size: 6779 patches, 14 batches
🔍 Processing a total of 14 batches with profiling enabled
Saving random samples to /nemo/project/proj-tracerx-lung/tctProjects/kilimo/TracerX_WSIs/10X/uni_v2/samples/LTX0216_B1_SU
Saved 10/10 random sample images for slide LTX0216_B1_SU
✅ Features extracted in 53.0s

================================================================================
🔍 PERFORMANCE PROFILING SUMMARY - LTX0216_B1_SU
================================================================================
⏱️  wsi_loading:
   Total: 0.985s | Avg: 0.9851s | Calls: 1
⏱️  dataset_creation:
   Total: 0.149s | Avg: 0.1489s | Calls: 1
⏱️  data_loading:
   Total: 0.002s | Avg: 0.0002s | Calls: 14
   Min: 0.0001s | Max: 0.0003s
⏱️  sample_saving:
   Total: 0.051s | Avg: 0.0051s | Calls: 10
   Min: 0.0026s | Max: 0.0211s
⏱️  data_transfer:
   Total: 0.001s | Avg: 0.0001s | Calls: 14
   Min: 0.0000s | Max: 0.0001s
⏱️  model_inference:
   Total: 0.299s | Avg: 0.0213s | Calls: 14
   Min: 0.0174s | Max: 0.0286s
⏱️  feature_processing:
   Total: 16.921s | Avg: 1.2087s | Calls: 14
   Min: 0.3000s | Max: 1.2969s
⏱️  feature_accumulation:
   Total: 0.000s | Avg: 0.0000s | Calls: 14
   Min: 0.0000s | Max: 0.0000s
⏱️  batch_processing:
   Total: 17.632s | Avg: 1.2594s | Calls: 14
   Min: 0.4706s | Max: 1.4966s
⏱️  feature_combining:
   Total: 0.013s | Avg: 0.0066s | Calls: 2
   Min: 0.0027s | Max: 0.0105s
⏱️  hdf5_writing:
   Total: 0.065s | Avg: 0.0327s | Calls: 2
   Min: 0.0226s | Max: 0.0428s
⏱️  memory_cleanup:
   Total: 0.285s | Avg: 0.1424s | Calls: 2
   Min: 0.1294s | Max: 0.1554s
⏱️  total_computation:
   Total: 51.879s | Avg: 51.8788s | Calls: 1
⏱️  slide_processing:
   Total: 51.879s | Avg: 51.8789s | Calls: 1

🚨 BOTTLENECK ANALYSIS (Total Runtime: 140.162s):
   🔥 slide_processing: 51.879s (37.0%)
   🔥 total_computation: 51.879s (37.0%)
   🔥 batch_processing: 17.632s (12.6%)
   🔥 feature_processing: 16.921s (12.1%)

📊 OPERATION COUNTS:
   hdf5_write_operations: 2
   patches_processed: 6,779
   GPU Memory - Max: 4226.2MB | Avg: 3620.0MB

💡 OPTIMIZATION RECOMMENDATIONS:
================================================================================
📊 Features shape: (6779, 1536), Coords shape: (6779, 2)
💾 Saved features to /nemo/project/proj-tracerx-lung/tctProjects/kilimo/TracerX_WSIs/10X/uni_v2/pt_files/LTX0216_B1_SU.pt

🔄 Processing slide 43/121: LTX0221_4E_SU
downsample [1. 1.]
downsampled_level_dim [69120 53504]
level_dim [69120 53504]
name LTX0221_4E_SU
patch_level 0
patch_size 580
save_path /nemo/project/proj-tracerx-lung/tctProjects/kilimo/TracerX_WSIs/10X/patches/patches

feature extraction settings
transformations:  Compose(
    Resize(size=224, interpolation=bilinear, max_size=None, antialias=True)
    CenterCrop(size=(224, 224))
    MaybeToTensor()
    Normalize(mean=tensor([0.4850, 0.4560, 0.4060]), std=tensor([0.2290, 0.2240, 0.2250]))
)
📦 Dataset size: 3559 patches, 7 batches
🔍 Processing a total of 7 batches with profiling enabled
Saving random samples to /nemo/project/proj-tracerx-lung/tctProjects/kilimo/TracerX_WSIs/10X/uni_v2/samples/LTX0221_4E_SU
Saved 7/10 random sample images for slide LTX0221_4E_SU
✅ Features extracted in 38.1s

================================================================================
🔍 PERFORMANCE PROFILING SUMMARY - LTX0221_4E_SU
================================================================================
⏱️  wsi_loading:
   Total: 0.939s | Avg: 0.9393s | Calls: 1
⏱️  dataset_creation:
   Total: 0.090s | Avg: 0.0898s | Calls: 1
⏱️  data_loading:
   Total: 0.001s | Avg: 0.0001s | Calls: 7
   Min: 0.0001s | Max: 0.0003s
⏱️  sample_saving:
   Total: 0.028s | Avg: 0.0040s | Calls: 7
   Min: 0.0025s | Max: 0.0068s
⏱️  data_transfer:
   Total: 0.000s | Avg: 0.0001s | Calls: 7
   Min: 0.0000s | Max: 0.0001s
⏱️  model_inference:
   Total: 0.126s | Avg: 0.0179s | Calls: 7
   Min: 0.0164s | Max: 0.0206s
⏱️  feature_processing:
   Total: 8.901s | Avg: 1.2716s | Calls: 7
   Min: 1.2159s | Max: 1.2911s
⏱️  feature_accumulation:
   Total: 0.000s | Avg: 0.0000s | Calls: 7
   Min: 0.0000s | Max: 0.0000s
⏱️  batch_processing:
   Total: 9.677s | Avg: 1.3824s | Calls: 7
   Min: 1.2965s | Max: 1.8534s
⏱️  feature_combining:
   Total: 0.005s | Avg: 0.0050s | Calls: 1
⏱️  hdf5_writing:
   Total: 0.501s | Avg: 0.5011s | Calls: 1
⏱️  memory_cleanup:
   Total: 0.116s | Avg: 0.1163s | Calls: 1
⏱️  total_computation:
   Total: 37.114s | Avg: 37.1143s | Calls: 1
⏱️  slide_processing:
   Total: 37.114s | Avg: 37.1144s | Calls: 1

🚨 BOTTLENECK ANALYSIS (Total Runtime: 94.614s):
   🔥 slide_processing: 37.114s (39.2%)
   🔥 total_computation: 37.114s (39.2%)
   🔥 batch_processing: 9.677s (10.2%)
   🔥 feature_processing: 8.901s (9.4%)

📊 OPERATION COUNTS:
   hdf5_write_operations: 1
   patches_processed: 3,559
   GPU Memory - Max: 4213.7MB | Avg: 3422.8MB

💡 OPTIMIZATION RECOMMENDATIONS:
================================================================================
📊 Features shape: (3559, 1536), Coords shape: (3559, 2)
💾 Saved features to /nemo/project/proj-tracerx-lung/tctProjects/kilimo/TracerX_WSIs/10X/uni_v2/pt_files/LTX0221_4E_SU.pt

🔄 Processing slide 44/121: LTX0225_1_SU
downsample [1. 1.]
downsampled_level_dim [46080 50688]
level_dim [46080 50688]
name LTX0225_1_SU
patch_level 0
patch_size 580
save_path /nemo/project/proj-tracerx-lung/tctProjects/kilimo/TracerX_WSIs/10X/patches/patches

feature extraction settings
transformations:  Compose(
    Resize(size=224, interpolation=bilinear, max_size=None, antialias=True)
    CenterCrop(size=(224, 224))
    MaybeToTensor()
    Normalize(mean=tensor([0.4850, 0.4560, 0.4060]), std=tensor([0.2290, 0.2240, 0.2250]))
)
📦 Dataset size: 3586 patches, 8 batches
🔍 Processing a total of 8 batches with profiling enabled
Saving random samples to /nemo/project/proj-tracerx-lung/tctProjects/kilimo/TracerX_WSIs/10X/uni_v2/samples/LTX0225_1_SU
Saved 8/10 random sample images for slide LTX0225_1_SU
✅ Features extracted in 31.4s

================================================================================
🔍 PERFORMANCE PROFILING SUMMARY - LTX0225_1_SU
================================================================================
⏱️  wsi_loading:
   Total: 0.871s | Avg: 0.8706s | Calls: 1
⏱️  dataset_creation:
   Total: 0.204s | Avg: 0.2038s | Calls: 1
⏱️  data_loading:
   Total: 0.001s | Avg: 0.0001s | Calls: 8
   Min: 0.0001s | Max: 0.0003s
⏱️  sample_saving:
   Total: 0.029s | Avg: 0.0036s | Calls: 8
   Min: 0.0026s | Max: 0.0047s
⏱️  data_transfer:
   Total: 0.001s | Avg: 0.0001s | Calls: 8
   Min: 0.0000s | Max: 0.0001s
⏱️  model_inference:
   Total: 0.308s | Avg: 0.0385s | Calls: 8
   Min: 0.0168s | Max: 0.1614s
⏱️  feature_processing:
   Total: 8.958s | Avg: 1.1197s | Calls: 8
   Min: 0.0001s | Max: 1.2907s
⏱️  feature_accumulation:
   Total: 0.000s | Avg: 0.0000s | Calls: 8
   Min: 0.0000s | Max: 0.0000s
⏱️  batch_processing:
   Total: 10.115s | Avg: 1.2644s | Calls: 8
   Min: 0.9808s | Max: 1.3212s
⏱️  feature_combining:
   Total: 0.005s | Avg: 0.0048s | Calls: 1
⏱️  hdf5_writing:
   Total: 0.702s | Avg: 0.7018s | Calls: 1
⏱️  memory_cleanup:
   Total: 0.114s | Avg: 0.1138s | Calls: 1
⏱️  total_computation:
   Total: 30.298s | Avg: 30.2985s | Calls: 1
⏱️  slide_processing:
   Total: 30.299s | Avg: 30.2985s | Calls: 1

🚨 BOTTLENECK ANALYSIS (Total Runtime: 81.903s):
   🔥 slide_processing: 30.299s (37.0%)
   🔥 total_computation: 30.298s (37.0%)
   🔥 batch_processing: 10.115s (12.4%)
   🔥 feature_processing: 8.958s (10.9%)

📊 OPERATION COUNTS:
   hdf5_write_operations: 1
   patches_processed: 3,586
   GPU Memory - Max: 3933.9MB | Avg: 3282.9MB

💡 OPTIMIZATION RECOMMENDATIONS:
================================================================================
📊 Features shape: (3586, 1536), Coords shape: (3586, 2)
💾 Saved features to /nemo/project/proj-tracerx-lung/tctProjects/kilimo/TracerX_WSIs/10X/uni_v2/pt_files/LTX0225_1_SU.pt

🔄 Processing slide 45/121: LTX0226_1G_SU
downsample [1. 1.]
downsampled_level_dim [53760 53504]
level_dim [53760 53504]
name LTX0226_1G_SU
patch_level 0
patch_size 580
save_path /nemo/project/proj-tracerx-lung/tctProjects/kilimo/TracerX_WSIs/10X/patches/patches

feature extraction settings
transformations:  Compose(
    Resize(size=224, interpolation=bilinear, max_size=None, antialias=True)
    CenterCrop(size=(224, 224))
    MaybeToTensor()
    Normalize(mean=tensor([0.4850, 0.4560, 0.4060]), std=tensor([0.2290, 0.2240, 0.2250]))
)
📦 Dataset size: 3857 patches, 8 batches
🔍 Processing a total of 8 batches with profiling enabled
Saving random samples to /nemo/project/proj-tracerx-lung/tctProjects/kilimo/TracerX_WSIs/10X/uni_v2/samples/LTX0226_1G_SU
Saved 8/10 random sample images for slide LTX0226_1G_SU
✅ Features extracted in 35.9s

================================================================================
🔍 PERFORMANCE PROFILING SUMMARY - LTX0226_1G_SU
================================================================================
⏱️  wsi_loading:
   Total: 0.809s | Avg: 0.8088s | Calls: 1
⏱️  dataset_creation:
   Total: 0.081s | Avg: 0.0806s | Calls: 1
⏱️  data_loading:
   Total: 0.001s | Avg: 0.0001s | Calls: 8
   Min: 0.0001s | Max: 0.0003s
⏱️  sample_saving:
   Total: 0.030s | Avg: 0.0038s | Calls: 8
   Min: 0.0029s | Max: 0.0050s
⏱️  data_transfer:
   Total: 0.001s | Avg: 0.0001s | Calls: 8
   Min: 0.0000s | Max: 0.0002s
⏱️  model_inference:
   Total: 0.175s | Avg: 0.0218s | Calls: 8
   Min: 0.0170s | Max: 0.0318s
⏱️  feature_processing:
   Total: 9.618s | Avg: 1.2023s | Calls: 8
   Min: 0.6765s | Max: 1.2995s
⏱️  feature_accumulation:
   Total: 0.000s | Avg: 0.0000s | Calls: 8
   Min: 0.0000s | Max: 0.0000s
⏱️  batch_processing:
   Total: 9.975s | Avg: 1.2468s | Calls: 8
   Min: 0.8445s | Max: 1.3208s
⏱️  feature_combining:
   Total: 0.005s | Avg: 0.0050s | Calls: 1
⏱️  hdf5_writing:
   Total: 0.035s | Avg: 0.0346s | Calls: 1
⏱️  memory_cleanup:
   Total: 0.112s | Avg: 0.1119s | Calls: 1
⏱️  total_computation:
   Total: 34.970s | Avg: 34.9703s | Calls: 1
⏱️  slide_processing:
   Total: 34.970s | Avg: 34.9704s | Calls: 1

🚨 BOTTLENECK ANALYSIS (Total Runtime: 90.781s):
   🔥 slide_processing: 34.970s (38.5%)
   🔥 total_computation: 34.970s (38.5%)
   🔥 batch_processing: 9.975s (11.0%)
   🔥 feature_processing: 9.618s (10.6%)

📊 OPERATION COUNTS:
   hdf5_write_operations: 1
   patches_processed: 3,857
   GPU Memory - Max: 4090.5MB | Avg: 3361.2MB

💡 OPTIMIZATION RECOMMENDATIONS:
================================================================================
📊 Features shape: (3857, 1536), Coords shape: (3857, 2)
💾 Saved features to /nemo/project/proj-tracerx-lung/tctProjects/kilimo/TracerX_WSIs/10X/uni_v2/pt_files/LTX0226_1G_SU.pt

🔄 Processing slide 46/121: LTX0233_G_SU
downsample [1. 1.]
downsampled_level_dim [49920 49280]
level_dim [49920 49280]
name LTX0233_G_SU
patch_level 0
patch_size 580
save_path /nemo/project/proj-tracerx-lung/tctProjects/kilimo/TracerX_WSIs/10X/patches/patches

feature extraction settings
transformations:  Compose(
    Resize(size=224, interpolation=bilinear, max_size=None, antialias=True)
    CenterCrop(size=(224, 224))
    MaybeToTensor()
    Normalize(mean=tensor([0.4850, 0.4560, 0.4060]), std=tensor([0.2290, 0.2240, 0.2250]))
)
📦 Dataset size: 901 patches, 2 batches
🔍 Processing a total of 2 batches with profiling enabled
Saving random samples to /nemo/project/proj-tracerx-lung/tctProjects/kilimo/TracerX_WSIs/10X/uni_v2/samples/LTX0233_G_SU
Saved 2/10 random sample images for slide LTX0233_G_SU
✅ Features extracted in 17.1s

================================================================================
🔍 PERFORMANCE PROFILING SUMMARY - LTX0233_G_SU
================================================================================
⏱️  wsi_loading:
   Total: 1.063s | Avg: 1.0626s | Calls: 1
⏱️  dataset_creation:
   Total: 0.138s | Avg: 0.1376s | Calls: 1
⏱️  data_loading:
   Total: 0.000s | Avg: 0.0002s | Calls: 2
   Min: 0.0001s | Max: 0.0004s
⏱️  sample_saving:
   Total: 0.009s | Avg: 0.0044s | Calls: 2
   Min: 0.0029s | Max: 0.0058s
⏱️  data_transfer:
   Total: 0.000s | Avg: 0.0001s | Calls: 2
   Min: 0.0000s | Max: 0.0001s
⏱️  model_inference:
   Total: 0.039s | Avg: 0.0194s | Calls: 2
   Min: 0.0185s | Max: 0.0203s
⏱️  feature_processing:
   Total: 2.254s | Avg: 1.1271s | Calls: 2
   Min: 0.9669s | Max: 1.2872s
⏱️  feature_accumulation:
   Total: 0.000s | Avg: 0.0000s | Calls: 2
   Min: 0.0000s | Max: 0.0000s
⏱️  batch_processing:
   Total: 2.428s | Avg: 1.2138s | Calls: 2
   Min: 1.1133s | Max: 1.3143s
⏱️  feature_combining:
   Total: 0.003s | Avg: 0.0025s | Calls: 1
⏱️  hdf5_writing:
   Total: 0.011s | Avg: 0.0106s | Calls: 1
⏱️  memory_cleanup:
   Total: 0.113s | Avg: 0.1132s | Calls: 1
⏱️  total_computation:
   Total: 15.880s | Avg: 15.8802s | Calls: 1
⏱️  slide_processing:
   Total: 15.880s | Avg: 15.8803s | Calls: 1

🚨 BOTTLENECK ANALYSIS (Total Runtime: 37.817s):
   🔥 slide_processing: 15.880s (42.0%)
   🔥 total_computation: 15.880s (42.0%)
   🔥 batch_processing: 2.428s (6.4%)
   🔥 feature_processing: 2.254s (6.0%)

📊 OPERATION COUNTS:
   hdf5_write_operations: 1
   patches_processed: 901
   GPU Memory - Max: 4155.0MB | Avg: 3393.5MB

💡 OPTIMIZATION RECOMMENDATIONS:
================================================================================
📊 Features shape: (901, 1536), Coords shape: (901, 2)
💾 Saved features to /nemo/project/proj-tracerx-lung/tctProjects/kilimo/TracerX_WSIs/10X/uni_v2/pt_files/LTX0233_G_SU.pt

🔄 Processing slide 47/121: LTX0243_5M_SU
downsample [1. 1.]
downsampled_level_dim [72960 56320]
level_dim [72960 56320]
name LTX0243_5M_SU
patch_level 0
patch_size 580
save_path /nemo/project/proj-tracerx-lung/tctProjects/kilimo/TracerX_WSIs/10X/patches/patches

feature extraction settings
transformations:  Compose(
    Resize(size=224, interpolation=bilinear, max_size=None, antialias=True)
    CenterCrop(size=(224, 224))
    MaybeToTensor()
    Normalize(mean=tensor([0.4850, 0.4560, 0.4060]), std=tensor([0.2290, 0.2240, 0.2250]))
)
📦 Dataset size: 5110 patches, 10 batches
🔍 Processing a total of 10 batches with profiling enabled
Saving random samples to /nemo/project/proj-tracerx-lung/tctProjects/kilimo/TracerX_WSIs/10X/uni_v2/samples/LTX0243_5M_SU
Saved 10/10 random sample images for slide LTX0243_5M_SU
✅ Features extracted in 52.3s

================================================================================
🔍 PERFORMANCE PROFILING SUMMARY - LTX0243_5M_SU
================================================================================
⏱️  wsi_loading:
   Total: 1.107s | Avg: 1.1067s | Calls: 1
⏱️  dataset_creation:
   Total: 0.163s | Avg: 0.1631s | Calls: 1
⏱️  data_loading:
   Total: 0.001s | Avg: 0.0001s | Calls: 10
   Min: 0.0001s | Max: 0.0003s
⏱️  sample_saving:
   Total: 0.268s | Avg: 0.0268s | Calls: 10
   Min: 0.0027s | Max: 0.2362s
⏱️  data_transfer:
   Total: 0.001s | Avg: 0.0001s | Calls: 10
   Min: 0.0000s | Max: 0.0001s
⏱️  model_inference:
   Total: 0.200s | Avg: 0.0200s | Calls: 10
   Min: 0.0173s | Max: 0.0304s
⏱️  feature_processing:
   Total: 12.774s | Avg: 1.2774s | Calls: 10
   Min: 1.2495s | Max: 1.2989s
⏱️  feature_accumulation:
   Total: 0.000s | Avg: 0.0000s | Calls: 10
   Min: 0.0000s | Max: 0.0000s
⏱️  batch_processing:
   Total: 13.959s | Avg: 1.3959s | Calls: 10
   Min: 1.2961s | Max: 1.9821s
⏱️  feature_combining:
   Total: 0.006s | Avg: 0.0059s | Calls: 1
⏱️  hdf5_writing:
   Total: 0.596s | Avg: 0.5965s | Calls: 1
⏱️  memory_cleanup:
   Total: 0.114s | Avg: 0.1139s | Calls: 1
⏱️  total_computation:
   Total: 51.019s | Avg: 51.0189s | Calls: 1
⏱️  slide_processing:
   Total: 51.019s | Avg: 51.0189s | Calls: 1

🚨 BOTTLENECK ANALYSIS (Total Runtime: 131.227s):
   🔥 slide_processing: 51.019s (38.9%)
   🔥 total_computation: 51.019s (38.9%)
   🔥 batch_processing: 13.959s (10.6%)
   🔥 feature_processing: 12.774s (9.7%)

📊 OPERATION COUNTS:
   hdf5_write_operations: 1
   patches_processed: 5,110
   GPU Memory - Max: 4219.2MB | Avg: 3425.5MB

💡 OPTIMIZATION RECOMMENDATIONS:
================================================================================
📊 Features shape: (5110, 1536), Coords shape: (5110, 2)
💾 Saved features to /nemo/project/proj-tracerx-lung/tctProjects/kilimo/TracerX_WSIs/10X/uni_v2/pt_files/LTX0243_5M_SU.pt

🔄 Processing slide 48/121: LTX0249_A4_SU
downsample [1. 1.]
downsampled_level_dim [215040 112640]
level_dim [215040 112640]
name LTX0249_A4_SU
patch_level 0
patch_size 1161
save_path /nemo/project/proj-tracerx-lung/tctProjects/kilimo/TracerX_WSIs/10X/patches/patches

feature extraction settings
transformations:  Compose(
    Resize(size=224, interpolation=bilinear, max_size=None, antialias=True)
    CenterCrop(size=(224, 224))
    MaybeToTensor()
    Normalize(mean=tensor([0.4850, 0.4560, 0.4060]), std=tensor([0.2290, 0.2240, 0.2250]))
)
📦 Dataset size: 3334 patches, 7 batches
🔍 Processing a total of 7 batches with profiling enabled
Saving random samples to /nemo/project/proj-tracerx-lung/tctProjects/kilimo/TracerX_WSIs/10X/uni_v2/samples/LTX0249_A4_SU
Saved 7/10 random sample images for slide LTX0249_A4_SU
✅ Features extracted in 92.6s

================================================================================
🔍 PERFORMANCE PROFILING SUMMARY - LTX0249_A4_SU
================================================================================
⏱️  wsi_loading:
   Total: 1.209s | Avg: 1.2087s | Calls: 1
⏱️  dataset_creation:
   Total: 0.113s | Avg: 0.1130s | Calls: 1
⏱️  data_loading:
   Total: 0.001s | Avg: 0.0001s | Calls: 7
   Min: 0.0001s | Max: 0.0003s
⏱️  sample_saving:
   Total: 0.029s | Avg: 0.0042s | Calls: 7
   Min: 0.0028s | Max: 0.0060s
⏱️  data_transfer:
   Total: 0.001s | Avg: 0.0001s | Calls: 7
   Min: 0.0000s | Max: 0.0002s
⏱️  model_inference:
   Total: 0.176s | Avg: 0.0251s | Calls: 7
   Min: 0.0171s | Max: 0.0408s
⏱️  feature_processing:
   Total: 8.278s | Avg: 1.1826s | Calls: 7
   Min: 0.6497s | Max: 1.2805s
⏱️  feature_accumulation:
   Total: 0.000s | Avg: 0.0000s | Calls: 7
   Min: 0.0000s | Max: 0.0000s
⏱️  batch_processing:
   Total: 9.566s | Avg: 1.3666s | Calls: 7
   Min: 1.2955s | Max: 1.7488s
⏱️  feature_combining:
   Total: 0.004s | Avg: 0.0041s | Calls: 1
⏱️  hdf5_writing:
   Total: 0.961s | Avg: 0.9606s | Calls: 1
⏱️  memory_cleanup:
   Total: 0.118s | Avg: 0.1176s | Calls: 1
⏱️  total_computation:
   Total: 91.252s | Avg: 91.2521s | Calls: 1
⏱️  slide_processing:
   Total: 91.252s | Avg: 91.2521s | Calls: 1

🚨 BOTTLENECK ANALYSIS (Total Runtime: 202.959s):
   🔥 slide_processing: 91.252s (45.0%)
   🔥 total_computation: 91.252s (45.0%)

📊 OPERATION COUNTS:
   hdf5_write_operations: 1
   patches_processed: 3,334
   GPU Memory - Max: 4082.0MB | Avg: 3357.0MB

💡 OPTIMIZATION RECOMMENDATIONS:
================================================================================
📊 Features shape: (3334, 1536), Coords shape: (3334, 2)
💾 Saved features to /nemo/project/proj-tracerx-lung/tctProjects/kilimo/TracerX_WSIs/10X/uni_v2/pt_files/LTX0249_A4_SU.pt

🔄 Processing slide 49/121: LTX0255_2_SU
downsample [1. 1.]
downsampled_level_dim [96000 81664]
level_dim [96000 81664]
name LTX0255_2_SU
patch_level 0
patch_size 1161
save_path /nemo/project/proj-tracerx-lung/tctProjects/kilimo/TracerX_WSIs/10X/patches/patches

feature extraction settings
transformations:  Compose(
    Resize(size=224, interpolation=bilinear, max_size=None, antialias=True)
    CenterCrop(size=(224, 224))
    MaybeToTensor()
    Normalize(mean=tensor([0.4850, 0.4560, 0.4060]), std=tensor([0.2290, 0.2240, 0.2250]))
)
📦 Dataset size: 2913 patches, 6 batches
🔍 Processing a total of 6 batches with profiling enabled
Saving random samples to /nemo/project/proj-tracerx-lung/tctProjects/kilimo/TracerX_WSIs/10X/uni_v2/samples/LTX0255_2_SU
Saved 6/10 random sample images for slide LTX0255_2_SU
✅ Features extracted in 73.9s

================================================================================
🔍 PERFORMANCE PROFILING SUMMARY - LTX0255_2_SU
================================================================================
⏱️  wsi_loading:
   Total: 1.384s | Avg: 1.3842s | Calls: 1
⏱️  dataset_creation:
   Total: 0.171s | Avg: 0.1713s | Calls: 1
⏱️  data_loading:
   Total: 0.001s | Avg: 0.0001s | Calls: 6
   Min: 0.0001s | Max: 0.0003s
⏱️  sample_saving:
   Total: 0.020s | Avg: 0.0033s | Calls: 6
   Min: 0.0027s | Max: 0.0048s
⏱️  data_transfer:
   Total: 0.000s | Avg: 0.0001s | Calls: 6
   Min: 0.0000s | Max: 0.0002s
⏱️  model_inference:
   Total: 0.119s | Avg: 0.0198s | Calls: 6
   Min: 0.0173s | Max: 0.0298s
⏱️  feature_processing:
   Total: 7.309s | Avg: 1.2182s | Calls: 6
   Min: 0.8767s | Max: 1.2982s
⏱️  feature_accumulation:
   Total: 0.000s | Avg: 0.0000s | Calls: 6
   Min: 0.0000s | Max: 0.0000s
⏱️  batch_processing:
   Total: 8.113s | Avg: 1.3521s | Calls: 6
   Min: 1.2959s | Max: 1.5585s
⏱️  feature_combining:
   Total: 0.002s | Avg: 0.0020s | Calls: 1
⏱️  hdf5_writing:
   Total: 0.547s | Avg: 0.5469s | Calls: 1
⏱️  memory_cleanup:
   Total: 0.113s | Avg: 0.1133s | Calls: 1
⏱️  total_computation:
   Total: 72.297s | Avg: 72.2970s | Calls: 1
⏱️  slide_processing:
   Total: 72.297s | Avg: 72.2971s | Calls: 1

🚨 BOTTLENECK ANALYSIS (Total Runtime: 162.374s):
   🔥 slide_processing: 72.297s (44.5%)
   🔥 total_computation: 72.297s (44.5%)

📊 OPERATION COUNTS:
   hdf5_write_operations: 1
   patches_processed: 2,913
   GPU Memory - Max: 4134.1MB | Avg: 3383.0MB

💡 OPTIMIZATION RECOMMENDATIONS:
================================================================================
📊 Features shape: (2913, 1536), Coords shape: (2913, 2)
💾 Saved features to /nemo/project/proj-tracerx-lung/tctProjects/kilimo/TracerX_WSIs/10X/uni_v2/pt_files/LTX0255_2_SU.pt

🔄 Processing slide 50/121: LTX0263_1__SU
downsample [1. 1.]
downsampled_level_dim [215040 112640]
level_dim [215040 112640]
name LTX0263_1__SU
patch_level 0
patch_size 1161
save_path /nemo/project/proj-tracerx-lung/tctProjects/kilimo/TracerX_WSIs/10X/patches/patches

feature extraction settings
transformations:  Compose(
    Resize(size=224, interpolation=bilinear, max_size=None, antialias=True)
    CenterCrop(size=(224, 224))
    MaybeToTensor()
    Normalize(mean=tensor([0.4850, 0.4560, 0.4060]), std=tensor([0.2290, 0.2240, 0.2250]))
)
📦 Dataset size: 3956 patches, 8 batches
🔍 Processing a total of 8 batches with profiling enabled
Saving random samples to /nemo/project/proj-tracerx-lung/tctProjects/kilimo/TracerX_WSIs/10X/uni_v2/samples/LTX0263_1__SU
Saved 8/10 random sample images for slide LTX0263_1__SU
✅ Features extracted in 150.1s

================================================================================
🔍 PERFORMANCE PROFILING SUMMARY - LTX0263_1__SU
================================================================================
⏱️  wsi_loading:
   Total: 1.988s | Avg: 1.9880s | Calls: 1
⏱️  dataset_creation:
   Total: 0.094s | Avg: 0.0940s | Calls: 1
⏱️  data_loading:
   Total: 0.001s | Avg: 0.0002s | Calls: 8
   Min: 0.0001s | Max: 0.0004s
⏱️  sample_saving:
   Total: 0.027s | Avg: 0.0033s | Calls: 8
   Min: 0.0027s | Max: 0.0047s
⏱️  data_transfer:
   Total: 0.001s | Avg: 0.0001s | Calls: 8
   Min: 0.0000s | Max: 0.0001s
⏱️  model_inference:
   Total: 0.152s | Avg: 0.0190s | Calls: 8
   Min: 0.0161s | Max: 0.0278s
⏱️  feature_processing:
   Total: 9.912s | Avg: 1.2390s | Calls: 8
   Min: 0.9260s | Max: 1.2959s
⏱️  feature_accumulation:
   Total: 0.000s | Avg: 0.0000s | Calls: 8
   Min: 0.0000s | Max: 0.0000s
⏱️  batch_processing:
   Total: 10.242s | Avg: 1.2803s | Calls: 8
   Min: 1.0921s | Max: 1.3221s
⏱️  feature_combining:
   Total: 0.005s | Avg: 0.0055s | Calls: 1
⏱️  hdf5_writing:
   Total: 0.032s | Avg: 0.0321s | Calls: 1
⏱️  memory_cleanup:
   Total: 0.114s | Avg: 0.1141s | Calls: 1
⏱️  total_computation:
   Total: 147.986s | Avg: 147.9861s | Calls: 1
⏱️  slide_processing:
   Total: 147.986s | Avg: 147.9862s | Calls: 1

🚨 BOTTLENECK ANALYSIS (Total Runtime: 318.541s):
   🔥 slide_processing: 147.986s (46.5%)
   🔥 total_computation: 147.986s (46.5%)

📊 OPERATION COUNTS:
   hdf5_write_operations: 1
   patches_processed: 3,956
   GPU Memory - Max: 4145.9MB | Avg: 3388.9MB

💡 OPTIMIZATION RECOMMENDATIONS:
================================================================================
📊 Features shape: (3956, 1536), Coords shape: (3956, 2)
💾 Saved features to /nemo/project/proj-tracerx-lung/tctProjects/kilimo/TracerX_WSIs/10X/uni_v2/pt_files/LTX0263_1__SU.pt

🔄 Processing slide 51/121: LTX0265_1D_SU
downsample [1. 1.]
downsampled_level_dim [215040 112640]
level_dim [215040 112640]
name LTX0265_1D_SU
patch_level 0
patch_size 1161
save_path /nemo/project/proj-tracerx-lung/tctProjects/kilimo/TracerX_WSIs/10X/patches/patches

feature extraction settings
transformations:  Compose(
    Resize(size=224, interpolation=bilinear, max_size=None, antialias=True)
    CenterCrop(size=(224, 224))
    MaybeToTensor()
    Normalize(mean=tensor([0.4850, 0.4560, 0.4060]), std=tensor([0.2290, 0.2240, 0.2250]))
)
📦 Dataset size: 2568 patches, 6 batches
🔍 Processing a total of 6 batches with profiling enabled
Saving random samples to /nemo/project/proj-tracerx-lung/tctProjects/kilimo/TracerX_WSIs/10X/uni_v2/samples/LTX0265_1D_SU
Saved 6/10 random sample images for slide LTX0265_1D_SU
✅ Features extracted in 96.9s

================================================================================
🔍 PERFORMANCE PROFILING SUMMARY - LTX0265_1D_SU
================================================================================
⏱️  wsi_loading:
   Total: 0.574s | Avg: 0.5740s | Calls: 1
⏱️  dataset_creation:
   Total: 0.126s | Avg: 0.1263s | Calls: 1
⏱️  data_loading:
   Total: 0.001s | Avg: 0.0001s | Calls: 6
   Min: 0.0001s | Max: 0.0002s
⏱️  sample_saving:
   Total: 0.028s | Avg: 0.0046s | Calls: 6
   Min: 0.0025s | Max: 0.0084s
⏱️  data_transfer:
   Total: 0.000s | Avg: 0.0001s | Calls: 6
   Min: 0.0000s | Max: 0.0001s
⏱️  model_inference:
   Total: 0.108s | Avg: 0.0179s | Calls: 6
   Min: 0.0158s | Max: 0.0199s
⏱️  feature_processing:
   Total: 6.410s | Avg: 1.0683s | Calls: 6
   Min: 0.0098s | Max: 1.2838s
⏱️  feature_accumulation:
   Total: 0.000s | Avg: 0.0000s | Calls: 6
   Min: 0.0000s | Max: 0.0000s
⏱️  batch_processing:
   Total: 6.715s | Avg: 1.1192s | Calls: 6
   Min: 0.1954s | Max: 1.3096s
⏱️  feature_combining:
   Total: 0.004s | Avg: 0.0044s | Calls: 1
⏱️  hdf5_writing:
   Total: 0.050s | Avg: 0.0503s | Calls: 1
⏱️  memory_cleanup:
   Total: 0.116s | Avg: 0.1160s | Calls: 1
⏱️  total_computation:
   Total: 96.219s | Avg: 96.2186s | Calls: 1
⏱️  slide_processing:
   Total: 96.219s | Avg: 96.2187s | Calls: 1

🚨 BOTTLENECK ANALYSIS (Total Runtime: 206.570s):
   🔥 slide_processing: 96.219s (46.6%)
   🔥 total_computation: 96.219s (46.6%)

📊 OPERATION COUNTS:
   hdf5_write_operations: 1
   patches_processed: 2,568
   GPU Memory - Max: 3941.2MB | Avg: 3286.6MB

💡 OPTIMIZATION RECOMMENDATIONS:
================================================================================
📊 Features shape: (2568, 1536), Coords shape: (2568, 2)
💾 Saved features to /nemo/project/proj-tracerx-lung/tctProjects/kilimo/TracerX_WSIs/10X/uni_v2/pt_files/LTX0265_1D_SU.pt

🔄 Processing slide 52/121: LTX0277_A1_SU
downsample [1. 1.]
downsampled_level_dim [84480 92928]
level_dim [84480 92928]
name LTX0277_A1_SU
patch_level 0
patch_size 1161
save_path /nemo/project/proj-tracerx-lung/tctProjects/kilimo/TracerX_WSIs/10X/patches/patches

feature extraction settings
transformations:  Compose(
    Resize(size=224, interpolation=bilinear, max_size=None, antialias=True)
    CenterCrop(size=(224, 224))
    MaybeToTensor()
    Normalize(mean=tensor([0.4850, 0.4560, 0.4060]), std=tensor([0.2290, 0.2240, 0.2250]))
)
📦 Dataset size: 2199 patches, 5 batches
🔍 Processing a total of 5 batches with profiling enabled
Saving random samples to /nemo/project/proj-tracerx-lung/tctProjects/kilimo/TracerX_WSIs/10X/uni_v2/samples/LTX0277_A1_SU
Saved 5/10 random sample images for slide LTX0277_A1_SU
✅ Features extracted in 59.5s

================================================================================
🔍 PERFORMANCE PROFILING SUMMARY - LTX0277_A1_SU
================================================================================
⏱️  wsi_loading:
   Total: 1.475s | Avg: 1.4753s | Calls: 1
⏱️  dataset_creation:
   Total: 0.091s | Avg: 0.0908s | Calls: 1
⏱️  data_loading:
   Total: 0.001s | Avg: 0.0001s | Calls: 5
   Min: 0.0001s | Max: 0.0002s
⏱️  sample_saving:
   Total: 0.018s | Avg: 0.0036s | Calls: 5
   Min: 0.0028s | Max: 0.0042s
⏱️  data_transfer:
   Total: 0.000s | Avg: 0.0001s | Calls: 5
   Min: 0.0000s | Max: 0.0001s
⏱️  model_inference:
   Total: 0.098s | Avg: 0.0196s | Calls: 5
   Min: 0.0162s | Max: 0.0267s
⏱️  feature_processing:
   Total: 5.512s | Avg: 1.1024s | Calls: 5
   Min: 0.3708s | Max: 1.2912s
⏱️  feature_accumulation:
   Total: 0.000s | Avg: 0.0000s | Calls: 5
   Min: 0.0000s | Max: 0.0000s
⏱️  batch_processing:
   Total: 5.782s | Avg: 1.1564s | Calls: 5
   Min: 0.5429s | Max: 1.3227s
⏱️  feature_combining:
   Total: 0.004s | Avg: 0.0037s | Calls: 1
⏱️  hdf5_writing:
   Total: 0.031s | Avg: 0.0312s | Calls: 1
⏱️  memory_cleanup:
   Total: 0.119s | Avg: 0.1194s | Calls: 1
⏱️  total_computation:
   Total: 57.959s | Avg: 57.9593s | Calls: 1
⏱️  slide_processing:
   Total: 57.959s | Avg: 57.9593s | Calls: 1

🚨 BOTTLENECK ANALYSIS (Total Runtime: 129.050s):
   🔥 slide_processing: 57.959s (44.9%)
   🔥 total_computation: 57.959s (44.9%)

📊 OPERATION COUNTS:
   hdf5_write_operations: 1
   patches_processed: 2,199
   GPU Memory - Max: 4017.8MB | Avg: 3324.9MB

💡 OPTIMIZATION RECOMMENDATIONS:
================================================================================
📊 Features shape: (2199, 1536), Coords shape: (2199, 2)
💾 Saved features to /nemo/project/proj-tracerx-lung/tctProjects/kilimo/TracerX_WSIs/10X/uni_v2/pt_files/LTX0277_A1_SU.pt

🔄 Processing slide 53/121: LTX0281_A4_SU
downsample [1. 1.]
downsampled_level_dim [ 92160 115456]
level_dim [ 92160 115456]
name LTX0281_A4_SU
patch_level 0
patch_size 1161
save_path /nemo/project/proj-tracerx-lung/tctProjects/kilimo/TracerX_WSIs/10X/patches/patches

feature extraction settings
transformations:  Compose(
    Resize(size=224, interpolation=bilinear, max_size=None, antialias=True)
    CenterCrop(size=(224, 224))
    MaybeToTensor()
    Normalize(mean=tensor([0.4850, 0.4560, 0.4060]), std=tensor([0.2290, 0.2240, 0.2250]))
)
📦 Dataset size: 4253 patches, 9 batches
🔍 Processing a total of 9 batches with profiling enabled
Saving random samples to /nemo/project/proj-tracerx-lung/tctProjects/kilimo/TracerX_WSIs/10X/uni_v2/samples/LTX0281_A4_SU
Saved 9/10 random sample images for slide LTX0281_A4_SU
✅ Features extracted in 137.4s

================================================================================
🔍 PERFORMANCE PROFILING SUMMARY - LTX0281_A4_SU
================================================================================
⏱️  wsi_loading:
   Total: 1.149s | Avg: 1.1487s | Calls: 1
⏱️  dataset_creation:
   Total: 0.114s | Avg: 0.1143s | Calls: 1
⏱️  data_loading:
   Total: 0.002s | Avg: 0.0002s | Calls: 9
   Min: 0.0001s | Max: 0.0003s
⏱️  sample_saving:
   Total: 0.553s | Avg: 0.0614s | Calls: 9
   Min: 0.0027s | Max: 0.5256s
⏱️  data_transfer:
   Total: 0.001s | Avg: 0.0001s | Calls: 9
   Min: 0.0000s | Max: 0.0001s
⏱️  model_inference:
   Total: 0.188s | Avg: 0.0209s | Calls: 9
   Min: 0.0169s | Max: 0.0292s
⏱️  feature_processing:
   Total: 10.627s | Avg: 1.1807s | Calls: 9
   Min: 0.3845s | Max: 1.2943s
⏱️  feature_accumulation:
   Total: 0.000s | Avg: 0.0000s | Calls: 9
   Min: 0.0000s | Max: 0.0000s
⏱️  batch_processing:
   Total: 12.708s | Avg: 1.4120s | Calls: 9
   Min: 1.2965s | Max: 1.8190s
⏱️  feature_combining:
   Total: 0.006s | Avg: 0.0062s | Calls: 1
⏱️  hdf5_writing:
   Total: 1.211s | Avg: 1.2108s | Calls: 1
⏱️  memory_cleanup:
   Total: 0.124s | Avg: 0.1237s | Calls: 1
⏱️  total_computation:
   Total: 136.107s | Avg: 136.1067s | Calls: 1
⏱️  slide_processing:
   Total: 136.107s | Avg: 136.1068s | Calls: 1

🚨 BOTTLENECK ANALYSIS (Total Runtime: 298.894s):
   🔥 slide_processing: 136.107s (45.5%)
   🔥 total_computation: 136.107s (45.5%)

📊 OPERATION COUNTS:
   hdf5_write_operations: 1
   patches_processed: 4,253
   GPU Memory - Max: 4022.2MB | Avg: 3327.1MB

💡 OPTIMIZATION RECOMMENDATIONS:
================================================================================
📊 Features shape: (4253, 1536), Coords shape: (4253, 2)
💾 Saved features to /nemo/project/proj-tracerx-lung/tctProjects/kilimo/TracerX_WSIs/10X/uni_v2/pt_files/LTX0281_A4_SU.pt

🔄 Processing slide 54/121: LTX0284_A4_1_SU
downsample [1. 1.]
downsampled_level_dim [122880  95744]
level_dim [122880  95744]
name LTX0284_A4_1_SU
patch_level 0
patch_size 1161
save_path /nemo/project/proj-tracerx-lung/tctProjects/kilimo/TracerX_WSIs/10X/patches/patches

feature extraction settings
transformations:  Compose(
    Resize(size=224, interpolation=bilinear, max_size=None, antialias=True)
    CenterCrop(size=(224, 224))
    MaybeToTensor()
    Normalize(mean=tensor([0.4850, 0.4560, 0.4060]), std=tensor([0.2290, 0.2240, 0.2250]))
)
📦 Dataset size: 3903 patches, 8 batches
🔍 Processing a total of 8 batches with profiling enabled
Saving random samples to /nemo/project/proj-tracerx-lung/tctProjects/kilimo/TracerX_WSIs/10X/uni_v2/samples/LTX0284_A4_1_SU
Saved 8/10 random sample images for slide LTX0284_A4_1_SU
✅ Features extracted in 259.1s

================================================================================
🔍 PERFORMANCE PROFILING SUMMARY - LTX0284_A4_1_SU
================================================================================
⏱️  wsi_loading:
   Total: 2.453s | Avg: 2.4530s | Calls: 1
⏱️  dataset_creation:
   Total: 0.115s | Avg: 0.1153s | Calls: 1
⏱️  data_loading:
   Total: 0.001s | Avg: 0.0001s | Calls: 8
   Min: 0.0001s | Max: 0.0003s
⏱️  sample_saving:
   Total: 0.033s | Avg: 0.0041s | Calls: 8
   Min: 0.0025s | Max: 0.0086s
⏱️  data_transfer:
   Total: 0.001s | Avg: 0.0001s | Calls: 8
   Min: 0.0000s | Max: 0.0001s
⏱️  model_inference:
   Total: 0.150s | Avg: 0.0188s | Calls: 8
   Min: 0.0156s | Max: 0.0276s
⏱️  feature_processing:
   Total: 9.783s | Avg: 1.2229s | Calls: 8
   Min: 0.7946s | Max: 1.3004s
⏱️  feature_accumulation:
   Total: 0.000s | Avg: 0.0000s | Calls: 8
   Min: 0.0000s | Max: 0.0000s
⏱️  batch_processing:
   Total: 10.861s | Avg: 1.3576s | Calls: 8
   Min: 1.2956s | Max: 1.7049s
⏱️  feature_combining:
   Total: 0.005s | Avg: 0.0052s | Calls: 1
⏱️  hdf5_writing:
   Total: 0.775s | Avg: 0.7747s | Calls: 1
⏱️  memory_cleanup:
   Total: 0.116s | Avg: 0.1163s | Calls: 1
⏱️  total_computation:
   Total: 256.548s | Avg: 256.5483s | Calls: 1
⏱️  slide_processing:
   Total: 256.548s | Avg: 256.5484s | Calls: 1

🚨 BOTTLENECK ANALYSIS (Total Runtime: 537.390s):
   🔥 slide_processing: 256.548s (47.7%)
   🔥 total_computation: 256.548s (47.7%)

📊 OPERATION COUNTS:
   hdf5_write_operations: 1
   patches_processed: 3,903
   GPU Memory - Max: 4114.6MB | Avg: 3373.2MB

💡 OPTIMIZATION RECOMMENDATIONS:
================================================================================
📊 Features shape: (3903, 1536), Coords shape: (3903, 2)
💾 Saved features to /nemo/project/proj-tracerx-lung/tctProjects/kilimo/TracerX_WSIs/10X/uni_v2/pt_files/LTX0284_A4_1_SU.pt

🔄 Processing slide 55/121: LTX0284_A4_SU
downsample [1. 1.]
downsampled_level_dim [96000 70400]
level_dim [96000 70400]
name LTX0284_A4_SU
patch_level 0
patch_size 1161
save_path /nemo/project/proj-tracerx-lung/tctProjects/kilimo/TracerX_WSIs/10X/patches/patches

feature extraction settings
transformations:  Compose(
    Resize(size=224, interpolation=bilinear, max_size=None, antialias=True)
    CenterCrop(size=(224, 224))
    MaybeToTensor()
    Normalize(mean=tensor([0.4850, 0.4560, 0.4060]), std=tensor([0.2290, 0.2240, 0.2250]))
)
📦 Dataset size: 2659 patches, 6 batches
🔍 Processing a total of 6 batches with profiling enabled
Saving random samples to /nemo/project/proj-tracerx-lung/tctProjects/kilimo/TracerX_WSIs/10X/uni_v2/samples/LTX0284_A4_SU
Saved 6/10 random sample images for slide LTX0284_A4_SU
✅ Features extracted in 123.6s

================================================================================
🔍 PERFORMANCE PROFILING SUMMARY - LTX0284_A4_SU
================================================================================
⏱️  wsi_loading:
   Total: 3.642s | Avg: 3.6419s | Calls: 1
⏱️  dataset_creation:
   Total: 0.212s | Avg: 0.2116s | Calls: 1
⏱️  data_loading:
   Total: 0.001s | Avg: 0.0001s | Calls: 6
   Min: 0.0001s | Max: 0.0002s
⏱️  sample_saving:
   Total: 0.020s | Avg: 0.0033s | Calls: 6
   Min: 0.0027s | Max: 0.0043s
⏱️  data_transfer:
   Total: 0.000s | Avg: 0.0001s | Calls: 6
   Min: 0.0001s | Max: 0.0001s
⏱️  model_inference:
   Total: 0.109s | Avg: 0.0182s | Calls: 6
   Min: 0.0162s | Max: 0.0220s
⏱️  feature_processing:
   Total: 6.647s | Avg: 1.1078s | Calls: 6
   Min: 0.2399s | Max: 1.2951s
⏱️  feature_accumulation:
   Total: 0.000s | Avg: 0.0000s | Calls: 6
   Min: 0.0000s | Max: 0.0000s
⏱️  batch_processing:
   Total: 6.917s | Avg: 1.1528s | Calls: 6
   Min: 0.3971s | Max: 1.3222s
⏱️  feature_combining:
   Total: 0.006s | Avg: 0.0059s | Calls: 1
⏱️  hdf5_writing:
   Total: 0.025s | Avg: 0.0253s | Calls: 1
⏱️  memory_cleanup:
   Total: 0.112s | Avg: 0.1120s | Calls: 1
⏱️  total_computation:
   Total: 119.737s | Avg: 119.7368s | Calls: 1
⏱️  slide_processing:
   Total: 119.737s | Avg: 119.7368s | Calls: 1

🚨 BOTTLENECK ANALYSIS (Total Runtime: 257.164s):
   🔥 slide_processing: 119.737s (46.6%)
   🔥 total_computation: 119.737s (46.6%)

📊 OPERATION COUNTS:
   hdf5_write_operations: 1
   patches_processed: 2,659
   GPU Memory - Max: 3990.1MB | Avg: 3311.0MB

💡 OPTIMIZATION RECOMMENDATIONS:
================================================================================
📊 Features shape: (2659, 1536), Coords shape: (2659, 2)
💾 Saved features to /nemo/project/proj-tracerx-lung/tctProjects/kilimo/TracerX_WSIs/10X/uni_v2/pt_files/LTX0284_A4_SU.pt

🔄 Processing slide 56/121: LTX0284_A5_SU
downsample [1. 1.]
downsampled_level_dim [80640 76032]
level_dim [80640 76032]
name LTX0284_A5_SU
patch_level 0
patch_size 1161
save_path /nemo/project/proj-tracerx-lung/tctProjects/kilimo/TracerX_WSIs/10X/patches/patches

feature extraction settings
transformations:  Compose(
    Resize(size=224, interpolation=bilinear, max_size=None, antialias=True)
    CenterCrop(size=(224, 224))
    MaybeToTensor()
    Normalize(mean=tensor([0.4850, 0.4560, 0.4060]), std=tensor([0.2290, 0.2240, 0.2250]))
)
📦 Dataset size: 2350 patches, 5 batches
🔍 Processing a total of 5 batches with profiling enabled
Saving random samples to /nemo/project/proj-tracerx-lung/tctProjects/kilimo/TracerX_WSIs/10X/uni_v2/samples/LTX0284_A5_SU
Saved 5/10 random sample images for slide LTX0284_A5_SU
✅ Features extracted in 54.1s

================================================================================
🔍 PERFORMANCE PROFILING SUMMARY - LTX0284_A5_SU
================================================================================
⏱️  wsi_loading:
   Total: 0.516s | Avg: 0.5157s | Calls: 1
⏱️  dataset_creation:
   Total: 0.083s | Avg: 0.0834s | Calls: 1
⏱️  data_loading:
   Total: 0.001s | Avg: 0.0002s | Calls: 5
   Min: 0.0001s | Max: 0.0002s
⏱️  sample_saving:
   Total: 0.017s | Avg: 0.0033s | Calls: 5
   Min: 0.0028s | Max: 0.0042s
⏱️  data_transfer:
   Total: 0.000s | Avg: 0.0001s | Calls: 5
   Min: 0.0001s | Max: 0.0001s
⏱️  model_inference:
   Total: 0.100s | Avg: 0.0199s | Calls: 5
   Min: 0.0172s | Max: 0.0265s
⏱️  feature_processing:
   Total: 5.877s | Avg: 1.1754s | Calls: 5
   Min: 0.7674s | Max: 1.2918s
⏱️  feature_accumulation:
   Total: 0.000s | Avg: 0.0000s | Calls: 5
   Min: 0.0000s | Max: 0.0000s
⏱️  batch_processing:
   Total: 6.135s | Avg: 1.2270s | Calls: 5
   Min: 0.9270s | Max: 1.3170s
⏱️  feature_combining:
   Total: 0.004s | Avg: 0.0038s | Calls: 1
⏱️  hdf5_writing:
   Total: 0.028s | Avg: 0.0278s | Calls: 1
⏱️  memory_cleanup:
   Total: 0.110s | Avg: 0.1100s | Calls: 1
⏱️  total_computation:
   Total: 53.498s | Avg: 53.4976s | Calls: 1
⏱️  slide_processing:
   Total: 53.498s | Avg: 53.4976s | Calls: 1

🚨 BOTTLENECK ANALYSIS (Total Runtime: 119.865s):
   🔥 slide_processing: 53.498s (44.6%)
   🔥 total_computation: 53.498s (44.6%)
   🔥 batch_processing: 6.135s (5.1%)

📊 OPERATION COUNTS:
   hdf5_write_operations: 1
   patches_processed: 2,350
   GPU Memory - Max: 4104.1MB | Avg: 3368.0MB

💡 OPTIMIZATION RECOMMENDATIONS:
================================================================================
📊 Features shape: (2350, 1536), Coords shape: (2350, 2)
💾 Saved features to /nemo/project/proj-tracerx-lung/tctProjects/kilimo/TracerX_WSIs/10X/uni_v2/pt_files/LTX0284_A5_SU.pt

🔄 Processing slide 57/121: LTX0321_A2_SU
downsample [1. 1.]
downsampled_level_dim [149760 115456]
level_dim [149760 115456]
name LTX0321_A2_SU
patch_level 0
patch_size 1161
save_path /nemo/project/proj-tracerx-lung/tctProjects/kilimo/TracerX_WSIs/10X/patches/patches

feature extraction settings
transformations:  Compose(
    Resize(size=224, interpolation=bilinear, max_size=None, antialias=True)
    CenterCrop(size=(224, 224))
    MaybeToTensor()
    Normalize(mean=tensor([0.4850, 0.4560, 0.4060]), std=tensor([0.2290, 0.2240, 0.2250]))
)
📦 Dataset size: 8827 patches, 18 batches
🔍 Processing a total of 18 batches with profiling enabled
Saving random samples to /nemo/project/proj-tracerx-lung/tctProjects/kilimo/TracerX_WSIs/10X/uni_v2/samples/LTX0321_A2_SU
Saved 10/10 random sample images for slide LTX0321_A2_SU
✅ Features extracted in 197.6s

================================================================================
🔍 PERFORMANCE PROFILING SUMMARY - LTX0321_A2_SU
================================================================================
⏱️  wsi_loading:
   Total: 0.671s | Avg: 0.6711s | Calls: 1
⏱️  dataset_creation:
   Total: 0.129s | Avg: 0.1294s | Calls: 1
⏱️  data_loading:
   Total: 0.003s | Avg: 0.0002s | Calls: 18
   Min: 0.0001s | Max: 0.0003s
⏱️  sample_saving:
   Total: 0.076s | Avg: 0.0076s | Calls: 10
   Min: 0.0029s | Max: 0.0375s
⏱️  data_transfer:
   Total: 0.001s | Avg: 0.0001s | Calls: 18
   Min: 0.0000s | Max: 0.0001s
⏱️  model_inference:
   Total: 0.380s | Avg: 0.0211s | Calls: 18
   Min: 0.0150s | Max: 0.0280s
⏱️  feature_processing:
   Total: 22.134s | Avg: 1.2296s | Calls: 18
   Min: 0.3028s | Max: 1.2991s
⏱️  feature_accumulation:
   Total: 0.000s | Avg: 0.0000s | Calls: 18
   Min: 0.0000s | Max: 0.0000s
⏱️  batch_processing:
   Total: 23.105s | Avg: 1.2836s | Calls: 18
   Min: 0.5971s | Max: 1.5498s
⏱️  feature_combining:
   Total: 0.012s | Avg: 0.0058s | Calls: 2
   Min: 0.0035s | Max: 0.0081s
⏱️  hdf5_writing:
   Total: 0.172s | Avg: 0.0860s | Calls: 2
   Min: 0.0763s | Max: 0.0958s
⏱️  memory_cleanup:
   Total: 0.235s | Avg: 0.1176s | Calls: 2
   Min: 0.1087s | Max: 0.1264s
⏱️  total_computation:
   Total: 196.823s | Avg: 196.8235s | Calls: 1
⏱️  slide_processing:
   Total: 196.824s | Avg: 196.8236s | Calls: 1

🚨 BOTTLENECK ANALYSIS (Total Runtime: 440.566s):
   🔥 slide_processing: 196.824s (44.7%)
   🔥 total_computation: 196.823s (44.7%)
   🔥 batch_processing: 23.105s (5.2%)
   🔥 feature_processing: 22.134s (5.0%)

📊 OPERATION COUNTS:
   hdf5_write_operations: 2
   patches_processed: 8,827
   GPU Memory - Max: 4226.2MB | Avg: 3620.0MB

💡 OPTIMIZATION RECOMMENDATIONS:
================================================================================
📊 Features shape: (8827, 1536), Coords shape: (8827, 2)
💾 Saved features to /nemo/project/proj-tracerx-lung/tctProjects/kilimo/TracerX_WSIs/10X/uni_v2/pt_files/LTX0321_A2_SU.pt

🔄 Processing slide 58/121: LTX0326_1_SU
downsample [1. 1.]
downsampled_level_dim [130560  98560]
level_dim [130560  98560]
name LTX0326_1_SU
patch_level 0
patch_size 1161
save_path /nemo/project/proj-tracerx-lung/tctProjects/kilimo/TracerX_WSIs/10X/patches/patches

feature extraction settings
transformations:  Compose(
    Resize(size=224, interpolation=bilinear, max_size=None, antialias=True)
    CenterCrop(size=(224, 224))
    MaybeToTensor()
    Normalize(mean=tensor([0.4850, 0.4560, 0.4060]), std=tensor([0.2290, 0.2240, 0.2250]))
)
📦 Dataset size: 4793 patches, 10 batches
🔍 Processing a total of 10 batches with profiling enabled
Saving random samples to /nemo/project/proj-tracerx-lung/tctProjects/kilimo/TracerX_WSIs/10X/uni_v2/samples/LTX0326_1_SU
Saved 10/10 random sample images for slide LTX0326_1_SU
✅ Features extracted in 116.1s

================================================================================
🔍 PERFORMANCE PROFILING SUMMARY - LTX0326_1_SU
================================================================================
⏱️  wsi_loading:
   Total: 0.513s | Avg: 0.5127s | Calls: 1
⏱️  dataset_creation:
   Total: 0.107s | Avg: 0.1067s | Calls: 1
⏱️  data_loading:
   Total: 0.001s | Avg: 0.0001s | Calls: 10
   Min: 0.0001s | Max: 0.0002s
⏱️  sample_saving:
   Total: 0.099s | Avg: 0.0099s | Calls: 10
   Min: 0.0029s | Max: 0.0684s
⏱️  data_transfer:
   Total: 0.001s | Avg: 0.0001s | Calls: 10
   Min: 0.0000s | Max: 0.0001s
⏱️  model_inference:
   Total: 0.179s | Avg: 0.0179s | Calls: 10
   Min: 0.0173s | Max: 0.0206s
⏱️  feature_processing:
   Total: 12.024s | Avg: 1.2024s | Calls: 10
   Min: 0.4554s | Max: 1.2966s
⏱️  feature_accumulation:
   Total: 0.000s | Avg: 0.0000s | Calls: 10
   Min: 0.0000s | Max: 0.0000s
⏱️  batch_processing:
   Total: 12.458s | Avg: 1.2458s | Calls: 10
   Min: 0.6271s | Max: 1.3832s
⏱️  feature_combining:
   Total: 0.009s | Avg: 0.0088s | Calls: 1
⏱️  hdf5_writing:
   Total: 0.036s | Avg: 0.0357s | Calls: 1
⏱️  memory_cleanup:
   Total: 0.115s | Avg: 0.1147s | Calls: 1
⏱️  total_computation:
   Total: 115.499s | Avg: 115.4991s | Calls: 1
⏱️  slide_processing:
   Total: 115.499s | Avg: 115.4991s | Calls: 1

🚨 BOTTLENECK ANALYSIS (Total Runtime: 256.539s):
   🔥 slide_processing: 115.499s (45.0%)
   🔥 total_computation: 115.499s (45.0%)

📊 OPERATION COUNTS:
   hdf5_write_operations: 1
   patches_processed: 4,793
   GPU Memory - Max: 4037.3MB | Avg: 3334.6MB

💡 OPTIMIZATION RECOMMENDATIONS:
================================================================================
📊 Features shape: (4793, 1536), Coords shape: (4793, 2)
💾 Saved features to /nemo/project/proj-tracerx-lung/tctProjects/kilimo/TracerX_WSIs/10X/uni_v2/pt_files/LTX0326_1_SU.pt

🔄 Processing slide 59/121: LTX0334_3__SU
downsample [1. 1.]
downsampled_level_dim [119040  90112]
level_dim [119040  90112]
name LTX0334_3__SU
patch_level 0
patch_size 1161
save_path /nemo/project/proj-tracerx-lung/tctProjects/kilimo/TracerX_WSIs/10X/patches/patches

feature extraction settings
transformations:  Compose(
    Resize(size=224, interpolation=bilinear, max_size=None, antialias=True)
    CenterCrop(size=(224, 224))
    MaybeToTensor()
    Normalize(mean=tensor([0.4850, 0.4560, 0.4060]), std=tensor([0.2290, 0.2240, 0.2250]))
)
📦 Dataset size: 3078 patches, 7 batches
🔍 Processing a total of 7 batches with profiling enabled
Saving random samples to /nemo/project/proj-tracerx-lung/tctProjects/kilimo/TracerX_WSIs/10X/uni_v2/samples/LTX0334_3__SU
Saved 7/10 random sample images for slide LTX0334_3__SU
✅ Features extracted in 74.1s

================================================================================
🔍 PERFORMANCE PROFILING SUMMARY - LTX0334_3__SU
================================================================================
⏱️  wsi_loading:
   Total: 0.510s | Avg: 0.5101s | Calls: 1
⏱️  dataset_creation:
   Total: 0.092s | Avg: 0.0922s | Calls: 1
⏱️  data_loading:
   Total: 0.001s | Avg: 0.0002s | Calls: 7
   Min: 0.0001s | Max: 0.0003s
⏱️  sample_saving:
   Total: 0.025s | Avg: 0.0036s | Calls: 7
   Min: 0.0030s | Max: 0.0048s
⏱️  data_transfer:
   Total: 0.001s | Avg: 0.0001s | Calls: 7
   Min: 0.0000s | Max: 0.0002s
⏱️  model_inference:
   Total: 0.213s | Avg: 0.0304s | Calls: 7
   Min: 0.0176s | Max: 0.0819s
⏱️  feature_processing:
   Total: 7.683s | Avg: 1.0976s | Calls: 7
   Min: 0.0051s | Max: 1.2962s
⏱️  feature_accumulation:
   Total: 0.000s | Avg: 0.0000s | Calls: 7
   Min: 0.0000s | Max: 0.0000s
⏱️  batch_processing:
   Total: 8.068s | Avg: 1.1525s | Calls: 7
   Min: 0.2330s | Max: 1.3174s
⏱️  feature_combining:
   Total: 0.002s | Avg: 0.0024s | Calls: 1
⏱️  hdf5_writing:
   Total: 0.028s | Avg: 0.0284s | Calls: 1
⏱️  memory_cleanup:
   Total: 0.113s | Avg: 0.1134s | Calls: 1
⏱️  total_computation:
   Total: 73.503s | Avg: 73.5025s | Calls: 1
⏱️  slide_processing:
   Total: 73.503s | Avg: 73.5026s | Calls: 1

🚨 BOTTLENECK ANALYSIS (Total Runtime: 163.742s):
   🔥 slide_processing: 73.503s (44.9%)
   🔥 total_computation: 73.503s (44.9%)

📊 OPERATION COUNTS:
   hdf5_write_operations: 1
   patches_processed: 3,078
   GPU Memory - Max: 3945.7MB | Avg: 3288.8MB

💡 OPTIMIZATION RECOMMENDATIONS:
================================================================================
📊 Features shape: (3078, 1536), Coords shape: (3078, 2)
💾 Saved features to /nemo/project/proj-tracerx-lung/tctProjects/kilimo/TracerX_WSIs/10X/uni_v2/pt_files/LTX0334_3__SU.pt

🔄 Processing slide 60/121: LTX0339_1F_SU
downsample [1. 1.]
downsampled_level_dim [149760 115456]
level_dim [149760 115456]
name LTX0339_1F_SU
patch_level 0
patch_size 1161
save_path /nemo/project/proj-tracerx-lung/tctProjects/kilimo/TracerX_WSIs/10X/patches/patches

feature extraction settings
transformations:  Compose(
    Resize(size=224, interpolation=bilinear, max_size=None, antialias=True)
    CenterCrop(size=(224, 224))
    MaybeToTensor()
    Normalize(mean=tensor([0.4850, 0.4560, 0.4060]), std=tensor([0.2290, 0.2240, 0.2250]))
)
📦 Dataset size: 5923 patches, 12 batches
🔍 Processing a total of 12 batches with profiling enabled
Saving random samples to /nemo/project/proj-tracerx-lung/tctProjects/kilimo/TracerX_WSIs/10X/uni_v2/samples/LTX0339_1F_SU
Saved 10/10 random sample images for slide LTX0339_1F_SU
✅ Features extracted in 136.8s

================================================================================
🔍 PERFORMANCE PROFILING SUMMARY - LTX0339_1F_SU
================================================================================
⏱️  wsi_loading:
   Total: 0.598s | Avg: 0.5982s | Calls: 1
⏱️  dataset_creation:
   Total: 0.098s | Avg: 0.0977s | Calls: 1
⏱️  data_loading:
   Total: 0.002s | Avg: 0.0002s | Calls: 12
   Min: 0.0001s | Max: 0.0003s
⏱️  sample_saving:
   Total: 0.045s | Avg: 0.0045s | Calls: 10
   Min: 0.0028s | Max: 0.0082s
⏱️  data_transfer:
   Total: 0.001s | Avg: 0.0001s | Calls: 12
   Min: 0.0000s | Max: 0.0002s
⏱️  model_inference:
   Total: 0.262s | Avg: 0.0218s | Calls: 12
   Min: 0.0169s | Max: 0.0297s
⏱️  feature_processing:
   Total: 14.827s | Avg: 1.2356s | Calls: 12
   Min: 0.7219s | Max: 1.2953s
⏱️  feature_accumulation:
   Total: 0.000s | Avg: 0.0000s | Calls: 12
   Min: 0.0000s | Max: 0.0000s
⏱️  batch_processing:
   Total: 15.673s | Avg: 1.3061s | Calls: 12
   Min: 0.8596s | Max: 1.7088s
⏱️  feature_combining:
   Total: 0.008s | Avg: 0.0039s | Calls: 2
   Min: 0.0005s | Max: 0.0074s
⏱️  hdf5_writing:
   Total: 0.319s | Avg: 0.1595s | Calls: 2
   Min: 0.0173s | Max: 0.3018s
⏱️  memory_cleanup:
   Total: 0.212s | Avg: 0.1061s | Calls: 2
   Min: 0.0995s | Max: 0.1126s
⏱️  total_computation:
   Total: 136.071s | Avg: 136.0714s | Calls: 1
⏱️  slide_processing:
   Total: 136.071s | Avg: 136.0715s | Calls: 1

🚨 BOTTLENECK ANALYSIS (Total Runtime: 304.188s):
   🔥 slide_processing: 136.071s (44.7%)
   🔥 total_computation: 136.071s (44.7%)
   🔥 batch_processing: 15.673s (5.2%)

📊 OPERATION COUNTS:
   hdf5_write_operations: 2
   patches_processed: 5,923
   GPU Memory - Max: 4226.2MB | Avg: 3652.5MB

💡 OPTIMIZATION RECOMMENDATIONS:
================================================================================
📊 Features shape: (5923, 1536), Coords shape: (5923, 2)
💾 Saved features to /nemo/project/proj-tracerx-lung/tctProjects/kilimo/TracerX_WSIs/10X/uni_v2/pt_files/LTX0339_1F_SU.pt

🔄 Processing slide 61/121: LTX0343_A2_SU
downsample [1. 1.]
downsampled_level_dim [130560  73216]
level_dim [130560  73216]
name LTX0343_A2_SU
patch_level 0
patch_size 1161
save_path /nemo/project/proj-tracerx-lung/tctProjects/kilimo/TracerX_WSIs/10X/patches/patches

feature extraction settings
transformations:  Compose(
    Resize(size=224, interpolation=bilinear, max_size=None, antialias=True)
    CenterCrop(size=(224, 224))
    MaybeToTensor()
    Normalize(mean=tensor([0.4850, 0.4560, 0.4060]), std=tensor([0.2290, 0.2240, 0.2250]))
)
📦 Dataset size: 3975 patches, 8 batches
🔍 Processing a total of 8 batches with profiling enabled
Saving random samples to /nemo/project/proj-tracerx-lung/tctProjects/kilimo/TracerX_WSIs/10X/uni_v2/samples/LTX0343_A2_SU
Saved 8/10 random sample images for slide LTX0343_A2_SU
✅ Features extracted in 82.2s

================================================================================
🔍 PERFORMANCE PROFILING SUMMARY - LTX0343_A2_SU
================================================================================
⏱️  wsi_loading:
   Total: 0.740s | Avg: 0.7397s | Calls: 1
⏱️  dataset_creation:
   Total: 0.117s | Avg: 0.1172s | Calls: 1
⏱️  data_loading:
   Total: 0.001s | Avg: 0.0001s | Calls: 8
   Min: 0.0001s | Max: 0.0003s
⏱️  sample_saving:
   Total: 0.191s | Avg: 0.0239s | Calls: 8
   Min: 0.0029s | Max: 0.0965s
⏱️  data_transfer:
   Total: 0.001s | Avg: 0.0001s | Calls: 8
   Min: 0.0000s | Max: 0.0002s
⏱️  model_inference:
   Total: 0.180s | Avg: 0.0225s | Calls: 8
   Min: 0.0172s | Max: 0.0298s
⏱️  feature_processing:
   Total: 9.897s | Avg: 1.2371s | Calls: 8
   Min: 0.9728s | Max: 1.2853s
⏱️  feature_accumulation:
   Total: 0.000s | Avg: 0.0000s | Calls: 8
   Min: 0.0000s | Max: 0.0000s
⏱️  batch_processing:
   Total: 10.798s | Avg: 1.3498s | Calls: 8
   Min: 1.2962s | Max: 1.5188s
⏱️  feature_combining:
   Total: 0.004s | Avg: 0.0042s | Calls: 1
⏱️  hdf5_writing:
   Total: 0.414s | Avg: 0.4140s | Calls: 1
⏱️  memory_cleanup:
   Total: 0.111s | Avg: 0.1105s | Calls: 1
⏱️  total_computation:
   Total: 81.388s | Avg: 81.3883s | Calls: 1
⏱️  slide_processing:
   Total: 81.388s | Avg: 81.3884s | Calls: 1

🚨 BOTTLENECK ANALYSIS (Total Runtime: 185.230s):
   🔥 slide_processing: 81.388s (43.9%)
   🔥 total_computation: 81.388s (43.9%)
   🔥 batch_processing: 10.798s (5.8%)
   🔥 feature_processing: 9.897s (5.3%)

📊 OPERATION COUNTS:
   hdf5_write_operations: 1
   patches_processed: 3,975
   GPU Memory - Max: 4156.1MB | Avg: 3394.0MB

💡 OPTIMIZATION RECOMMENDATIONS:
================================================================================
📊 Features shape: (3975, 1536), Coords shape: (3975, 2)
💾 Saved features to /nemo/project/proj-tracerx-lung/tctProjects/kilimo/TracerX_WSIs/10X/uni_v2/pt_files/LTX0343_A2_SU.pt

🔄 Processing slide 62/121: LTX0348_D3_SU
downsample [1. 1.]
downsampled_level_dim [138240  92928]
level_dim [138240  92928]
name LTX0348_D3_SU
patch_level 0
patch_size 1161
save_path /nemo/project/proj-tracerx-lung/tctProjects/kilimo/TracerX_WSIs/10X/patches/patches

feature extraction settings
transformations:  Compose(
    Resize(size=224, interpolation=bilinear, max_size=None, antialias=True)
    CenterCrop(size=(224, 224))
    MaybeToTensor()
    Normalize(mean=tensor([0.4850, 0.4560, 0.4060]), std=tensor([0.2290, 0.2240, 0.2250]))
)
📦 Dataset size: 4775 patches, 10 batches
🔍 Processing a total of 10 batches with profiling enabled
Saving random samples to /nemo/project/proj-tracerx-lung/tctProjects/kilimo/TracerX_WSIs/10X/uni_v2/samples/LTX0348_D3_SU
Saved 10/10 random sample images for slide LTX0348_D3_SU
✅ Features extracted in 112.6s

================================================================================
🔍 PERFORMANCE PROFILING SUMMARY - LTX0348_D3_SU
================================================================================
⏱️  wsi_loading:
   Total: 1.179s | Avg: 1.1787s | Calls: 1
⏱️  dataset_creation:
   Total: 0.123s | Avg: 0.1233s | Calls: 1
⏱️  data_loading:
   Total: 0.001s | Avg: 0.0001s | Calls: 10
   Min: 0.0001s | Max: 0.0003s
⏱️  sample_saving:
   Total: 0.145s | Avg: 0.0145s | Calls: 10
   Min: 0.0029s | Max: 0.1078s
⏱️  data_transfer:
   Total: 0.001s | Avg: 0.0001s | Calls: 10
   Min: 0.0000s | Max: 0.0001s
⏱️  model_inference:
   Total: 0.220s | Avg: 0.0220s | Calls: 10
   Min: 0.0172s | Max: 0.0305s
⏱️  feature_processing:
   Total: 11.900s | Avg: 1.1900s | Calls: 10
   Min: 0.4089s | Max: 1.2843s
⏱️  feature_accumulation:
   Total: 0.000s | Avg: 0.0000s | Calls: 10
   Min: 0.0000s | Max: 0.0000s
⏱️  batch_processing:
   Total: 12.887s | Avg: 1.2887s | Calls: 10
   Min: 1.0468s | Max: 1.4017s
⏱️  feature_combining:
   Total: 0.006s | Avg: 0.0065s | Calls: 1
⏱️  hdf5_writing:
   Total: 0.504s | Avg: 0.5044s | Calls: 1
⏱️  memory_cleanup:
   Total: 0.112s | Avg: 0.1124s | Calls: 1
⏱️  total_computation:
   Total: 111.254s | Avg: 111.2539s | Calls: 1
⏱️  slide_processing:
   Total: 111.254s | Avg: 111.2540s | Calls: 1

🚨 BOTTLENECK ANALYSIS (Total Runtime: 249.587s):
   🔥 slide_processing: 111.254s (44.6%)
   🔥 total_computation: 111.254s (44.6%)
   🔥 batch_processing: 12.887s (5.2%)

📊 OPERATION COUNTS:
   hdf5_write_operations: 1
   patches_processed: 4,775
   GPU Memory - Max: 4028.1MB | Avg: 3330.0MB

💡 OPTIMIZATION RECOMMENDATIONS:
================================================================================
📊 Features shape: (4775, 1536), Coords shape: (4775, 2)
💾 Saved features to /nemo/project/proj-tracerx-lung/tctProjects/kilimo/TracerX_WSIs/10X/uni_v2/pt_files/LTX0348_D3_SU.pt

🔄 Processing slide 63/121: LTX0355_A5_SU
downsample [1. 1.]
downsampled_level_dim [126720 107008]
level_dim [126720 107008]
name LTX0355_A5_SU
patch_level 0
patch_size 1161
save_path /nemo/project/proj-tracerx-lung/tctProjects/kilimo/TracerX_WSIs/10X/patches/patches

feature extraction settings
transformations:  Compose(
    Resize(size=224, interpolation=bilinear, max_size=None, antialias=True)
    CenterCrop(size=(224, 224))
    MaybeToTensor()
    Normalize(mean=tensor([0.4850, 0.4560, 0.4060]), std=tensor([0.2290, 0.2240, 0.2250]))
)
📦 Dataset size: 6382 patches, 13 batches
🔍 Processing a total of 13 batches with profiling enabled
Saving random samples to /nemo/project/proj-tracerx-lung/tctProjects/kilimo/TracerX_WSIs/10X/uni_v2/samples/LTX0355_A5_SU
Saved 10/10 random sample images for slide LTX0355_A5_SU
✅ Features extracted in 157.2s

================================================================================
🔍 PERFORMANCE PROFILING SUMMARY - LTX0355_A5_SU
================================================================================
⏱️  wsi_loading:
   Total: 1.197s | Avg: 1.1971s | Calls: 1
⏱️  dataset_creation:
   Total: 0.112s | Avg: 0.1117s | Calls: 1
⏱️  data_loading:
   Total: 0.002s | Avg: 0.0001s | Calls: 13
   Min: 0.0001s | Max: 0.0003s
⏱️  sample_saving:
   Total: 0.044s | Avg: 0.0044s | Calls: 10
   Min: 0.0029s | Max: 0.0076s
⏱️  data_transfer:
   Total: 0.001s | Avg: 0.0001s | Calls: 13
   Min: 0.0000s | Max: 0.0001s
⏱️  model_inference:
   Total: 0.280s | Avg: 0.0216s | Calls: 13
   Min: 0.0160s | Max: 0.0299s
⏱️  feature_processing:
   Total: 15.936s | Avg: 1.2258s | Calls: 13
   Min: 0.5899s | Max: 1.2960s
⏱️  feature_accumulation:
   Total: 0.000s | Avg: 0.0000s | Calls: 13
   Min: 0.0000s | Max: 0.0000s
⏱️  batch_processing:
   Total: 17.007s | Avg: 1.3083s | Calls: 13
   Min: 0.7351s | Max: 1.9087s
⏱️  feature_combining:
   Total: 0.009s | Avg: 0.0047s | Calls: 2
   Min: 0.0023s | Max: 0.0072s
⏱️  hdf5_writing:
   Total: 0.511s | Avg: 0.2554s | Calls: 2
   Min: 0.0222s | Max: 0.4886s
⏱️  memory_cleanup:
   Total: 0.228s | Avg: 0.1141s | Calls: 2
   Min: 0.1060s | Max: 0.1221s
⏱️  total_computation:
   Total: 155.871s | Avg: 155.8706s | Calls: 1
⏱️  slide_processing:
   Total: 155.871s | Avg: 155.8707s | Calls: 1

🚨 BOTTLENECK ANALYSIS (Total Runtime: 347.069s):
   🔥 slide_processing: 155.871s (44.9%)
   🔥 total_computation: 155.871s (44.9%)

📊 OPERATION COUNTS:
   hdf5_write_operations: 2
   patches_processed: 6,382
   GPU Memory - Max: 4226.2MB | Avg: 3642.3MB

💡 OPTIMIZATION RECOMMENDATIONS:
================================================================================
📊 Features shape: (6382, 1536), Coords shape: (6382, 2)
💾 Saved features to /nemo/project/proj-tracerx-lung/tctProjects/kilimo/TracerX_WSIs/10X/uni_v2/pt_files/LTX0355_A5_SU.pt

🔄 Processing slide 64/121: LTX0357_A5_SU
downsample [1. 1.]
downsampled_level_dim [142080 101376]
level_dim [142080 101376]
name LTX0357_A5_SU
patch_level 0
patch_size 1161
save_path /nemo/project/proj-tracerx-lung/tctProjects/kilimo/TracerX_WSIs/10X/patches/patches

feature extraction settings
transformations:  Compose(
    Resize(size=224, interpolation=bilinear, max_size=None, antialias=True)
    CenterCrop(size=(224, 224))
    MaybeToTensor()
    Normalize(mean=tensor([0.4850, 0.4560, 0.4060]), std=tensor([0.2290, 0.2240, 0.2250]))
)
📦 Dataset size: 6732 patches, 14 batches
🔍 Processing a total of 14 batches with profiling enabled
Saving random samples to /nemo/project/proj-tracerx-lung/tctProjects/kilimo/TracerX_WSIs/10X/uni_v2/samples/LTX0357_A5_SU
Saved 5/10 random sample images for slide LTX0357_A5_SU
✅ Features extracted in 158.4s

================================================================================
🔍 PERFORMANCE PROFILING SUMMARY - LTX0357_A5_SU
================================================================================
⏱️  wsi_loading:
   Total: 2.135s | Avg: 2.1351s | Calls: 1
⏱️  dataset_creation:
   Total: 0.180s | Avg: 0.1801s | Calls: 1
⏱️  data_loading:
   Total: 0.002s | Avg: 0.0001s | Calls: 14
   Min: 0.0001s | Max: 0.0003s
⏱️  sample_saving:
   Total: 0.020s | Avg: 0.0041s | Calls: 5
   Min: 0.0029s | Max: 0.0052s
⏱️  data_transfer:
   Total: 0.001s | Avg: 0.0001s | Calls: 14
   Min: 0.0000s | Max: 0.0002s
⏱️  model_inference:
   Total: 0.284s | Avg: 0.0203s | Calls: 14
   Min: 0.0162s | Max: 0.0304s
⏱️  feature_processing:
   Total: 16.795s | Avg: 1.1996s | Calls: 14
   Min: 0.1831s | Max: 1.2943s
⏱️  feature_accumulation:
   Total: 0.000s | Avg: 0.0000s | Calls: 14
   Min: 0.0000s | Max: 0.0000s
⏱️  batch_processing:
   Total: 17.683s | Avg: 1.2631s | Calls: 14
   Min: 0.3599s | Max: 1.7298s
⏱️  feature_combining:
   Total: 0.009s | Avg: 0.0047s | Calls: 2
   Min: 0.0021s | Max: 0.0073s
⏱️  hdf5_writing:
   Total: 0.368s | Avg: 0.1840s | Calls: 2
   Min: 0.0656s | Max: 0.3025s
⏱️  memory_cleanup:
   Total: 0.208s | Avg: 0.1038s | Calls: 2
   Min: 0.0941s | Max: 0.1135s
⏱️  total_computation:
   Total: 156.101s | Avg: 156.1012s | Calls: 1
⏱️  slide_processing:
   Total: 156.101s | Avg: 156.1012s | Calls: 1

🚨 BOTTLENECK ANALYSIS (Total Runtime: 349.887s):
   🔥 slide_processing: 156.101s (44.6%)
   🔥 total_computation: 156.101s (44.6%)
   🔥 batch_processing: 17.683s (5.1%)

📊 OPERATION COUNTS:
   hdf5_write_operations: 2
   patches_processed: 6,732
   GPU Memory - Max: 4226.2MB | Avg: 3611.6MB

💡 OPTIMIZATION RECOMMENDATIONS:
================================================================================
📊 Features shape: (6732, 1536), Coords shape: (6732, 2)
💾 Saved features to /nemo/project/proj-tracerx-lung/tctProjects/kilimo/TracerX_WSIs/10X/uni_v2/pt_files/LTX0357_A5_SU.pt

🔄 Processing slide 65/121: LTX0361_A3_SU
downsample [1. 1.]
downsampled_level_dim [122880  92928]
level_dim [122880  92928]
name LTX0361_A3_SU
patch_level 0
patch_size 1161
save_path /nemo/project/proj-tracerx-lung/tctProjects/kilimo/TracerX_WSIs/10X/patches/patches

feature extraction settings
transformations:  Compose(
    Resize(size=224, interpolation=bilinear, max_size=None, antialias=True)
    CenterCrop(size=(224, 224))
    MaybeToTensor()
    Normalize(mean=tensor([0.4850, 0.4560, 0.4060]), std=tensor([0.2290, 0.2240, 0.2250]))
)
📦 Dataset size: 4477 patches, 9 batches
🔍 Processing a total of 9 batches with profiling enabled
Saving random samples to /nemo/project/proj-tracerx-lung/tctProjects/kilimo/TracerX_WSIs/10X/uni_v2/samples/LTX0361_A3_SU
Saved 9/10 random sample images for slide LTX0361_A3_SU
✅ Features extracted in 111.8s

================================================================================
🔍 PERFORMANCE PROFILING SUMMARY - LTX0361_A3_SU
================================================================================
⏱️  wsi_loading:
   Total: 0.967s | Avg: 0.9670s | Calls: 1
⏱️  dataset_creation:
   Total: 0.104s | Avg: 0.1036s | Calls: 1
⏱️  data_loading:
   Total: 0.001s | Avg: 0.0001s | Calls: 9
   Min: 0.0001s | Max: 0.0003s
⏱️  sample_saving:
   Total: 0.034s | Avg: 0.0038s | Calls: 9
   Min: 0.0028s | Max: 0.0052s
⏱️  data_transfer:
   Total: 0.001s | Avg: 0.0001s | Calls: 9
   Min: 0.0001s | Max: 0.0002s
⏱️  model_inference:
   Total: 0.199s | Avg: 0.0221s | Calls: 9
   Min: 0.0174s | Max: 0.0303s
⏱️  feature_processing:
   Total: 11.169s | Avg: 1.2410s | Calls: 9
   Min: 0.9602s | Max: 1.2904s
⏱️  feature_accumulation:
   Total: 0.000s | Avg: 0.0000s | Calls: 9
   Min: 0.0000s | Max: 0.0000s
⏱️  batch_processing:
   Total: 11.553s | Avg: 1.2836s | Calls: 9
   Min: 1.1283s | Max: 1.3161s
⏱️  feature_combining:
   Total: 0.004s | Avg: 0.0044s | Calls: 1
⏱️  hdf5_writing:
   Total: 0.033s | Avg: 0.0329s | Calls: 1
⏱️  memory_cleanup:
   Total: 0.113s | Avg: 0.1126s | Calls: 1
⏱️  total_computation:
   Total: 110.690s | Avg: 110.6900s | Calls: 1
⏱️  slide_processing:
   Total: 110.690s | Avg: 110.6900s | Calls: 1

🚨 BOTTLENECK ANALYSIS (Total Runtime: 245.557s):
   🔥 slide_processing: 110.690s (45.1%)
   🔥 total_computation: 110.690s (45.1%)

📊 OPERATION COUNTS:
   hdf5_write_operations: 1
   patches_processed: 4,477
   GPU Memory - Max: 4151.2MB | Avg: 3391.6MB

💡 OPTIMIZATION RECOMMENDATIONS:
================================================================================
📊 Features shape: (4477, 1536), Coords shape: (4477, 2)
💾 Saved features to /nemo/project/proj-tracerx-lung/tctProjects/kilimo/TracerX_WSIs/10X/uni_v2/pt_files/LTX0361_A3_SU.pt

🔄 Processing slide 66/121: LTX0365_A4_SU
downsample [1. 1.]
downsampled_level_dim [134400 109824]
level_dim [134400 109824]
name LTX0365_A4_SU
patch_level 0
patch_size 1161
save_path /nemo/project/proj-tracerx-lung/tctProjects/kilimo/TracerX_WSIs/10X/patches/patches

feature extraction settings
transformations:  Compose(
    Resize(size=224, interpolation=bilinear, max_size=None, antialias=True)
    CenterCrop(size=(224, 224))
    MaybeToTensor()
    Normalize(mean=tensor([0.4850, 0.4560, 0.4060]), std=tensor([0.2290, 0.2240, 0.2250]))
)
📦 Dataset size: 6695 patches, 14 batches
🔍 Processing a total of 14 batches with profiling enabled
Saving random samples to /nemo/project/proj-tracerx-lung/tctProjects/kilimo/TracerX_WSIs/10X/uni_v2/samples/LTX0365_A4_SU
Saved 10/10 random sample images for slide LTX0365_A4_SU
✅ Features extracted in 171.6s

================================================================================
🔍 PERFORMANCE PROFILING SUMMARY - LTX0365_A4_SU
================================================================================
⏱️  wsi_loading:
   Total: 1.779s | Avg: 1.7794s | Calls: 1
⏱️  dataset_creation:
   Total: 0.170s | Avg: 0.1701s | Calls: 1
⏱️  data_loading:
   Total: 0.002s | Avg: 0.0002s | Calls: 14
   Min: 0.0001s | Max: 0.0003s
⏱️  sample_saving:
   Total: 0.036s | Avg: 0.0036s | Calls: 10
   Min: 0.0027s | Max: 0.0046s
⏱️  data_transfer:
   Total: 0.001s | Avg: 0.0001s | Calls: 14
   Min: 0.0000s | Max: 0.0001s
⏱️  model_inference:
   Total: 0.287s | Avg: 0.0205s | Calls: 14
   Min: 0.0160s | Max: 0.0296s
⏱️  feature_processing:
   Total: 16.861s | Avg: 1.2044s | Calls: 14
   Min: 0.0903s | Max: 1.3015s
⏱️  feature_accumulation:
   Total: 0.000s | Avg: 0.0000s | Calls: 14
   Min: 0.0000s | Max: 0.0000s
⏱️  batch_processing:
   Total: 17.716s | Avg: 1.2655s | Calls: 14
   Min: 0.2239s | Max: 1.7233s
⏱️  feature_combining:
   Total: 0.008s | Avg: 0.0041s | Calls: 2
   Min: 0.0027s | Max: 0.0056s
⏱️  hdf5_writing:
   Total: 0.295s | Avg: 0.1477s | Calls: 2
   Min: 0.0187s | Max: 0.2767s
⏱️  memory_cleanup:
   Total: 0.227s | Avg: 0.1135s | Calls: 2
   Min: 0.0979s | Max: 0.1290s
⏱️  total_computation:
   Total: 169.686s | Avg: 169.6858s | Calls: 1
⏱️  slide_processing:
   Total: 169.686s | Avg: 169.6859s | Calls: 1

🚨 BOTTLENECK ANALYSIS (Total Runtime: 376.756s):
   🔥 slide_processing: 169.686s (45.0%)
   🔥 total_computation: 169.686s (45.0%)

📊 OPERATION COUNTS:
   hdf5_write_operations: 2
   patches_processed: 6,695
   GPU Memory - Max: 4226.2MB | Avg: 3604.6MB

💡 OPTIMIZATION RECOMMENDATIONS:
================================================================================
📊 Features shape: (6695, 1536), Coords shape: (6695, 2)
💾 Saved features to /nemo/project/proj-tracerx-lung/tctProjects/kilimo/TracerX_WSIs/10X/uni_v2/pt_files/LTX0365_A4_SU.pt

🔄 Processing slide 67/121: LTX0366_A4_SU
downsample [1. 1.]
downsampled_level_dim [134400 115456]
level_dim [134400 115456]
name LTX0366_A4_SU
patch_level 0
patch_size 1161
save_path /nemo/project/proj-tracerx-lung/tctProjects/kilimo/TracerX_WSIs/10X/patches/patches

feature extraction settings
transformations:  Compose(
    Resize(size=224, interpolation=bilinear, max_size=None, antialias=True)
    CenterCrop(size=(224, 224))
    MaybeToTensor()
    Normalize(mean=tensor([0.4850, 0.4560, 0.4060]), std=tensor([0.2290, 0.2240, 0.2250]))
)
📦 Dataset size: 5253 patches, 11 batches
🔍 Processing a total of 11 batches with profiling enabled
Saving random samples to /nemo/project/proj-tracerx-lung/tctProjects/kilimo/TracerX_WSIs/10X/uni_v2/samples/LTX0366_A4_SU
Saved 10/10 random sample images for slide LTX0366_A4_SU
✅ Features extracted in 151.5s

================================================================================
🔍 PERFORMANCE PROFILING SUMMARY - LTX0366_A4_SU
================================================================================
⏱️  wsi_loading:
   Total: 0.596s | Avg: 0.5961s | Calls: 1
⏱️  dataset_creation:
   Total: 0.108s | Avg: 0.1080s | Calls: 1
⏱️  data_loading:
   Total: 0.002s | Avg: 0.0001s | Calls: 11
   Min: 0.0001s | Max: 0.0003s
⏱️  sample_saving:
   Total: 0.245s | Avg: 0.0245s | Calls: 10
   Min: 0.0030s | Max: 0.2080s
⏱️  data_transfer:
   Total: 0.001s | Avg: 0.0001s | Calls: 11
   Min: 0.0000s | Max: 0.0002s
⏱️  model_inference:
   Total: 0.233s | Avg: 0.0212s | Calls: 11
   Min: 0.0168s | Max: 0.0303s
⏱️  feature_processing:
   Total: 13.092s | Avg: 1.1902s | Calls: 11
   Min: 0.3252s | Max: 1.2846s
⏱️  feature_accumulation:
   Total: 0.000s | Avg: 0.0000s | Calls: 11
   Min: 0.0000s | Max: 0.0000s
⏱️  batch_processing:
   Total: 14.914s | Avg: 1.3558s | Calls: 11
   Min: 0.9639s | Max: 2.0118s
⏱️  feature_combining:
   Total: 0.008s | Avg: 0.0040s | Calls: 2
   Min: 0.0001s | Max: 0.0080s
⏱️  hdf5_writing:
   Total: 1.121s | Avg: 0.5607s | Calls: 2
   Min: 0.5282s | Max: 0.5931s
⏱️  memory_cleanup:
   Total: 0.215s | Avg: 0.1074s | Calls: 2
   Min: 0.0927s | Max: 0.1222s
⏱️  total_computation:
   Total: 150.778s | Avg: 150.7780s | Calls: 1
⏱️  slide_processing:
   Total: 150.778s | Avg: 150.7781s | Calls: 1

🚨 BOTTLENECK ANALYSIS (Total Runtime: 332.091s):
   🔥 slide_processing: 150.778s (45.4%)
   🔥 total_computation: 150.778s (45.4%)

📊 OPERATION COUNTS:
   hdf5_write_operations: 2
   patches_processed: 5,253
   GPU Memory - Max: 4226.2MB | Avg: 3621.9MB

💡 OPTIMIZATION RECOMMENDATIONS:
================================================================================
📊 Features shape: (5253, 1536), Coords shape: (5253, 2)
💾 Saved features to /nemo/project/proj-tracerx-lung/tctProjects/kilimo/TracerX_WSIs/10X/uni_v2/pt_files/LTX0366_A4_SU.pt

🔄 Processing slide 68/121: LTX0372_1I_SU
downsample [1. 1.]
downsampled_level_dim [145920 112640]
level_dim [145920 112640]
name LTX0372_1I_SU
patch_level 0
patch_size 1161
save_path /nemo/project/proj-tracerx-lung/tctProjects/kilimo/TracerX_WSIs/10X/patches/patches

feature extraction settings
transformations:  Compose(
    Resize(size=224, interpolation=bilinear, max_size=None, antialias=True)
    CenterCrop(size=(224, 224))
    MaybeToTensor()
    Normalize(mean=tensor([0.4850, 0.4560, 0.4060]), std=tensor([0.2290, 0.2240, 0.2250]))
)
📦 Dataset size: 6613 patches, 13 batches
🔍 Processing a total of 13 batches with profiling enabled
Saving random samples to /nemo/project/proj-tracerx-lung/tctProjects/kilimo/TracerX_WSIs/10X/uni_v2/samples/LTX0372_1I_SU
Saved 8/10 random sample images for slide LTX0372_1I_SU
✅ Features extracted in 149.6s

================================================================================
🔍 PERFORMANCE PROFILING SUMMARY - LTX0372_1I_SU
================================================================================
⏱️  wsi_loading:
   Total: 4.071s | Avg: 4.0709s | Calls: 1
⏱️  dataset_creation:
   Total: 0.154s | Avg: 0.1541s | Calls: 1
⏱️  data_loading:
   Total: 0.002s | Avg: 0.0002s | Calls: 13
   Min: 0.0001s | Max: 0.0003s
⏱️  sample_saving:
   Total: 0.030s | Avg: 0.0037s | Calls: 8
   Min: 0.0028s | Max: 0.0065s
⏱️  data_transfer:
   Total: 0.001s | Avg: 0.0001s | Calls: 13
   Min: 0.0000s | Max: 0.0001s
⏱️  model_inference:
   Total: 0.273s | Avg: 0.0210s | Calls: 13
   Min: 0.0169s | Max: 0.0285s
⏱️  feature_processing:
   Total: 16.546s | Avg: 1.2728s | Calls: 13
   Min: 1.1681s | Max: 1.3011s
⏱️  feature_accumulation:
   Total: 0.000s | Avg: 0.0000s | Calls: 13
   Min: 0.0000s | Max: 0.0000s
⏱️  batch_processing:
   Total: 17.138s | Avg: 1.3183s | Calls: 13
   Min: 1.2937s | Max: 1.4767s
⏱️  feature_combining:
   Total: 0.010s | Avg: 0.0051s | Calls: 2
   Min: 0.0017s | Max: 0.0085s
⏱️  hdf5_writing:
   Total: 0.058s | Avg: 0.0288s | Calls: 2
   Min: 0.0185s | Max: 0.0391s
⏱️  memory_cleanup:
   Total: 0.222s | Avg: 0.1112s | Calls: 2
   Min: 0.1000s | Max: 0.1224s
⏱️  total_computation:
   Total: 145.372s | Avg: 145.3723s | Calls: 1
⏱️  slide_processing:
   Total: 145.372s | Avg: 145.3724s | Calls: 1

🚨 BOTTLENECK ANALYSIS (Total Runtime: 329.251s):
   🔥 slide_processing: 145.372s (44.2%)
   🔥 total_computation: 145.372s (44.2%)
   🔥 batch_processing: 17.138s (5.2%)
   🔥 feature_processing: 16.546s (5.0%)

📊 OPERATION COUNTS:
   hdf5_write_operations: 2
   patches_processed: 6,613
   GPU Memory - Max: 4226.2MB | Avg: 3686.5MB

💡 OPTIMIZATION RECOMMENDATIONS:
================================================================================
📊 Features shape: (6613, 1536), Coords shape: (6613, 2)
💾 Saved features to /nemo/project/proj-tracerx-lung/tctProjects/kilimo/TracerX_WSIs/10X/uni_v2/pt_files/LTX0372_1I_SU.pt

🔄 Processing slide 69/121: LTX0374_3__SU
downsample [1. 1.]
downsampled_level_dim [138240 109824]
level_dim [138240 109824]
name LTX0374_3__SU
patch_level 0
patch_size 1161
save_path /nemo/project/proj-tracerx-lung/tctProjects/kilimo/TracerX_WSIs/10X/patches/patches

feature extraction settings
transformations:  Compose(
    Resize(size=224, interpolation=bilinear, max_size=None, antialias=True)
    CenterCrop(size=(224, 224))
    MaybeToTensor()
    Normalize(mean=tensor([0.4850, 0.4560, 0.4060]), std=tensor([0.2290, 0.2240, 0.2250]))
)
📦 Dataset size: 7077 patches, 14 batches
🔍 Processing a total of 14 batches with profiling enabled
Saving random samples to /nemo/project/proj-tracerx-lung/tctProjects/kilimo/TracerX_WSIs/10X/uni_v2/samples/LTX0374_3__SU
Saved 10/10 random sample images for slide LTX0374_3__SU
✅ Features extracted in 162.6s

================================================================================
🔍 PERFORMANCE PROFILING SUMMARY - LTX0374_3__SU
================================================================================
⏱️  wsi_loading:
   Total: 0.534s | Avg: 0.5338s | Calls: 1
⏱️  dataset_creation:
   Total: 0.113s | Avg: 0.1125s | Calls: 1
⏱️  data_loading:
   Total: 0.002s | Avg: 0.0002s | Calls: 14
   Min: 0.0001s | Max: 0.0003s
⏱️  sample_saving:
   Total: 0.034s | Avg: 0.0034s | Calls: 10
   Min: 0.0029s | Max: 0.0040s
⏱️  data_transfer:
   Total: 0.001s | Avg: 0.0001s | Calls: 14
   Min: 0.0001s | Max: 0.0001s
⏱️  model_inference:
   Total: 0.274s | Avg: 0.0195s | Calls: 14
   Min: 0.0173s | Max: 0.0274s
⏱️  feature_processing:
   Total: 17.710s | Avg: 1.2650s | Calls: 14
   Min: 1.0636s | Max: 1.2983s
⏱️  feature_accumulation:
   Total: 0.000s | Avg: 0.0000s | Calls: 14
   Min: 0.0000s | Max: 0.0000s
⏱️  batch_processing:
   Total: 18.326s | Avg: 1.3090s | Calls: 14
   Min: 1.2153s | Max: 1.4723s
⏱️  feature_combining:
   Total: 0.011s | Avg: 0.0054s | Calls: 2
   Min: 0.0019s | Max: 0.0089s
⏱️  hdf5_writing:
   Total: 0.075s | Avg: 0.0375s | Calls: 2
   Min: 0.0268s | Max: 0.0482s
⏱️  memory_cleanup:
   Total: 0.225s | Avg: 0.1124s | Calls: 2
   Min: 0.1023s | Max: 0.1226s
⏱️  total_computation:
   Total: 161.914s | Avg: 161.9137s | Calls: 1
⏱️  slide_processing:
   Total: 161.914s | Avg: 161.9137s | Calls: 1

🚨 BOTTLENECK ANALYSIS (Total Runtime: 361.131s):
   🔥 slide_processing: 161.914s (44.8%)
   🔥 total_computation: 161.914s (44.8%)
   🔥 batch_processing: 18.326s (5.1%)

📊 OPERATION COUNTS:
   hdf5_write_operations: 2
   patches_processed: 7,077
   GPU Memory - Max: 4226.2MB | Avg: 3677.6MB

💡 OPTIMIZATION RECOMMENDATIONS:
================================================================================
📊 Features shape: (7077, 1536), Coords shape: (7077, 2)
💾 Saved features to /nemo/project/proj-tracerx-lung/tctProjects/kilimo/TracerX_WSIs/10X/uni_v2/pt_files/LTX0374_3__SU.pt

🔄 Processing slide 70/121: LTX0380_A1 (new block)_SU
downsample [1. 1.]
downsampled_level_dim [92160 70400]
level_dim [92160 70400]
name LTX0380_A1 (new block)_SU
patch_level 0
patch_size 1161
save_path /nemo/project/proj-tracerx-lung/tctProjects/kilimo/TracerX_WSIs/10X/patches/patches

feature extraction settings
transformations:  Compose(
    Resize(size=224, interpolation=bilinear, max_size=None, antialias=True)
    CenterCrop(size=(224, 224))
    MaybeToTensor()
    Normalize(mean=tensor([0.4850, 0.4560, 0.4060]), std=tensor([0.2290, 0.2240, 0.2250]))
)
📦 Dataset size: 2391 patches, 5 batches
🔍 Processing a total of 5 batches with profiling enabled
Saving random samples to /nemo/project/proj-tracerx-lung/tctProjects/kilimo/TracerX_WSIs/10X/uni_v2/samples/LTX0380_A1 (new block)_SU
Saved 5/10 random sample images for slide LTX0380_A1 (new block)_SU
✅ Features extracted in 52.2s

================================================================================
🔍 PERFORMANCE PROFILING SUMMARY - LTX0380_A1 (new block)_SU
================================================================================
⏱️  wsi_loading:
   Total: 0.596s | Avg: 0.5963s | Calls: 1
⏱️  dataset_creation:
   Total: 0.099s | Avg: 0.0992s | Calls: 1
⏱️  data_loading:
   Total: 0.001s | Avg: 0.0002s | Calls: 5
   Min: 0.0001s | Max: 0.0003s
⏱️  sample_saving:
   Total: 0.019s | Avg: 0.0038s | Calls: 5
   Min: 0.0030s | Max: 0.0049s
⏱️  data_transfer:
   Total: 0.000s | Avg: 0.0001s | Calls: 5
   Min: 0.0001s | Max: 0.0001s
⏱️  model_inference:
   Total: 0.113s | Avg: 0.0226s | Calls: 5
   Min: 0.0172s | Max: 0.0305s
⏱️  feature_processing:
   Total: 5.946s | Avg: 1.1893s | Calls: 5
   Min: 0.8586s | Max: 1.2766s
⏱️  feature_accumulation:
   Total: 0.000s | Avg: 0.0000s | Calls: 5
   Min: 0.0000s | Max: 0.0000s
⏱️  batch_processing:
   Total: 6.220s | Avg: 1.2440s | Calls: 5
   Min: 1.0201s | Max: 1.3066s
⏱️  feature_combining:
   Total: 0.003s | Avg: 0.0030s | Calls: 1
⏱️  hdf5_writing:
   Total: 0.028s | Avg: 0.0281s | Calls: 1
⏱️  memory_cleanup:
   Total: 0.110s | Avg: 0.1101s | Calls: 1
⏱️  total_computation:
   Total: 51.515s | Avg: 51.5153s | Calls: 1
⏱️  slide_processing:
   Total: 51.515s | Avg: 51.5154s | Calls: 1

🚨 BOTTLENECK ANALYSIS (Total Runtime: 116.167s):
   🔥 slide_processing: 51.515s (44.3%)
   🔥 total_computation: 51.515s (44.3%)
   🔥 batch_processing: 6.220s (5.4%)
   🔥 feature_processing: 5.946s (5.1%)

📊 OPERATION COUNTS:
   hdf5_write_operations: 1
   patches_processed: 2,391
   GPU Memory - Max: 4130.2MB | Avg: 3381.0MB

💡 OPTIMIZATION RECOMMENDATIONS:
================================================================================
📊 Features shape: (2391, 1536), Coords shape: (2391, 2)
💾 Saved features to /nemo/project/proj-tracerx-lung/tctProjects/kilimo/TracerX_WSIs/10X/uni_v2/pt_files/LTX0380_A1 (new block)_SU.pt

🔄 Processing slide 71/121: LTX0380_A3 (new block)_SU
downsample [1. 1.]
downsampled_level_dim [72960 76032]
level_dim [72960 76032]
name LTX0380_A3 (new block)_SU
patch_level 0
patch_size 1161
save_path /nemo/project/proj-tracerx-lung/tctProjects/kilimo/TracerX_WSIs/10X/patches/patches

feature extraction settings
transformations:  Compose(
    Resize(size=224, interpolation=bilinear, max_size=None, antialias=True)
    CenterCrop(size=(224, 224))
    MaybeToTensor()
    Normalize(mean=tensor([0.4850, 0.4560, 0.4060]), std=tensor([0.2290, 0.2240, 0.2250]))
)
📦 Dataset size: 2010 patches, 4 batches
🔍 Processing a total of 4 batches with profiling enabled
Saving random samples to /nemo/project/proj-tracerx-lung/tctProjects/kilimo/TracerX_WSIs/10X/uni_v2/samples/LTX0380_A3 (new block)_SU
Saved 4/10 random sample images for slide LTX0380_A3 (new block)_SU
✅ Features extracted in 43.1s

================================================================================
🔍 PERFORMANCE PROFILING SUMMARY - LTX0380_A3 (new block)_SU
================================================================================
⏱️  wsi_loading:
   Total: 0.451s | Avg: 0.4511s | Calls: 1
⏱️  dataset_creation:
   Total: 0.074s | Avg: 0.0737s | Calls: 1
⏱️  data_loading:
   Total: 0.001s | Avg: 0.0001s | Calls: 4
   Min: 0.0001s | Max: 0.0003s
⏱️  sample_saving:
   Total: 0.016s | Avg: 0.0040s | Calls: 4
   Min: 0.0034s | Max: 0.0049s
⏱️  data_transfer:
   Total: 0.000s | Avg: 0.0001s | Calls: 4
   Min: 0.0000s | Max: 0.0001s
⏱️  model_inference:
   Total: 0.083s | Avg: 0.0207s | Calls: 4
   Min: 0.0168s | Max: 0.0306s
⏱️  feature_processing:
   Total: 5.012s | Avg: 1.2531s | Calls: 4
   Min: 1.1808s | Max: 1.2806s
⏱️  feature_accumulation:
   Total: 0.000s | Avg: 0.0000s | Calls: 4
   Min: 0.0000s | Max: 0.0000s
⏱️  batch_processing:
   Total: 5.376s | Avg: 1.3441s | Calls: 4
   Min: 1.2966s | Max: 1.4660s
⏱️  feature_combining:
   Total: 0.006s | Avg: 0.0059s | Calls: 1
⏱️  hdf5_writing:
   Total: 0.154s | Avg: 0.1536s | Calls: 1
⏱️  memory_cleanup:
   Total: 0.109s | Avg: 0.1092s | Calls: 1
⏱️  total_computation:
   Total: 42.532s | Avg: 42.5319s | Calls: 1
⏱️  slide_processing:
   Total: 42.532s | Avg: 42.5320s | Calls: 1

🚨 BOTTLENECK ANALYSIS (Total Runtime: 96.346s):
   🔥 slide_processing: 42.532s (44.1%)
   🔥 total_computation: 42.532s (44.1%)
   🔥 batch_processing: 5.376s (5.6%)
   🔥 feature_processing: 5.012s (5.2%)

📊 OPERATION COUNTS:
   hdf5_write_operations: 1
   patches_processed: 2,010
   GPU Memory - Max: 4204.7MB | Avg: 3418.3MB

💡 OPTIMIZATION RECOMMENDATIONS:
================================================================================
📊 Features shape: (2010, 1536), Coords shape: (2010, 2)
💾 Saved features to /nemo/project/proj-tracerx-lung/tctProjects/kilimo/TracerX_WSIs/10X/uni_v2/pt_files/LTX0380_A3 (new block)_SU.pt

🔄 Processing slide 72/121: LTX0380_A3_SU
downsample [1. 1.]
downsampled_level_dim [99840 84480]
level_dim [99840 84480]
name LTX0380_A3_SU
patch_level 0
patch_size 1161
save_path /nemo/project/proj-tracerx-lung/tctProjects/kilimo/TracerX_WSIs/10X/patches/patches

feature extraction settings
transformations:  Compose(
    Resize(size=224, interpolation=bilinear, max_size=None, antialias=True)
    CenterCrop(size=(224, 224))
    MaybeToTensor()
    Normalize(mean=tensor([0.4850, 0.4560, 0.4060]), std=tensor([0.2290, 0.2240, 0.2250]))
)
📦 Dataset size: 2215 patches, 5 batches
🔍 Processing a total of 5 batches with profiling enabled
Saving random samples to /nemo/project/proj-tracerx-lung/tctProjects/kilimo/TracerX_WSIs/10X/uni_v2/samples/LTX0380_A3_SU
Saved 5/10 random sample images for slide LTX0380_A3_SU
✅ Features extracted in 51.1s

================================================================================
🔍 PERFORMANCE PROFILING SUMMARY - LTX0380_A3_SU
================================================================================
⏱️  wsi_loading:
   Total: 0.652s | Avg: 0.6517s | Calls: 1
⏱️  dataset_creation:
   Total: 0.067s | Avg: 0.0667s | Calls: 1
⏱️  data_loading:
   Total: 0.001s | Avg: 0.0001s | Calls: 5
   Min: 0.0001s | Max: 0.0003s
⏱️  sample_saving:
   Total: 0.037s | Avg: 0.0073s | Calls: 5
   Min: 0.0027s | Max: 0.0236s
⏱️  data_transfer:
   Total: 0.000s | Avg: 0.0001s | Calls: 5
   Min: 0.0000s | Max: 0.0002s
⏱️  model_inference:
   Total: 0.097s | Avg: 0.0194s | Calls: 5
   Min: 0.0151s | Max: 0.0291s
⏱️  feature_processing:
   Total: 5.532s | Avg: 1.1064s | Calls: 5
   Min: 0.4114s | Max: 1.2861s
⏱️  feature_accumulation:
   Total: 0.000s | Avg: 0.0000s | Calls: 5
   Min: 0.0000s | Max: 0.0000s
⏱️  batch_processing:
   Total: 5.839s | Avg: 1.1677s | Calls: 5
   Min: 0.5999s | Max: 1.3282s
⏱️  feature_combining:
   Total: 0.001s | Avg: 0.0014s | Calls: 1
⏱️  hdf5_writing:
   Total: 0.059s | Avg: 0.0587s | Calls: 1
⏱️  memory_cleanup:
   Total: 0.111s | Avg: 0.1110s | Calls: 1
⏱️  total_computation:
   Total: 50.421s | Avg: 50.4213s | Calls: 1
⏱️  slide_processing:
   Total: 50.421s | Avg: 50.4213s | Calls: 1

🚨 BOTTLENECK ANALYSIS (Total Runtime: 113.237s):
   🔥 slide_processing: 50.421s (44.5%)
   🔥 total_computation: 50.421s (44.5%)
   🔥 batch_processing: 5.839s (5.2%)

📊 OPERATION COUNTS:
   hdf5_write_operations: 1
   patches_processed: 2,215
   GPU Memory - Max: 4028.1MB | Avg: 3330.0MB

💡 OPTIMIZATION RECOMMENDATIONS:
================================================================================
📊 Features shape: (2215, 1536), Coords shape: (2215, 2)
💾 Saved features to /nemo/project/proj-tracerx-lung/tctProjects/kilimo/TracerX_WSIs/10X/uni_v2/pt_files/LTX0380_A3_SU.pt

🔄 Processing slide 73/121: LTX0386_A5_SU
downsample [1. 1.]
downsampled_level_dim [165120 109824]
level_dim [165120 109824]
name LTX0386_A5_SU
patch_level 0
patch_size 1161
save_path /nemo/project/proj-tracerx-lung/tctProjects/kilimo/TracerX_WSIs/10X/patches/patches

feature extraction settings
transformations:  Compose(
    Resize(size=224, interpolation=bilinear, max_size=None, antialias=True)
    CenterCrop(size=(224, 224))
    MaybeToTensor()
    Normalize(mean=tensor([0.4850, 0.4560, 0.4060]), std=tensor([0.2290, 0.2240, 0.2250]))
)
📦 Dataset size: 4531 patches, 9 batches
🔍 Processing a total of 9 batches with profiling enabled
Saving random samples to /nemo/project/proj-tracerx-lung/tctProjects/kilimo/TracerX_WSIs/10X/uni_v2/samples/LTX0386_A5_SU
Saved 9/10 random sample images for slide LTX0386_A5_SU
✅ Features extracted in 118.0s

================================================================================
🔍 PERFORMANCE PROFILING SUMMARY - LTX0386_A5_SU
================================================================================
⏱️  wsi_loading:
   Total: 0.928s | Avg: 0.9277s | Calls: 1
⏱️  dataset_creation:
   Total: 0.110s | Avg: 0.1103s | Calls: 1
⏱️  data_loading:
   Total: 0.001s | Avg: 0.0001s | Calls: 9
   Min: 0.0001s | Max: 0.0004s
⏱️  sample_saving:
   Total: 0.036s | Avg: 0.0040s | Calls: 9
   Min: 0.0028s | Max: 0.0070s
⏱️  data_transfer:
   Total: 0.001s | Avg: 0.0001s | Calls: 9
   Min: 0.0001s | Max: 0.0002s
⏱️  model_inference:
   Total: 0.210s | Avg: 0.0234s | Calls: 9
   Min: 0.0175s | Max: 0.0304s
⏱️  feature_processing:
   Total: 11.318s | Avg: 1.2575s | Calls: 9
   Min: 1.1036s | Max: 1.2905s
⏱️  feature_accumulation:
   Total: 0.000s | Avg: 0.0000s | Calls: 9
   Min: 0.0000s | Max: 0.0000s
⏱️  batch_processing:
   Total: 11.845s | Avg: 1.3161s | Calls: 9
   Min: 1.2970s | Max: 1.4024s
⏱️  feature_combining:
   Total: 0.007s | Avg: 0.0074s | Calls: 1
⏱️  hdf5_writing:
   Total: 0.160s | Avg: 0.1597s | Calls: 1
⏱️  memory_cleanup:
   Total: 0.115s | Avg: 0.1153s | Calls: 1
⏱️  total_computation:
   Total: 116.987s | Avg: 116.9867s | Calls: 1
⏱️  slide_processing:
   Total: 116.987s | Avg: 116.9867s | Calls: 1

🚨 BOTTLENECK ANALYSIS (Total Runtime: 258.705s):
   🔥 slide_processing: 116.987s (45.2%)
   🔥 total_computation: 116.987s (45.2%)

📊 OPERATION COUNTS:
   hdf5_write_operations: 1
   patches_processed: 4,531
   GPU Memory - Max: 4180.9MB | Avg: 3406.4MB

💡 OPTIMIZATION RECOMMENDATIONS:
================================================================================
📊 Features shape: (4531, 1536), Coords shape: (4531, 2)
💾 Saved features to /nemo/project/proj-tracerx-lung/tctProjects/kilimo/TracerX_WSIs/10X/uni_v2/pt_files/LTX0386_A5_SU.pt

🔄 Processing slide 74/121: LTX0411_B2_SU
downsample [1. 1.]
downsampled_level_dim [138240 115456]
level_dim [138240 115456]
name LTX0411_B2_SU
patch_level 0
patch_size 1161
save_path /nemo/project/proj-tracerx-lung/tctProjects/kilimo/TracerX_WSIs/10X/patches/patches

feature extraction settings
transformations:  Compose(
    Resize(size=224, interpolation=bilinear, max_size=None, antialias=True)
    CenterCrop(size=(224, 224))
    MaybeToTensor()
    Normalize(mean=tensor([0.4850, 0.4560, 0.4060]), std=tensor([0.2290, 0.2240, 0.2250]))
)
📦 Dataset size: 6643 patches, 13 batches
🔍 Processing a total of 13 batches with profiling enabled
Saving random samples to /nemo/project/proj-tracerx-lung/tctProjects/kilimo/TracerX_WSIs/10X/uni_v2/samples/LTX0411_B2_SU
Saved 9/10 random sample images for slide LTX0411_B2_SU
✅ Features extracted in 197.6s

================================================================================
🔍 PERFORMANCE PROFILING SUMMARY - LTX0411_B2_SU
================================================================================
⏱️  wsi_loading:
   Total: 0.953s | Avg: 0.9527s | Calls: 1
⏱️  dataset_creation:
   Total: 0.112s | Avg: 0.1125s | Calls: 1
⏱️  data_loading:
   Total: 0.002s | Avg: 0.0001s | Calls: 13
   Min: 0.0001s | Max: 0.0003s
⏱️  sample_saving:
   Total: 0.031s | Avg: 0.0035s | Calls: 9
   Min: 0.0027s | Max: 0.0044s
⏱️  data_transfer:
   Total: 0.001s | Avg: 0.0001s | Calls: 13
   Min: 0.0000s | Max: 0.0001s
⏱️  model_inference:
   Total: 0.260s | Avg: 0.0200s | Calls: 13
   Min: 0.0172s | Max: 0.0273s
⏱️  feature_processing:
   Total: 16.610s | Avg: 1.2777s | Calls: 13
   Min: 1.2436s | Max: 1.2955s
⏱️  feature_accumulation:
   Total: 0.000s | Avg: 0.0000s | Calls: 13
   Min: 0.0000s | Max: 0.0000s
⏱️  batch_processing:
   Total: 17.613s | Avg: 1.3549s | Calls: 13
   Min: 1.2925s | Max: 1.8060s
⏱️  feature_combining:
   Total: 0.009s | Avg: 0.0044s | Calls: 2
   Min: 0.0008s | Max: 0.0080s
⏱️  hdf5_writing:
   Total: 0.481s | Avg: 0.2404s | Calls: 2
   Min: 0.0987s | Max: 0.3822s
⏱️  memory_cleanup:
   Total: 0.223s | Avg: 0.1116s | Calls: 2
   Min: 0.1055s | Max: 0.1176s
⏱️  total_computation:
   Total: 196.563s | Avg: 196.5632s | Calls: 1
⏱️  slide_processing:
   Total: 196.563s | Avg: 196.5633s | Calls: 1

🚨 BOTTLENECK ANALYSIS (Total Runtime: 429.422s):
   🔥 slide_processing: 196.563s (45.8%)
   🔥 total_computation: 196.563s (45.8%)

📊 OPERATION COUNTS:
   hdf5_write_operations: 2
   patches_processed: 6,643
   GPU Memory - Max: 4226.2MB | Avg: 3691.9MB

💡 OPTIMIZATION RECOMMENDATIONS:
================================================================================
📊 Features shape: (6643, 1536), Coords shape: (6643, 2)
💾 Saved features to /nemo/project/proj-tracerx-lung/tctProjects/kilimo/TracerX_WSIs/10X/uni_v2/pt_files/LTX0411_B2_SU.pt

🔄 Processing slide 75/121: LTX0413_3B_SU
downsample [1. 1.]
downsampled_level_dim [61440 56320]
level_dim [61440 56320]
name LTX0413_3B_SU
patch_level 0
patch_size 1161
save_path /nemo/project/proj-tracerx-lung/tctProjects/kilimo/TracerX_WSIs/10X/patches/patches

feature extraction settings
transformations:  Compose(
    Resize(size=224, interpolation=bilinear, max_size=None, antialias=True)
    CenterCrop(size=(224, 224))
    MaybeToTensor()
    Normalize(mean=tensor([0.4850, 0.4560, 0.4060]), std=tensor([0.2290, 0.2240, 0.2250]))
)
📦 Dataset size: 1047 patches, 3 batches
🔍 Processing a total of 3 batches with profiling enabled
Saving random samples to /nemo/project/proj-tracerx-lung/tctProjects/kilimo/TracerX_WSIs/10X/uni_v2/samples/LTX0413_3B_SU
Saved 3/10 random sample images for slide LTX0413_3B_SU
✅ Features extracted in 45.6s

================================================================================
🔍 PERFORMANCE PROFILING SUMMARY - LTX0413_3B_SU
================================================================================
⏱️  wsi_loading:
   Total: 1.233s | Avg: 1.2328s | Calls: 1
⏱️  dataset_creation:
   Total: 0.159s | Avg: 0.1588s | Calls: 1
⏱️  data_loading:
   Total: 0.000s | Avg: 0.0001s | Calls: 3
   Min: 0.0001s | Max: 0.0002s
⏱️  sample_saving:
   Total: 0.010s | Avg: 0.0032s | Calls: 3
   Min: 0.0028s | Max: 0.0039s
⏱️  data_transfer:
   Total: 0.000s | Avg: 0.0001s | Calls: 3
   Min: 0.0000s | Max: 0.0001s
⏱️  model_inference:
   Total: 0.054s | Avg: 0.0178s | Calls: 3
   Min: 0.0158s | Max: 0.0206s
⏱️  feature_processing:
   Total: 2.606s | Avg: 0.8687s | Calls: 3
   Min: 0.0502s | Max: 1.2799s
⏱️  feature_accumulation:
   Total: 0.000s | Avg: 0.0000s | Calls: 3
   Min: 0.0000s | Max: 0.0000s
⏱️  batch_processing:
   Total: 2.793s | Avg: 0.9311s | Calls: 3
   Min: 0.1919s | Max: 1.3050s
⏱️  feature_combining:
   Total: 0.002s | Avg: 0.0023s | Calls: 1
⏱️  hdf5_writing:
   Total: 0.010s | Avg: 0.0098s | Calls: 1
⏱️  memory_cleanup:
   Total: 0.112s | Avg: 0.1123s | Calls: 1
⏱️  total_computation:
   Total: 44.243s | Avg: 44.2426s | Calls: 1
⏱️  slide_processing:
   Total: 44.243s | Avg: 44.2427s | Calls: 1

🚨 BOTTLENECK ANALYSIS (Total Runtime: 95.464s):
   🔥 slide_processing: 44.243s (46.3%)
   🔥 total_computation: 44.243s (46.3%)

📊 OPERATION COUNTS:
   hdf5_write_operations: 1
   patches_processed: 1,047
   GPU Memory - Max: 3944.1MB | Avg: 3288.0MB

💡 OPTIMIZATION RECOMMENDATIONS:
================================================================================
📊 Features shape: (1047, 1536), Coords shape: (1047, 2)
💾 Saved features to /nemo/project/proj-tracerx-lung/tctProjects/kilimo/TracerX_WSIs/10X/uni_v2/pt_files/LTX0413_3B_SU.pt

🔄 Processing slide 76/121: LTX0418_A7_SU
downsample [1. 1.]
downsampled_level_dim [115200 109824]
level_dim [115200 109824]
name LTX0418_A7_SU
patch_level 0
patch_size 1161
save_path /nemo/project/proj-tracerx-lung/tctProjects/kilimo/TracerX_WSIs/10X/patches/patches

feature extraction settings
transformations:  Compose(
    Resize(size=224, interpolation=bilinear, max_size=None, antialias=True)
    CenterCrop(size=(224, 224))
    MaybeToTensor()
    Normalize(mean=tensor([0.4850, 0.4560, 0.4060]), std=tensor([0.2290, 0.2240, 0.2250]))
)
📦 Dataset size: 5011 patches, 10 batches
🔍 Processing a total of 10 batches with profiling enabled
Saving random samples to /nemo/project/proj-tracerx-lung/tctProjects/kilimo/TracerX_WSIs/10X/uni_v2/samples/LTX0418_A7_SU
Saved 10/10 random sample images for slide LTX0418_A7_SU
✅ Features extracted in 130.7s

================================================================================
🔍 PERFORMANCE PROFILING SUMMARY - LTX0418_A7_SU
================================================================================
⏱️  wsi_loading:
   Total: 0.948s | Avg: 0.9482s | Calls: 1
⏱️  dataset_creation:
   Total: 0.089s | Avg: 0.0895s | Calls: 1
⏱️  data_loading:
   Total: 0.001s | Avg: 0.0001s | Calls: 10
   Min: 0.0001s | Max: 0.0003s
⏱️  sample_saving:
   Total: 0.035s | Avg: 0.0035s | Calls: 10
   Min: 0.0028s | Max: 0.0046s
⏱️  data_transfer:
   Total: 0.001s | Avg: 0.0001s | Calls: 10
   Min: 0.0001s | Max: 0.0001s
⏱️  model_inference:
   Total: 0.201s | Avg: 0.0201s | Calls: 10
   Min: 0.0173s | Max: 0.0299s
⏱️  feature_processing:
   Total: 12.561s | Avg: 1.2561s | Calls: 10
   Min: 1.0279s | Max: 1.2987s
⏱️  feature_accumulation:
   Total: 0.000s | Avg: 0.0000s | Calls: 10
   Min: 0.0000s | Max: 0.0000s
⏱️  batch_processing:
   Total: 13.122s | Avg: 1.3122s | Calls: 10
   Min: 1.2965s | Max: 1.3691s
⏱️  feature_combining:
   Total: 0.006s | Avg: 0.0062s | Calls: 1
⏱️  hdf5_writing:
   Total: 0.206s | Avg: 0.2057s | Calls: 1
⏱️  memory_cleanup:
   Total: 0.113s | Avg: 0.1132s | Calls: 1
⏱️  total_computation:
   Total: 129.628s | Avg: 129.6284s | Calls: 1
⏱️  slide_processing:
   Total: 129.629s | Avg: 129.6285s | Calls: 1

🚨 BOTTLENECK ANALYSIS (Total Runtime: 286.541s):
   🔥 slide_processing: 129.629s (45.2%)
   🔥 total_computation: 129.628s (45.2%)

📊 OPERATION COUNTS:
   hdf5_write_operations: 1
   patches_processed: 5,011
   GPU Memory - Max: 4163.4MB | Avg: 3397.7MB

💡 OPTIMIZATION RECOMMENDATIONS:
================================================================================
📊 Features shape: (5011, 1536), Coords shape: (5011, 2)
💾 Saved features to /nemo/project/proj-tracerx-lung/tctProjects/kilimo/TracerX_WSIs/10X/uni_v2/pt_files/LTX0418_A7_SU.pt

🔄 Processing slide 77/121: LTX0418_SU
downsample [1. 1.]
downsampled_level_dim [115200 104192]
level_dim [115200 104192]
name LTX0418_SU
patch_level 0
patch_size 1161
save_path /nemo/project/proj-tracerx-lung/tctProjects/kilimo/TracerX_WSIs/10X/patches/patches

feature extraction settings
transformations:  Compose(
    Resize(size=224, interpolation=bilinear, max_size=None, antialias=True)
    CenterCrop(size=(224, 224))
    MaybeToTensor()
    Normalize(mean=tensor([0.4850, 0.4560, 0.4060]), std=tensor([0.2290, 0.2240, 0.2250]))
)
📦 Dataset size: 5147 patches, 11 batches
🔍 Processing a total of 11 batches with profiling enabled
Saving random samples to /nemo/project/proj-tracerx-lung/tctProjects/kilimo/TracerX_WSIs/10X/uni_v2/samples/LTX0418_SU
Saved 10/10 random sample images for slide LTX0418_SU
✅ Features extracted in 129.6s

================================================================================
🔍 PERFORMANCE PROFILING SUMMARY - LTX0418_SU
================================================================================
⏱️  wsi_loading:
   Total: 0.748s | Avg: 0.7481s | Calls: 1
⏱️  dataset_creation:
   Total: 0.083s | Avg: 0.0827s | Calls: 1
⏱️  data_loading:
   Total: 0.002s | Avg: 0.0002s | Calls: 11
   Min: 0.0001s | Max: 0.0003s
⏱️  sample_saving:
   Total: 0.038s | Avg: 0.0038s | Calls: 10
   Min: 0.0029s | Max: 0.0048s
⏱️  data_transfer:
   Total: 0.001s | Avg: 0.0001s | Calls: 11
   Min: 0.0001s | Max: 0.0001s
⏱️  model_inference:
   Total: 0.224s | Avg: 0.0203s | Calls: 11
   Min: 0.0159s | Max: 0.0298s
⏱️  feature_processing:
   Total: 12.936s | Avg: 1.1760s | Calls: 11
   Min: 0.0598s | Max: 1.2992s
⏱️  feature_accumulation:
   Total: 0.000s | Avg: 0.0000s | Calls: 11
   Min: 0.0000s | Max: 0.0000s
⏱️  batch_processing:
   Total: 13.722s | Avg: 1.2475s | Calls: 11
   Min: 0.1643s | Max: 1.7462s
⏱️  feature_combining:
   Total: 0.008s | Avg: 0.0039s | Calls: 2
   Min: 0.0000s | Max: 0.0077s
⏱️  hdf5_writing:
   Total: 0.318s | Avg: 0.1590s | Calls: 2
   Min: 0.0023s | Max: 0.3157s
⏱️  memory_cleanup:
   Total: 0.199s | Avg: 0.0996s | Calls: 2
   Min: 0.0853s | Max: 0.1138s
⏱️  total_computation:
   Total: 128.766s | Avg: 128.7656s | Calls: 1
⏱️  slide_processing:
   Total: 128.766s | Avg: 128.7657s | Calls: 1

🚨 BOTTLENECK ANALYSIS (Total Runtime: 285.810s):
   🔥 slide_processing: 128.766s (45.1%)
   🔥 total_computation: 128.766s (45.1%)

📊 OPERATION COUNTS:
   hdf5_write_operations: 2
   patches_processed: 5,147
   GPU Memory - Max: 4226.2MB | Avg: 3601.7MB

💡 OPTIMIZATION RECOMMENDATIONS:
================================================================================
📊 Features shape: (5147, 1536), Coords shape: (5147, 2)
💾 Saved features to /nemo/project/proj-tracerx-lung/tctProjects/kilimo/TracerX_WSIs/10X/uni_v2/pt_files/LTX0418_SU.pt

🔄 Processing slide 78/121: LTX0424_A2_SU
downsample [1. 1.]
downsampled_level_dim [134400 107008]
level_dim [134400 107008]
name LTX0424_A2_SU
patch_level 0
patch_size 1161
save_path /nemo/project/proj-tracerx-lung/tctProjects/kilimo/TracerX_WSIs/10X/patches/patches

feature extraction settings
transformations:  Compose(
    Resize(size=224, interpolation=bilinear, max_size=None, antialias=True)
    CenterCrop(size=(224, 224))
    MaybeToTensor()
    Normalize(mean=tensor([0.4850, 0.4560, 0.4060]), std=tensor([0.2290, 0.2240, 0.2250]))
)
📦 Dataset size: 5544 patches, 11 batches
🔍 Processing a total of 11 batches with profiling enabled
Saving random samples to /nemo/project/proj-tracerx-lung/tctProjects/kilimo/TracerX_WSIs/10X/uni_v2/samples/LTX0424_A2_SU
Saved 10/10 random sample images for slide LTX0424_A2_SU
✅ Features extracted in 154.2s

================================================================================
🔍 PERFORMANCE PROFILING SUMMARY - LTX0424_A2_SU
================================================================================
⏱️  wsi_loading:
   Total: 0.701s | Avg: 0.7007s | Calls: 1
⏱️  dataset_creation:
   Total: 0.146s | Avg: 0.1456s | Calls: 1
⏱️  data_loading:
   Total: 0.002s | Avg: 0.0001s | Calls: 11
   Min: 0.0001s | Max: 0.0002s
⏱️  sample_saving:
   Total: 0.207s | Avg: 0.0207s | Calls: 10
   Min: 0.0028s | Max: 0.1749s
⏱️  data_transfer:
   Total: 0.001s | Avg: 0.0001s | Calls: 11
   Min: 0.0001s | Max: 0.0001s
⏱️  model_inference:
   Total: 0.216s | Avg: 0.0197s | Calls: 11
   Min: 0.0173s | Max: 0.0275s
⏱️  feature_processing:
   Total: 13.876s | Avg: 1.2615s | Calls: 11
   Min: 1.0549s | Max: 1.2948s
⏱️  feature_accumulation:
   Total: 0.000s | Avg: 0.0000s | Calls: 11
   Min: 0.0000s | Max: 0.0000s
⏱️  batch_processing:
   Total: 15.598s | Avg: 1.4180s | Calls: 11
   Min: 1.2970s | Max: 2.1553s
⏱️  feature_combining:
   Total: 0.009s | Avg: 0.0047s | Calls: 2
   Min: 0.0001s | Max: 0.0093s
⏱️  hdf5_writing:
   Total: 1.087s | Avg: 0.5434s | Calls: 2
   Min: 0.3564s | Max: 0.7304s
⏱️  memory_cleanup:
   Total: 0.204s | Avg: 0.1021s | Calls: 2
   Min: 0.0911s | Max: 0.1131s
⏱️  total_computation:
   Total: 153.345s | Avg: 153.3455s | Calls: 1
⏱️  slide_processing:
   Total: 153.346s | Avg: 153.3455s | Calls: 1

🚨 BOTTLENECK ANALYSIS (Total Runtime: 338.738s):
   🔥 slide_processing: 153.346s (45.3%)
   🔥 total_computation: 153.345s (45.3%)

📊 OPERATION COUNTS:
   hdf5_write_operations: 2
   patches_processed: 5,544
   GPU Memory - Max: 4226.2MB | Avg: 3677.7MB

💡 OPTIMIZATION RECOMMENDATIONS:
================================================================================
📊 Features shape: (5544, 1536), Coords shape: (5544, 2)
💾 Saved features to /nemo/project/proj-tracerx-lung/tctProjects/kilimo/TracerX_WSIs/10X/uni_v2/pt_files/LTX0424_A2_SU.pt

🔄 Processing slide 79/121: LTX0440_A9_SU
downsample [1. 1.]
downsampled_level_dim [145920 104192]
level_dim [145920 104192]
name LTX0440_A9_SU
patch_level 0
patch_size 1161
save_path /nemo/project/proj-tracerx-lung/tctProjects/kilimo/TracerX_WSIs/10X/patches/patches

feature extraction settings
transformations:  Compose(
    Resize(size=224, interpolation=bilinear, max_size=None, antialias=True)
    CenterCrop(size=(224, 224))
    MaybeToTensor()
    Normalize(mean=tensor([0.4850, 0.4560, 0.4060]), std=tensor([0.2290, 0.2240, 0.2250]))
)
📦 Dataset size: 2806 patches, 6 batches
🔍 Processing a total of 6 batches with profiling enabled
Saving random samples to /nemo/project/proj-tracerx-lung/tctProjects/kilimo/TracerX_WSIs/10X/uni_v2/samples/LTX0440_A9_SU
Saved 6/10 random sample images for slide LTX0440_A9_SU
✅ Features extracted in 90.3s

================================================================================
🔍 PERFORMANCE PROFILING SUMMARY - LTX0440_A9_SU
================================================================================
⏱️  wsi_loading:
   Total: 0.905s | Avg: 0.9049s | Calls: 1
⏱️  dataset_creation:
   Total: 0.142s | Avg: 0.1418s | Calls: 1
⏱️  data_loading:
   Total: 0.001s | Avg: 0.0002s | Calls: 6
   Min: 0.0001s | Max: 0.0002s
⏱️  sample_saving:
   Total: 0.019s | Avg: 0.0032s | Calls: 6
   Min: 0.0028s | Max: 0.0036s
⏱️  data_transfer:
   Total: 0.000s | Avg: 0.0001s | Calls: 6
   Min: 0.0000s | Max: 0.0001s
⏱️  model_inference:
   Total: 0.109s | Avg: 0.0181s | Calls: 6
   Min: 0.0157s | Max: 0.0210s
⏱️  feature_processing:
   Total: 7.041s | Avg: 1.1735s | Calls: 6
   Min: 0.6103s | Max: 1.3010s
⏱️  feature_accumulation:
   Total: 0.000s | Avg: 0.0000s | Calls: 6
   Min: 0.0000s | Max: 0.0000s
⏱️  batch_processing:
   Total: 7.332s | Avg: 1.2220s | Calls: 6
   Min: 0.7891s | Max: 1.3229s
⏱️  feature_combining:
   Total: 0.005s | Avg: 0.0046s | Calls: 1
⏱️  hdf5_writing:
   Total: 0.047s | Avg: 0.0471s | Calls: 1
⏱️  memory_cleanup:
   Total: 0.112s | Avg: 0.1120s | Calls: 1
⏱️  total_computation:
   Total: 89.237s | Avg: 89.2371s | Calls: 1
⏱️  slide_processing:
   Total: 89.237s | Avg: 89.2372s | Calls: 1

🚨 BOTTLENECK ANALYSIS (Total Runtime: 194.187s):
   🔥 slide_processing: 89.237s (46.0%)
   🔥 total_computation: 89.237s (46.0%)

📊 OPERATION COUNTS:
   hdf5_write_operations: 1
   patches_processed: 2,806
   GPU Memory - Max: 4072.4MB | Avg: 3352.2MB

💡 OPTIMIZATION RECOMMENDATIONS:
================================================================================
📊 Features shape: (2806, 1536), Coords shape: (2806, 2)
💾 Saved features to /nemo/project/proj-tracerx-lung/tctProjects/kilimo/TracerX_WSIs/10X/uni_v2/pt_files/LTX0440_A9_SU.pt

🔄 Processing slide 80/121: LTX0456_F5_SU
downsample [1. 1.]
downsampled_level_dim [134400  92928]
level_dim [134400  92928]
name LTX0456_F5_SU
patch_level 0
patch_size 1161
save_path /nemo/project/proj-tracerx-lung/tctProjects/kilimo/TracerX_WSIs/10X/patches/patches

feature extraction settings
transformations:  Compose(
    Resize(size=224, interpolation=bilinear, max_size=None, antialias=True)
    CenterCrop(size=(224, 224))
    MaybeToTensor()
    Normalize(mean=tensor([0.4850, 0.4560, 0.4060]), std=tensor([0.2290, 0.2240, 0.2250]))
)
📦 Dataset size: 4119 patches, 9 batches
🔍 Processing a total of 9 batches with profiling enabled
Saving random samples to /nemo/project/proj-tracerx-lung/tctProjects/kilimo/TracerX_WSIs/10X/uni_v2/samples/LTX0456_F5_SU
Saved 9/10 random sample images for slide LTX0456_F5_SU
✅ Features extracted in 123.4s

================================================================================
🔍 PERFORMANCE PROFILING SUMMARY - LTX0456_F5_SU
================================================================================
⏱️  wsi_loading:
   Total: 1.371s | Avg: 1.3709s | Calls: 1
⏱️  dataset_creation:
   Total: 0.137s | Avg: 0.1374s | Calls: 1
⏱️  data_loading:
   Total: 0.001s | Avg: 0.0001s | Calls: 9
   Min: 0.0001s | Max: 0.0002s
⏱️  sample_saving:
   Total: 0.032s | Avg: 0.0036s | Calls: 9
   Min: 0.0026s | Max: 0.0055s
⏱️  data_transfer:
   Total: 0.001s | Avg: 0.0001s | Calls: 9
   Min: 0.0000s | Max: 0.0001s
⏱️  model_inference:
   Total: 0.158s | Avg: 0.0176s | Calls: 9
   Min: 0.0141s | Max: 0.0206s
⏱️  feature_processing:
   Total: 10.316s | Avg: 1.1462s | Calls: 9
   Min: 0.0508s | Max: 1.2977s
⏱️  feature_accumulation:
   Total: 0.000s | Avg: 0.0000s | Calls: 9
   Min: 0.0000s | Max: 0.0000s
⏱️  batch_processing:
   Total: 10.936s | Avg: 1.2151s | Calls: 9
   Min: 0.4931s | Max: 1.3224s
⏱️  feature_combining:
   Total: 0.007s | Avg: 0.0068s | Calls: 1
⏱️  hdf5_writing:
   Total: 0.311s | Avg: 0.3110s | Calls: 1
⏱️  memory_cleanup:
   Total: 0.114s | Avg: 0.1137s | Calls: 1
⏱️  total_computation:
   Total: 121.887s | Avg: 121.8872s | Calls: 1
⏱️  slide_processing:
   Total: 121.887s | Avg: 121.8873s | Calls: 1

🚨 BOTTLENECK ANALYSIS (Total Runtime: 267.159s):
   🔥 slide_processing: 121.887s (45.6%)
   🔥 total_computation: 121.887s (45.6%)

📊 OPERATION COUNTS:
   hdf5_write_operations: 1
   patches_processed: 4,119
   GPU Memory - Max: 3944.1MB | Avg: 3288.0MB

💡 OPTIMIZATION RECOMMENDATIONS:
================================================================================
📊 Features shape: (4119, 1536), Coords shape: (4119, 2)
💾 Saved features to /nemo/project/proj-tracerx-lung/tctProjects/kilimo/TracerX_WSIs/10X/uni_v2/pt_files/LTX0456_F5_SU.pt

🔄 Processing slide 81/121: LTX0461_A3_SU
downsample [1. 1.]
downsampled_level_dim [126720 101376]
level_dim [126720 101376]
name LTX0461_A3_SU
patch_level 0
patch_size 1161
save_path /nemo/project/proj-tracerx-lung/tctProjects/kilimo/TracerX_WSIs/10X/patches/patches

feature extraction settings
transformations:  Compose(
    Resize(size=224, interpolation=bilinear, max_size=None, antialias=True)
    CenterCrop(size=(224, 224))
    MaybeToTensor()
    Normalize(mean=tensor([0.4850, 0.4560, 0.4060]), std=tensor([0.2290, 0.2240, 0.2250]))
)
📦 Dataset size: 5592 patches, 11 batches
🔍 Processing a total of 11 batches with profiling enabled
Saving random samples to /nemo/project/proj-tracerx-lung/tctProjects/kilimo/TracerX_WSIs/10X/uni_v2/samples/LTX0461_A3_SU
Saved 10/10 random sample images for slide LTX0461_A3_SU
✅ Features extracted in 144.2s

================================================================================
🔍 PERFORMANCE PROFILING SUMMARY - LTX0461_A3_SU
================================================================================
⏱️  wsi_loading:
   Total: 2.235s | Avg: 2.2348s | Calls: 1
⏱️  dataset_creation:
   Total: 0.148s | Avg: 0.1478s | Calls: 1
⏱️  data_loading:
   Total: 0.002s | Avg: 0.0002s | Calls: 11
   Min: 0.0001s | Max: 0.0003s
⏱️  sample_saving:
   Total: 0.034s | Avg: 0.0034s | Calls: 10
   Min: 0.0027s | Max: 0.0044s
⏱️  data_transfer:
   Total: 0.001s | Avg: 0.0001s | Calls: 11
   Min: 0.0001s | Max: 0.0002s
⏱️  model_inference:
   Total: 0.247s | Avg: 0.0224s | Calls: 11
   Min: 0.0173s | Max: 0.0297s
⏱️  feature_processing:
   Total: 14.039s | Avg: 1.2763s | Calls: 11
   Min: 1.1973s | Max: 1.2968s
⏱️  feature_accumulation:
   Total: 0.000s | Avg: 0.0000s | Calls: 11
   Min: 0.0000s | Max: 0.0000s
⏱️  batch_processing:
   Total: 15.761s | Avg: 1.4329s | Calls: 11
   Min: 1.2966s | Max: 2.3271s
⏱️  feature_combining:
   Total: 0.009s | Avg: 0.0045s | Calls: 2
   Min: 0.0002s | Max: 0.0088s
⏱️  hdf5_writing:
   Total: 1.226s | Avg: 0.6131s | Calls: 2
   Min: 0.3317s | Max: 0.8945s
⏱️  memory_cleanup:
   Total: 0.208s | Avg: 0.1042s | Calls: 2
   Min: 0.0940s | Max: 0.1144s
⏱️  total_computation:
   Total: 141.805s | Avg: 141.8051s | Calls: 1
⏱️  slide_processing:
   Total: 141.805s | Avg: 141.8052s | Calls: 1

🚨 BOTTLENECK ANALYSIS (Total Runtime: 317.520s):
   🔥 slide_processing: 141.805s (44.7%)
   🔥 total_computation: 141.805s (44.7%)

📊 OPERATION COUNTS:
   hdf5_write_operations: 2
   patches_processed: 5,592
   GPU Memory - Max: 4226.2MB | Avg: 3687.2MB

💡 OPTIMIZATION RECOMMENDATIONS:
================================================================================
📊 Features shape: (5592, 1536), Coords shape: (5592, 2)
💾 Saved features to /nemo/project/proj-tracerx-lung/tctProjects/kilimo/TracerX_WSIs/10X/uni_v2/pt_files/LTX0461_A3_SU.pt

🔄 Processing slide 82/121: LTX0472_A4_SU
downsample [1. 1.]
downsampled_level_dim [134400  95744]
level_dim [134400  95744]
name LTX0472_A4_SU
patch_level 0
patch_size 1161
save_path /nemo/project/proj-tracerx-lung/tctProjects/kilimo/TracerX_WSIs/10X/patches/patches

feature extraction settings
transformations:  Compose(
    Resize(size=224, interpolation=bilinear, max_size=None, antialias=True)
    CenterCrop(size=(224, 224))
    MaybeToTensor()
    Normalize(mean=tensor([0.4850, 0.4560, 0.4060]), std=tensor([0.2290, 0.2240, 0.2250]))
)
📦 Dataset size: 2998 patches, 6 batches
🔍 Processing a total of 6 batches with profiling enabled
Saving random samples to /nemo/project/proj-tracerx-lung/tctProjects/kilimo/TracerX_WSIs/10X/uni_v2/samples/LTX0472_A4_SU
Saved 6/10 random sample images for slide LTX0472_A4_SU
✅ Features extracted in 92.3s

================================================================================
🔍 PERFORMANCE PROFILING SUMMARY - LTX0472_A4_SU
================================================================================
⏱️  wsi_loading:
   Total: 1.851s | Avg: 1.8512s | Calls: 1
⏱️  dataset_creation:
   Total: 0.078s | Avg: 0.0779s | Calls: 1
⏱️  data_loading:
   Total: 0.001s | Avg: 0.0002s | Calls: 6
   Min: 0.0001s | Max: 0.0003s
⏱️  sample_saving:
   Total: 0.019s | Avg: 0.0032s | Calls: 6
   Min: 0.0026s | Max: 0.0045s
⏱️  data_transfer:
   Total: 0.001s | Avg: 0.0001s | Calls: 6
   Min: 0.0001s | Max: 0.0002s
⏱️  model_inference:
   Total: 0.126s | Avg: 0.0211s | Calls: 6
   Min: 0.0173s | Max: 0.0278s
⏱️  feature_processing:
   Total: 7.464s | Avg: 1.2440s | Calls: 6
   Min: 1.0905s | Max: 1.2836s
⏱️  feature_accumulation:
   Total: 0.000s | Avg: 0.0000s | Calls: 6
   Min: 0.0000s | Max: 0.0000s
⏱️  batch_processing:
   Total: 7.805s | Avg: 1.3008s | Calls: 6
   Min: 1.2963s | Max: 1.3072s
⏱️  feature_combining:
   Total: 0.003s | Avg: 0.0032s | Calls: 1
⏱️  hdf5_writing:
   Total: 0.080s | Avg: 0.0796s | Calls: 1
⏱️  memory_cleanup:
   Total: 0.112s | Avg: 0.1116s | Calls: 1
⏱️  total_computation:
   Total: 90.391s | Avg: 90.3914s | Calls: 1
⏱️  slide_processing:
   Total: 90.391s | Avg: 90.3914s | Calls: 1

🚨 BOTTLENECK ANALYSIS (Total Runtime: 198.322s):
   🔥 slide_processing: 90.391s (45.6%)
   🔥 total_computation: 90.391s (45.6%)

📊 OPERATION COUNTS:
   hdf5_write_operations: 1
   patches_processed: 2,998
   GPU Memory - Max: 4183.9MB | Avg: 3407.9MB

💡 OPTIMIZATION RECOMMENDATIONS:
================================================================================
📊 Features shape: (2998, 1536), Coords shape: (2998, 2)
💾 Saved features to /nemo/project/proj-tracerx-lung/tctProjects/kilimo/TracerX_WSIs/10X/uni_v2/pt_files/LTX0472_A4_SU.pt

🔄 Processing slide 83/121: LTX0484_B4_SU
downsample [1. 1.]
downsampled_level_dim [122880 104192]
level_dim [122880 104192]
name LTX0484_B4_SU
patch_level 0
patch_size 1161
save_path /nemo/project/proj-tracerx-lung/tctProjects/kilimo/TracerX_WSIs/10X/patches/patches

feature extraction settings
transformations:  Compose(
    Resize(size=224, interpolation=bilinear, max_size=None, antialias=True)
    CenterCrop(size=(224, 224))
    MaybeToTensor()
    Normalize(mean=tensor([0.4850, 0.4560, 0.4060]), std=tensor([0.2290, 0.2240, 0.2250]))
)
📦 Dataset size: 4185 patches, 9 batches
🔍 Processing a total of 9 batches with profiling enabled
Saving random samples to /nemo/project/proj-tracerx-lung/tctProjects/kilimo/TracerX_WSIs/10X/uni_v2/samples/LTX0484_B4_SU
Saved 9/10 random sample images for slide LTX0484_B4_SU
✅ Features extracted in 98.4s

================================================================================
🔍 PERFORMANCE PROFILING SUMMARY - LTX0484_B4_SU
================================================================================
⏱️  wsi_loading:
   Total: 0.579s | Avg: 0.5789s | Calls: 1
⏱️  dataset_creation:
   Total: 0.107s | Avg: 0.1071s | Calls: 1
⏱️  data_loading:
   Total: 0.001s | Avg: 0.0001s | Calls: 9
   Min: 0.0001s | Max: 0.0003s
⏱️  sample_saving:
   Total: 0.032s | Avg: 0.0036s | Calls: 9
   Min: 0.0026s | Max: 0.0044s
⏱️  data_transfer:
   Total: 0.001s | Avg: 0.0001s | Calls: 9
   Min: 0.0000s | Max: 0.0002s
⏱️  model_inference:
   Total: 0.188s | Avg: 0.0208s | Calls: 9
   Min: 0.0160s | Max: 0.0302s
⏱️  feature_processing:
   Total: 10.444s | Avg: 1.1605s | Calls: 9
   Min: 0.2157s | Max: 1.2924s
⏱️  feature_accumulation:
   Total: 0.000s | Avg: 0.0000s | Calls: 9
   Min: 0.0000s | Max: 0.0000s
⏱️  batch_processing:
   Total: 10.970s | Avg: 1.2189s | Calls: 9
   Min: 0.5377s | Max: 1.3157s
⏱️  feature_combining:
   Total: 0.007s | Avg: 0.0069s | Calls: 1
⏱️  hdf5_writing:
   Total: 0.187s | Avg: 0.1873s | Calls: 1
⏱️  memory_cleanup:
   Total: 0.113s | Avg: 0.1134s | Calls: 1
⏱️  total_computation:
   Total: 97.726s | Avg: 97.7260s | Calls: 1
⏱️  slide_processing:
   Total: 97.726s | Avg: 97.7261s | Calls: 1

🚨 BOTTLENECK ANALYSIS (Total Runtime: 218.081s):
   🔥 slide_processing: 97.726s (44.8%)
   🔥 total_computation: 97.726s (44.8%)
   🔥 batch_processing: 10.970s (5.0%)

📊 OPERATION COUNTS:
   hdf5_write_operations: 1
   patches_processed: 4,185
   GPU Memory - Max: 3983.8MB | Avg: 3307.9MB

💡 OPTIMIZATION RECOMMENDATIONS:
================================================================================
📊 Features shape: (4185, 1536), Coords shape: (4185, 2)
💾 Saved features to /nemo/project/proj-tracerx-lung/tctProjects/kilimo/TracerX_WSIs/10X/uni_v2/pt_files/LTX0484_B4_SU.pt

🔄 Processing slide 84/121: LTX0490_A4_SU
downsample [1. 1.]
downsampled_level_dim [149760  92928]
level_dim [149760  92928]
name LTX0490_A4_SU
patch_level 0
patch_size 1161
save_path /nemo/project/proj-tracerx-lung/tctProjects/kilimo/TracerX_WSIs/10X/patches/patches

feature extraction settings
transformations:  Compose(
    Resize(size=224, interpolation=bilinear, max_size=None, antialias=True)
    CenterCrop(size=(224, 224))
    MaybeToTensor()
    Normalize(mean=tensor([0.4850, 0.4560, 0.4060]), std=tensor([0.2290, 0.2240, 0.2250]))
)
📦 Dataset size: 4814 patches, 10 batches
🔍 Processing a total of 10 batches with profiling enabled
Saving random samples to /nemo/project/proj-tracerx-lung/tctProjects/kilimo/TracerX_WSIs/10X/uni_v2/samples/LTX0490_A4_SU
Saved 10/10 random sample images for slide LTX0490_A4_SU
✅ Features extracted in 114.0s

================================================================================
🔍 PERFORMANCE PROFILING SUMMARY - LTX0490_A4_SU
================================================================================
⏱️  wsi_loading:
   Total: 0.564s | Avg: 0.5641s | Calls: 1
⏱️  dataset_creation:
   Total: 0.090s | Avg: 0.0902s | Calls: 1
⏱️  data_loading:
   Total: 0.001s | Avg: 0.0001s | Calls: 10
   Min: 0.0001s | Max: 0.0003s
⏱️  sample_saving:
   Total: 0.040s | Avg: 0.0040s | Calls: 10
   Min: 0.0027s | Max: 0.0076s
⏱️  data_transfer:
   Total: 0.001s | Avg: 0.0001s | Calls: 10
   Min: 0.0000s | Max: 0.0001s
⏱️  model_inference:
   Total: 0.193s | Avg: 0.0193s | Calls: 10
   Min: 0.0173s | Max: 0.0320s
⏱️  feature_processing:
   Total: 12.062s | Avg: 1.2062s | Calls: 10
   Min: 0.5087s | Max: 1.2971s
⏱️  feature_accumulation:
   Total: 0.000s | Avg: 0.0000s | Calls: 10
   Min: 0.0000s | Max: 0.0000s
⏱️  batch_processing:
   Total: 12.928s | Avg: 1.2928s | Calls: 10
   Min: 1.1558s | Max: 1.3210s
⏱️  feature_combining:
   Total: 0.006s | Avg: 0.0064s | Calls: 1
⏱️  hdf5_writing:
   Total: 0.512s | Avg: 0.5120s | Calls: 1
⏱️  memory_cleanup:
   Total: 0.114s | Avg: 0.1140s | Calls: 1
⏱️  total_computation:
   Total: 113.315s | Avg: 113.3147s | Calls: 1
⏱️  slide_processing:
   Total: 113.315s | Avg: 113.3147s | Calls: 1

🚨 BOTTLENECK ANALYSIS (Total Runtime: 253.141s):
   🔥 slide_processing: 113.315s (44.8%)
   🔥 total_computation: 113.315s (44.8%)
   🔥 batch_processing: 12.928s (5.1%)

📊 OPERATION COUNTS:
   hdf5_write_operations: 1
   patches_processed: 4,814
   GPU Memory - Max: 4050.8MB | Avg: 3341.4MB

💡 OPTIMIZATION RECOMMENDATIONS:
================================================================================
📊 Features shape: (4814, 1536), Coords shape: (4814, 2)
💾 Saved features to /nemo/project/proj-tracerx-lung/tctProjects/kilimo/TracerX_WSIs/10X/uni_v2/pt_files/LTX0490_A4_SU.pt

🔄 Processing slide 85/121: LTX0491_SU
downsample [1. 1.]
downsampled_level_dim [168960 104192]
level_dim [168960 104192]
name LTX0491_SU
patch_level 0
patch_size 1161
save_path /nemo/project/proj-tracerx-lung/tctProjects/kilimo/TracerX_WSIs/10X/patches/patches

feature extraction settings
transformations:  Compose(
    Resize(size=224, interpolation=bilinear, max_size=None, antialias=True)
    CenterCrop(size=(224, 224))
    MaybeToTensor()
    Normalize(mean=tensor([0.4850, 0.4560, 0.4060]), std=tensor([0.2290, 0.2240, 0.2250]))
)
📦 Dataset size: 5815 patches, 12 batches
🔍 Processing a total of 12 batches with profiling enabled
Saving random samples to /nemo/project/proj-tracerx-lung/tctProjects/kilimo/TracerX_WSIs/10X/uni_v2/samples/LTX0491_SU
Saved 10/10 random sample images for slide LTX0491_SU
✅ Features extracted in 156.8s

================================================================================
🔍 PERFORMANCE PROFILING SUMMARY - LTX0491_SU
================================================================================
⏱️  wsi_loading:
   Total: 0.906s | Avg: 0.9063s | Calls: 1
⏱️  dataset_creation:
   Total: 0.099s | Avg: 0.0993s | Calls: 1
⏱️  data_loading:
   Total: 0.002s | Avg: 0.0002s | Calls: 12
   Min: 0.0001s | Max: 0.0003s
⏱️  sample_saving:
   Total: 0.037s | Avg: 0.0037s | Calls: 10
   Min: 0.0031s | Max: 0.0049s
⏱️  data_transfer:
   Total: 0.001s | Avg: 0.0001s | Calls: 12
   Min: 0.0001s | Max: 0.0002s
⏱️  model_inference:
   Total: 0.254s | Avg: 0.0212s | Calls: 12
   Min: 0.0165s | Max: 0.0306s
⏱️  feature_processing:
   Total: 14.620s | Avg: 1.2183s | Calls: 12
   Min: 0.4516s | Max: 1.2993s
⏱️  feature_accumulation:
   Total: 0.000s | Avg: 0.0000s | Calls: 12
   Min: 0.0000s | Max: 0.0000s
⏱️  batch_processing:
   Total: 15.199s | Avg: 1.2666s | Calls: 12
   Min: 0.5785s | Max: 1.4874s
⏱️  feature_combining:
   Total: 0.009s | Avg: 0.0045s | Calls: 2
   Min: 0.0004s | Max: 0.0085s
⏱️  hdf5_writing:
   Total: 0.074s | Avg: 0.0372s | Calls: 2
   Min: 0.0171s | Max: 0.0573s
⏱️  memory_cleanup:
   Total: 0.205s | Avg: 0.1026s | Calls: 2
   Min: 0.0924s | Max: 0.1129s
⏱️  total_computation:
   Total: 155.839s | Avg: 155.8391s | Calls: 1
⏱️  slide_processing:
   Total: 155.839s | Avg: 155.8392s | Calls: 1

🚨 BOTTLENECK ANALYSIS (Total Runtime: 343.086s):
   🔥 slide_processing: 155.839s (45.4%)
   🔥 total_computation: 155.839s (45.4%)

📊 OPERATION COUNTS:
   hdf5_write_operations: 2
   patches_processed: 5,815
   GPU Memory - Max: 4226.2MB | Avg: 3632.6MB

💡 OPTIMIZATION RECOMMENDATIONS:
================================================================================
📊 Features shape: (5815, 1536), Coords shape: (5815, 2)
💾 Saved features to /nemo/project/proj-tracerx-lung/tctProjects/kilimo/TracerX_WSIs/10X/uni_v2/pt_files/LTX0491_SU.pt

🔄 Processing slide 86/121: LTX0496_A4_SU
downsample [1. 1.]
downsampled_level_dim [172800 109824]
level_dim [172800 109824]
name LTX0496_A4_SU
patch_level 0
patch_size 1161
save_path /nemo/project/proj-tracerx-lung/tctProjects/kilimo/TracerX_WSIs/10X/patches/patches

feature extraction settings
transformations:  Compose(
    Resize(size=224, interpolation=bilinear, max_size=None, antialias=True)
    CenterCrop(size=(224, 224))
    MaybeToTensor()
    Normalize(mean=tensor([0.4850, 0.4560, 0.4060]), std=tensor([0.2290, 0.2240, 0.2250]))
)
📦 Dataset size: 4132 patches, 9 batches
🔍 Processing a total of 9 batches with profiling enabled
Saving random samples to /nemo/project/proj-tracerx-lung/tctProjects/kilimo/TracerX_WSIs/10X/uni_v2/samples/LTX0496_A4_SU
Saved 9/10 random sample images for slide LTX0496_A4_SU
✅ Features extracted in 111.0s

================================================================================
🔍 PERFORMANCE PROFILING SUMMARY - LTX0496_A4_SU
================================================================================
⏱️  wsi_loading:
   Total: 0.807s | Avg: 0.8070s | Calls: 1
⏱️  dataset_creation:
   Total: 0.110s | Avg: 0.1096s | Calls: 1
⏱️  data_loading:
   Total: 0.001s | Avg: 0.0002s | Calls: 9
   Min: 0.0001s | Max: 0.0003s
⏱️  sample_saving:
   Total: 0.031s | Avg: 0.0034s | Calls: 9
   Min: 0.0026s | Max: 0.0045s
⏱️  data_transfer:
   Total: 0.001s | Avg: 0.0001s | Calls: 9
   Min: 0.0000s | Max: 0.0002s
⏱️  model_inference:
   Total: 0.182s | Avg: 0.0202s | Calls: 9
   Min: 0.0161s | Max: 0.0301s
⏱️  feature_processing:
   Total: 10.339s | Avg: 1.1488s | Calls: 9
   Min: 0.0831s | Max: 1.3001s
⏱️  feature_accumulation:
   Total: 0.000s | Avg: 0.0000s | Calls: 9
   Min: 0.0000s | Max: 0.0000s
⏱️  batch_processing:
   Total: 11.090s | Avg: 1.2322s | Calls: 9
   Min: 0.6356s | Max: 1.3221s
⏱️  feature_combining:
   Total: 0.007s | Avg: 0.0070s | Calls: 1
⏱️  hdf5_writing:
   Total: 0.416s | Avg: 0.4165s | Calls: 1
⏱️  memory_cleanup:
   Total: 0.116s | Avg: 0.1161s | Calls: 1
⏱️  total_computation:
   Total: 110.087s | Avg: 110.0869s | Calls: 1
⏱️  slide_processing:
   Total: 110.087s | Avg: 110.0869s | Calls: 1

🚨 BOTTLENECK ANALYSIS (Total Runtime: 243.274s):
   🔥 slide_processing: 110.087s (45.3%)
   🔥 total_computation: 110.087s (45.3%)

📊 OPERATION COUNTS:
   hdf5_write_operations: 1
   patches_processed: 4,132
   GPU Memory - Max: 3952.9MB | Avg: 3292.4MB

💡 OPTIMIZATION RECOMMENDATIONS:
================================================================================
📊 Features shape: (4132, 1536), Coords shape: (4132, 2)
💾 Saved features to /nemo/project/proj-tracerx-lung/tctProjects/kilimo/TracerX_WSIs/10X/uni_v2/pt_files/LTX0496_A4_SU.pt

🔄 Processing slide 87/121: LTX0503_B3_SU
downsample [1. 1.]
downsampled_level_dim [110592 101888]
level_dim [110592 101888]
name LTX0503_B3_SU
patch_level 0
patch_size 1122
save_path /nemo/project/proj-tracerx-lung/tctProjects/kilimo/TracerX_WSIs/10X/patches/patches

feature extraction settings
transformations:  Compose(
    Resize(size=224, interpolation=bilinear, max_size=None, antialias=True)
    CenterCrop(size=(224, 224))
    MaybeToTensor()
    Normalize(mean=tensor([0.4850, 0.4560, 0.4060]), std=tensor([0.2290, 0.2240, 0.2250]))
)
📦 Dataset size: 7108 patches, 14 batches
🔍 Processing a total of 14 batches with profiling enabled
Saving random samples to /nemo/project/proj-tracerx-lung/tctProjects/kilimo/TracerX_WSIs/10X/uni_v2/samples/LTX0503_B3_SU
Saved 10/10 random sample images for slide LTX0503_B3_SU
✅ Features extracted in 256.0s

================================================================================
🔍 PERFORMANCE PROFILING SUMMARY - LTX0503_B3_SU
================================================================================
⏱️  wsi_loading:
   Total: 0.382s | Avg: 0.3821s | Calls: 1
⏱️  dataset_creation:
   Total: 0.089s | Avg: 0.0887s | Calls: 1
⏱️  data_loading:
   Total: 0.002s | Avg: 0.0002s | Calls: 14
   Min: 0.0001s | Max: 0.0003s
⏱️  sample_saving:
   Total: 0.037s | Avg: 0.0037s | Calls: 10
   Min: 0.0028s | Max: 0.0060s
⏱️  data_transfer:
   Total: 0.001s | Avg: 0.0001s | Calls: 14
   Min: 0.0001s | Max: 0.0001s
⏱️  model_inference:
   Total: 0.268s | Avg: 0.0191s | Calls: 14
   Min: 0.0172s | Max: 0.0260s
⏱️  feature_processing:
   Total: 17.818s | Avg: 1.2727s | Calls: 14
   Min: 1.1406s | Max: 1.2992s
⏱️  feature_accumulation:
   Total: 0.000s | Avg: 0.0000s | Calls: 14
   Min: 0.0000s | Max: 0.0000s
⏱️  batch_processing:
   Total: 19.226s | Avg: 1.3733s | Calls: 14
   Min: 1.2927s | Max: 1.9199s
⏱️  feature_combining:
   Total: 0.013s | Avg: 0.0063s | Calls: 2
   Min: 0.0032s | Max: 0.0094s
⏱️  hdf5_writing:
   Total: 0.871s | Avg: 0.4355s | Calls: 2
   Min: 0.3889s | Max: 0.4822s
⏱️  memory_cleanup:
   Total: 0.222s | Avg: 0.1112s | Calls: 2
   Min: 0.1058s | Max: 0.1165s
⏱️  total_computation:
   Total: 255.555s | Avg: 255.5555s | Calls: 1
⏱️  slide_processing:
   Total: 255.556s | Avg: 255.5555s | Calls: 1

🚨 BOTTLENECK ANALYSIS (Total Runtime: 550.040s):
   🔥 slide_processing: 255.556s (46.5%)
   🔥 total_computation: 255.555s (46.5%)

📊 OPERATION COUNTS:
   hdf5_write_operations: 2
   patches_processed: 7,108
   GPU Memory - Max: 4226.2MB | Avg: 3682.9MB

💡 OPTIMIZATION RECOMMENDATIONS:
================================================================================
📊 Features shape: (7108, 1536), Coords shape: (7108, 2)
💾 Saved features to /nemo/project/proj-tracerx-lung/tctProjects/kilimo/TracerX_WSIs/10X/uni_v2/pt_files/LTX0503_B3_SU.pt

🔄 Processing slide 88/121: LTX0505_1E_SU
downsample [1. 1.]
downsampled_level_dim [142080 115456]
level_dim [142080 115456]
name LTX0505_1E_SU
patch_level 0
patch_size 1161
save_path /nemo/project/proj-tracerx-lung/tctProjects/kilimo/TracerX_WSIs/10X/patches/patches

feature extraction settings
transformations:  Compose(
    Resize(size=224, interpolation=bilinear, max_size=None, antialias=True)
    CenterCrop(size=(224, 224))
    MaybeToTensor()
    Normalize(mean=tensor([0.4850, 0.4560, 0.4060]), std=tensor([0.2290, 0.2240, 0.2250]))
)
📦 Dataset size: 4597 patches, 9 batches
🔍 Processing a total of 9 batches with profiling enabled
Saving random samples to /nemo/project/proj-tracerx-lung/tctProjects/kilimo/TracerX_WSIs/10X/uni_v2/samples/LTX0505_1E_SU
Saved 9/10 random sample images for slide LTX0505_1E_SU
✅ Features extracted in 132.5s

================================================================================
🔍 PERFORMANCE PROFILING SUMMARY - LTX0505_1E_SU
================================================================================
⏱️  wsi_loading:
   Total: 1.967s | Avg: 1.9667s | Calls: 1
⏱️  dataset_creation:
   Total: 0.133s | Avg: 0.1325s | Calls: 1
⏱️  data_loading:
   Total: 0.001s | Avg: 0.0001s | Calls: 9
   Min: 0.0001s | Max: 0.0003s
⏱️  sample_saving:
   Total: 0.038s | Avg: 0.0043s | Calls: 9
   Min: 0.0027s | Max: 0.0121s
⏱️  data_transfer:
   Total: 0.001s | Avg: 0.0001s | Calls: 9
   Min: 0.0001s | Max: 0.0002s
⏱️  model_inference:
   Total: 0.196s | Avg: 0.0218s | Calls: 9
   Min: 0.0172s | Max: 0.0302s
⏱️  feature_processing:
   Total: 11.494s | Avg: 1.2771s | Calls: 9
   Min: 1.2660s | Max: 1.2980s
⏱️  feature_accumulation:
   Total: 0.000s | Avg: 0.0000s | Calls: 9
   Min: 0.0000s | Max: 0.0000s
⏱️  batch_processing:
   Total: 12.153s | Avg: 1.3503s | Calls: 9
   Min: 1.2965s | Max: 1.7076s
⏱️  feature_combining:
   Total: 0.007s | Avg: 0.0072s | Calls: 1
⏱️  hdf5_writing:
   Total: 0.302s | Avg: 0.3016s | Calls: 1
⏱️  memory_cleanup:
   Total: 0.117s | Avg: 0.1168s | Calls: 1
⏱️  total_computation:
   Total: 130.411s | Avg: 130.4115s | Calls: 1
⏱️  slide_processing:
   Total: 130.412s | Avg: 130.4116s | Calls: 1

🚨 BOTTLENECK ANALYSIS (Total Runtime: 287.231s):
   🔥 slide_processing: 130.412s (45.4%)
   🔥 total_computation: 130.411s (45.4%)

📊 OPERATION COUNTS:
   hdf5_write_operations: 1
   patches_processed: 4,597
   GPU Memory - Max: 4218.5MB | Avg: 3425.2MB

💡 OPTIMIZATION RECOMMENDATIONS:
================================================================================
📊 Features shape: (4597, 1536), Coords shape: (4597, 2)
💾 Saved features to /nemo/project/proj-tracerx-lung/tctProjects/kilimo/TracerX_WSIs/10X/uni_v2/pt_files/LTX0505_1E_SU.pt

🔄 Processing slide 89/121: LTX0513_A1_SU
downsample [1. 1.]
downsampled_level_dim [145920 115456]
level_dim [145920 115456]
name LTX0513_A1_SU
patch_level 0
patch_size 1161
save_path /nemo/project/proj-tracerx-lung/tctProjects/kilimo/TracerX_WSIs/10X/patches/patches

feature extraction settings
transformations:  Compose(
    Resize(size=224, interpolation=bilinear, max_size=None, antialias=True)
    CenterCrop(size=(224, 224))
    MaybeToTensor()
    Normalize(mean=tensor([0.4850, 0.4560, 0.4060]), std=tensor([0.2290, 0.2240, 0.2250]))
)
📦 Dataset size: 6219 patches, 13 batches
🔍 Processing a total of 13 batches with profiling enabled
Saving random samples to /nemo/project/proj-tracerx-lung/tctProjects/kilimo/TracerX_WSIs/10X/uni_v2/samples/LTX0513_A1_SU
Saved 9/10 random sample images for slide LTX0513_A1_SU
✅ Features extracted in 136.7s

================================================================================
🔍 PERFORMANCE PROFILING SUMMARY - LTX0513_A1_SU
================================================================================
⏱️  wsi_loading:
   Total: 0.677s | Avg: 0.6773s | Calls: 1
⏱️  dataset_creation:
   Total: 0.128s | Avg: 0.1278s | Calls: 1
⏱️  data_loading:
   Total: 0.002s | Avg: 0.0001s | Calls: 13
   Min: 0.0001s | Max: 0.0003s
⏱️  sample_saving:
   Total: 0.081s | Avg: 0.0090s | Calls: 9
   Min: 0.0029s | Max: 0.0468s
⏱️  data_transfer:
   Total: 0.001s | Avg: 0.0001s | Calls: 13
   Min: 0.0000s | Max: 0.0001s
⏱️  model_inference:
   Total: 0.290s | Avg: 0.0223s | Calls: 13
   Min: 0.0161s | Max: 0.0283s
⏱️  feature_processing:
   Total: 15.514s | Avg: 1.1934s | Calls: 13
   Min: 0.1805s | Max: 1.2945s
⏱️  feature_accumulation:
   Total: 0.000s | Avg: 0.0000s | Calls: 13
   Min: 0.0000s | Max: 0.0000s
⏱️  batch_processing:
   Total: 16.793s | Avg: 1.2917s | Calls: 13
   Min: 0.6263s | Max: 1.7770s
⏱️  feature_combining:
   Total: 0.006s | Avg: 0.0030s | Calls: 2
   Min: 0.0006s | Max: 0.0053s
⏱️  hdf5_writing:
   Total: 0.686s | Avg: 0.3428s | Calls: 2
   Min: 0.3338s | Max: 0.3518s
⏱️  memory_cleanup:
   Total: 0.214s | Avg: 0.1068s | Calls: 2
   Min: 0.0949s | Max: 0.1187s
⏱️  total_computation:
   Total: 135.853s | Avg: 135.8529s | Calls: 1
⏱️  slide_processing:
   Total: 135.853s | Avg: 135.8530s | Calls: 1

🚨 BOTTLENECK ANALYSIS (Total Runtime: 306.096s):
   🔥 slide_processing: 135.853s (44.4%)
   🔥 total_computation: 135.853s (44.4%)
   🔥 batch_processing: 16.793s (5.5%)
   🔥 feature_processing: 15.514s (5.1%)

📊 OPERATION COUNTS:
   hdf5_write_operations: 2
   patches_processed: 6,219
   GPU Memory - Max: 4226.2MB | Avg: 3611.5MB

💡 OPTIMIZATION RECOMMENDATIONS:
================================================================================
📊 Features shape: (6219, 1536), Coords shape: (6219, 2)
💾 Saved features to /nemo/project/proj-tracerx-lung/tctProjects/kilimo/TracerX_WSIs/10X/uni_v2/pt_files/LTX0513_A1_SU.pt

🔄 Processing slide 90/121: LTX0533_2_SU
downsample [1. 1.]
downsampled_level_dim [119040 115456]
level_dim [119040 115456]
name LTX0533_2_SU
patch_level 0
patch_size 1161
save_path /nemo/project/proj-tracerx-lung/tctProjects/kilimo/TracerX_WSIs/10X/patches/patches

feature extraction settings
transformations:  Compose(
    Resize(size=224, interpolation=bilinear, max_size=None, antialias=True)
    CenterCrop(size=(224, 224))
    MaybeToTensor()
    Normalize(mean=tensor([0.4850, 0.4560, 0.4060]), std=tensor([0.2290, 0.2240, 0.2250]))
)
📦 Dataset size: 3493 patches, 7 batches
🔍 Processing a total of 7 batches with profiling enabled
Saving random samples to /nemo/project/proj-tracerx-lung/tctProjects/kilimo/TracerX_WSIs/10X/uni_v2/samples/LTX0533_2_SU
Saved 7/10 random sample images for slide LTX0533_2_SU
✅ Features extracted in 99.2s

================================================================================
🔍 PERFORMANCE PROFILING SUMMARY - LTX0533_2_SU
================================================================================
⏱️  wsi_loading:
   Total: 0.902s | Avg: 0.9018s | Calls: 1
⏱️  dataset_creation:
   Total: 0.094s | Avg: 0.0940s | Calls: 1
⏱️  data_loading:
   Total: 0.001s | Avg: 0.0002s | Calls: 7
   Min: 0.0001s | Max: 0.0003s
⏱️  sample_saving:
   Total: 0.025s | Avg: 0.0036s | Calls: 7
   Min: 0.0028s | Max: 0.0045s
⏱️  data_transfer:
   Total: 0.001s | Avg: 0.0001s | Calls: 7
   Min: 0.0000s | Max: 0.0001s
⏱️  model_inference:
   Total: 0.138s | Avg: 0.0198s | Calls: 7
   Min: 0.0163s | Max: 0.0273s
⏱️  feature_processing:
   Total: 8.769s | Avg: 1.2527s | Calls: 7
   Min: 1.0492s | Max: 1.2983s
⏱️  feature_accumulation:
   Total: 0.000s | Avg: 0.0000s | Calls: 7
   Min: 0.0000s | Max: 0.0000s
⏱️  batch_processing:
   Total: 9.597s | Avg: 1.3710s | Calls: 7
   Min: 1.2969s | Max: 1.7305s
⏱️  feature_combining:
   Total: 0.002s | Avg: 0.0024s | Calls: 1
⏱️  hdf5_writing:
   Total: 0.545s | Avg: 0.5454s | Calls: 1
⏱️  memory_cleanup:
   Total: 0.115s | Avg: 0.1147s | Calls: 1
⏱️  total_computation:
   Total: 98.196s | Avg: 98.1964s | Calls: 1
⏱️  slide_processing:
   Total: 98.196s | Avg: 98.1964s | Calls: 1

🚨 BOTTLENECK ANALYSIS (Total Runtime: 216.582s):
   🔥 slide_processing: 98.196s (45.3%)
   🔥 total_computation: 98.196s (45.3%)

📊 OPERATION COUNTS:
   hdf5_write_operations: 1
   patches_processed: 3,493
   GPU Memory - Max: 4174.6MB | Avg: 3403.2MB

💡 OPTIMIZATION RECOMMENDATIONS:
================================================================================
📊 Features shape: (3493, 1536), Coords shape: (3493, 2)
💾 Saved features to /nemo/project/proj-tracerx-lung/tctProjects/kilimo/TracerX_WSIs/10X/uni_v2/pt_files/LTX0533_2_SU.pt

🔄 Processing slide 91/121: LTX0536_1C_SU
downsample [1. 1.]
downsampled_level_dim [142080 109824]
level_dim [142080 109824]
name LTX0536_1C_SU
patch_level 0
patch_size 1161
save_path /nemo/project/proj-tracerx-lung/tctProjects/kilimo/TracerX_WSIs/10X/patches/patches

feature extraction settings
transformations:  Compose(
    Resize(size=224, interpolation=bilinear, max_size=None, antialias=True)
    CenterCrop(size=(224, 224))
    MaybeToTensor()
    Normalize(mean=tensor([0.4850, 0.4560, 0.4060]), std=tensor([0.2290, 0.2240, 0.2250]))
)
📦 Dataset size: 5219 patches, 11 batches
🔍 Processing a total of 11 batches with profiling enabled
Saving random samples to /nemo/project/proj-tracerx-lung/tctProjects/kilimo/TracerX_WSIs/10X/uni_v2/samples/LTX0536_1C_SU
Saved 9/10 random sample images for slide LTX0536_1C_SU
✅ Features extracted in 175.1s

================================================================================
🔍 PERFORMANCE PROFILING SUMMARY - LTX0536_1C_SU
================================================================================
⏱️  wsi_loading:
   Total: 1.007s | Avg: 1.0074s | Calls: 1
⏱️  dataset_creation:
   Total: 0.179s | Avg: 0.1794s | Calls: 1
⏱️  data_loading:
   Total: 0.002s | Avg: 0.0002s | Calls: 11
   Min: 0.0001s | Max: 0.0003s
⏱️  sample_saving:
   Total: 0.032s | Avg: 0.0036s | Calls: 9
   Min: 0.0028s | Max: 0.0049s
⏱️  data_transfer:
   Total: 0.001s | Avg: 0.0001s | Calls: 11
   Min: 0.0001s | Max: 0.0001s
⏱️  model_inference:
   Total: 0.225s | Avg: 0.0204s | Calls: 11
   Min: 0.0148s | Max: 0.0302s
⏱️  feature_processing:
   Total: 13.062s | Avg: 1.1874s | Calls: 11
   Min: 0.2412s | Max: 1.2992s
⏱️  feature_accumulation:
   Total: 0.000s | Avg: 0.0000s | Calls: 11
   Min: 0.0000s | Max: 0.0000s
⏱️  batch_processing:
   Total: 14.072s | Avg: 1.2792s | Calls: 11
   Min: 0.3492s | Max: 1.9697s
⏱️  feature_combining:
   Total: 0.007s | Avg: 0.0037s | Calls: 2
   Min: 0.0001s | Max: 0.0074s
⏱️  hdf5_writing:
   Total: 0.544s | Avg: 0.2719s | Calls: 2
   Min: 0.0027s | Max: 0.5410s
⏱️  memory_cleanup:
   Total: 0.202s | Avg: 0.1008s | Calls: 2
   Min: 0.0866s | Max: 0.1150s
⏱️  total_computation:
   Total: 173.945s | Avg: 173.9455s | Calls: 1
⏱️  slide_processing:
   Total: 173.946s | Avg: 173.9456s | Calls: 1

🚨 BOTTLENECK ANALYSIS (Total Runtime: 377.224s):
   🔥 slide_processing: 173.946s (46.1%)
   🔥 total_computation: 173.945s (46.1%)

📊 OPERATION COUNTS:
   hdf5_write_operations: 2
   patches_processed: 5,219
   GPU Memory - Max: 4226.2MB | Avg: 3616.1MB

💡 OPTIMIZATION RECOMMENDATIONS:
================================================================================
📊 Features shape: (5219, 1536), Coords shape: (5219, 2)
💾 Saved features to /nemo/project/proj-tracerx-lung/tctProjects/kilimo/TracerX_WSIs/10X/uni_v2/pt_files/LTX0536_1C_SU.pt

🔄 Processing slide 92/121: LTX0547_A2_SU
downsample [1. 1.]
downsampled_level_dim [145920 101376]
level_dim [145920 101376]
name LTX0547_A2_SU
patch_level 0
patch_size 1161
save_path /nemo/project/proj-tracerx-lung/tctProjects/kilimo/TracerX_WSIs/10X/patches/patches

feature extraction settings
transformations:  Compose(
    Resize(size=224, interpolation=bilinear, max_size=None, antialias=True)
    CenterCrop(size=(224, 224))
    MaybeToTensor()
    Normalize(mean=tensor([0.4850, 0.4560, 0.4060]), std=tensor([0.2290, 0.2240, 0.2250]))
)
📦 Dataset size: 6283 patches, 13 batches
🔍 Processing a total of 13 batches with profiling enabled
Saving random samples to /nemo/project/proj-tracerx-lung/tctProjects/kilimo/TracerX_WSIs/10X/uni_v2/samples/LTX0547_A2_SU
Saved 10/10 random sample images for slide LTX0547_A2_SU
✅ Features extracted in 214.2s

================================================================================
🔍 PERFORMANCE PROFILING SUMMARY - LTX0547_A2_SU
================================================================================
⏱️  wsi_loading:
   Total: 2.253s | Avg: 2.2528s | Calls: 1
⏱️  dataset_creation:
   Total: 0.086s | Avg: 0.0860s | Calls: 1
⏱️  data_loading:
   Total: 0.002s | Avg: 0.0001s | Calls: 13
   Min: 0.0001s | Max: 0.0003s
⏱️  sample_saving:
   Total: 0.043s | Avg: 0.0043s | Calls: 10
   Min: 0.0028s | Max: 0.0078s
⏱️  data_transfer:
   Total: 0.001s | Avg: 0.0001s | Calls: 13
   Min: 0.0000s | Max: 0.0001s
⏱️  model_inference:
   Total: 0.254s | Avg: 0.0195s | Calls: 13
   Min: 0.0158s | Max: 0.0300s
⏱️  feature_processing:
   Total: 15.747s | Avg: 1.2113s | Calls: 13
   Min: 0.3408s | Max: 1.2982s
⏱️  feature_accumulation:
   Total: 0.000s | Avg: 0.0000s | Calls: 13
   Min: 0.0000s | Max: 0.0000s
⏱️  batch_processing:
   Total: 17.510s | Avg: 1.3469s | Calls: 13
   Min: 1.0202s | Max: 2.0974s
⏱️  feature_combining:
   Total: 0.009s | Avg: 0.0044s | Calls: 2
   Min: 0.0007s | Max: 0.0081s
⏱️  hdf5_writing:
   Total: 1.239s | Avg: 0.6194s | Calls: 2
   Min: 0.5602s | Max: 0.6785s
⏱️  memory_cleanup:
   Total: 0.219s | Avg: 0.1097s | Calls: 2
   Min: 0.0996s | Max: 0.1198s
⏱️  total_computation:
   Total: 211.859s | Avg: 211.8593s | Calls: 1
⏱️  slide_processing:
   Total: 211.859s | Avg: 211.8594s | Calls: 1

🚨 BOTTLENECK ANALYSIS (Total Runtime: 461.081s):
   🔥 slide_processing: 211.859s (45.9%)
   🔥 total_computation: 211.859s (45.9%)

📊 OPERATION COUNTS:
   hdf5_write_operations: 2
   patches_processed: 6,283
   GPU Memory - Max: 4226.2MB | Avg: 3623.2MB

💡 OPTIMIZATION RECOMMENDATIONS:
================================================================================
📊 Features shape: (6283, 1536), Coords shape: (6283, 2)
💾 Saved features to /nemo/project/proj-tracerx-lung/tctProjects/kilimo/TracerX_WSIs/10X/uni_v2/pt_files/LTX0547_A2_SU.pt

🔄 Processing slide 93/121: LTX0548_A5_SU
downsample [1. 1.]
downsampled_level_dim [130560 107008]
level_dim [130560 107008]
name LTX0548_A5_SU
patch_level 0
patch_size 1161
save_path /nemo/project/proj-tracerx-lung/tctProjects/kilimo/TracerX_WSIs/10X/patches/patches

feature extraction settings
transformations:  Compose(
    Resize(size=224, interpolation=bilinear, max_size=None, antialias=True)
    CenterCrop(size=(224, 224))
    MaybeToTensor()
    Normalize(mean=tensor([0.4850, 0.4560, 0.4060]), std=tensor([0.2290, 0.2240, 0.2250]))
)
📦 Dataset size: 6246 patches, 13 batches
🔍 Processing a total of 13 batches with profiling enabled
Saving random samples to /nemo/project/proj-tracerx-lung/tctProjects/kilimo/TracerX_WSIs/10X/uni_v2/samples/LTX0548_A5_SU
Saved 10/10 random sample images for slide LTX0548_A5_SU
✅ Features extracted in 215.0s

================================================================================
🔍 PERFORMANCE PROFILING SUMMARY - LTX0548_A5_SU
================================================================================
⏱️  wsi_loading:
   Total: 3.168s | Avg: 3.1677s | Calls: 1
⏱️  dataset_creation:
   Total: 0.199s | Avg: 0.1990s | Calls: 1
⏱️  data_loading:
   Total: 0.002s | Avg: 0.0001s | Calls: 13
   Min: 0.0001s | Max: 0.0002s
⏱️  sample_saving:
   Total: 0.055s | Avg: 0.0055s | Calls: 10
   Min: 0.0028s | Max: 0.0184s
⏱️  data_transfer:
   Total: 0.001s | Avg: 0.0001s | Calls: 13
   Min: 0.0000s | Max: 0.0001s
⏱️  model_inference:
   Total: 0.262s | Avg: 0.0201s | Calls: 13
   Min: 0.0169s | Max: 0.0271s
⏱️  feature_processing:
   Total: 15.611s | Avg: 1.2008s | Calls: 13
   Min: 0.2470s | Max: 1.2995s
⏱️  feature_accumulation:
   Total: 0.000s | Avg: 0.0000s | Calls: 13
   Min: 0.0000s | Max: 0.0000s
⏱️  batch_processing:
   Total: 16.527s | Avg: 1.2713s | Calls: 13
   Min: 0.3886s | Max: 1.7712s
⏱️  feature_combining:
   Total: 0.008s | Avg: 0.0038s | Calls: 2
   Min: 0.0021s | Max: 0.0056s
⏱️  hdf5_writing:
   Total: 0.373s | Avg: 0.1865s | Calls: 2
   Min: 0.0227s | Max: 0.3504s
⏱️  memory_cleanup:
   Total: 0.218s | Avg: 0.1092s | Calls: 2
   Min: 0.1011s | Max: 0.1172s
⏱️  total_computation:
   Total: 211.678s | Avg: 211.6776s | Calls: 1
⏱️  slide_processing:
   Total: 211.678s | Avg: 211.6777s | Calls: 1

🚨 BOTTLENECK ANALYSIS (Total Runtime: 459.778s):
   🔥 slide_processing: 211.678s (46.0%)
   🔥 total_computation: 211.678s (46.0%)

📊 OPERATION COUNTS:
   hdf5_write_operations: 2
   patches_processed: 6,246
   GPU Memory - Max: 4226.2MB | Avg: 3615.8MB

💡 OPTIMIZATION RECOMMENDATIONS:
================================================================================
📊 Features shape: (6246, 1536), Coords shape: (6246, 2)
💾 Saved features to /nemo/project/proj-tracerx-lung/tctProjects/kilimo/TracerX_WSIs/10X/uni_v2/pt_files/LTX0548_A5_SU.pt

🔄 Processing slide 94/121: LTX0569_A2_SU
downsample [1. 1.]
downsampled_level_dim [161280  92928]
level_dim [161280  92928]
name LTX0569_A2_SU
patch_level 0
patch_size 1161
save_path /nemo/project/proj-tracerx-lung/tctProjects/kilimo/TracerX_WSIs/10X/patches/patches

feature extraction settings
transformations:  Compose(
    Resize(size=224, interpolation=bilinear, max_size=None, antialias=True)
    CenterCrop(size=(224, 224))
    MaybeToTensor()
    Normalize(mean=tensor([0.4850, 0.4560, 0.4060]), std=tensor([0.2290, 0.2240, 0.2250]))
)
📦 Dataset size: 5686 patches, 12 batches
🔍 Processing a total of 12 batches with profiling enabled
Saving random samples to /nemo/project/proj-tracerx-lung/tctProjects/kilimo/TracerX_WSIs/10X/uni_v2/samples/LTX0569_A2_SU
Saved 9/10 random sample images for slide LTX0569_A2_SU
✅ Features extracted in 148.9s

================================================================================
🔍 PERFORMANCE PROFILING SUMMARY - LTX0569_A2_SU
================================================================================
⏱️  wsi_loading:
   Total: 0.847s | Avg: 0.8472s | Calls: 1
⏱️  dataset_creation:
   Total: 0.106s | Avg: 0.1064s | Calls: 1
⏱️  data_loading:
   Total: 0.002s | Avg: 0.0001s | Calls: 12
   Min: 0.0001s | Max: 0.0003s
⏱️  sample_saving:
   Total: 0.094s | Avg: 0.0104s | Calls: 9
   Min: 0.0027s | Max: 0.0363s
⏱️  data_transfer:
   Total: 0.001s | Avg: 0.0001s | Calls: 12
   Min: 0.0000s | Max: 0.0002s
⏱️  model_inference:
   Total: 0.235s | Avg: 0.0195s | Calls: 12
   Min: 0.0156s | Max: 0.0302s
⏱️  feature_processing:
   Total: 14.216s | Avg: 1.1847s | Calls: 12
   Min: 0.1275s | Max: 1.2988s
⏱️  feature_accumulation:
   Total: 0.000s | Avg: 0.0000s | Calls: 12
   Min: 0.0000s | Max: 0.0000s
⏱️  batch_processing:
   Total: 15.584s | Avg: 1.2987s | Calls: 12
   Min: 0.6035s | Max: 1.8898s
⏱️  feature_combining:
   Total: 0.008s | Avg: 0.0039s | Calls: 2
   Min: 0.0004s | Max: 0.0073s
⏱️  hdf5_writing:
   Total: 0.713s | Avg: 0.3564s | Calls: 2
   Min: 0.3540s | Max: 0.3587s
⏱️  memory_cleanup:
   Total: 0.213s | Avg: 0.1067s | Calls: 2
   Min: 0.0947s | Max: 0.1188s
⏱️  total_computation:
   Total: 147.913s | Avg: 147.9133s | Calls: 1
⏱️  slide_processing:
   Total: 147.913s | Avg: 147.9134s | Calls: 1

🚨 BOTTLENECK ANALYSIS (Total Runtime: 327.846s):
   🔥 slide_processing: 147.913s (45.1%)
   🔥 total_computation: 147.913s (45.1%)

📊 OPERATION COUNTS:
   hdf5_write_operations: 2
   patches_processed: 5,686
   GPU Memory - Max: 4226.2MB | Avg: 3606.7MB

💡 OPTIMIZATION RECOMMENDATIONS:
================================================================================
📊 Features shape: (5686, 1536), Coords shape: (5686, 2)
💾 Saved features to /nemo/project/proj-tracerx-lung/tctProjects/kilimo/TracerX_WSIs/10X/uni_v2/pt_files/LTX0569_A2_SU.pt

🔄 Processing slide 95/121: LTX0578_A2_SU
downsample [1. 1.]
downsampled_level_dim [119040  73216]
level_dim [119040  73216]
name LTX0578_A2_SU
patch_level 0
patch_size 1161
save_path /nemo/project/proj-tracerx-lung/tctProjects/kilimo/TracerX_WSIs/10X/patches/patches

feature extraction settings
transformations:  Compose(
    Resize(size=224, interpolation=bilinear, max_size=None, antialias=True)
    CenterCrop(size=(224, 224))
    MaybeToTensor()
    Normalize(mean=tensor([0.4850, 0.4560, 0.4060]), std=tensor([0.2290, 0.2240, 0.2250]))
)
📦 Dataset size: 1617 patches, 4 batches
🔍 Processing a total of 4 batches with profiling enabled
Saving random samples to /nemo/project/proj-tracerx-lung/tctProjects/kilimo/TracerX_WSIs/10X/uni_v2/samples/LTX0578_A2_SU
Saved 4/10 random sample images for slide LTX0578_A2_SU
✅ Features extracted in 42.2s

================================================================================
🔍 PERFORMANCE PROFILING SUMMARY - LTX0578_A2_SU
================================================================================
⏱️  wsi_loading:
   Total: 0.828s | Avg: 0.8279s | Calls: 1
⏱️  dataset_creation:
   Total: 0.089s | Avg: 0.0886s | Calls: 1
⏱️  data_loading:
   Total: 0.001s | Avg: 0.0001s | Calls: 4
   Min: 0.0001s | Max: 0.0003s
⏱️  sample_saving:
   Total: 0.014s | Avg: 0.0035s | Calls: 4
   Min: 0.0028s | Max: 0.0047s
⏱️  data_transfer:
   Total: 0.000s | Avg: 0.0001s | Calls: 4
   Min: 0.0000s | Max: 0.0002s
⏱️  model_inference:
   Total: 0.081s | Avg: 0.0204s | Calls: 4
   Min: 0.0171s | Max: 0.0293s
⏱️  feature_processing:
   Total: 4.042s | Avg: 1.0104s | Calls: 4
   Min: 0.1939s | Max: 1.2996s
⏱️  feature_accumulation:
   Total: 0.000s | Avg: 0.0000s | Calls: 4
   Min: 0.0000s | Max: 0.0000s
⏱️  batch_processing:
   Total: 4.684s | Avg: 1.1709s | Calls: 4
   Min: 0.7592s | Max: 1.3210s
⏱️  feature_combining:
   Total: 0.004s | Avg: 0.0044s | Calls: 1
⏱️  hdf5_writing:
   Total: 0.428s | Avg: 0.4284s | Calls: 1
⏱️  memory_cleanup:
   Total: 0.116s | Avg: 0.1158s | Calls: 1
⏱️  total_computation:
   Total: 41.242s | Avg: 41.2424s | Calls: 1
⏱️  slide_processing:
   Total: 41.242s | Avg: 41.2425s | Calls: 1

🚨 BOTTLENECK ANALYSIS (Total Runtime: 92.771s):
   🔥 slide_processing: 41.242s (44.5%)
   🔥 total_computation: 41.242s (44.5%)
   🔥 batch_processing: 4.684s (5.0%)

📊 OPERATION COUNTS:
   hdf5_write_operations: 1
   patches_processed: 1,617
   GPU Memory - Max: 3978.5MB | Avg: 3305.2MB

💡 OPTIMIZATION RECOMMENDATIONS:
================================================================================
📊 Features shape: (1617, 1536), Coords shape: (1617, 2)
💾 Saved features to /nemo/project/proj-tracerx-lung/tctProjects/kilimo/TracerX_WSIs/10X/uni_v2/pt_files/LTX0578_A2_SU.pt

🔄 Processing slide 96/121: LTX0579_A2_SU
downsample [1. 1.]
downsampled_level_dim [126720 107008]
level_dim [126720 107008]
name LTX0579_A2_SU
patch_level 0
patch_size 1161
save_path /nemo/project/proj-tracerx-lung/tctProjects/kilimo/TracerX_WSIs/10X/patches/patches

feature extraction settings
transformations:  Compose(
    Resize(size=224, interpolation=bilinear, max_size=None, antialias=True)
    CenterCrop(size=(224, 224))
    MaybeToTensor()
    Normalize(mean=tensor([0.4850, 0.4560, 0.4060]), std=tensor([0.2290, 0.2240, 0.2250]))
)
📦 Dataset size: 6563 patches, 13 batches
🔍 Processing a total of 13 batches with profiling enabled
Saving random samples to /nemo/project/proj-tracerx-lung/tctProjects/kilimo/TracerX_WSIs/10X/uni_v2/samples/LTX0579_A2_SU
Saved 10/10 random sample images for slide LTX0579_A2_SU
✅ Features extracted in 147.8s

================================================================================
🔍 PERFORMANCE PROFILING SUMMARY - LTX0579_A2_SU
================================================================================
⏱️  wsi_loading:
   Total: 1.420s | Avg: 1.4196s | Calls: 1
⏱️  dataset_creation:
   Total: 0.084s | Avg: 0.0840s | Calls: 1
⏱️  data_loading:
   Total: 0.002s | Avg: 0.0002s | Calls: 13
   Min: 0.0001s | Max: 0.0004s
⏱️  sample_saving:
   Total: 0.083s | Avg: 0.0083s | Calls: 10
   Min: 0.0027s | Max: 0.0447s
⏱️  data_transfer:
   Total: 0.001s | Avg: 0.0001s | Calls: 13
   Min: 0.0000s | Max: 0.0002s
⏱️  model_inference:
   Total: 0.281s | Avg: 0.0216s | Calls: 13
   Min: 0.0169s | Max: 0.0304s
⏱️  feature_processing:
   Total: 16.382s | Avg: 1.2602s | Calls: 13
   Min: 1.0433s | Max: 1.2917s
⏱️  feature_accumulation:
   Total: 0.000s | Avg: 0.0000s | Calls: 13
   Min: 0.0000s | Max: 0.0000s
⏱️  batch_processing:
   Total: 18.064s | Avg: 1.3895s | Calls: 13
   Min: 1.2931s | Max: 2.1844s
⏱️  feature_combining:
   Total: 0.008s | Avg: 0.0039s | Calls: 2
   Min: 0.0011s | Max: 0.0067s
⏱️  hdf5_writing:
   Total: 1.051s | Avg: 0.5254s | Calls: 2
   Min: 0.3448s | Max: 0.7060s
⏱️  memory_cleanup:
   Total: 0.210s | Avg: 0.1052s | Calls: 2
   Min: 0.0962s | Max: 0.1142s
⏱️  total_computation:
   Total: 146.335s | Avg: 146.3354s | Calls: 1
⏱️  slide_processing:
   Total: 146.336s | Avg: 146.3355s | Calls: 1

🚨 BOTTLENECK ANALYSIS (Total Runtime: 330.256s):
   🔥 slide_processing: 146.336s (44.3%)
   🔥 total_computation: 146.335s (44.3%)
   🔥 batch_processing: 18.064s (5.5%)

📊 OPERATION COUNTS:
   hdf5_write_operations: 2
   patches_processed: 6,563
   GPU Memory - Max: 4226.2MB | Avg: 3676.9MB

💡 OPTIMIZATION RECOMMENDATIONS:
================================================================================
📊 Features shape: (6563, 1536), Coords shape: (6563, 2)
💾 Saved features to /nemo/project/proj-tracerx-lung/tctProjects/kilimo/TracerX_WSIs/10X/uni_v2/pt_files/LTX0579_A2_SU.pt

🔄 Processing slide 97/121: LTX0599_A5_SU
downsample [1. 1.]
downsampled_level_dim [92160 92928]
level_dim [92160 92928]
name LTX0599_A5_SU
patch_level 0
patch_size 1161
save_path /nemo/project/proj-tracerx-lung/tctProjects/kilimo/TracerX_WSIs/10X/patches/patches

feature extraction settings
transformations:  Compose(
    Resize(size=224, interpolation=bilinear, max_size=None, antialias=True)
    CenterCrop(size=(224, 224))
    MaybeToTensor()
    Normalize(mean=tensor([0.4850, 0.4560, 0.4060]), std=tensor([0.2290, 0.2240, 0.2250]))
)
📦 Dataset size: 2543 patches, 5 batches
🔍 Processing a total of 5 batches with profiling enabled
Saving random samples to /nemo/project/proj-tracerx-lung/tctProjects/kilimo/TracerX_WSIs/10X/uni_v2/samples/LTX0599_A5_SU
Saved 5/10 random sample images for slide LTX0599_A5_SU
✅ Features extracted in 71.4s

================================================================================
🔍 PERFORMANCE PROFILING SUMMARY - LTX0599_A5_SU
================================================================================
⏱️  wsi_loading:
   Total: 1.163s | Avg: 1.1634s | Calls: 1
⏱️  dataset_creation:
   Total: 0.113s | Avg: 0.1135s | Calls: 1
⏱️  data_loading:
   Total: 0.001s | Avg: 0.0002s | Calls: 5
   Min: 0.0001s | Max: 0.0003s
⏱️  sample_saving:
   Total: 0.209s | Avg: 0.0417s | Calls: 5
   Min: 0.0029s | Max: 0.1795s
⏱️  data_transfer:
   Total: 0.000s | Avg: 0.0001s | Calls: 5
   Min: 0.0001s | Max: 0.0002s
⏱️  model_inference:
   Total: 0.097s | Avg: 0.0194s | Calls: 5
   Min: 0.0174s | Max: 0.0240s
⏱️  feature_processing:
   Total: 6.369s | Avg: 1.2739s | Calls: 5
   Min: 1.2506s | Max: 1.2862s
⏱️  feature_accumulation:
   Total: 0.000s | Avg: 0.0000s | Calls: 5
   Min: 0.0000s | Max: 0.0000s
⏱️  batch_processing:
   Total: 7.226s | Avg: 1.4452s | Calls: 5
   Min: 1.2982s | Max: 1.8218s
⏱️  feature_combining:
   Total: 0.003s | Avg: 0.0031s | Calls: 1
⏱️  hdf5_writing:
   Total: 0.428s | Avg: 0.4278s | Calls: 1
⏱️  memory_cleanup:
   Total: 0.116s | Avg: 0.1159s | Calls: 1
⏱️  total_computation:
   Total: 70.111s | Avg: 70.1115s | Calls: 1
⏱️  slide_processing:
   Total: 70.112s | Avg: 70.1116s | Calls: 1

🚨 BOTTLENECK ANALYSIS (Total Runtime: 155.949s):
   🔥 slide_processing: 70.112s (45.0%)
   🔥 total_computation: 70.111s (45.0%)

📊 OPERATION COUNTS:
   hdf5_write_operations: 1
   patches_processed: 2,543
   GPU Memory - Max: 4218.6MB | Avg: 3425.3MB

💡 OPTIMIZATION RECOMMENDATIONS:
================================================================================
📊 Features shape: (2543, 1536), Coords shape: (2543, 2)
💾 Saved features to /nemo/project/proj-tracerx-lung/tctProjects/kilimo/TracerX_WSIs/10X/uni_v2/pt_files/LTX0599_A5_SU.pt

🔄 Processing slide 98/121: LTX0600_A4_SU
downsample [1. 1.]
downsampled_level_dim [168960 104192]
level_dim [168960 104192]
name LTX0600_A4_SU
patch_level 0
patch_size 1161
save_path /nemo/project/proj-tracerx-lung/tctProjects/kilimo/TracerX_WSIs/10X/patches/patches

feature extraction settings
transformations:  Compose(
    Resize(size=224, interpolation=bilinear, max_size=None, antialias=True)
    CenterCrop(size=(224, 224))
    MaybeToTensor()
    Normalize(mean=tensor([0.4850, 0.4560, 0.4060]), std=tensor([0.2290, 0.2240, 0.2250]))
)
📦 Dataset size: 7516 patches, 15 batches
🔍 Processing a total of 15 batches with profiling enabled
Saving random samples to /nemo/project/proj-tracerx-lung/tctProjects/kilimo/TracerX_WSIs/10X/uni_v2/samples/LTX0600_A4_SU
Saved 10/10 random sample images for slide LTX0600_A4_SU
✅ Features extracted in 182.7s

================================================================================
🔍 PERFORMANCE PROFILING SUMMARY - LTX0600_A4_SU
================================================================================
⏱️  wsi_loading:
   Total: 1.071s | Avg: 1.0705s | Calls: 1
⏱️  dataset_creation:
   Total: 0.102s | Avg: 0.1023s | Calls: 1
⏱️  data_loading:
   Total: 0.002s | Avg: 0.0002s | Calls: 15
   Min: 0.0001s | Max: 0.0003s
⏱️  sample_saving:
   Total: 0.132s | Avg: 0.0132s | Calls: 10
   Min: 0.0025s | Max: 0.0933s
⏱️  data_transfer:
   Total: 0.001s | Avg: 0.0001s | Calls: 15
   Min: 0.0000s | Max: 0.0002s
⏱️  model_inference:
   Total: 0.330s | Avg: 0.0220s | Calls: 15
   Min: 0.0167s | Max: 0.0302s
⏱️  feature_processing:
   Total: 18.818s | Avg: 1.2545s | Calls: 15
   Min: 0.8657s | Max: 1.2971s
⏱️  feature_accumulation:
   Total: 0.000s | Avg: 0.0000s | Calls: 15
   Min: 0.0000s | Max: 0.0000s
⏱️  batch_processing:
   Total: 19.881s | Avg: 1.3254s | Calls: 15
   Min: 1.1206s | Max: 1.6697s
⏱️  feature_combining:
   Total: 0.010s | Avg: 0.0049s | Calls: 2
   Min: 0.0029s | Max: 0.0069s
⏱️  hdf5_writing:
   Total: 0.351s | Avg: 0.1757s | Calls: 2
   Min: 0.1232s | Max: 0.2282s
⏱️  memory_cleanup:
   Total: 0.232s | Avg: 0.1159s | Calls: 2
   Min: 0.1095s | Max: 0.1224s
⏱️  total_computation:
   Total: 181.499s | Avg: 181.4988s | Calls: 1
⏱️  slide_processing:
   Total: 181.499s | Avg: 181.4989s | Calls: 1

🚨 BOTTLENECK ANALYSIS (Total Runtime: 403.927s):
   🔥 slide_processing: 181.499s (44.9%)
   🔥 total_computation: 181.499s (44.9%)

📊 OPERATION COUNTS:
   hdf5_write_operations: 2
   patches_processed: 7,516
   GPU Memory - Max: 4226.2MB | Avg: 3662.9MB

💡 OPTIMIZATION RECOMMENDATIONS:
================================================================================
📊 Features shape: (7516, 1536), Coords shape: (7516, 2)
💾 Saved features to /nemo/project/proj-tracerx-lung/tctProjects/kilimo/TracerX_WSIs/10X/uni_v2/pt_files/LTX0600_A4_SU.pt

🔄 Processing slide 99/121: LTX0603_A5_SU
downsample [1. 1.]
downsampled_level_dim [126720  98560]
level_dim [126720  98560]
name LTX0603_A5_SU
patch_level 0
patch_size 1161
save_path /nemo/project/proj-tracerx-lung/tctProjects/kilimo/TracerX_WSIs/10X/patches/patches

feature extraction settings
transformations:  Compose(
    Resize(size=224, interpolation=bilinear, max_size=None, antialias=True)
    CenterCrop(size=(224, 224))
    MaybeToTensor()
    Normalize(mean=tensor([0.4850, 0.4560, 0.4060]), std=tensor([0.2290, 0.2240, 0.2250]))
)
📦 Dataset size: 5141 patches, 11 batches
🔍 Processing a total of 11 batches with profiling enabled
Saving random samples to /nemo/project/proj-tracerx-lung/tctProjects/kilimo/TracerX_WSIs/10X/uni_v2/samples/LTX0603_A5_SU
Saved 10/10 random sample images for slide LTX0603_A5_SU
✅ Features extracted in 110.2s

================================================================================
🔍 PERFORMANCE PROFILING SUMMARY - LTX0603_A5_SU
================================================================================
⏱️  wsi_loading:
   Total: 0.697s | Avg: 0.6974s | Calls: 1
⏱️  dataset_creation:
   Total: 0.128s | Avg: 0.1283s | Calls: 1
⏱️  data_loading:
   Total: 0.002s | Avg: 0.0002s | Calls: 11
   Min: 0.0001s | Max: 0.0004s
⏱️  sample_saving:
   Total: 0.069s | Avg: 0.0069s | Calls: 10
   Min: 0.0032s | Max: 0.0253s
⏱️  data_transfer:
   Total: 0.001s | Avg: 0.0001s | Calls: 11
   Min: 0.0001s | Max: 0.0002s
⏱️  model_inference:
   Total: 0.263s | Avg: 0.0239s | Calls: 11
   Min: 0.0159s | Max: 0.0301s
⏱️  feature_processing:
   Total: 12.853s | Avg: 1.1685s | Calls: 11
   Min: 0.0447s | Max: 1.2982s
⏱️  feature_accumulation:
   Total: 0.000s | Avg: 0.0000s | Calls: 11
   Min: 0.0000s | Max: 0.0000s
⏱️  batch_processing:
   Total: 13.827s | Avg: 1.2570s | Calls: 11
   Min: 0.1500s | Max: 1.8655s
⏱️  feature_combining:
   Total: 0.008s | Avg: 0.0038s | Calls: 2
   Min: 0.0000s | Max: 0.0075s
⏱️  hdf5_writing:
   Total: 0.429s | Avg: 0.2144s | Calls: 2
   Min: 0.0020s | Max: 0.4269s
⏱️  memory_cleanup:
   Total: 0.201s | Avg: 0.1004s | Calls: 2
   Min: 0.0864s | Max: 0.1144s
⏱️  total_computation:
   Total: 109.338s | Avg: 109.3384s | Calls: 1
⏱️  slide_processing:
   Total: 109.339s | Avg: 109.3385s | Calls: 1

🚨 BOTTLENECK ANALYSIS (Total Runtime: 247.156s):
   🔥 slide_processing: 109.339s (44.2%)
   🔥 total_computation: 109.338s (44.2%)
   🔥 batch_processing: 13.827s (5.6%)
   🔥 feature_processing: 12.853s (5.2%)

📊 OPERATION COUNTS:
   hdf5_write_operations: 2
   patches_processed: 5,141
   GPU Memory - Max: 4226.2MB | Avg: 3600.6MB

💡 OPTIMIZATION RECOMMENDATIONS:
================================================================================
📊 Features shape: (5141, 1536), Coords shape: (5141, 2)
💾 Saved features to /nemo/project/proj-tracerx-lung/tctProjects/kilimo/TracerX_WSIs/10X/uni_v2/pt_files/LTX0603_A5_SU.pt

🔄 Processing slide 100/121: LTX0624_A2_SU
downsample [1. 1.]
downsampled_level_dim [145920 109824]
level_dim [145920 109824]
name LTX0624_A2_SU
patch_level 0
patch_size 1161
save_path /nemo/project/proj-tracerx-lung/tctProjects/kilimo/TracerX_WSIs/10X/patches/patches

feature extraction settings
transformations:  Compose(
    Resize(size=224, interpolation=bilinear, max_size=None, antialias=True)
    CenterCrop(size=(224, 224))
    MaybeToTensor()
    Normalize(mean=tensor([0.4850, 0.4560, 0.4060]), std=tensor([0.2290, 0.2240, 0.2250]))
)
📦 Dataset size: 6024 patches, 12 batches
🔍 Processing a total of 12 batches with profiling enabled
Saving random samples to /nemo/project/proj-tracerx-lung/tctProjects/kilimo/TracerX_WSIs/10X/uni_v2/samples/LTX0624_A2_SU
Saved 10/10 random sample images for slide LTX0624_A2_SU
✅ Features extracted in 142.3s

================================================================================
🔍 PERFORMANCE PROFILING SUMMARY - LTX0624_A2_SU
================================================================================
⏱️  wsi_loading:
   Total: 0.687s | Avg: 0.6872s | Calls: 1
⏱️  dataset_creation:
   Total: 0.087s | Avg: 0.0868s | Calls: 1
⏱️  data_loading:
   Total: 0.002s | Avg: 0.0001s | Calls: 12
   Min: 0.0001s | Max: 0.0004s
⏱️  sample_saving:
   Total: 0.046s | Avg: 0.0046s | Calls: 10
   Min: 0.0027s | Max: 0.0129s
⏱️  data_transfer:
   Total: 0.001s | Avg: 0.0001s | Calls: 12
   Min: 0.0000s | Max: 0.0001s
⏱️  model_inference:
   Total: 0.230s | Avg: 0.0192s | Calls: 12
   Min: 0.0172s | Max: 0.0271s
⏱️  feature_processing:
   Total: 15.091s | Avg: 1.2576s | Calls: 12
   Min: 0.9757s | Max: 1.2977s
⏱️  feature_accumulation:
   Total: 0.000s | Avg: 0.0000s | Calls: 12
   Min: 0.0000s | Max: 0.0000s
⏱️  batch_processing:
   Total: 16.036s | Avg: 1.3363s | Calls: 12
   Min: 1.1114s | Max: 1.8631s
⏱️  feature_combining:
   Total: 0.011s | Avg: 0.0057s | Calls: 2
   Min: 0.0014s | Max: 0.0100s
⏱️  hdf5_writing:
   Total: 0.448s | Avg: 0.2242s | Calls: 2
   Min: 0.0176s | Max: 0.4308s
⏱️  memory_cleanup:
   Total: 0.208s | Avg: 0.1042s | Calls: 2
   Min: 0.0967s | Max: 0.1117s
⏱️  total_computation:
   Total: 141.564s | Avg: 141.5639s | Calls: 1
⏱️  slide_processing:
   Total: 141.564s | Avg: 141.5640s | Calls: 1

🚨 BOTTLENECK ANALYSIS (Total Runtime: 315.975s):
   🔥 slide_processing: 141.564s (44.8%)
   🔥 total_computation: 141.564s (44.8%)
   🔥 batch_processing: 16.036s (5.1%)

📊 OPERATION COUNTS:
   hdf5_write_operations: 2
   patches_processed: 6,024
   GPU Memory - Max: 4226.2MB | Avg: 3671.3MB

💡 OPTIMIZATION RECOMMENDATIONS:
================================================================================
📊 Features shape: (6024, 1536), Coords shape: (6024, 2)
💾 Saved features to /nemo/project/proj-tracerx-lung/tctProjects/kilimo/TracerX_WSIs/10X/uni_v2/pt_files/LTX0624_A2_SU.pt

🔄 Processing slide 101/121: LTX0625_A3_SU
downsample [1. 1.]
downsampled_level_dim [122880 112640]
level_dim [122880 112640]
name LTX0625_A3_SU
patch_level 0
patch_size 1161
save_path /nemo/project/proj-tracerx-lung/tctProjects/kilimo/TracerX_WSIs/10X/patches/patches

feature extraction settings
transformations:  Compose(
    Resize(size=224, interpolation=bilinear, max_size=None, antialias=True)
    CenterCrop(size=(224, 224))
    MaybeToTensor()
    Normalize(mean=tensor([0.4850, 0.4560, 0.4060]), std=tensor([0.2290, 0.2240, 0.2250]))
)
📦 Dataset size: 4778 patches, 10 batches
🔍 Processing a total of 10 batches with profiling enabled
Saving random samples to /nemo/project/proj-tracerx-lung/tctProjects/kilimo/TracerX_WSIs/10X/uni_v2/samples/LTX0625_A3_SU
Saved 10/10 random sample images for slide LTX0625_A3_SU
✅ Features extracted in 107.6s

================================================================================
🔍 PERFORMANCE PROFILING SUMMARY - LTX0625_A3_SU
================================================================================
⏱️  wsi_loading:
   Total: 1.153s | Avg: 1.1526s | Calls: 1
⏱️  dataset_creation:
   Total: 0.084s | Avg: 0.0837s | Calls: 1
⏱️  data_loading:
   Total: 0.001s | Avg: 0.0001s | Calls: 10
   Min: 0.0001s | Max: 0.0003s
⏱️  sample_saving:
   Total: 0.074s | Avg: 0.0074s | Calls: 10
   Min: 0.0026s | Max: 0.0410s
⏱️  data_transfer:
   Total: 0.001s | Avg: 0.0001s | Calls: 10
   Min: 0.0000s | Max: 0.0002s
⏱️  model_inference:
   Total: 0.230s | Avg: 0.0230s | Calls: 10
   Min: 0.0169s | Max: 0.0314s
⏱️  feature_processing:
   Total: 11.895s | Avg: 1.1895s | Calls: 10
   Min: 0.4170s | Max: 1.2927s
⏱️  feature_accumulation:
   Total: 0.000s | Avg: 0.0000s | Calls: 10
   Min: 0.0000s | Max: 0.0000s
⏱️  batch_processing:
   Total: 12.528s | Avg: 1.2528s | Calls: 10
   Min: 0.7604s | Max: 1.3576s
⏱️  feature_combining:
   Total: 0.007s | Avg: 0.0073s | Calls: 1
⏱️  hdf5_writing:
   Total: 0.206s | Avg: 0.2063s | Calls: 1
⏱️  memory_cleanup:
   Total: 0.112s | Avg: 0.1121s | Calls: 1
⏱️  total_computation:
   Total: 106.338s | Avg: 106.3378s | Calls: 1
⏱️  slide_processing:
   Total: 106.338s | Avg: 106.3379s | Calls: 1

🚨 BOTTLENECK ANALYSIS (Total Runtime: 238.967s):
   🔥 slide_processing: 106.338s (44.5%)
   🔥 total_computation: 106.338s (44.5%)
   🔥 batch_processing: 12.528s (5.2%)

📊 OPERATION COUNTS:
   hdf5_write_operations: 1
   patches_processed: 4,778
   GPU Memory - Max: 4029.2MB | Avg: 3330.6MB

💡 OPTIMIZATION RECOMMENDATIONS:
================================================================================
📊 Features shape: (4778, 1536), Coords shape: (4778, 2)
💾 Saved features to /nemo/project/proj-tracerx-lung/tctProjects/kilimo/TracerX_WSIs/10X/uni_v2/pt_files/LTX0625_A3_SU.pt

🔄 Processing slide 102/121: LTX0638_9__SU
downsample [1. 1.]
downsampled_level_dim [111360 104192]
level_dim [111360 104192]
name LTX0638_9__SU
patch_level 0
patch_size 1161
save_path /nemo/project/proj-tracerx-lung/tctProjects/kilimo/TracerX_WSIs/10X/patches/patches

feature extraction settings
transformations:  Compose(
    Resize(size=224, interpolation=bilinear, max_size=None, antialias=True)
    CenterCrop(size=(224, 224))
    MaybeToTensor()
    Normalize(mean=tensor([0.4850, 0.4560, 0.4060]), std=tensor([0.2290, 0.2240, 0.2250]))
)
📦 Dataset size: 4274 patches, 9 batches
🔍 Processing a total of 9 batches with profiling enabled
Saving random samples to /nemo/project/proj-tracerx-lung/tctProjects/kilimo/TracerX_WSIs/10X/uni_v2/samples/LTX0638_9__SU
Saved 9/10 random sample images for slide LTX0638_9__SU
✅ Features extracted in 107.9s

================================================================================
🔍 PERFORMANCE PROFILING SUMMARY - LTX0638_9__SU
================================================================================
⏱️  wsi_loading:
   Total: 0.682s | Avg: 0.6818s | Calls: 1
⏱️  dataset_creation:
   Total: 0.085s | Avg: 0.0850s | Calls: 1
⏱️  data_loading:
   Total: 0.002s | Avg: 0.0002s | Calls: 9
   Min: 0.0001s | Max: 0.0003s
⏱️  sample_saving:
   Total: 0.051s | Avg: 0.0056s | Calls: 9
   Min: 0.0028s | Max: 0.0165s
⏱️  data_transfer:
   Total: 0.001s | Avg: 0.0001s | Calls: 9
   Min: 0.0000s | Max: 0.0001s
⏱️  model_inference:
   Total: 0.195s | Avg: 0.0216s | Calls: 9
   Min: 0.0166s | Max: 0.0299s
⏱️  feature_processing:
   Total: 10.665s | Avg: 1.1850s | Calls: 9
   Min: 0.4375s | Max: 1.2885s
⏱️  feature_accumulation:
   Total: 0.000s | Avg: 0.0000s | Calls: 9
   Min: 0.0000s | Max: 0.0000s
⏱️  batch_processing:
   Total: 11.072s | Avg: 1.2302s | Calls: 9
   Min: 0.6140s | Max: 1.3254s
⏱️  feature_combining:
   Total: 0.007s | Avg: 0.0067s | Calls: 1
⏱️  hdf5_writing:
   Total: 0.042s | Avg: 0.0415s | Calls: 1
⏱️  memory_cleanup:
   Total: 0.110s | Avg: 0.1097s | Calls: 1
⏱️  total_computation:
   Total: 107.125s | Avg: 107.1255s | Calls: 1
⏱️  slide_processing:
   Total: 107.126s | Avg: 107.1256s | Calls: 1

🚨 BOTTLENECK ANALYSIS (Total Runtime: 237.160s):
   🔥 slide_processing: 107.126s (45.2%)
   🔥 total_computation: 107.125s (45.2%)

📊 OPERATION COUNTS:
   hdf5_write_operations: 1
   patches_processed: 4,274
   GPU Memory - Max: 4036.9MB | Avg: 3334.4MB

💡 OPTIMIZATION RECOMMENDATIONS:
================================================================================
📊 Features shape: (4274, 1536), Coords shape: (4274, 2)
💾 Saved features to /nemo/project/proj-tracerx-lung/tctProjects/kilimo/TracerX_WSIs/10X/uni_v2/pt_files/LTX0638_9__SU.pt

🔄 Processing slide 103/121: LTX0653_C1_SU
downsample [1. 1.]
downsampled_level_dim [157440  84480]
level_dim [157440  84480]
name LTX0653_C1_SU
patch_level 0
patch_size 1161
save_path /nemo/project/proj-tracerx-lung/tctProjects/kilimo/TracerX_WSIs/10X/patches/patches

feature extraction settings
transformations:  Compose(
    Resize(size=224, interpolation=bilinear, max_size=None, antialias=True)
    CenterCrop(size=(224, 224))
    MaybeToTensor()
    Normalize(mean=tensor([0.4850, 0.4560, 0.4060]), std=tensor([0.2290, 0.2240, 0.2250]))
)
📦 Dataset size: 2628 patches, 6 batches
🔍 Processing a total of 6 batches with profiling enabled
Saving random samples to /nemo/project/proj-tracerx-lung/tctProjects/kilimo/TracerX_WSIs/10X/uni_v2/samples/LTX0653_C1_SU
Saved 6/10 random sample images for slide LTX0653_C1_SU
✅ Features extracted in 73.5s

================================================================================
🔍 PERFORMANCE PROFILING SUMMARY - LTX0653_C1_SU
================================================================================
⏱️  wsi_loading:
   Total: 1.042s | Avg: 1.0422s | Calls: 1
⏱️  dataset_creation:
   Total: 0.075s | Avg: 0.0750s | Calls: 1
⏱️  data_loading:
   Total: 0.001s | Avg: 0.0001s | Calls: 6
   Min: 0.0001s | Max: 0.0003s
⏱️  sample_saving:
   Total: 0.030s | Avg: 0.0050s | Calls: 6
   Min: 0.0027s | Max: 0.0160s
⏱️  data_transfer:
   Total: 0.000s | Avg: 0.0001s | Calls: 6
   Min: 0.0000s | Max: 0.0002s
⏱️  model_inference:
   Total: 0.118s | Avg: 0.0196s | Calls: 6
   Min: 0.0164s | Max: 0.0303s
⏱️  feature_processing:
   Total: 6.573s | Avg: 1.0955s | Calls: 6
   Min: 0.1630s | Max: 1.2938s
⏱️  feature_accumulation:
   Total: 0.000s | Avg: 0.0000s | Calls: 6
   Min: 0.0000s | Max: 0.0000s
⏱️  batch_processing:
   Total: 7.163s | Avg: 1.1938s | Calls: 6
   Min: 0.6207s | Max: 1.3250s
⏱️  feature_combining:
   Total: 0.003s | Avg: 0.0027s | Calls: 1
⏱️  hdf5_writing:
   Total: 0.324s | Avg: 0.3240s | Calls: 1
⏱️  memory_cleanup:
   Total: 0.109s | Avg: 0.1093s | Calls: 1
⏱️  total_computation:
   Total: 72.393s | Avg: 72.3933s | Calls: 1
⏱️  slide_processing:
   Total: 72.393s | Avg: 72.3933s | Calls: 1

🚨 BOTTLENECK ANALYSIS (Total Runtime: 160.225s):
   🔥 slide_processing: 72.393s (45.2%)
   🔥 total_computation: 72.393s (45.2%)

📊 OPERATION COUNTS:
   hdf5_write_operations: 1
   patches_processed: 2,628
   GPU Memory - Max: 3972.2MB | Avg: 3302.1MB

💡 OPTIMIZATION RECOMMENDATIONS:
================================================================================
📊 Features shape: (2628, 1536), Coords shape: (2628, 2)
💾 Saved features to /nemo/project/proj-tracerx-lung/tctProjects/kilimo/TracerX_WSIs/10X/uni_v2/pt_files/LTX0653_C1_SU.pt

🔄 Processing slide 104/121: LTX0654_A5_SU
downsample [1. 1.]
downsampled_level_dim [142080  90112]
level_dim [142080  90112]
name LTX0654_A5_SU
patch_level 0
patch_size 1161
save_path /nemo/project/proj-tracerx-lung/tctProjects/kilimo/TracerX_WSIs/10X/patches/patches

feature extraction settings
transformations:  Compose(
    Resize(size=224, interpolation=bilinear, max_size=None, antialias=True)
    CenterCrop(size=(224, 224))
    MaybeToTensor()
    Normalize(mean=tensor([0.4850, 0.4560, 0.4060]), std=tensor([0.2290, 0.2240, 0.2250]))
)
📦 Dataset size: 3111 patches, 7 batches
🔍 Processing a total of 7 batches with profiling enabled
Saving random samples to /nemo/project/proj-tracerx-lung/tctProjects/kilimo/TracerX_WSIs/10X/uni_v2/samples/LTX0654_A5_SU
Saved 7/10 random sample images for slide LTX0654_A5_SU
✅ Features extracted in 82.4s

================================================================================
🔍 PERFORMANCE PROFILING SUMMARY - LTX0654_A5_SU
================================================================================
⏱️  wsi_loading:
   Total: 0.991s | Avg: 0.9908s | Calls: 1
⏱️  dataset_creation:
   Total: 0.113s | Avg: 0.1126s | Calls: 1
⏱️  data_loading:
   Total: 0.001s | Avg: 0.0002s | Calls: 7
   Min: 0.0001s | Max: 0.0003s
⏱️  sample_saving:
   Total: 0.212s | Avg: 0.0302s | Calls: 7
   Min: 0.0030s | Max: 0.1696s
⏱️  data_transfer:
   Total: 0.001s | Avg: 0.0001s | Calls: 7
   Min: 0.0000s | Max: 0.0002s
⏱️  model_inference:
   Total: 0.133s | Avg: 0.0190s | Calls: 7
   Min: 0.0143s | Max: 0.0301s
⏱️  feature_processing:
   Total: 7.778s | Avg: 1.1111s | Calls: 7
   Min: 0.0914s | Max: 1.2890s
⏱️  feature_accumulation:
   Total: 0.000s | Avg: 0.0000s | Calls: 7
   Min: 0.0000s | Max: 0.0000s
⏱️  batch_processing:
   Total: 9.089s | Avg: 1.2984s | Calls: 7
   Min: 1.0738s | Max: 1.4642s
⏱️  feature_combining:
   Total: 0.005s | Avg: 0.0046s | Calls: 1
⏱️  hdf5_writing:
   Total: 0.600s | Avg: 0.6001s | Calls: 1
⏱️  memory_cleanup:
   Total: 0.113s | Avg: 0.1133s | Calls: 1
⏱️  total_computation:
   Total: 81.274s | Avg: 81.2738s | Calls: 1
⏱️  slide_processing:
   Total: 81.274s | Avg: 81.2739s | Calls: 1

🚨 BOTTLENECK ANALYSIS (Total Runtime: 181.581s):
   🔥 slide_processing: 81.274s (44.8%)
   🔥 total_computation: 81.274s (44.8%)
   🔥 batch_processing: 9.089s (5.0%)

📊 OPERATION COUNTS:
   hdf5_write_operations: 1
   patches_processed: 3,111
   GPU Memory - Max: 3955.6MB | Avg: 3293.8MB

💡 OPTIMIZATION RECOMMENDATIONS:
================================================================================
📊 Features shape: (3111, 1536), Coords shape: (3111, 2)
💾 Saved features to /nemo/project/proj-tracerx-lung/tctProjects/kilimo/TracerX_WSIs/10X/uni_v2/pt_files/LTX0654_A5_SU.pt

🔄 Processing slide 105/121: LTX0665_A2_SU
downsample [1. 1.]
downsampled_level_dim [157440  92928]
level_dim [157440  92928]
name LTX0665_A2_SU
patch_level 0
patch_size 1161
save_path /nemo/project/proj-tracerx-lung/tctProjects/kilimo/TracerX_WSIs/10X/patches/patches

feature extraction settings
transformations:  Compose(
    Resize(size=224, interpolation=bilinear, max_size=None, antialias=True)
    CenterCrop(size=(224, 224))
    MaybeToTensor()
    Normalize(mean=tensor([0.4850, 0.4560, 0.4060]), std=tensor([0.2290, 0.2240, 0.2250]))
)
📦 Dataset size: 4947 patches, 10 batches
🔍 Processing a total of 10 batches with profiling enabled
Saving random samples to /nemo/project/proj-tracerx-lung/tctProjects/kilimo/TracerX_WSIs/10X/uni_v2/samples/LTX0665_A2_SU
Saved 10/10 random sample images for slide LTX0665_A2_SU
✅ Features extracted in 140.9s

================================================================================
🔍 PERFORMANCE PROFILING SUMMARY - LTX0665_A2_SU
================================================================================
⏱️  wsi_loading:
   Total: 1.481s | Avg: 1.4807s | Calls: 1
⏱️  dataset_creation:
   Total: 0.148s | Avg: 0.1477s | Calls: 1
⏱️  data_loading:
   Total: 0.002s | Avg: 0.0002s | Calls: 10
   Min: 0.0001s | Max: 0.0004s
⏱️  sample_saving:
   Total: 0.069s | Avg: 0.0069s | Calls: 10
   Min: 0.0036s | Max: 0.0322s
⏱️  data_transfer:
   Total: 0.001s | Avg: 0.0001s | Calls: 10
   Min: 0.0001s | Max: 0.0003s
⏱️  model_inference:
   Total: 0.225s | Avg: 0.0225s | Calls: 10
   Min: 0.0174s | Max: 0.0280s
⏱️  feature_processing:
   Total: 12.386s | Avg: 1.2386s | Calls: 10
   Min: 0.8403s | Max: 1.2952s
⏱️  feature_accumulation:
   Total: 0.000s | Avg: 0.0000s | Calls: 10
   Min: 0.0000s | Max: 0.0000s
⏱️  batch_processing:
   Total: 13.354s | Avg: 1.3354s | Calls: 10
   Min: 1.2971s | Max: 1.5276s
⏱️  feature_combining:
   Total: 0.008s | Avg: 0.0077s | Calls: 1
⏱️  hdf5_writing:
   Total: 0.539s | Avg: 0.5392s | Calls: 1
⏱️  memory_cleanup:
   Total: 0.117s | Avg: 0.1168s | Calls: 1
⏱️  total_computation:
   Total: 139.263s | Avg: 139.2629s | Calls: 1
⏱️  slide_processing:
   Total: 139.263s | Avg: 139.2629s | Calls: 1

🚨 BOTTLENECK ANALYSIS (Total Runtime: 306.856s):
   🔥 slide_processing: 139.263s (45.4%)
   🔥 total_computation: 139.263s (45.4%)

📊 OPERATION COUNTS:
   hdf5_write_operations: 1
   patches_processed: 4,947
   GPU Memory - Max: 4126.8MB | Avg: 3379.4MB

💡 OPTIMIZATION RECOMMENDATIONS:
================================================================================
📊 Features shape: (4947, 1536), Coords shape: (4947, 2)
💾 Saved features to /nemo/project/proj-tracerx-lung/tctProjects/kilimo/TracerX_WSIs/10X/uni_v2/pt_files/LTX0665_A2_SU.pt

🔄 Processing slide 106/121: LTX0666_A4_SU
downsample [1. 1.]
downsampled_level_dim [103680  81664]
level_dim [103680  81664]
name LTX0666_A4_SU
patch_level 0
patch_size 1161
save_path /nemo/project/proj-tracerx-lung/tctProjects/kilimo/TracerX_WSIs/10X/patches/patches

feature extraction settings
transformations:  Compose(
    Resize(size=224, interpolation=bilinear, max_size=None, antialias=True)
    CenterCrop(size=(224, 224))
    MaybeToTensor()
    Normalize(mean=tensor([0.4850, 0.4560, 0.4060]), std=tensor([0.2290, 0.2240, 0.2250]))
)
📦 Dataset size: 3053 patches, 6 batches
🔍 Processing a total of 6 batches with profiling enabled
Saving random samples to /nemo/project/proj-tracerx-lung/tctProjects/kilimo/TracerX_WSIs/10X/uni_v2/samples/LTX0666_A4_SU
Saved 6/10 random sample images for slide LTX0666_A4_SU
✅ Features extracted in 84.2s

================================================================================
🔍 PERFORMANCE PROFILING SUMMARY - LTX0666_A4_SU
================================================================================
⏱️  wsi_loading:
   Total: 3.486s | Avg: 3.4865s | Calls: 1
⏱️  dataset_creation:
   Total: 0.186s | Avg: 0.1860s | Calls: 1
⏱️  data_loading:
   Total: 0.001s | Avg: 0.0002s | Calls: 6
   Min: 0.0001s | Max: 0.0003s
⏱️  sample_saving:
   Total: 0.029s | Avg: 0.0048s | Calls: 6
   Min: 0.0029s | Max: 0.0098s
⏱️  data_transfer:
   Total: 0.001s | Avg: 0.0001s | Calls: 6
   Min: 0.0001s | Max: 0.0002s
⏱️  model_inference:
   Total: 0.142s | Avg: 0.0236s | Calls: 6
   Min: 0.0180s | Max: 0.0303s
⏱️  feature_processing:
   Total: 7.652s | Avg: 1.2753s | Calls: 6
   Min: 1.2373s | Max: 1.2959s
⏱️  feature_accumulation:
   Total: 0.000s | Avg: 0.0000s | Calls: 6
   Min: 0.0000s | Max: 0.0000s
⏱️  batch_processing:
   Total: 8.534s | Avg: 1.4223s | Calls: 6
   Min: 1.3038s | Max: 1.9664s
⏱️  feature_combining:
   Total: 0.005s | Avg: 0.0051s | Calls: 1
⏱️  hdf5_writing:
   Total: 0.592s | Avg: 0.5921s | Calls: 1
⏱️  memory_cleanup:
   Total: 0.112s | Avg: 0.1122s | Calls: 1
⏱️  total_computation:
   Total: 80.548s | Avg: 80.5476s | Calls: 1
⏱️  slide_processing:
   Total: 80.548s | Avg: 80.5476s | Calls: 1

🚨 BOTTLENECK ANALYSIS (Total Runtime: 181.835s):
   🔥 slide_processing: 80.548s (44.3%)
   🔥 total_computation: 80.548s (44.3%)

📊 OPERATION COUNTS:
   hdf5_write_operations: 1
   patches_processed: 3,053
   GPU Memory - Max: 4215.5MB | Avg: 3423.7MB

💡 OPTIMIZATION RECOMMENDATIONS:
================================================================================
📊 Features shape: (3053, 1536), Coords shape: (3053, 2)
💾 Saved features to /nemo/project/proj-tracerx-lung/tctProjects/kilimo/TracerX_WSIs/10X/uni_v2/pt_files/LTX0666_A4_SU.pt

🔄 Processing slide 107/121: LTX0686_A2_SU
downsample [1. 1.]
downsampled_level_dim [161280 115456]
level_dim [161280 115456]
name LTX0686_A2_SU
patch_level 0
patch_size 1161
save_path /nemo/project/proj-tracerx-lung/tctProjects/kilimo/TracerX_WSIs/10X/patches/patches

feature extraction settings
transformations:  Compose(
    Resize(size=224, interpolation=bilinear, max_size=None, antialias=True)
    CenterCrop(size=(224, 224))
    MaybeToTensor()
    Normalize(mean=tensor([0.4850, 0.4560, 0.4060]), std=tensor([0.2290, 0.2240, 0.2250]))
)
📦 Dataset size: 9685 patches, 19 batches
🔍 Processing a total of 19 batches with profiling enabled
Saving random samples to /nemo/project/proj-tracerx-lung/tctProjects/kilimo/TracerX_WSIs/10X/uni_v2/samples/LTX0686_A2_SU
Saved 10/10 random sample images for slide LTX0686_A2_SU
✅ Features extracted in 325.6s

================================================================================
🔍 PERFORMANCE PROFILING SUMMARY - LTX0686_A2_SU
================================================================================
⏱️  wsi_loading:
   Total: 4.579s | Avg: 4.5788s | Calls: 1
⏱️  dataset_creation:
   Total: 0.159s | Avg: 0.1595s | Calls: 1
⏱️  data_loading:
   Total: 0.003s | Avg: 0.0001s | Calls: 19
   Min: 0.0001s | Max: 0.0003s
⏱️  sample_saving:
   Total: 0.056s | Avg: 0.0056s | Calls: 10
   Min: 0.0026s | Max: 0.0215s
⏱️  data_transfer:
   Total: 0.001s | Avg: 0.0001s | Calls: 19
   Min: 0.0000s | Max: 0.0001s
⏱️  model_inference:
   Total: 0.369s | Avg: 0.0194s | Calls: 19
   Min: 0.0168s | Max: 0.0272s
⏱️  feature_processing:
   Total: 24.257s | Avg: 1.2767s | Calls: 19
   Min: 1.1686s | Max: 1.2961s
⏱️  feature_accumulation:
   Total: 0.000s | Avg: 0.0000s | Calls: 19
   Min: 0.0000s | Max: 0.0000s
⏱️  batch_processing:
   Total: 25.996s | Avg: 1.3682s | Calls: 19
   Min: 1.2927s | Max: 2.0634s
⏱️  feature_combining:
   Total: 0.015s | Avg: 0.0074s | Calls: 2
   Min: 0.0065s | Max: 0.0082s
⏱️  hdf5_writing:
   Total: 1.053s | Avg: 0.5266s | Calls: 2
   Min: 0.2933s | Max: 0.7599s
⏱️  memory_cleanup:
   Total: 0.238s | Avg: 0.1190s | Calls: 2
   Min: 0.1120s | Max: 0.1260s
⏱️  total_computation:
   Total: 320.825s | Avg: 320.8251s | Calls: 1
⏱️  slide_processing:
   Total: 320.826s | Avg: 320.8258s | Calls: 1

🚨 BOTTLENECK ANALYSIS (Total Runtime: 698.376s):
   🔥 slide_processing: 320.826s (45.9%)
   🔥 total_computation: 320.825s (45.9%)

📊 OPERATION COUNTS:
   hdf5_write_operations: 2
   patches_processed: 9,685
   GPU Memory - Max: 4226.2MB | Avg: 3686.5MB

💡 OPTIMIZATION RECOMMENDATIONS:
================================================================================
📊 Features shape: (9685, 1536), Coords shape: (9685, 2)
💾 Saved features to /nemo/project/proj-tracerx-lung/tctProjects/kilimo/TracerX_WSIs/10X/uni_v2/pt_files/LTX0686_A2_SU.pt

🔄 Processing slide 108/121: LTX0715_A4_SU
downsample [1. 1.]
downsampled_level_dim [145920 104192]
level_dim [145920 104192]
name LTX0715_A4_SU
patch_level 0
patch_size 1161
save_path /nemo/project/proj-tracerx-lung/tctProjects/kilimo/TracerX_WSIs/10X/patches/patches

feature extraction settings
transformations:  Compose(
    Resize(size=224, interpolation=bilinear, max_size=None, antialias=True)
    CenterCrop(size=(224, 224))
    MaybeToTensor()
    Normalize(mean=tensor([0.4850, 0.4560, 0.4060]), std=tensor([0.2290, 0.2240, 0.2250]))
)
📦 Dataset size: 4981 patches, 10 batches
🔍 Processing a total of 10 batches with profiling enabled
Saving random samples to /nemo/project/proj-tracerx-lung/tctProjects/kilimo/TracerX_WSIs/10X/uni_v2/samples/LTX0715_A4_SU
Saved 10/10 random sample images for slide LTX0715_A4_SU
✅ Features extracted in 140.6s

================================================================================
🔍 PERFORMANCE PROFILING SUMMARY - LTX0715_A4_SU
================================================================================
⏱️  wsi_loading:
   Total: 2.011s | Avg: 2.0109s | Calls: 1
⏱️  dataset_creation:
   Total: 0.088s | Avg: 0.0878s | Calls: 1
⏱️  data_loading:
   Total: 0.003s | Avg: 0.0003s | Calls: 10
   Min: 0.0001s | Max: 0.0007s
⏱️  sample_saving:
   Total: 0.043s | Avg: 0.0043s | Calls: 10
   Min: 0.0028s | Max: 0.0065s
⏱️  data_transfer:
   Total: 0.001s | Avg: 0.0001s | Calls: 10
   Min: 0.0001s | Max: 0.0003s
⏱️  model_inference:
   Total: 0.250s | Avg: 0.0250s | Calls: 10
   Min: 0.0177s | Max: 0.0381s
⏱️  feature_processing:
   Total: 12.433s | Avg: 1.2433s | Calls: 10
   Min: 0.9287s | Max: 1.2918s
⏱️  feature_accumulation:
   Total: 0.000s | Avg: 0.0000s | Calls: 10
   Min: 0.0000s | Max: 0.0000s
⏱️  batch_processing:
   Total: 13.544s | Avg: 1.3544s | Calls: 10
   Min: 1.2969s | Max: 1.7594s
⏱️  feature_combining:
   Total: 0.016s | Avg: 0.0157s | Calls: 1
⏱️  hdf5_writing:
   Total: 0.547s | Avg: 0.5469s | Calls: 1
⏱️  memory_cleanup:
   Total: 0.262s | Avg: 0.2617s | Calls: 1
⏱️  total_computation:
   Total: 138.505s | Avg: 138.5046s | Calls: 1
⏱️  slide_processing:
   Total: 138.505s | Avg: 138.5047s | Calls: 1

🚨 BOTTLENECK ANALYSIS (Total Runtime: 306.206s):
   🔥 slide_processing: 138.505s (45.2%)
   🔥 total_computation: 138.505s (45.2%)

📊 OPERATION COUNTS:
   hdf5_write_operations: 1
   patches_processed: 4,981
   GPU Memory - Max: 4147.2MB | Avg: 3389.6MB

💡 OPTIMIZATION RECOMMENDATIONS:
================================================================================
📊 Features shape: (4981, 1536), Coords shape: (4981, 2)
💾 Saved features to /nemo/project/proj-tracerx-lung/tctProjects/kilimo/TracerX_WSIs/10X/uni_v2/pt_files/LTX0715_A4_SU.pt

🔄 Processing slide 109/121: LTX0715_SU
downsample [1. 1.]
downsampled_level_dim [130560 101376]
level_dim [130560 101376]
name LTX0715_SU
patch_level 0
patch_size 1161
save_path /nemo/project/proj-tracerx-lung/tctProjects/kilimo/TracerX_WSIs/10X/patches/patches

feature extraction settings
transformations:  Compose(
    Resize(size=224, interpolation=bilinear, max_size=None, antialias=True)
    CenterCrop(size=(224, 224))
    MaybeToTensor()
    Normalize(mean=tensor([0.4850, 0.4560, 0.4060]), std=tensor([0.2290, 0.2240, 0.2250]))
)
📦 Dataset size: 4714 patches, 10 batches
🔍 Processing a total of 10 batches with profiling enabled
Saving random samples to /nemo/project/proj-tracerx-lung/tctProjects/kilimo/TracerX_WSIs/10X/uni_v2/samples/LTX0715_SU
Saved 10/10 random sample images for slide LTX0715_SU
✅ Features extracted in 133.2s

================================================================================
🔍 PERFORMANCE PROFILING SUMMARY - LTX0715_SU
================================================================================
⏱️  wsi_loading:
   Total: 1.365s | Avg: 1.3652s | Calls: 1
⏱️  dataset_creation:
   Total: 0.160s | Avg: 0.1603s | Calls: 1
⏱️  data_loading:
   Total: 0.003s | Avg: 0.0003s | Calls: 10
   Min: 0.0001s | Max: 0.0004s
⏱️  sample_saving:
   Total: 0.044s | Avg: 0.0044s | Calls: 10
   Min: 0.0033s | Max: 0.0059s
⏱️  data_transfer:
   Total: 0.002s | Avg: 0.0002s | Calls: 10
   Min: 0.0001s | Max: 0.0004s
⏱️  model_inference:
   Total: 0.225s | Avg: 0.0225s | Calls: 10
   Min: 0.0177s | Max: 0.0288s
⏱️  feature_processing:
   Total: 11.827s | Avg: 1.1827s | Calls: 10
   Min: 0.2524s | Max: 1.2992s
⏱️  feature_accumulation:
   Total: 0.000s | Avg: 0.0000s | Calls: 10
   Min: 0.0000s | Max: 0.0000s
⏱️  batch_processing:
   Total: 13.369s | Avg: 1.3369s | Calls: 10
   Min: 1.2995s | Max: 1.5436s
⏱️  feature_combining:
   Total: 0.013s | Avg: 0.0131s | Calls: 1
⏱️  hdf5_writing:
   Total: 0.980s | Avg: 0.9801s | Calls: 1
⏱️  memory_cleanup:
   Total: 0.282s | Avg: 0.2824s | Calls: 1
⏱️  total_computation:
   Total: 131.663s | Avg: 131.6629s | Calls: 1
⏱️  slide_processing:
   Total: 131.663s | Avg: 131.6630s | Calls: 1

🚨 BOTTLENECK ANALYSIS (Total Runtime: 291.596s):
   🔥 slide_processing: 131.663s (45.2%)
   🔥 total_computation: 131.663s (45.2%)

📊 OPERATION COUNTS:
   hdf5_write_operations: 1
   patches_processed: 4,714
   GPU Memory - Max: 3993.9MB | Avg: 3312.9MB

💡 OPTIMIZATION RECOMMENDATIONS:
================================================================================
📊 Features shape: (4714, 1536), Coords shape: (4714, 2)
💾 Saved features to /nemo/project/proj-tracerx-lung/tctProjects/kilimo/TracerX_WSIs/10X/uni_v2/pt_files/LTX0715_SU.pt

🔄 Processing slide 110/121: LTX0717_A8_SU
downsample [1. 1.]
downsampled_level_dim [215040 112640]
level_dim [215040 112640]
name LTX0717_A8_SU
patch_level 0
patch_size 1161
save_path /nemo/project/proj-tracerx-lung/tctProjects/kilimo/TracerX_WSIs/10X/patches/patches

feature extraction settings
transformations:  Compose(
    Resize(size=224, interpolation=bilinear, max_size=None, antialias=True)
    CenterCrop(size=(224, 224))
    MaybeToTensor()
    Normalize(mean=tensor([0.4850, 0.4560, 0.4060]), std=tensor([0.2290, 0.2240, 0.2250]))
)
📦 Dataset size: 4768 patches, 10 batches
🔍 Processing a total of 10 batches with profiling enabled
Saving random samples to /nemo/project/proj-tracerx-lung/tctProjects/kilimo/TracerX_WSIs/10X/uni_v2/samples/LTX0717_A8_SU
Saved 10/10 random sample images for slide LTX0717_A8_SU
✅ Features extracted in 149.6s

================================================================================
🔍 PERFORMANCE PROFILING SUMMARY - LTX0717_A8_SU
================================================================================
⏱️  wsi_loading:
   Total: 3.994s | Avg: 3.9937s | Calls: 1
⏱️  dataset_creation:
   Total: 0.355s | Avg: 0.3551s | Calls: 1
⏱️  data_loading:
   Total: 0.003s | Avg: 0.0003s | Calls: 10
   Min: 0.0001s | Max: 0.0005s
⏱️  sample_saving:
   Total: 0.042s | Avg: 0.0042s | Calls: 10
   Min: 0.0027s | Max: 0.0057s
⏱️  data_transfer:
   Total: 0.002s | Avg: 0.0002s | Calls: 10
   Min: 0.0001s | Max: 0.0003s
⏱️  model_inference:
   Total: 0.251s | Avg: 0.0251s | Calls: 10
   Min: 0.0185s | Max: 0.0360s
⏱️  feature_processing:
   Total: 11.977s | Avg: 1.1977s | Calls: 10
   Min: 0.3880s | Max: 1.2973s
⏱️  feature_accumulation:
   Total: 0.000s | Avg: 0.0000s | Calls: 10
   Min: 0.0000s | Max: 0.0000s
⏱️  batch_processing:
   Total: 14.066s | Avg: 1.4066s | Calls: 10
   Min: 1.3103s | Max: 2.2013s
⏱️  feature_combining:
   Total: 0.014s | Avg: 0.0139s | Calls: 1
⏱️  hdf5_writing:
   Total: 1.512s | Avg: 1.5122s | Calls: 1
⏱️  memory_cleanup:
   Total: 0.275s | Avg: 0.2746s | Calls: 1
⏱️  total_computation:
   Total: 145.300s | Avg: 145.3004s | Calls: 1
⏱️  slide_processing:
   Total: 145.301s | Avg: 145.3005s | Calls: 1

🚨 BOTTLENECK ANALYSIS (Total Runtime: 323.090s):
   🔥 slide_processing: 145.301s (45.0%)
   🔥 total_computation: 145.300s (45.0%)

📊 OPERATION COUNTS:
   hdf5_write_operations: 1
   patches_processed: 4,768
   GPU Memory - Max: 4023.9MB | Avg: 3327.9MB

💡 OPTIMIZATION RECOMMENDATIONS:
================================================================================
📊 Features shape: (4768, 1536), Coords shape: (4768, 2)
💾 Saved features to /nemo/project/proj-tracerx-lung/tctProjects/kilimo/TracerX_WSIs/10X/uni_v2/pt_files/LTX0717_A8_SU.pt

🔄 Processing slide 111/121: LTX0721_E3_SU
downsample [1. 1.]
downsampled_level_dim [149760 107008]
level_dim [149760 107008]
name LTX0721_E3_SU
patch_level 0
patch_size 1161
save_path /nemo/project/proj-tracerx-lung/tctProjects/kilimo/TracerX_WSIs/10X/patches/patches

feature extraction settings
transformations:  Compose(
    Resize(size=224, interpolation=bilinear, max_size=None, antialias=True)
    CenterCrop(size=(224, 224))
    MaybeToTensor()
    Normalize(mean=tensor([0.4850, 0.4560, 0.4060]), std=tensor([0.2290, 0.2240, 0.2250]))
)
📦 Dataset size: 7617 patches, 15 batches
🔍 Processing a total of 15 batches with profiling enabled
Saving random samples to /nemo/project/proj-tracerx-lung/tctProjects/kilimo/TracerX_WSIs/10X/uni_v2/samples/LTX0721_E3_SU
Saved 10/10 random sample images for slide LTX0721_E3_SU
✅ Features extracted in 240.0s

================================================================================
🔍 PERFORMANCE PROFILING SUMMARY - LTX0721_E3_SU
================================================================================
⏱️  wsi_loading:
   Total: 7.878s | Avg: 7.8781s | Calls: 1
⏱️  dataset_creation:
   Total: 0.226s | Avg: 0.2257s | Calls: 1
⏱️  data_loading:
   Total: 0.005s | Avg: 0.0003s | Calls: 15
   Min: 0.0001s | Max: 0.0006s
⏱️  sample_saving:
   Total: 0.050s | Avg: 0.0050s | Calls: 10
   Min: 0.0029s | Max: 0.0079s
⏱️  data_transfer:
   Total: 0.003s | Avg: 0.0002s | Calls: 15
   Min: 0.0001s | Max: 0.0003s
⏱️  model_inference:
   Total: 0.406s | Avg: 0.0271s | Calls: 15
   Min: 0.0181s | Max: 0.0399s
⏱️  feature_processing:
   Total: 19.017s | Avg: 1.2678s | Calls: 15
   Min: 1.1163s | Max: 1.2973s
⏱️  feature_accumulation:
   Total: 0.000s | Avg: 0.0000s | Calls: 15
   Min: 0.0000s | Max: 0.0000s
⏱️  batch_processing:
   Total: 21.762s | Avg: 1.4508s | Calls: 15
   Min: 1.2965s | Max: 2.8874s
⏱️  feature_combining:
   Total: 0.022s | Avg: 0.0110s | Calls: 2
   Min: 0.0053s | Max: 0.0167s
⏱️  hdf5_writing:
   Total: 1.780s | Avg: 0.8901s | Calls: 2
   Min: 0.5542s | Max: 1.2261s
⏱️  memory_cleanup:
   Total: 0.486s | Avg: 0.2430s | Calls: 2
   Min: 0.1474s | Max: 0.3385s
⏱️  total_computation:
   Total: 231.849s | Avg: 231.8488s | Calls: 1
⏱️  slide_processing:
   Total: 231.849s | Avg: 231.8489s | Calls: 1

🚨 BOTTLENECK ANALYSIS (Total Runtime: 515.332s):
   🔥 slide_processing: 231.849s (45.0%)
   🔥 total_computation: 231.849s (45.0%)

📊 OPERATION COUNTS:
   hdf5_write_operations: 2
   patches_processed: 7,617
   GPU Memory - Max: 4226.2MB | Avg: 3683.4MB

💡 OPTIMIZATION RECOMMENDATIONS:
================================================================================
📊 Features shape: (7617, 1536), Coords shape: (7617, 2)
💾 Saved features to /nemo/project/proj-tracerx-lung/tctProjects/kilimo/TracerX_WSIs/10X/uni_v2/pt_files/LTX0721_E3_SU.pt

🔄 Processing slide 112/121: LTX0721_SU
downsample [1. 1.]
downsampled_level_dim [130560  98560]
level_dim [130560  98560]
name LTX0721_SU
patch_level 0
patch_size 1161
save_path /nemo/project/proj-tracerx-lung/tctProjects/kilimo/TracerX_WSIs/10X/patches/patches

feature extraction settings
transformations:  Compose(
    Resize(size=224, interpolation=bilinear, max_size=None, antialias=True)
    CenterCrop(size=(224, 224))
    MaybeToTensor()
    Normalize(mean=tensor([0.4850, 0.4560, 0.4060]), std=tensor([0.2290, 0.2240, 0.2250]))
)
📦 Dataset size: 7011 patches, 14 batches
🔍 Processing a total of 14 batches with profiling enabled
Saving random samples to /nemo/project/proj-tracerx-lung/tctProjects/kilimo/TracerX_WSIs/10X/uni_v2/samples/LTX0721_SU
Saved 10/10 random sample images for slide LTX0721_SU
✅ Features extracted in 207.3s

================================================================================
🔍 PERFORMANCE PROFILING SUMMARY - LTX0721_SU
================================================================================
⏱️  wsi_loading:
   Total: 4.578s | Avg: 4.5776s | Calls: 1
⏱️  dataset_creation:
   Total: 0.228s | Avg: 0.2278s | Calls: 1
⏱️  data_loading:
   Total: 0.003s | Avg: 0.0002s | Calls: 14
   Min: 0.0001s | Max: 0.0005s
⏱️  sample_saving:
   Total: 0.042s | Avg: 0.0042s | Calls: 10
   Min: 0.0033s | Max: 0.0050s
⏱️  data_transfer:
   Total: 0.002s | Avg: 0.0001s | Calls: 14
   Min: 0.0001s | Max: 0.0003s
⏱️  model_inference:
   Total: 0.319s | Avg: 0.0228s | Calls: 14
   Min: 0.0181s | Max: 0.0316s
⏱️  feature_processing:
   Total: 17.469s | Avg: 1.2478s | Calls: 14
   Min: 0.8812s | Max: 1.2885s
⏱️  feature_accumulation:
   Total: 0.000s | Avg: 0.0000s | Calls: 14
   Min: 0.0000s | Max: 0.0000s
⏱️  batch_processing:
   Total: 19.660s | Avg: 1.4043s | Calls: 14
   Min: 1.2958s | Max: 2.2250s
⏱️  feature_combining:
   Total: 0.016s | Avg: 0.0080s | Calls: 2
   Min: 0.0031s | Max: 0.0128s
⏱️  hdf5_writing:
   Total: 1.441s | Avg: 0.7204s | Calls: 2
   Min: 0.6656s | Max: 0.7751s
⏱️  memory_cleanup:
   Total: 0.374s | Avg: 0.1870s | Calls: 2
   Min: 0.1163s | Max: 0.2577s
⏱️  total_computation:
   Total: 202.518s | Avg: 202.5178s | Calls: 1
⏱️  slide_processing:
   Total: 202.518s | Avg: 202.5179s | Calls: 1

🚨 BOTTLENECK ANALYSIS (Total Runtime: 449.167s):
   🔥 slide_processing: 202.518s (45.1%)
   🔥 total_computation: 202.518s (45.1%)

📊 OPERATION COUNTS:
   hdf5_write_operations: 2
   patches_processed: 7,011
   GPU Memory - Max: 4226.2MB | Avg: 3664.7MB

💡 OPTIMIZATION RECOMMENDATIONS:
================================================================================
📊 Features shape: (7011, 1536), Coords shape: (7011, 2)
💾 Saved features to /nemo/project/proj-tracerx-lung/tctProjects/kilimo/TracerX_WSIs/10X/uni_v2/pt_files/LTX0721_SU.pt

🔄 Processing slide 113/121: LTX0738_A3_SU
downsample [1. 1.]
downsampled_level_dim [134400 112640]
level_dim [134400 112640]
name LTX0738_A3_SU
patch_level 0
patch_size 1161
save_path /nemo/project/proj-tracerx-lung/tctProjects/kilimo/TracerX_WSIs/10X/patches/patches

feature extraction settings
transformations:  Compose(
    Resize(size=224, interpolation=bilinear, max_size=None, antialias=True)
    CenterCrop(size=(224, 224))
    MaybeToTensor()
    Normalize(mean=tensor([0.4850, 0.4560, 0.4060]), std=tensor([0.2290, 0.2240, 0.2250]))
)
📦 Dataset size: 7304 patches, 15 batches
🔍 Processing a total of 15 batches with profiling enabled
Saving random samples to /nemo/project/proj-tracerx-lung/tctProjects/kilimo/TracerX_WSIs/10X/uni_v2/samples/LTX0738_A3_SU
Saved 9/10 random sample images for slide LTX0738_A3_SU
✅ Features extracted in 251.4s

================================================================================
🔍 PERFORMANCE PROFILING SUMMARY - LTX0738_A3_SU
================================================================================
⏱️  wsi_loading:
   Total: 4.441s | Avg: 4.4410s | Calls: 1
⏱️  dataset_creation:
   Total: 0.196s | Avg: 0.1956s | Calls: 1
⏱️  data_loading:
   Total: 0.003s | Avg: 0.0002s | Calls: 15
   Min: 0.0001s | Max: 0.0005s
⏱️  sample_saving:
   Total: 0.041s | Avg: 0.0046s | Calls: 9
   Min: 0.0027s | Max: 0.0082s
⏱️  data_transfer:
   Total: 0.003s | Avg: 0.0002s | Calls: 15
   Min: 0.0001s | Max: 0.0005s
⏱️  model_inference:
   Total: 0.388s | Avg: 0.0258s | Calls: 15
   Min: 0.0177s | Max: 0.0421s
⏱️  feature_processing:
   Total: 18.238s | Avg: 1.2159s | Calls: 15
   Min: 0.3286s | Max: 1.3003s
⏱️  feature_accumulation:
   Total: 0.000s | Avg: 0.0000s | Calls: 15
   Min: 0.0000s | Max: 0.0000s
⏱️  batch_processing:
   Total: 19.625s | Avg: 1.3084s | Calls: 15
   Min: 0.9840s | Max: 1.6327s
⏱️  feature_combining:
   Total: 0.015s | Avg: 0.0074s | Calls: 2
   Min: 0.0041s | Max: 0.0106s
⏱️  hdf5_writing:
   Total: 0.634s | Avg: 0.3168s | Calls: 2
   Min: 0.1777s | Max: 0.4559s
⏱️  memory_cleanup:
   Total: 0.308s | Avg: 0.1542s | Calls: 2
   Min: 0.1327s | Max: 0.1758s
⏱️  total_computation:
   Total: 246.813s | Avg: 246.8132s | Calls: 1
⏱️  slide_processing:
   Total: 246.813s | Avg: 246.8133s | Calls: 1

🚨 BOTTLENECK ANALYSIS (Total Runtime: 537.518s):
   🔥 slide_processing: 246.813s (45.9%)
   🔥 total_computation: 246.813s (45.9%)

📊 OPERATION COUNTS:
   hdf5_write_operations: 2
   patches_processed: 7,304
   GPU Memory - Max: 4226.2MB | Avg: 3622.8MB

💡 OPTIMIZATION RECOMMENDATIONS:
================================================================================
📊 Features shape: (7304, 1536), Coords shape: (7304, 2)
💾 Saved features to /nemo/project/proj-tracerx-lung/tctProjects/kilimo/TracerX_WSIs/10X/uni_v2/pt_files/LTX0738_A3_SU.pt

🔄 Processing slide 114/121: LTX0762_A1_SU
downsample [1. 1.]
downsampled_level_dim [149760  98560]
level_dim [149760  98560]
name LTX0762_A1_SU
patch_level 0
patch_size 1161
save_path /nemo/project/proj-tracerx-lung/tctProjects/kilimo/TracerX_WSIs/10X/patches/patches

feature extraction settings
transformations:  Compose(
    Resize(size=224, interpolation=bilinear, max_size=None, antialias=True)
    CenterCrop(size=(224, 224))
    MaybeToTensor()
    Normalize(mean=tensor([0.4850, 0.4560, 0.4060]), std=tensor([0.2290, 0.2240, 0.2250]))
)
📦 Dataset size: 6267 patches, 13 batches
🔍 Processing a total of 13 batches with profiling enabled
Saving random samples to /nemo/project/proj-tracerx-lung/tctProjects/kilimo/TracerX_WSIs/10X/uni_v2/samples/LTX0762_A1_SU
Saved 10/10 random sample images for slide LTX0762_A1_SU
✅ Features extracted in 220.7s

================================================================================
🔍 PERFORMANCE PROFILING SUMMARY - LTX0762_A1_SU
================================================================================
⏱️  wsi_loading:
   Total: 1.403s | Avg: 1.4029s | Calls: 1
⏱️  dataset_creation:
   Total: 0.127s | Avg: 0.1267s | Calls: 1
⏱️  data_loading:
   Total: 0.003s | Avg: 0.0002s | Calls: 13
   Min: 0.0001s | Max: 0.0005s
⏱️  sample_saving:
   Total: 0.038s | Avg: 0.0038s | Calls: 10
   Min: 0.0027s | Max: 0.0053s
⏱️  data_transfer:
   Total: 0.002s | Avg: 0.0001s | Calls: 13
   Min: 0.0001s | Max: 0.0003s
⏱️  model_inference:
   Total: 0.273s | Avg: 0.0210s | Calls: 13
   Min: 0.0172s | Max: 0.0334s
⏱️  feature_processing:
   Total: 15.648s | Avg: 1.2037s | Calls: 13
   Min: 0.3000s | Max: 1.2920s
⏱️  feature_accumulation:
   Total: 0.000s | Avg: 0.0000s | Calls: 13
   Min: 0.0000s | Max: 0.0000s
⏱️  batch_processing:
   Total: 17.260s | Avg: 1.3277s | Calls: 13
   Min: 0.5714s | Max: 2.3394s
⏱️  feature_combining:
   Total: 0.012s | Avg: 0.0058s | Calls: 2
   Min: 0.0037s | Max: 0.0079s
⏱️  hdf5_writing:
   Total: 0.935s | Avg: 0.4677s | Calls: 2
   Min: 0.0229s | Max: 0.9126s
⏱️  memory_cleanup:
   Total: 0.354s | Avg: 0.1771s | Calls: 2
   Min: 0.1286s | Max: 0.2256s
⏱️  total_computation:
   Total: 219.195s | Avg: 219.1955s | Calls: 1
⏱️  slide_processing:
   Total: 219.196s | Avg: 219.1956s | Calls: 1

🚨 BOTTLENECK ANALYSIS (Total Runtime: 474.445s):
   🔥 slide_processing: 219.196s (46.2%)
   🔥 total_computation: 219.195s (46.2%)

📊 OPERATION COUNTS:
   hdf5_write_operations: 2
   patches_processed: 6,267
   GPU Memory - Max: 4226.2MB | Avg: 3620.0MB

💡 OPTIMIZATION RECOMMENDATIONS:
================================================================================
📊 Features shape: (6267, 1536), Coords shape: (6267, 2)
💾 Saved features to /nemo/project/proj-tracerx-lung/tctProjects/kilimo/TracerX_WSIs/10X/uni_v2/pt_files/LTX0762_A1_SU.pt

🔄 Processing slide 115/121: LTX0771_A1_SU
downsample [1. 1.]
downsampled_level_dim [134400  95744]
level_dim [134400  95744]
name LTX0771_A1_SU
patch_level 0
patch_size 1161
save_path /nemo/project/proj-tracerx-lung/tctProjects/kilimo/TracerX_WSIs/10X/patches/patches

feature extraction settings
transformations:  Compose(
    Resize(size=224, interpolation=bilinear, max_size=None, antialias=True)
    CenterCrop(size=(224, 224))
    MaybeToTensor()
    Normalize(mean=tensor([0.4850, 0.4560, 0.4060]), std=tensor([0.2290, 0.2240, 0.2250]))
)
📦 Dataset size: 4159 patches, 9 batches
🔍 Processing a total of 9 batches with profiling enabled
Saving random samples to /nemo/project/proj-tracerx-lung/tctProjects/kilimo/TracerX_WSIs/10X/uni_v2/samples/LTX0771_A1_SU
Saved 9/10 random sample images for slide LTX0771_A1_SU
✅ Features extracted in 230.3s

================================================================================
🔍 PERFORMANCE PROFILING SUMMARY - LTX0771_A1_SU
================================================================================
⏱️  wsi_loading:
   Total: 2.732s | Avg: 2.7318s | Calls: 1
⏱️  dataset_creation:
   Total: 0.371s | Avg: 0.3713s | Calls: 1
⏱️  data_loading:
   Total: 0.002s | Avg: 0.0002s | Calls: 9
   Min: 0.0001s | Max: 0.0005s
⏱️  sample_saving:
   Total: 0.039s | Avg: 0.0044s | Calls: 9
   Min: 0.0029s | Max: 0.0057s
⏱️  data_transfer:
   Total: 0.002s | Avg: 0.0002s | Calls: 9
   Min: 0.0001s | Max: 0.0003s
⏱️  model_inference:
   Total: 0.208s | Avg: 0.0231s | Calls: 9
   Min: 0.0199s | Max: 0.0277s
⏱️  feature_processing:
   Total: 10.367s | Avg: 1.1519s | Calls: 9
   Min: 0.1487s | Max: 1.2888s
⏱️  feature_accumulation:
   Total: 0.000s | Avg: 0.0000s | Calls: 9
   Min: 0.0000s | Max: 0.0000s
⏱️  batch_processing:
   Total: 10.978s | Avg: 1.2197s | Calls: 9
   Min: 0.5288s | Max: 1.3211s
⏱️  feature_combining:
   Total: 0.013s | Avg: 0.0135s | Calls: 1
⏱️  hdf5_writing:
   Total: 0.045s | Avg: 0.0451s | Calls: 1
⏱️  memory_cleanup:
   Total: 0.309s | Avg: 0.3089s | Calls: 1
⏱️  total_computation:
   Total: 227.207s | Avg: 227.2072s | Calls: 1
⏱️  slide_processing:
   Total: 227.207s | Avg: 227.2073s | Calls: 1

🚨 BOTTLENECK ANALYSIS (Total Runtime: 479.481s):
   🔥 slide_processing: 227.207s (47.4%)
   🔥 total_computation: 227.207s (47.4%)

📊 OPERATION COUNTS:
   hdf5_write_operations: 1
   patches_processed: 4,159
   GPU Memory - Max: 3967.2MB | Avg: 3299.6MB

💡 OPTIMIZATION RECOMMENDATIONS:
================================================================================
📊 Features shape: (4159, 1536), Coords shape: (4159, 2)
💾 Saved features to /nemo/project/proj-tracerx-lung/tctProjects/kilimo/TracerX_WSIs/10X/uni_v2/pt_files/LTX0771_A1_SU.pt

🔄 Processing slide 116/121: LTX0777_D3_SU
downsample [1. 1.]
downsampled_level_dim [168960 104192]
level_dim [168960 104192]
name LTX0777_D3_SU
patch_level 0
patch_size 1161
save_path /nemo/project/proj-tracerx-lung/tctProjects/kilimo/TracerX_WSIs/10X/patches/patches

feature extraction settings
transformations:  Compose(
    Resize(size=224, interpolation=bilinear, max_size=None, antialias=True)
    CenterCrop(size=(224, 224))
    MaybeToTensor()
    Normalize(mean=tensor([0.4850, 0.4560, 0.4060]), std=tensor([0.2290, 0.2240, 0.2250]))
)
📦 Dataset size: 8209 patches, 17 batches
🔍 Processing a total of 17 batches with profiling enabled
Saving random samples to /nemo/project/proj-tracerx-lung/tctProjects/kilimo/TracerX_WSIs/10X/uni_v2/samples/LTX0777_D3_SU
Saved 10/10 random sample images for slide LTX0777_D3_SU
✅ Features extracted in 203.9s

================================================================================
🔍 PERFORMANCE PROFILING SUMMARY - LTX0777_D3_SU
================================================================================
⏱️  wsi_loading:
   Total: 0.774s | Avg: 0.7742s | Calls: 1
⏱️  dataset_creation:
   Total: 0.271s | Avg: 0.2714s | Calls: 1
⏱️  data_loading:
   Total: 0.004s | Avg: 0.0002s | Calls: 17
   Min: 0.0001s | Max: 0.0005s
⏱️  sample_saving:
   Total: 0.048s | Avg: 0.0048s | Calls: 10
   Min: 0.0027s | Max: 0.0116s
⏱️  data_transfer:
   Total: 0.002s | Avg: 0.0001s | Calls: 17
   Min: 0.0001s | Max: 0.0002s
⏱️  model_inference:
   Total: 0.402s | Avg: 0.0237s | Calls: 17
   Min: 0.0174s | Max: 0.0334s
⏱️  feature_processing:
   Total: 20.469s | Avg: 1.2041s | Calls: 17
   Min: 0.0293s | Max: 1.2942s
⏱️  feature_accumulation:
   Total: 0.000s | Avg: 0.0000s | Calls: 17
   Min: 0.0000s | Max: 0.0000s
⏱️  batch_processing:
   Total: 21.918s | Avg: 1.2893s | Calls: 17
   Min: 0.5212s | Max: 1.8309s
⏱️  feature_combining:
   Total: 0.019s | Avg: 0.0094s | Calls: 2
   Min: 0.0063s | Max: 0.0125s
⏱️  hdf5_writing:
   Total: 0.400s | Avg: 0.1998s | Calls: 2
   Min: 0.1982s | Max: 0.2013s
⏱️  memory_cleanup:
   Total: 0.583s | Avg: 0.2915s | Calls: 2
   Min: 0.2715s | Max: 0.3115s
⏱️  total_computation:
   Total: 202.883s | Avg: 202.8835s | Calls: 1
⏱️  slide_processing:
   Total: 202.884s | Avg: 202.8836s | Calls: 1

🚨 BOTTLENECK ANALYSIS (Total Runtime: 450.658s):
   🔥 slide_processing: 202.884s (45.0%)
   🔥 total_computation: 202.883s (45.0%)

📊 OPERATION COUNTS:
   hdf5_write_operations: 2
   patches_processed: 8,209
   GPU Memory - Max: 4226.2MB | Avg: 3602.8MB

💡 OPTIMIZATION RECOMMENDATIONS:
================================================================================
📊 Features shape: (8209, 1536), Coords shape: (8209, 2)
💾 Saved features to /nemo/project/proj-tracerx-lung/tctProjects/kilimo/TracerX_WSIs/10X/uni_v2/pt_files/LTX0777_D3_SU.pt

🔄 Processing slide 117/121: LTX0779_A4_SU
downsample [1. 1.]
downsampled_level_dim [126720 107008]
level_dim [126720 107008]
name LTX0779_A4_SU
patch_level 0
patch_size 1161
save_path /nemo/project/proj-tracerx-lung/tctProjects/kilimo/TracerX_WSIs/10X/patches/patches

feature extraction settings
transformations:  Compose(
    Resize(size=224, interpolation=bilinear, max_size=None, antialias=True)
    CenterCrop(size=(224, 224))
    MaybeToTensor()
    Normalize(mean=tensor([0.4850, 0.4560, 0.4060]), std=tensor([0.2290, 0.2240, 0.2250]))
)
📦 Dataset size: 5747 patches, 12 batches
🔍 Processing a total of 12 batches with profiling enabled
Saving random samples to /nemo/project/proj-tracerx-lung/tctProjects/kilimo/TracerX_WSIs/10X/uni_v2/samples/LTX0779_A4_SU
Saved 10/10 random sample images for slide LTX0779_A4_SU
✅ Features extracted in 242.9s

================================================================================
🔍 PERFORMANCE PROFILING SUMMARY - LTX0779_A4_SU
================================================================================
⏱️  wsi_loading:
   Total: 1.679s | Avg: 1.6785s | Calls: 1
⏱️  dataset_creation:
   Total: 0.259s | Avg: 0.2585s | Calls: 1
⏱️  data_loading:
   Total: 0.003s | Avg: 0.0003s | Calls: 12
   Min: 0.0001s | Max: 0.0004s
⏱️  sample_saving:
   Total: 0.048s | Avg: 0.0048s | Calls: 10
   Min: 0.0028s | Max: 0.0075s
⏱️  data_transfer:
   Total: 0.003s | Avg: 0.0002s | Calls: 12
   Min: 0.0001s | Max: 0.0005s
⏱️  model_inference:
   Total: 0.294s | Avg: 0.0245s | Calls: 12
   Min: 0.0166s | Max: 0.0368s
⏱️  feature_processing:
   Total: 14.382s | Avg: 1.1985s | Calls: 12
   Min: 0.2811s | Max: 1.2913s
⏱️  feature_accumulation:
   Total: 0.000s | Avg: 0.0000s | Calls: 12
   Min: 0.0000s | Max: 0.0000s
⏱️  batch_processing:
   Total: 15.172s | Avg: 1.2643s | Calls: 12
   Min: 0.4239s | Max: 1.6263s
⏱️  feature_combining:
   Total: 0.016s | Avg: 0.0078s | Calls: 2
   Min: 0.0006s | Max: 0.0150s
⏱️  hdf5_writing:
   Total: 0.063s | Avg: 0.0314s | Calls: 2
   Min: 0.0146s | Max: 0.0482s
⏱️  memory_cleanup:
   Total: 0.371s | Avg: 0.1857s | Calls: 2
   Min: 0.1079s | Max: 0.2635s
⏱️  total_computation:
   Total: 240.966s | Avg: 240.9664s | Calls: 1
⏱️  slide_processing:
   Total: 240.967s | Avg: 240.9665s | Calls: 1

🚨 BOTTLENECK ANALYSIS (Total Runtime: 514.221s):
   🔥 slide_processing: 240.967s (46.9%)
   🔥 total_computation: 240.966s (46.9%)

📊 OPERATION COUNTS:
   hdf5_write_operations: 2
   patches_processed: 5,747
   GPU Memory - Max: 4226.2MB | Avg: 3618.7MB

💡 OPTIMIZATION RECOMMENDATIONS:
================================================================================
📊 Features shape: (5747, 1536), Coords shape: (5747, 2)
💾 Saved features to /nemo/project/proj-tracerx-lung/tctProjects/kilimo/TracerX_WSIs/10X/uni_v2/pt_files/LTX0779_A4_SU.pt

🔄 Processing slide 118/121: LTX0795_A6_SU
downsample [1. 1.]
downsampled_level_dim [122880  70400]
level_dim [122880  70400]
name LTX0795_A6_SU
patch_level 0
patch_size 1161
save_path /nemo/project/proj-tracerx-lung/tctProjects/kilimo/TracerX_WSIs/10X/patches/patches

feature extraction settings
transformations:  Compose(
    Resize(size=224, interpolation=bilinear, max_size=None, antialias=True)
    CenterCrop(size=(224, 224))
    MaybeToTensor()
    Normalize(mean=tensor([0.4850, 0.4560, 0.4060]), std=tensor([0.2290, 0.2240, 0.2250]))
)
📦 Dataset size: 3373 patches, 7 batches
🔍 Processing a total of 7 batches with profiling enabled
Saving random samples to /nemo/project/proj-tracerx-lung/tctProjects/kilimo/TracerX_WSIs/10X/uni_v2/samples/LTX0795_A6_SU
Saved 7/10 random sample images for slide LTX0795_A6_SU
✅ Features extracted in 90.5s

================================================================================
🔍 PERFORMANCE PROFILING SUMMARY - LTX0795_A6_SU
================================================================================
⏱️  wsi_loading:
   Total: 0.492s | Avg: 0.4918s | Calls: 1
⏱️  dataset_creation:
   Total: 0.124s | Avg: 0.1237s | Calls: 1
⏱️  data_loading:
   Total: 0.002s | Avg: 0.0002s | Calls: 7
   Min: 0.0001s | Max: 0.0004s
⏱️  sample_saving:
   Total: 0.028s | Avg: 0.0040s | Calls: 7
   Min: 0.0031s | Max: 0.0061s
⏱️  data_transfer:
   Total: 0.001s | Avg: 0.0001s | Calls: 7
   Min: 0.0001s | Max: 0.0004s
⏱️  model_inference:
   Total: 0.157s | Avg: 0.0224s | Calls: 7
   Min: 0.0181s | Max: 0.0303s
⏱️  feature_processing:
   Total: 8.439s | Avg: 1.2056s | Calls: 7
   Min: 0.7428s | Max: 1.3008s
⏱️  feature_accumulation:
   Total: 0.000s | Avg: 0.0000s | Calls: 7
   Min: 0.0000s | Max: 0.0000s
⏱️  batch_processing:
   Total: 8.935s | Avg: 1.2765s | Calls: 7
   Min: 1.0761s | Max: 1.3226s
⏱️  feature_combining:
   Total: 0.008s | Avg: 0.0081s | Calls: 1
⏱️  hdf5_writing:
   Total: 0.038s | Avg: 0.0379s | Calls: 1
⏱️  memory_cleanup:
   Total: 0.266s | Avg: 0.2665s | Calls: 1
⏱️  total_computation:
   Total: 89.862s | Avg: 89.8621s | Calls: 1
⏱️  slide_processing:
   Total: 89.862s | Avg: 89.8623s | Calls: 1

🚨 BOTTLENECK ANALYSIS (Total Runtime: 198.214s):
   🔥 slide_processing: 89.862s (45.3%)
   🔥 total_computation: 89.862s (45.3%)

📊 OPERATION COUNTS:
   hdf5_write_operations: 1
   patches_processed: 3,373
   GPU Memory - Max: 4104.3MB | Avg: 3368.1MB

💡 OPTIMIZATION RECOMMENDATIONS:
================================================================================
📊 Features shape: (3373, 1536), Coords shape: (3373, 2)
💾 Saved features to /nemo/project/proj-tracerx-lung/tctProjects/kilimo/TracerX_WSIs/10X/uni_v2/pt_files/LTX0795_A6_SU.pt

🔄 Processing slide 119/121: LTX0796_A3_SU
downsample [1. 1.]
downsampled_level_dim [157440 115456]
level_dim [157440 115456]
name LTX0796_A3_SU
patch_level 0
patch_size 1161
save_path /nemo/project/proj-tracerx-lung/tctProjects/kilimo/TracerX_WSIs/10X/patches/patches

feature extraction settings
transformations:  Compose(
    Resize(size=224, interpolation=bilinear, max_size=None, antialias=True)
    CenterCrop(size=(224, 224))
    MaybeToTensor()
    Normalize(mean=tensor([0.4850, 0.4560, 0.4060]), std=tensor([0.2290, 0.2240, 0.2250]))
)
📦 Dataset size: 8201 patches, 17 batches
🔍 Processing a total of 17 batches with profiling enabled
Saving random samples to /nemo/project/proj-tracerx-lung/tctProjects/kilimo/TracerX_WSIs/10X/uni_v2/samples/LTX0796_A3_SU
Saved 10/10 random sample images for slide LTX0796_A3_SU
✅ Features extracted in 212.3s

================================================================================
🔍 PERFORMANCE PROFILING SUMMARY - LTX0796_A3_SU
================================================================================
⏱️  wsi_loading:
   Total: 0.899s | Avg: 0.8993s | Calls: 1
⏱️  dataset_creation:
   Total: 0.208s | Avg: 0.2078s | Calls: 1
⏱️  data_loading:
   Total: 0.004s | Avg: 0.0002s | Calls: 17
   Min: 0.0001s | Max: 0.0006s
⏱️  sample_saving:
   Total: 0.287s | Avg: 0.0287s | Calls: 10
   Min: 0.0030s | Max: 0.1883s
⏱️  data_transfer:
   Total: 0.002s | Avg: 0.0001s | Calls: 17
   Min: 0.0001s | Max: 0.0003s
⏱️  model_inference:
   Total: 0.384s | Avg: 0.0226s | Calls: 17
   Min: 0.0168s | Max: 0.0335s
⏱️  feature_processing:
   Total: 20.479s | Avg: 1.2046s | Calls: 17
   Min: 0.0118s | Max: 1.2933s
⏱️  feature_accumulation:
   Total: 0.000s | Avg: 0.0000s | Calls: 17
   Min: 0.0000s | Max: 0.0000s
⏱️  batch_processing:
   Total: 21.769s | Avg: 1.2805s | Calls: 17
   Min: 0.1746s | Max: 1.7734s
⏱️  feature_combining:
   Total: 0.015s | Avg: 0.0077s | Calls: 2
   Min: 0.0058s | Max: 0.0096s
⏱️  hdf5_writing:
   Total: 0.309s | Avg: 0.1545s | Calls: 2
   Min: 0.0294s | Max: 0.2796s
⏱️  memory_cleanup:
   Total: 0.295s | Avg: 0.1473s | Calls: 2
   Min: 0.1156s | Max: 0.1790s
⏱️  total_computation:
   Total: 211.237s | Avg: 211.2369s | Calls: 1
⏱️  slide_processing:
   Total: 211.237s | Avg: 211.2370s | Calls: 1

🚨 BOTTLENECK ANALYSIS (Total Runtime: 467.124s):
   🔥 slide_processing: 211.237s (45.2%)
   🔥 total_computation: 211.237s (45.2%)

📊 OPERATION COUNTS:
   hdf5_write_operations: 2
   patches_processed: 8,201
   GPU Memory - Max: 4226.2MB | Avg: 3601.7MB

💡 OPTIMIZATION RECOMMENDATIONS:
================================================================================
📊 Features shape: (8201, 1536), Coords shape: (8201, 2)
💾 Saved features to /nemo/project/proj-tracerx-lung/tctProjects/kilimo/TracerX_WSIs/10X/uni_v2/pt_files/LTX0796_A3_SU.pt

🔄 Processing slide 120/121: LTX0804_1B_SU
downsample [1. 1.]
downsampled_level_dim [69120 70400]
level_dim [69120 70400]
name LTX0804_1B_SU
patch_level 0
patch_size 1161
save_path /nemo/project/proj-tracerx-lung/tctProjects/kilimo/TracerX_WSIs/10X/patches/patches

feature extraction settings
transformations:  Compose(
    Resize(size=224, interpolation=bilinear, max_size=None, antialias=True)
    CenterCrop(size=(224, 224))
    MaybeToTensor()
    Normalize(mean=tensor([0.4850, 0.4560, 0.4060]), std=tensor([0.2290, 0.2240, 0.2250]))
)
📦 Dataset size: 1160 patches, 3 batches
🔍 Processing a total of 3 batches with profiling enabled
Saving random samples to /nemo/project/proj-tracerx-lung/tctProjects/kilimo/TracerX_WSIs/10X/uni_v2/samples/LTX0804_1B_SU
Saved 3/10 random sample images for slide LTX0804_1B_SU
✅ Features extracted in 39.2s

================================================================================
🔍 PERFORMANCE PROFILING SUMMARY - LTX0804_1B_SU
================================================================================
⏱️  wsi_loading:
   Total: 0.462s | Avg: 0.4615s | Calls: 1
⏱️  dataset_creation:
   Total: 0.127s | Avg: 0.1269s | Calls: 1
⏱️  data_loading:
   Total: 0.001s | Avg: 0.0002s | Calls: 3
   Min: 0.0002s | Max: 0.0003s
⏱️  sample_saving:
   Total: 0.014s | Avg: 0.0046s | Calls: 3
   Min: 0.0044s | Max: 0.0050s
⏱️  data_transfer:
   Total: 0.001s | Avg: 0.0002s | Calls: 3
   Min: 0.0001s | Max: 0.0002s
⏱️  model_inference:
   Total: 0.063s | Avg: 0.0210s | Calls: 3
   Min: 0.0193s | Max: 0.0221s
⏱️  feature_processing:
   Total: 2.901s | Avg: 0.9670s | Calls: 3
   Min: 0.3324s | Max: 1.2919s
⏱️  feature_accumulation:
   Total: 0.000s | Avg: 0.0000s | Calls: 3
   Min: 0.0000s | Max: 0.0000s
⏱️  batch_processing:
   Total: 3.260s | Avg: 1.0867s | Calls: 3
   Min: 0.6365s | Max: 1.3196s
⏱️  feature_combining:
   Total: 0.009s | Avg: 0.0092s | Calls: 1
⏱️  hdf5_writing:
   Total: 0.023s | Avg: 0.0227s | Calls: 1
⏱️  memory_cleanup:
   Total: 0.256s | Avg: 0.2561s | Calls: 1
⏱️  total_computation:
   Total: 38.649s | Avg: 38.6486s | Calls: 1
⏱️  slide_processing:
   Total: 38.649s | Avg: 38.6487s | Calls: 1

🚨 BOTTLENECK ANALYSIS (Total Runtime: 84.413s):
   🔥 slide_processing: 38.649s (45.8%)
   🔥 total_computation: 38.649s (45.8%)

📊 OPERATION COUNTS:
   hdf5_write_operations: 1
   patches_processed: 1,160
   GPU Memory - Max: 4010.3MB | Avg: 3321.1MB

💡 OPTIMIZATION RECOMMENDATIONS:
================================================================================
📊 Features shape: (1160, 1536), Coords shape: (1160, 2)
💾 Saved features to /nemo/project/proj-tracerx-lung/tctProjects/kilimo/TracerX_WSIs/10X/uni_v2/pt_files/LTX0804_1B_SU.pt

🔄 Processing slide 121/121: LTX0804_SU
downsample [1. 1.]
downsampled_level_dim [72960 67584]
level_dim [72960 67584]
name LTX0804_SU
patch_level 0
patch_size 1161
save_path /nemo/project/proj-tracerx-lung/tctProjects/kilimo/TracerX_WSIs/10X/patches/patches

feature extraction settings
transformations:  Compose(
    Resize(size=224, interpolation=bilinear, max_size=None, antialias=True)
    CenterCrop(size=(224, 224))
    MaybeToTensor()
    Normalize(mean=tensor([0.4850, 0.4560, 0.4060]), std=tensor([0.2290, 0.2240, 0.2250]))
)
📦 Dataset size: 1199 patches, 3 batches
🔍 Processing a total of 3 batches with profiling enabled
Saving random samples to /nemo/project/proj-tracerx-lung/tctProjects/kilimo/TracerX_WSIs/10X/uni_v2/samples/LTX0804_SU
Saved 3/10 random sample images for slide LTX0804_SU
✅ Features extracted in 43.6s

================================================================================
🔍 PERFORMANCE PROFILING SUMMARY - LTX0804_SU
================================================================================
⏱️  wsi_loading:
   Total: 0.523s | Avg: 0.5231s | Calls: 1
⏱️  dataset_creation:
   Total: 0.193s | Avg: 0.1928s | Calls: 1
⏱️  data_loading:
   Total: 0.001s | Avg: 0.0002s | Calls: 3
   Min: 0.0001s | Max: 0.0003s
⏱️  sample_saving:
   Total: 0.010s | Avg: 0.0033s | Calls: 3
   Min: 0.0029s | Max: 0.0039s
⏱️  data_transfer:
   Total: 0.000s | Avg: 0.0001s | Calls: 3
   Min: 0.0001s | Max: 0.0001s
⏱️  model_inference:
   Total: 0.056s | Avg: 0.0188s | Calls: 3
   Min: 0.0175s | Max: 0.0208s
⏱️  feature_processing:
   Total: 3.013s | Avg: 1.0044s | Calls: 3
   Min: 0.4304s | Max: 1.2987s
⏱️  feature_accumulation:
   Total: 0.000s | Avg: 0.0000s | Calls: 3
   Min: 0.0000s | Max: 0.0000s
⏱️  batch_processing:
   Total: 3.466s | Avg: 1.1554s | Calls: 3
   Min: 0.8361s | Max: 1.3205s
⏱️  feature_combining:
   Total: 0.003s | Avg: 0.0035s | Calls: 1
⏱️  hdf5_writing:
   Total: 0.259s | Avg: 0.2592s | Calls: 1
⏱️  memory_cleanup:
   Total: 0.125s | Avg: 0.1251s | Calls: 1
⏱️  total_computation:
   Total: 42.852s | Avg: 42.8523s | Calls: 1
⏱️  slide_processing:
   Total: 42.852s | Avg: 42.8524s | Calls: 1

🚨 BOTTLENECK ANALYSIS (Total Runtime: 93.355s):
   🔥 slide_processing: 42.852s (45.9%)
   🔥 total_computation: 42.852s (45.9%)

📊 OPERATION COUNTS:
   hdf5_write_operations: 1
   patches_processed: 1,199
   GPU Memory - Max: 4035.2MB | Avg: 3333.6MB

💡 OPTIMIZATION RECOMMENDATIONS:
================================================================================
📊 Features shape: (1199, 1536), Coords shape: (1199, 2)
💾 Saved features to /nemo/project/proj-tracerx-lung/tctProjects/kilimo/TracerX_WSIs/10X/uni_v2/pt_files/LTX0804_SU.pt

🎉 Feature extraction completed!
📈 Processed: 120/121 slides
⏱️  Total time: 12621.7s
⚡ Average time per slide: 105.2s
🚀 Throughput: 34.2 slides/hour
✅ Completed optimized pipeline for slides in: /nemo/project/proj-tracerx-lung/tctProjects/kilimo/slides/to_transfer
============================================
Job completed at: Sat  5 Jul 14:05:57 BST 2025
============================================
